{'participant': u'angyalka', 'notation': u'dot', 'response_buttons': u'DC', 'range_in_instr': True, 'dateStr': u'04_01_1657', 'autopilot': False, 'exp_id': u'SNARC'}
angyalka SNARC dot DC down 25 lctrl 7.8764359951
angyalka SNARC dot DC up 20 num_delete 1.79568815231
angyalka SNARC dot DC down 20 lctrl 0.644736051559
angyalka SNARC dot DC down 35 lctrl 0.528402090073
angyalka SNARC dot DC down 15 lctrl 0.428933858871
angyalka SNARC dot DC down 35 lctrl 0.338995218277
angyalka SNARC dot DC down 15 lctrl 0.499516963959
angyalka SNARC dot DC up 5 num_delete 0.559989213943
angyalka SNARC dot DC up 15 num_delete 0.503900051117
angyalka SNARC dot DC up 5 num_delete 0.347369194031
angyalka SNARC dot DC down 30 lctrl 0.569293022156
angyalka SNARC dot DC down 35 lctrl 0.902959108353
angyalka SNARC dot DC up 30 num_delete 0.520075082779
angyalka SNARC dot DC up 15 num_delete 0.842339992523
angyalka SNARC dot DC up 30 num_delete 0.629563093185
angyalka SNARC dot DC up 35 num_delete 0.376634836197
angyalka SNARC dot DC down 40 lctrl 0.602125167847
angyalka SNARC dot DC down 25 lctrl 0.482321023941
angyalka SNARC dot DC down 15 lctrl 0.377867937088
angyalka SNARC dot DC down 25 lctrl 0.529545068741
angyalka SNARC dot DC down 15 lctrl 0.430134057999
angyalka SNARC dot DC down 15 lctrl 0.338709831238
angyalka SNARC dot DC down 15 lctrl 0.385631084442
angyalka SNARC dot DC up 15 num_delete 0.612576961517
angyalka SNARC dot DC down 10 lctrl 0.317779064178
angyalka SNARC dot DC up 10 num_delete 0.381343126297
angyalka SNARC dot DC up 5 num_delete 0.47172498703
angyalka SNARC dot DC up 35 num_delete 0.368680000305
angyalka SNARC dot DC down 35 lctrl 0.480754137039
angyalka SNARC dot DC up 15 num_delete 0.392943143845
angyalka SNARC dot DC down 20 lctrl 0.489690065384
angyalka SNARC dot DC down 45 lctrl 0.560317993164
angyalka SNARC dot DC up 35 num_delete 0.413743019104
angyalka SNARC dot DC down 35 lctrl 0.339079141617
angyalka SNARC dot DC up 5 num_delete 0.347698926926
angyalka SNARC dot DC up 35 num_delete 0.428682088852
angyalka SNARC dot DC up 40 num_delete 0.361356973648
angyalka SNARC dot DC up 45 num_delete 0.359759092331
angyalka SNARC dot DC down 30 lctrl 0.398767948151
angyalka SNARC dot DC up 20 num_delete 0.339344978333
angyalka SNARC dot DC up 30 num_delete 0.371123075485
angyalka SNARC dot DC down 20 lctrl 0.421735048294
angyalka SNARC dot DC down 45 lctrl 0.406980991364
angyalka SNARC dot DC down 30 lctrl 0.333755016327
angyalka SNARC dot DC down 25 lctrl 0.325745105743
angyalka SNARC dot DC up 5 num_delete 0.606313943863
angyalka SNARC dot DC down 20 lctrl 0.500226974487
angyalka SNARC dot DC up 10 num_delete 0.343669176102
angyalka SNARC dot DC up 35 num_delete 0.373955011368
angyalka SNARC dot DC up 35 num_delete 0.409294128418
angyalka SNARC dot DC down 20 lctrl 0.388180971146
angyalka SNARC dot DC down 20 lctrl 0.303958892822
angyalka SNARC dot DC down 15 lctrl 0.307559967041
angyalka SNARC dot DC down 15 lctrl 0.502781152725
angyalka SNARC dot DC up 5 num_delete 0.422893047333
angyalka SNARC dot DC up 45 num_delete 0.368360996246
angyalka SNARC dot DC up 15 num_delete 0.343666791916
angyalka SNARC dot DC up 15 num_delete 0.352322101593
angyalka SNARC dot DC up 15 num_delete 0.307367086411
angyalka SNARC dot DC up 5 num_delete 0.426023960114
angyalka SNARC dot DC down 15 lctrl 0.349848031998
angyalka SNARC dot DC down 5 lctrl 0.343272924423
angyalka SNARC dot DC down 10 lctrl 0.385562896729
angyalka SNARC dot DC up 20 num_delete 0.381051063538
angyalka SNARC dot DC up 45 num_delete 0.361317157745
angyalka SNARC dot DC up 10 num_delete 0.354767799377
angyalka SNARC dot DC down 40 lctrl 0.483309984207
angyalka SNARC dot DC up 35 num_delete 0.363592147827
angyalka SNARC dot DC up 45 num_delete 0.39885020256
angyalka SNARC dot DC up 10 num_delete 0.379265069962
angyalka SNARC dot DC up 45 num_delete 0.37469291687
angyalka SNARC dot DC up 45 num_delete 0.333316087723
angyalka SNARC dot DC down 25 lctrl 0.480129003525
angyalka SNARC dot DC up 20 num_delete 0.325708866119
angyalka SNARC dot DC down 10 lctrl 0.351024150848
angyalka SNARC dot DC down 40 lctrl 0.474953889847
angyalka SNARC dot DC down 40 lctrl 0.370486974716
angyalka SNARC dot DC up 30 num_delete 0.368859052658
angyalka SNARC dot DC up 15 num_delete 0.381111860275
angyalka SNARC dot DC up 40 num_delete 0.32457113266
angyalka SNARC dot DC down 45 lctrl 0.331669092178
angyalka SNARC dot DC down 20 lctrl 0.301968097687
angyalka SNARC dot DC up 45 num_delete 0.327169895172
angyalka SNARC dot DC up 10 num_delete 0.340901851654
angyalka SNARC dot DC down 25 lctrl 0.409515857697
angyalka SNARC dot DC up 25 num_delete 0.794805049896
angyalka SNARC dot DC down 10 lctrl 0.43030500412
angyalka SNARC dot DC down 25 lctrl 0.415491819382
angyalka SNARC dot DC up 20 num_delete 0.339330911636
angyalka SNARC dot DC up 30 num_delete 0.371065139771
angyalka SNARC dot DC up 30 num_delete 0.329659938812
angyalka SNARC dot DC up 15 num_delete 0.353512048721
angyalka SNARC dot DC up 5 num_delete 0.4236369133
angyalka SNARC dot DC down 35 lctrl 0.447252988815
angyalka SNARC dot DC down 45 lctrl 0.399152040482
angyalka SNARC dot DC down 10 lctrl 0.45614695549
angyalka SNARC dot DC down 20 lctrl 0.423323869705
angyalka SNARC dot DC down 45 lctrl 0.370209932327
angyalka SNARC dot DC up 10 num_delete 0.46198797226
angyalka SNARC dot DC up 10 num_delete 0.468945026398
angyalka SNARC dot DC up 35 num_delete 0.442615032196
angyalka SNARC dot DC up 30 num_delete 0.564559936523
angyalka SNARC dot DC up 5 num_delete 0.356566905975
angyalka SNARC dot DC up 5 num_delete 0.961833000183
angyalka SNARC dot DC up 30 num_delete 0.362628936768
angyalka SNARC dot DC down 15 lctrl 0.429841995239
angyalka SNARC dot DC up 10 num_delete 0.394868135452
angyalka SNARC dot DC down 20 lctrl 0.375216007233
angyalka SNARC dot DC up 15 num_delete 0.348968982697
angyalka SNARC dot DC up 5 num_delete 0.419046878815
angyalka SNARC dot DC up 45 num_delete 0.51789188385
angyalka SNARC dot DC up 25 num_delete 0.366328954697
angyalka SNARC dot DC down 35 lctrl 0.593220949173
angyalka SNARC dot DC down 15 num_delete 0.465467214584
angyalka SNARC dot DC up 40 num_delete 0.63076210022
angyalka SNARC dot DC up 15 num_delete 0.492774009705
angyalka SNARC dot DC down 10 lctrl 0.467838048935
angyalka SNARC dot DC down 30 lctrl 0.479744911194
angyalka SNARC dot DC up 20 num_delete 0.645059108734
angyalka SNARC dot DC down 25 lctrl 0.37536907196
angyalka SNARC dot DC down 35 lctrl 0.410673141479
angyalka SNARC dot DC up 25 num_delete 0.527601003647
angyalka SNARC dot DC down 45 lctrl 0.406942129135
angyalka SNARC dot DC up 25 num_delete 0.525259017944
angyalka SNARC dot DC down 10 lctrl 0.384435176849
angyalka SNARC dot DC down 35 lctrl 0.403042078018
angyalka SNARC dot DC up 20 num_delete 0.496862888336
angyalka SNARC dot DC up 25 num_delete 0.477009057999
angyalka SNARC dot DC up 15 num_delete 0.504355192184
angyalka SNARC dot DC up 40 num_delete 0.676054000854
angyalka SNARC dot DC up 25 num_delete 0.411431789398
angyalka SNARC dot DC up 25 num_delete 0.375092029572
angyalka SNARC dot DC up 45 num_delete 0.408938169479
angyalka SNARC dot DC down 15 lctrl 0.350975990295
angyalka SNARC dot DC down 20 lctrl 0.381506919861
angyalka SNARC dot DC down 10 lctrl 0.456236839294
angyalka SNARC dot DC up 20 num_delete 0.423383951187
angyalka SNARC dot DC up 40 num_delete 0.908394813538
angyalka SNARC dot DC down 10 lctrl 0.4271941185
angyalka SNARC dot DC down 15 lctrl 0.35107088089
angyalka SNARC dot DC down 15 lctrl 0.419627189636
angyalka SNARC dot DC up 35 num_delete 0.482913017273
angyalka SNARC dot DC down 40 lctrl 0.47371006012
angyalka SNARC dot DC up 5 num_delete 0.502346992493
angyalka SNARC dot DC up 40 num_delete 0.517833948135
angyalka SNARC dot DC down 30 lctrl 0.327956914902
angyalka SNARC dot DC down 30 lctrl 0.336533069611
angyalka SNARC dot DC down 5 lctrl 0.383512020111
angyalka SNARC dot DC down 15 lctrl 0.297743082047
angyalka SNARC dot DC up 5 num_delete 0.341114997864
angyalka SNARC dot DC up 10 num_delete 0.34970998764
angyalka SNARC dot DC up 10 num_delete 0.341636896133
angyalka SNARC dot DC up 5 num_delete 0.426963090897
angyalka SNARC dot DC down 30 lctrl 0.373892068863
angyalka SNARC dot DC up 40 num_delete 0.446009874344
angyalka SNARC dot DC down 25 lctrl 0.377821922302
angyalka SNARC dot DC up 30 num_delete 0.298040151596
angyalka SNARC dot DC down 5 lctrl 0.263391971588
angyalka SNARC dot DC up 35 num_delete 0.376901865005
angyalka SNARC dot DC down 40 lctrl 0.295758008957
angyalka SNARC dot DC up 15 num_delete 0.431082963943
angyalka SNARC dot DC down 30 lctrl 0.362875938416
angyalka SNARC dot DC down 35 lctrl 0.52969288826
angyalka SNARC dot DC up 25 num_delete 0.41500210762
angyalka SNARC dot DC up 45 num_delete 0.398844003677
angyalka SNARC dot DC down 30 lctrl 0.402279138565
angyalka SNARC dot DC up 40 num_delete 0.442544937134
angyalka SNARC dot DC down 5 lctrl 0.504567146301
angyalka SNARC dot DC down 35 lctrl 0.40651512146
angyalka SNARC dot DC up 30 num_delete 0.40841794014
angyalka SNARC dot DC up 40 num_delete 0.372033834457
angyalka SNARC dot DC up 5 num_delete 0.347420930862
angyalka SNARC dot DC up 40 num_delete 0.644526958466
angyalka SNARC dot DC down 25 lctrl 0.338007926941
angyalka SNARC dot DC up 45 num_delete 0.366758108139
angyalka SNARC dot DC up 45 num_delete 0.440424919128
angyalka SNARC dot DC down 40 lctrl 0.410540819168
angyalka SNARC dot DC down 5 lctrl 0.429190158844
angyalka SNARC dot DC up 45 num_delete 0.39995598793
angyalka SNARC dot DC up 5 num_delete 0.381860017776
angyalka SNARC dot DC up 15 num_delete 0.454107046127
angyalka SNARC dot DC up 35 num_delete 0.407501935959
angyalka SNARC dot DC down 30 lctrl 0.409499168396
angyalka SNARC dot DC down 30 lctrl 0.373117923737
angyalka SNARC dot DC down 20 lctrl 0.461977005005
angyalka SNARC dot DC down 45 lctrl 0.398725032806
angyalka SNARC dot DC down 20 lctrl 0.416002988815
angyalka SNARC dot DC down 40 lctrl 0.286265850067
angyalka SNARC dot DC down 10 lctrl 0.422978162766
angyalka SNARC dot DC up 5 num_delete 0.539955854416
angyalka SNARC dot DC down 30 lctrl 0.561966896057
angyalka SNARC dot DC up 20 num_delete 0.337342023849
angyalka SNARC dot DC down 10 lctrl 0.345952987671
angyalka SNARC dot DC up 15 num_delete 0.391442060471
angyalka SNARC dot DC down 35 lctrl 0.373184919357
angyalka SNARC dot DC down 45 lctrl 0.522053956985
angyalka SNARC dot DC down 5 lctrl 0.387203216553
angyalka SNARC dot DC down 5 lctrl 0.345836162567
angyalka SNARC dot DC up 15 num_delete 0.429662942886
angyalka SNARC dot DC down 20 lctrl 0.378044128418
angyalka SNARC dot DC down 25 lctrl 0.447058916092
angyalka SNARC dot DC down 10 lctrl 0.355732917786
angyalka SNARC dot DC down 15 lctrl 0.384490966797
angyalka SNARC dot DC down 10 lctrl 0.382892131805
angyalka SNARC dot DC down 25 lctrl 0.363034009933
angyalka SNARC dot DC up 35 lctrl 0.261623859406
angyalka SNARC dot DC down 10 lctrl 0.468532085419
angyalka SNARC dot DC up 20 num_delete 0.342329978943
angyalka SNARC dot DC down 20 lctrl 0.41237282753
angyalka SNARC dot DC up 20 num_delete 0.362952947617
angyalka SNARC dot DC up 25 num_delete 0.376564979553
angyalka SNARC dot DC up 35 num_delete 0.37354183197
angyalka SNARC dot DC down 40 lctrl 0.523837089539
angyalka SNARC dot DC down 25 lctrl 0.409105062485
angyalka SNARC dot DC down 45 lctrl 0.366647005081
angyalka SNARC dot DC down 5 lctrl 0.49671792984
angyalka SNARC dot DC down 20 lctrl 0.491975069046
angyalka SNARC dot DC down 30 lctrl 0.448873996735
angyalka SNARC dot DC up 15 num_delete 0.41601395607
angyalka SNARC dot DC up 30 num_delete 0.364408016205
angyalka SNARC dot DC down 40 lctrl 0.529942035675
angyalka SNARC dot DC up 25 num_delete 0.323325872421
angyalka SNARC dot DC up 15 num_delete 0.385543107986
angyalka SNARC dot DC up 35 num_delete 0.405618906021
angyalka SNARC dot DC down 25 lctrl 0.40757894516
angyalka SNARC dot DC down 20 lctrl 0.424705982208
angyalka SNARC dot DC down 5 lctrl 0.38972401619
angyalka SNARC dot DC up 15 num_delete 0.410539865494
angyalka SNARC dot DC up 10 num_delete 0.354012012482
angyalka SNARC dot DC down 5 lctrl 0.460921049118
angyalka SNARC dot DC up 30 num_delete 0.336174964905
angyalka SNARC dot DC up 35 num_delete 0.430144071579
angyalka SNARC dot DC down 40 lctrl 0.452343940735
angyalka SNARC dot DC down 5 lctrl 0.460720062256
angyalka SNARC dot DC up 25 num_delete 0.374345064163
angyalka SNARC dot DC up 20 num_delete 0.348237991333
angyalka SNARC dot DC down 45 lctrl 0.438421964645
angyalka SNARC dot DC down 30 lctrl 0.442289829254
angyalka SNARC dot DC up 10 num_delete 0.350869894028
angyalka SNARC dot DC down 20 lctrl 0.303083896637
angyalka SNARC dot DC down 40 lctrl 0.366646051407
angyalka SNARC dot DC down 40 lctrl 0.363608121872
angyalka SNARC dot DC down 30 lctrl 0.323622941971
angyalka SNARC dot DC down 25 lctrl 0.327687978745
angyalka SNARC dot DC up 5 num_delete 0.391262054443
angyalka SNARC dot DC up 20 num_delete 0.348495006561
angyalka SNARC dot DC down 35 lctrl 0.516829013824
angyalka SNARC dot DC down 30 lctrl 0.517132997513
angyalka SNARC dot DC up 20 num_delete 0.456079006195
angyalka SNARC dot DC up 20 num_delete 0.348057031631
angyalka SNARC dot DC up 5 num_delete 0.379817008972
angyalka SNARC dot DC up 40 num_delete 0.451951026917
angyalka SNARC dot DC up 30 num_delete 0.405487060547
angyalka SNARC dot DC down 30 lctrl 0.445796012878
angyalka SNARC dot DC up 35 num_delete 0.491010189056
angyalka SNARC dot DC down 25 num_delete 0.37139582634
angyalka SNARC dot DC up 5 num_delete 0.538389921188
angyalka SNARC dot DC down 25 lctrl 0.509108066559
angyalka SNARC dot DC up 40 num_delete 0.487694978714
angyalka SNARC dot DC down 40 lctrl 0.555186986923
angyalka SNARC dot DC down 10 lctrl 0.65386390686
angyalka SNARC dot DC down 30 lctrl 0.405818939209
angyalka SNARC dot DC up 30 num_delete 0.484466075897
angyalka SNARC dot DC up 20 num_delete 0.443641901016
angyalka SNARC dot DC down 25 lctrl 0.528782844543
angyalka SNARC dot DC up 25 num_delete 1.0273900032
angyalka SNARC dot DC up 20 num_delete 0.374606847763
angyalka SNARC dot DC down 40 lctrl 0.371495962143
angyalka SNARC dot DC up 40 num_delete 0.40677690506
angyalka SNARC dot DC down 45 lctrl 0.368983983994
angyalka SNARC dot DC up 10 num_delete 0.384109020233
angyalka SNARC dot DC up 40 num_delete 0.441009998322
angyalka SNARC dot DC up 35 num_delete 0.396713018417
angyalka SNARC dot DC down 35 lctrl 0.376981973648
angyalka SNARC dot DC up 5 num_delete 0.352287054062
angyalka SNARC dot DC up 5 num_delete 0.382637023926
angyalka SNARC dot DC up 40 num_delete 0.361356019974
angyalka SNARC dot DC up 10 num_delete 0.393179893494
angyalka SNARC dot DC down 45 lctrl 0.44865489006
angyalka SNARC dot DC up 10 num_delete 0.375864028931
angyalka SNARC dot DC up 45 num_delete 0.52482008934
angyalka SNARC dot DC up 25 num_delete 0.334870100021
angyalka SNARC dot DC up 45 num_delete 0.363746881485
angyalka SNARC dot DC down 45 lctrl 0.552351951599
angyalka SNARC dot DC down 10 lctrl 0.456281900406
angyalka SNARC dot DC up 45 num_delete 0.445067882538
angyalka SNARC dot DC up 45 num_delete 0.413758993149
angyalka SNARC dot DC down 45 lctrl 0.437392950058
angyalka SNARC dot DC down 45 lctrl 0.406071901321
angyalka SNARC dot DC up 5 num_delete 0.451554059982
angyalka SNARC dot DC down 20 lctrl 0.342189073563
angyalka SNARC dot DC down 40 lctrl 0.410663127899
angyalka SNARC dot DC down 25 lctrl 0.414031982422
angyalka SNARC dot DC up 30 num_delete 0.415916919708
angyalka SNARC dot DC down 45 lctrl 0.361447095871
angyalka SNARC dot DC down 30 lctrl 0.376522064209
angyalka SNARC dot DC up 5 num_delete 0.428578138351
angyalka SNARC dot DC down 35 lctrl 0.452101945877
angyalka SNARC dot DC up 5 num_delete 0.305800199509
angyalka SNARC dot DC up 15 lctrl 0.384695053101
angyalka SNARC dot DC up 20 num_delete 0.598608970642
angyalka SNARC dot DC down 35 lctrl 0.474184036255
angyalka SNARC dot DC up 25 num_delete 0.371185779572
angyalka SNARC dot DC up 45 num_delete 0.328305006027
angyalka SNARC dot DC up 45 num_delete 0.336987018585
angyalka SNARC dot DC up 10 num_delete 0.52574300766
angyalka SNARC dot DC up 30 num_delete 0.449398994446
angyalka SNARC dot DC up 10 num_delete 0.443444013596
angyalka SNARC dot DC up 35 num_delete 0.373775005341
angyalka SNARC dot DC up 45 num_delete 0.445963144302
angyalka SNARC dot DC down 25 lctrl 0.454341173172
angyalka SNARC dot DC up 45 num_delete 0.404849052429
angyalka SNARC dot DC down 20 lctrl 0.461870908737
angyalka SNARC dot DC down 30 lctrl 0.487358808517
angyalka SNARC dot DC down 20 lctrl 0.344584941864
angyalka SNARC dot DC down 10 lctrl 0.392925977707
angyalka SNARC dot DC down 35 lctrl 0.372963905334
angyalka SNARC dot DC down 40 lctrl 0.437693119049
angyalka SNARC dot DC down 35 lctrl 0.440006971359
angyalka SNARC dot DC down 45 lctrl 0.368821144104
angyalka SNARC dot DC down 10 lctrl 0.575586080551
angyalka SNARC dot DC down 40 lctrl 0.372524023056
angyalka SNARC dot DC down 40 lctrl 0.516784906387
angyalka SNARC dot DC up 25 num_delete 0.500961065292
angyalka SNARC dot DC down 25 lctrl 0.479708909988
angyalka SNARC dot DC up 40 num_delete 0.413552045822
angyalka SNARC dot DC up 10 num_delete 0.378632068634
angyalka SNARC dot DC down 25 lctrl 0.49059510231
angyalka SNARC dot DC down 40 lctrl 0.409171104431
angyalka SNARC dot DC up 30 num_delete 0.449470043182
angyalka SNARC dot DC up 10 num_delete 0.379794836044
angyalka SNARC dot DC up 30 num_delete 0.376832962036
angyalka SNARC dot DC down 40 lctrl 0.525566101074
angyalka SNARC dot DC up 15 num_delete 0.389261007309
angyalka SNARC dot DC down 15 lctrl 0.347922086716
angyalka SNARC dot DC down 5 lctrl 0.456276893616
angyalka SNARC dot DC up 10 num_delete 0.458584785461
angyalka SNARC dot DC up 10 num_delete 0.388984918594
angyalka SNARC dot DC down 10 lctrl 0.500976800919
angyalka SNARC dot DC up 40 num_delete 0.436674833298
angyalka SNARC dot DC up 15 num_delete 0.382322788239
angyalka SNARC dot DC up 30 num_delete 0.440689086914
angyalka SNARC dot DC up 5 num_delete 0.349442958832
angyalka SNARC dot DC down 45 lctrl 0.399988889694
angyalka SNARC dot DC up 30 lctrl 0.364912986755
angyalka SNARC dot DC up 20 num_delete 0.568801879883
angyalka SNARC dot DC up 5 num_delete 0.38391494751
angyalka SNARC dot DC down 45 lctrl 0.592724084854
angyalka SNARC dot DC down 25 lctrl 0.442131996155
angyalka SNARC dot DC up 35 num_delete 0.909036159515
angyalka SNARC dot DC up 35 num_delete 0.5515229702
angyalka SNARC dot DC up 20 num_delete 0.648819208145
angyalka SNARC dot DC down 25 lctrl 0.474364995956
angyalka SNARC dot DC up 40 num_delete 0.599879026413
angyalka SNARC dot DC down 15 lctrl 0.533619880676
angyalka SNARC dot DC up 25 num_delete 0.480411052704
angyalka SNARC dot DC up 35 num_delete 0.722396850586
angyalka SNARC dot DC up 5 num_delete 0.692834854126
angyalka SNARC dot DC up 40 num_delete 0.7051820755
angyalka SNARC dot DC up 35 num_delete 0.483965873718
{'participant': u'angyalka', 'notation': u'arabic', 'response_buttons': u'DC', 'range_in_instr': True, 'dateStr': u'04_01_1706', 'autopilot': False, 'exp_id': u'SNARC'}
angyalka SNARC arabic DC down 1 lctrl 2.57661104202
angyalka SNARC arabic DC up 9 num_delete 0.582758188248
angyalka SNARC arabic DC down 7 lctrl 0.458024978638
angyalka SNARC arabic DC down 2 lctrl 0.503314971924
angyalka SNARC arabic DC up 7 num_delete 0.49839091301
angyalka SNARC arabic DC down 4 lctrl 0.378958940506
angyalka SNARC arabic DC up 5 num_delete 0.392430067062
angyalka SNARC arabic DC down 5 lctrl 0.351026058197
angyalka SNARC arabic DC up 2 num_delete 0.381256103516
angyalka SNARC arabic DC up 6 num_delete 0.432090997696
angyalka SNARC arabic DC up 7 num_delete 0.367171049118
angyalka SNARC arabic DC up 1 num_delete 0.457479000092
angyalka SNARC arabic DC up 2 num_delete 0.387820005417
angyalka SNARC arabic DC down 1 lctrl 0.538165092468
angyalka SNARC arabic DC down 7 lctrl 0.34671497345
angyalka SNARC arabic DC up 5 num_delete 0.393676042557
angyalka SNARC arabic DC up 6 num_delete 0.39064002037
angyalka SNARC arabic DC down 7 lctrl 0.464215040207
angyalka SNARC arabic DC down 4 lctrl 0.356194019318
angyalka SNARC arabic DC up 3 num_delete 0.424792051315
angyalka SNARC arabic DC down 3 lctrl 0.426728010178
angyalka SNARC arabic DC down 7 lctrl 0.390409946442
angyalka SNARC arabic DC down 3 lctrl 0.348836183548
angyalka SNARC arabic DC down 6 lctrl 0.647473812103
angyalka SNARC arabic DC down 4 lctrl 0.394470930099
angyalka SNARC arabic DC up 6 num_delete 0.391360044479
angyalka SNARC arabic DC up 1 num_delete 0.388323068619
angyalka SNARC arabic DC down 2 lctrl 0.500288009644
angyalka SNARC arabic DC up 5 num_delete 0.380630970001
angyalka SNARC arabic DC down 9 lctrl 0.432530879974
angyalka SNARC arabic DC up 6 num_delete 0.3028819561
angyalka SNARC arabic DC up 8 num_delete 0.498131036758
angyalka SNARC arabic DC down 2 lctrl 0.378405809402
angyalka SNARC arabic DC down 9 lctrl 0.430301904678
angyalka SNARC arabic DC down 6 lctrl 0.547230005264
angyalka SNARC arabic DC up 2 num_delete 0.432538032532
angyalka SNARC arabic DC down 6 lctrl 0.379498958588
angyalka SNARC arabic DC down 8 lctrl 0.431377887726
angyalka SNARC arabic DC down 1 lctrl 0.510015964508
angyalka SNARC arabic DC down 2 lctrl 0.313678026199
angyalka SNARC arabic DC up 7 num_delete 0.432245016098
angyalka SNARC arabic DC down 4 lctrl 0.417600870132
angyalka SNARC arabic DC up 3 num_delete 0.30456495285
angyalka SNARC arabic DC up 9 num_delete 0.384748935699
angyalka SNARC arabic DC down 6 lctrl 0.381781101227
angyalka SNARC arabic DC up 7 num_delete 0.340584993362
angyalka SNARC arabic DC up 9 num_delete 0.502267837524
angyalka SNARC arabic DC down 5 lctrl 0.421050071716
angyalka SNARC arabic DC down 3 lctrl 0.422946214676
angyalka SNARC arabic DC up 3 num_delete 0.348281860352
angyalka SNARC arabic DC up 3 num_delete 0.327272891998
angyalka SNARC arabic DC up 3 num_delete 0.352531909943
angyalka SNARC arabic DC up 4 num_delete 0.408242940903
angyalka SNARC arabic DC down 2 lctrl 0.388511896133
angyalka SNARC arabic DC up 7 num_delete 0.462146043777
angyalka SNARC arabic DC up 2 num_delete 0.392447948456
angyalka SNARC arabic DC up 9 num_delete 0.389491081238
angyalka SNARC arabic DC up 9 num_delete 0.386343002319
angyalka SNARC arabic DC down 1 lctrl 0.383364915848
angyalka SNARC arabic DC up 1 num_delete 0.405647039413
angyalka SNARC arabic DC down 9 lctrl 0.385900020599
angyalka SNARC arabic DC up 2 num_delete 0.306134939194
angyalka SNARC arabic DC down 8 lctrl 0.808052062988
angyalka SNARC arabic DC up 7 num_delete 0.350106954575
angyalka SNARC arabic DC down 8 lctrl 0.30378818512
angyalka SNARC arabic DC down 7 lctrl 0.499181032181
angyalka SNARC arabic DC up 4 num_delete 0.413000106812
angyalka SNARC arabic DC up 3 num_delete 0.354949951172
angyalka SNARC arabic DC up 8 num_delete 0.346883058548
angyalka SNARC arabic DC up 2 num_delete 0.470504999161
angyalka SNARC arabic DC up 3 num_delete 0.345870018005
angyalka SNARC arabic DC up 3 num_delete 0.392798185349
angyalka SNARC arabic DC up 9 num_delete 0.466434955597
angyalka SNARC arabic DC up 1 num_delete 0.380033016205
angyalka SNARC arabic DC down 6 lctrl 0.47046995163
angyalka SNARC arabic DC down 9 lctrl 0.384019851685
angyalka SNARC arabic DC down 7 lctrl 0.342640161514
angyalka SNARC arabic DC down 4 lctrl 0.389522075653
angyalka SNARC arabic DC up 9 num_delete 0.501461029053
angyalka SNARC arabic DC down 3 lctrl 0.381838083267
angyalka SNARC arabic DC down 8 lctrl 0.340391159058
angyalka SNARC arabic DC down 4 lctrl 0.306062936783
angyalka SNARC arabic DC up 4 num_delete 0.449950933456
angyalka SNARC arabic DC up 2 num_delete 0.572032213211
angyalka SNARC arabic DC down 8 lctrl 0.347388982773
angyalka SNARC arabic DC up 9 num_delete 0.453330993652
angyalka SNARC arabic DC up 9 num_delete 0.613679885864
angyalka SNARC arabic DC up 6 num_delete 0.355677127838
angyalka SNARC arabic DC up 5 num_delete 0.386005878448
angyalka SNARC arabic DC up 8 num_delete 0.6129322052
angyalka SNARC arabic DC down 6 lctrl 0.354974985123
angyalka SNARC arabic DC down 1 lctrl 0.346900939941
angyalka SNARC arabic DC down 2 lctrl 0.393796920776
angyalka SNARC arabic DC up 6 num_delete 0.352383136749
angyalka SNARC arabic DC down 6 lctrl 0.459280014038
angyalka SNARC arabic DC down 1 lctrl 0.427867174149
angyalka SNARC arabic DC down 8 lctrl 0.314813137054
angyalka SNARC arabic DC up 7 num_delete 0.455107927322
angyalka SNARC arabic DC up 7 num_delete 0.347095966339
angyalka SNARC arabic DC up 3 num_delete 0.470620155334
angyalka SNARC arabic DC down 8 lctrl 0.422652006149
angyalka SNARC arabic DC down 2 lctrl 0.386305093765
angyalka SNARC arabic DC up 8 num_delete 0.383147001266
angyalka SNARC arabic DC down 9 lctrl 0.341861963272
angyalka SNARC arabic DC up 6 num_delete 0.273767948151
angyalka SNARC arabic DC down 4 lctrl 0.348963975906
angyalka SNARC arabic DC up 9 num_delete 0.340862989426
angyalka SNARC arabic DC down 4 lctrl 0.311179876328
angyalka SNARC arabic DC up 4 num_delete 0.276442050934
angyalka SNARC arabic DC up 6 num_delete 0.466691017151
angyalka SNARC arabic DC up 3 num_delete 0.380397081375
angyalka SNARC arabic DC up 1 num_delete 0.547276973724
angyalka SNARC arabic DC up 4 num_delete 0.317648172379
angyalka SNARC arabic DC up 4 num_delete 0.381211996078
angyalka SNARC arabic DC down 6 lctrl 0.394825935364
angyalka SNARC arabic DC up 8 num_delete 0.430131912231
angyalka SNARC arabic DC down 3 lctrl 0.317085027695
angyalka SNARC arabic DC up 5 num_delete 0.457372188568
angyalka SNARC arabic DC down 1 lctrl 0.310954809189
angyalka SNARC arabic DC down 5 lctrl 0.39124584198
angyalka SNARC arabic DC up 9 num_delete 0.311481952667
angyalka SNARC arabic DC up 1 num_delete 0.391776800156
angyalka SNARC arabic DC up 6 num_delete 0.350401163101
angyalka SNARC arabic DC up 4 num_delete 0.34231710434
angyalka SNARC arabic DC down 7 lctrl 0.389341115952
angyalka SNARC arabic DC up 5 num_delete 0.34796500206
angyalka SNARC arabic DC up 6 num_delete 0.471598863602
angyalka SNARC arabic DC up 7 num_delete 0.385241031647
angyalka SNARC arabic DC down 4 lctrl 0.343991994858
angyalka SNARC arabic DC up 8 num_delete 0.352555990219
angyalka SNARC arabic DC up 8 num_delete 0.382879018784
angyalka SNARC arabic DC down 7 lctrl 0.418193101883
angyalka SNARC arabic DC up 1 num_delete 0.343511104584
angyalka SNARC arabic DC up 5 num_delete 0.390429019928
angyalka SNARC arabic DC up 2 num_delete 0.387404918671
angyalka SNARC arabic DC down 3 lctrl 0.384389162064
angyalka SNARC arabic DC up 8 num_delete 0.342763185501
angyalka SNARC arabic DC up 7 num_delete 0.543234825134
angyalka SNARC arabic DC up 4 num_delete 0.390256881714
angyalka SNARC arabic DC up 1 num_delete 0.425531864166
angyalka SNARC arabic DC down 9 lctrl 0.389190912247
angyalka SNARC arabic DC down 1 lctrl 0.386153936386
angyalka SNARC arabic DC up 7 num_delete 0.421395778656
angyalka SNARC arabic DC up 3 lctrl 0.576694965363
angyalka SNARC arabic DC down 5 lctrl 0.581958055496
angyalka SNARC arabic DC up 5 lctrl 0.455616950989
angyalka SNARC arabic DC down 1 lctrl 0.539284944534
angyalka SNARC arabic DC down 1 lctrl 0.462817907333
angyalka SNARC arabic DC down 8 lctrl 0.393100976944
angyalka SNARC arabic DC up 8 num_delete 0.428311109543
angyalka SNARC arabic DC up 3 num_delete 0.430316925049
angyalka SNARC arabic DC up 3 num_delete 0.496106147766
angyalka SNARC arabic DC up 7 num_delete 0.393044948578
angyalka SNARC arabic DC up 9 num_delete 0.428378105164
angyalka SNARC arabic DC down 4 lctrl 0.353626012802
angyalka SNARC arabic DC up 5 lctrl 0.383946895599
angyalka SNARC arabic DC up 4 num_delete 1.22411394119
angyalka SNARC arabic DC down 5 lctrl 0.426364183426
angyalka SNARC arabic DC up 9 num_delete 0.351608991623
angyalka SNARC arabic DC down 8 lctrl 0.343610048294
angyalka SNARC arabic DC down 2 lctrl 0.390469074249
angyalka SNARC arabic DC up 7 num_delete 0.387377023697
angyalka SNARC arabic DC down 6 lctrl 0.537607192993
angyalka SNARC arabic DC up 9 num_delete 0.346275806427
angyalka SNARC arabic DC down 1 lctrl 0.393315076828
angyalka SNARC arabic DC down 7 lctrl 0.466794013977
angyalka SNARC arabic DC up 5 num_delete 0.38046002388
angyalka SNARC arabic DC down 2 lctrl 0.394053220749
angyalka SNARC arabic DC down 3 lctrl 0.391056060791
angyalka SNARC arabic DC down 9 lctrl 0.387890100479
angyalka SNARC arabic DC up 3 num_delete 0.384808063507
angyalka SNARC arabic DC up 5 num_delete 0.381785154343
angyalka SNARC arabic DC down 4 lctrl 0.378710031509
angyalka SNARC arabic DC down 9 lctrl 0.392333030701
angyalka SNARC arabic DC down 9 lctrl 0.38921713829
angyalka SNARC arabic DC down 9 lctrl 0.347800016403
angyalka SNARC arabic DC up 2 num_delete 0.394721984863
angyalka SNARC arabic DC down 7 lctrl 0.391695976257
angyalka SNARC arabic DC up 3 num_delete 0.311995983124
angyalka SNARC arabic DC down 8 lctrl 0.277416944504
angyalka SNARC arabic DC up 7 num_delete 0.314300060272
angyalka SNARC arabic DC down 4 lctrl 0.509558916092
angyalka SNARC arabic DC down 9 lctrl 0.428263187408
angyalka SNARC arabic DC up 2 num_delete 0.353536128998
angyalka SNARC arabic DC down 6 lctrl 0.345520973206
angyalka SNARC arabic DC down 4 lctrl 0.315914154053
angyalka SNARC arabic DC up 8 num_delete 0.417681932449
angyalka SNARC arabic DC down 1 lctrl 0.458003044128
angyalka SNARC arabic DC down 5 num_delete 0.311619997025
angyalka SNARC arabic DC up 7 num_delete 0.698542833328
angyalka SNARC arabic DC up 2 num_delete 0.685622930527
angyalka SNARC arabic DC down 9 lctrl 0.459390878677
angyalka SNARC arabic DC up 1 num_delete 0.466275930405
angyalka SNARC arabic DC down 1 lctrl 0.571590900421
angyalka SNARC arabic DC down 8 lctrl 0.346909999847
angyalka SNARC arabic DC down 2 lctrl 0.393821001053
angyalka SNARC arabic DC down 1 lctrl 0.429085969925
angyalka SNARC arabic DC down 8 lctrl 0.392735004425
angyalka SNARC arabic DC up 8 num_delete 0.415019989014
angyalka SNARC arabic DC up 6 num_delete 0.417019128799
angyalka SNARC arabic DC down 5 lctrl 0.419050931931
angyalka SNARC arabic DC up 5 num_delete 0.382646083832
angyalka SNARC arabic DC down 6 lctrl 0.417926073074
angyalka SNARC arabic DC up 5 num_delete 0.377022981644
angyalka SNARC arabic DC up 4 num_delete 0.467361927032
angyalka SNARC arabic DC down 2 lctrl 0.381071090698
angyalka SNARC arabic DC up 1 num_delete 0.394643068314
angyalka SNARC arabic DC up 4 num_delete 0.391618013382
angyalka SNARC arabic DC up 1 num_delete 0.350379943848
angyalka SNARC arabic DC down 1 lctrl 0.34241104126
angyalka SNARC arabic DC up 7 num_delete 0.389203071594
angyalka SNARC arabic DC up 4 num_delete 0.386188983917
angyalka SNARC arabic DC up 1 num_delete 0.306462049484
angyalka SNARC arabic DC up 3 num_delete 0.348475933075
angyalka SNARC arabic DC down 8 lctrl 0.45556807518
angyalka SNARC arabic DC up 5 num_delete 0.342930078506
angyalka SNARC arabic DC up 6 num_delete 0.428169965744
angyalka SNARC arabic DC up 6 num_delete 0.315165042877
angyalka SNARC arabic DC down 6 num_delete 0.340534925461
angyalka SNARC arabic DC down 1 lctrl 0.617453098297
angyalka SNARC arabic DC down 2 lctrl 0.419498920441
angyalka SNARC arabic DC up 4 num_delete 0.459804058075
angyalka SNARC arabic DC down 2 lctrl 0.428507089615
angyalka SNARC arabic DC up 8 num_delete 0.392121076584
angyalka SNARC arabic DC up 8 num_delete 0.427399158478
angyalka SNARC arabic DC down 2 lctrl 0.429440021515
angyalka SNARC arabic DC down 9 lctrl 0.354825973511
angyalka SNARC arabic DC down 8 lctrl 0.385138988495
angyalka SNARC arabic DC up 8 num_delete 0.343722820282
angyalka SNARC arabic DC up 8 num_delete 0.429062843323
angyalka SNARC arabic DC down 7 lctrl 0.431063890457
angyalka SNARC arabic DC down 8 lctrl 0.432984113693
angyalka SNARC arabic DC down 8 lctrl 0.379956960678
angyalka SNARC arabic DC down 6 lctrl 0.355171203613
angyalka SNARC arabic DC down 9 lctrl 0.347109794617
angyalka SNARC arabic DC down 5 lctrl 0.427793979645
angyalka SNARC arabic DC up 6 num_delete 0.429874897003
angyalka SNARC arabic DC up 4 num_delete 0.380481004715
angyalka SNARC arabic DC up 7 num_delete 0.394110202789
angyalka SNARC arabic DC down 8 lctrl 0.429380893707
angyalka SNARC arabic DC up 4 num_delete 0.431340932846
angyalka SNARC arabic DC up 1 num_delete 0.471675157547
angyalka SNARC arabic DC down 7 lctrl 0.461982011795
angyalka SNARC arabic DC down 6 lctrl 0.507431983948
angyalka SNARC arabic DC down 1 lctrl 0.349294185638
angyalka SNARC arabic DC down 3 lctrl 0.451740026474
angyalka SNARC arabic DC up 5 num_delete 0.343683958054
angyalka SNARC arabic DC up 2 num_delete 0.390588998795
angyalka SNARC arabic DC down 7 lctrl 0.464304924011
angyalka SNARC arabic DC up 2 num_delete 0.304924964905
angyalka SNARC arabic DC up 3 num_delete 0.576925992966
angyalka SNARC arabic DC up 2 num_delete 0.46731710434
angyalka SNARC arabic DC up 1 num_delete 0.342587947845
angyalka SNARC arabic DC up 3 num_delete 0.42798614502
angyalka SNARC arabic DC up 7 num_delete 0.391695976257
angyalka SNARC arabic DC up 5 num_delete 0.426958084106
angyalka SNARC arabic DC up 8 num_delete 0.505692005157
angyalka SNARC arabic DC down 9 lctrl 0.501027107239
angyalka SNARC arabic DC down 5 lctrl 0.419701814651
angyalka SNARC arabic DC up 9 num_delete 0.344983100891
angyalka SNARC arabic DC down 7 lctrl 0.31529211998
angyalka SNARC arabic DC down 5 lctrl 0.455571889877
angyalka SNARC arabic DC up 2 num_delete 0.385837078094
angyalka SNARC arabic DC up 3 num_delete 0.421277046204
angyalka SNARC arabic DC up 2 num_delete 0.346482992172
angyalka SNARC arabic DC down 2 lctrl 0.470176935196
angyalka SNARC arabic DC down 4 lctrl 0.498787879944
angyalka SNARC arabic DC up 5 num_delete 0.379078865051
angyalka SNARC arabic DC down 3 lctrl 0.354344844818
angyalka SNARC arabic DC down 5 lctrl 0.423029184341
angyalka SNARC arabic DC up 5 num_delete 0.309965848923
angyalka SNARC arabic DC up 6 num_delete 0.351911067963
angyalka SNARC arabic DC up 9 num_delete 0.382308959961
angyalka SNARC arabic DC up 1 num_delete 0.340964078903
angyalka SNARC arabic DC up 2 num_delete 0.426231145859
angyalka SNARC arabic DC down 4 lctrl 0.351537942886
angyalka SNARC arabic DC up 6 num_delete 0.420222043991
angyalka SNARC arabic DC down 7 lctrl 0.307168960571
angyalka SNARC arabic DC down 3 lctrl 0.540755987167
angyalka SNARC arabic DC down 5 lctrl 0.349447965622
angyalka SNARC arabic DC down 1 lctrl 0.341461896896
angyalka SNARC arabic DC up 2 num_delete 0.388407945633
angyalka SNARC arabic DC up 6 num_delete 0.34693813324
angyalka SNARC arabic DC down 6 lctrl 0.432301044464
angyalka SNARC arabic DC up 2 num_delete 0.417579174042
angyalka SNARC arabic DC down 9 lctrl 0.227920055389
angyalka SNARC arabic DC up 4 num_delete 0.506384849548
angyalka SNARC arabic DC down 3 lctrl 0.386781930923
angyalka SNARC arabic DC down 5 lctrl 0.49879693985
angyalka SNARC arabic DC up 5 num_delete 0.30241394043
angyalka SNARC arabic DC up 6 num_delete 0.344504117966
angyalka SNARC arabic DC down 6 num_delete 0.314810991287
angyalka SNARC arabic DC up 9 num_delete 0.531805038452
angyalka SNARC arabic DC up 1 num_delete 0.417164087296
angyalka SNARC arabic DC up 6 num_delete 0.457555055618
angyalka SNARC arabic DC up 5 num_delete 0.541157960892
angyalka SNARC arabic DC down 7 lctrl 0.38822889328
angyalka SNARC arabic DC up 1 num_delete 0.385294914246
angyalka SNARC arabic DC up 8 num_delete 0.420616865158
angyalka SNARC arabic DC up 5 num_delete 0.76765203476
angyalka SNARC arabic DC up 1 num_delete 0.458122968674
angyalka SNARC arabic DC up 3 num_delete 0.388464927673
angyalka SNARC arabic DC up 8 num_delete 0.385442018509
angyalka SNARC arabic DC up 3 num_delete 0.48447394371
angyalka SNARC arabic DC up 4 num_delete 0.649878978729
angyalka SNARC arabic DC up 7 num_delete 0.571958065033
angyalka SNARC arabic DC down 3 lctrl 0.538954019547
angyalka SNARC arabic DC up 7 num_delete 0.386003017426
angyalka SNARC arabic DC up 9 num_delete 0.459766864777
angyalka SNARC arabic DC up 4 num_delete 0.389992952347
angyalka SNARC arabic DC down 2 lctrl 0.603969812393
angyalka SNARC arabic DC down 3 lctrl 0.494822025299
angyalka SNARC arabic DC up 1 num_delete 0.545081138611
angyalka SNARC arabic DC down 4 lctrl 0.353766918182
angyalka SNARC arabic DC up 5 num_delete 0.460750102997
angyalka SNARC arabic DC up 7 num_delete 0.391088008881
angyalka SNARC arabic DC up 1 num_delete 0.426419019699
angyalka SNARC arabic DC up 3 num_delete 0.351886987686
angyalka SNARC arabic DC up 3 num_delete 0.343801021576
angyalka SNARC arabic DC up 6 num_delete 0.390753030777
angyalka SNARC arabic DC down 4 lctrl 0.349416971207
angyalka SNARC arabic DC down 6 num_delete 0.341427087784
angyalka SNARC arabic DC down 5 lctrl 0.580030918121
angyalka SNARC arabic DC down 4 lctrl 0.393763065338
angyalka SNARC arabic DC down 3 lctrl 0.582331895828
angyalka SNARC arabic DC down 8 lctrl 0.451574087143
angyalka SNARC arabic DC up 9 num_delete 0.343544006348
angyalka SNARC arabic DC down 4 lctrl 0.428753137589
angyalka SNARC arabic DC down 7 lctrl 0.392374038696
angyalka SNARC arabic DC up 7 num_delete 0.427656173706
angyalka SNARC arabic DC up 6 num_delete 0.391355037689
angyalka SNARC arabic DC up 7 num_delete 0.388343095779
angyalka SNARC arabic DC up 9 num_delete 0.385360002518
angyalka SNARC arabic DC up 2 num_delete 0.343989133835
angyalka SNARC arabic DC down 9 lctrl 0.390998840332
angyalka SNARC arabic DC down 5 lctrl 0.387948989868
angyalka SNARC arabic DC down 4 lctrl 0.46151804924
angyalka SNARC arabic DC up 9 num_delete 0.430148839951
angyalka SNARC arabic DC up 2 num_delete 0.317105054855
angyalka SNARC arabic DC up 5 num_delete 0.342366933823
angyalka SNARC arabic DC down 2 lctrl 0.427701950073
angyalka SNARC arabic DC down 3 num_delete 0.391301870346
angyalka SNARC arabic DC up 3 num_delete 0.46496796608
angyalka SNARC arabic DC down 9 lctrl 0.493576049805
angyalka SNARC arabic DC up 1 num_delete 0.352334022522
angyalka SNARC arabic DC up 5 num_delete 0.459223985672
angyalka SNARC arabic DC up 6 num_delete 0.351238012314
angyalka SNARC arabic DC up 2 num_delete 0.368599176407
angyalka SNARC arabic DC down 2 num_delete 0.26720905304
angyalka SNARC arabic DC down 4 lctrl 0.495820999146
angyalka SNARC arabic DC down 1 lctrl 0.431062936783
angyalka SNARC arabic DC up 3 num_delete 0.471349000931
angyalka SNARC arabic DC up 4 num_delete 0.346684932709
angyalka SNARC arabic DC down 8 lctrl 0.355383872986
angyalka SNARC arabic DC down 9 lctrl 0.385536193848
angyalka SNARC arabic DC down 8 lctrl 0.344139099121
angyalka SNARC arabic DC down 8 lctrl 0.391070842743
angyalka SNARC arabic DC up 8 num_delete 0.349612951279
angyalka SNARC arabic DC up 5 num_delete 0.341658115387
angyalka SNARC arabic DC down 6 lctrl 0.498959064484
{'participant': u'angyalka', 'notation': u'dot', 'response_buttons': u'CD', 'range_in_instr': True, 'dateStr': u'04_01_1714', 'autopilot': False, 'exp_id': u'SNARC'}
angyalka SNARC dot CD down 15 num_delete 2.47546100616
angyalka SNARC dot CD up 40 lctrl 0.548192024231
angyalka SNARC dot CD up 40 lctrl 0.437106847763
angyalka SNARC dot CD down 35 num_delete 0.402516841888
angyalka SNARC dot CD down 15 num_delete 0.382932901382
angyalka SNARC dot CD up 20 lctrl 0.378423929214
angyalka SNARC dot CD up 25 lctrl 0.37677693367
angyalka SNARC dot CD up 25 lctrl 0.450413942337
angyalka SNARC dot CD up 15 lctrl 0.379252910614
angyalka SNARC dot CD up 15 lctrl 0.354537963867
angyalka SNARC dot CD down 40 num_delete 0.407840013504
angyalka SNARC dot CD down 25 num_delete 0.333182096481
angyalka SNARC dot CD up 35 lctrl 0.440103054047
angyalka SNARC dot CD down 5 num_delete 0.425462961197
angyalka SNARC dot CD down 25 num_delete 0.410763978958
angyalka SNARC dot CD down 20 num_delete 0.412771940231
angyalka SNARC dot CD up 35 lctrl 0.338063955307
angyalka SNARC dot CD up 10 lctrl 0.308346033096
angyalka SNARC dot CD up 40 lctrl 0.332119941711
angyalka SNARC dot CD down 15 num_delete 0.379117012024
angyalka SNARC dot CD down 45 num_delete 0.376075029373
angyalka SNARC dot CD down 15 num_delete 0.351356983185
angyalka SNARC dot CD up 5 lctrl 0.498194932938
angyalka SNARC dot CD down 5 num_delete 0.378461122513
angyalka SNARC dot CD down 25 num_delete 0.452136039734
angyalka SNARC dot CD up 15 lctrl 0.414806127548
angyalka SNARC dot CD down 10 num_delete 0.379836082458
angyalka SNARC dot CD down 15 num_delete 0.392105102539
angyalka SNARC dot CD down 40 num_delete 0.41072678566
angyalka SNARC dot CD down 5 num_delete 0.392540931702
angyalka SNARC dot CD down 45 num_delete 0.40967297554
angyalka SNARC dot CD up 35 lctrl 0.374825000763
angyalka SNARC dot CD down 40 num_delete 0.408638000488
angyalka SNARC dot CD down 5 num_delete 0.390496015549
angyalka SNARC dot CD up 30 lctrl 0.409113168716
angyalka SNARC dot CD up 40 lctrl 0.487720966339
angyalka SNARC dot CD up 35 lctrl 0.368062019348
angyalka SNARC dot CD down 35 num_delete 0.51828789711
angyalka SNARC dot CD up 30 lctrl 0.595278024673
angyalka SNARC dot CD down 35 num_delete 0.37563085556
angyalka SNARC dot CD up 10 lctrl 0.427655935287
angyalka SNARC dot CD down 20 num_delete 0.374567985535
angyalka SNARC dot CD down 20 num_delete 0.42510008812
angyalka SNARC dot CD down 5 num_delete 0.3518409729
angyalka SNARC dot CD up 25 lctrl 0.390822172165
angyalka SNARC dot CD down 45 num_delete 0.407937049866
angyalka SNARC dot CD down 25 num_delete 0.603058099747
angyalka SNARC dot CD down 40 num_delete 2.55007410049
angyalka SNARC dot CD up 30 lctrl 0.323037862778
angyalka SNARC dot CD down 40 num_delete 0.369978189468
angyalka SNARC dot CD down 5 num_delete 0.383661985397
angyalka SNARC dot CD up 10 lctrl 0.418961048126
angyalka SNARC dot CD down 10 num_delete 0.407910108566
angyalka SNARC dot CD down 20 num_delete 0.425089836121
angyalka SNARC dot CD up 20 lctrl 0.465403079987
angyalka SNARC dot CD down 30 num_delete 0.287146091461
angyalka SNARC dot CD up 35 lctrl 0.405780076981
angyalka SNARC dot CD up 10 lctrl 0.419861078262
angyalka SNARC dot CD up 15 lctrl 0.377496004105
angyalka SNARC dot CD up 5 lctrl 0.354261875153
angyalka SNARC dot CD up 25 lctrl 0.329486846924
angyalka SNARC dot CD down 20 num_delete 0.45313501358
angyalka SNARC dot CD down 15 num_delete 0.305365085602
angyalka SNARC dot CD down 25 num_delete 0.33212685585
angyalka SNARC dot CD down 25 num_delete 0.362415075302
angyalka SNARC dot CD up 20 lctrl 0.414433002472
angyalka SNARC dot CD down 20 num_delete 0.416393041611
angyalka SNARC dot CD down 35 num_delete 0.401776075363
angyalka SNARC dot CD up 25 lctrl 0.442029953003
angyalka SNARC dot CD up 5 lctrl 0.350764989853
angyalka SNARC dot CD up 25 lctrl 0.28762793541
angyalka SNARC dot CD up 25 lctrl 0.291163921356
angyalka SNARC dot CD up 5 lctrl 0.311536073685
angyalka SNARC dot CD down 45 num_delete 0.396718025208
angyalka SNARC dot CD down 15 num_delete 0.315639972687
angyalka SNARC dot CD up 10 lctrl 0.41899895668
angyalka SNARC dot CD down 20 num_delete 0.381150007248
angyalka SNARC dot CD down 45 lctrl 0.323096036911
angyalka SNARC dot CD up 15 lctrl 0.573864936829
angyalka SNARC dot CD up 5 lctrl 0.465598106384
angyalka SNARC dot CD up 35 lctrl 0.515918016434
angyalka SNARC dot CD down 20 num_delete 0.378143072128
angyalka SNARC dot CD down 30 num_delete 0.338183879852
angyalka SNARC dot CD down 45 num_delete 0.367113113403
angyalka SNARC dot CD down 35 num_delete 0.390893936157
angyalka SNARC dot CD up 25 lctrl 0.332915067673
angyalka SNARC dot CD down 20 num_delete 0.416672945023
angyalka SNARC dot CD up 30 lctrl 0.403503894806
angyalka SNARC dot CD down 30 num_delete 0.558754920959
angyalka SNARC dot CD up 20 lctrl 0.31102514267
angyalka SNARC dot CD up 25 lctrl 0.452764034271
angyalka SNARC dot CD down 45 num_delete 0.441607952118
angyalka SNARC dot CD up 15 lctrl 0.503612041473
angyalka SNARC dot CD down 25 num_delete 0.368712902069
angyalka SNARC dot CD down 45 num_delete 0.440905094147
angyalka SNARC dot CD up 25 lctrl 0.444822072983
angyalka SNARC dot CD up 30 lctrl 0.375139951706
angyalka SNARC dot CD up 40 lctrl 0.404406070709
angyalka SNARC dot CD up 20 lctrl 0.461475849152
angyalka SNARC dot CD down 25 num_delete 0.440129041672
angyalka SNARC dot CD down 35 num_delete 0.370500087738
angyalka SNARC dot CD up 35 lctrl 0.444145202637
angyalka SNARC dot CD down 20 num_delete 0.451136112213
angyalka SNARC dot CD up 45 lctrl 0.401674985886
angyalka SNARC dot CD up 5 lctrl 0.460049152374
angyalka SNARC dot CD up 45 lctrl 0.410588026047
angyalka SNARC dot CD up 40 lctrl 0.374121189117
angyalka SNARC dot CD down 25 num_delete 0.372592926025
angyalka SNARC dot CD down 10 num_delete 0.347827911377
angyalka SNARC dot CD down 40 num_delete 0.300045013428
angyalka SNARC dot CD up 30 lctrl 0.44175195694
angyalka SNARC dot CD down 25 num_delete 0.333759069443
angyalka SNARC dot CD up 30 lctrl 0.364037036896
angyalka SNARC dot CD down 5 num_delete 0.355975151062
angyalka SNARC dot CD down 10 num_delete 0.526618003845
angyalka SNARC dot CD down 25 num_delete 0.37367105484
angyalka SNARC dot CD down 5 num_delete 0.349063873291
angyalka SNARC dot CD down 30 num_delete 0.36262178421
angyalka SNARC dot CD up 15 lctrl 0.429841995239
angyalka SNARC dot CD up 25 lctrl 0.339915037155
angyalka SNARC dot CD down 40 num_delete 0.40717291832
angyalka SNARC dot CD up 40 lctrl 0.332392930984
angyalka SNARC dot CD down 40 num_delete 0.364119052887
angyalka SNARC dot CD down 20 num_delete 0.416146993637
angyalka SNARC dot CD up 15 lctrl 0.378353834152
angyalka SNARC dot CD up 10 lctrl 0.35512304306
angyalka SNARC dot CD up 30 lctrl 0.36865401268
angyalka SNARC dot CD down 10 lctrl 0.34398317337
angyalka SNARC dot CD down 5 num_delete 0.582509994507
angyalka SNARC dot CD down 5 num_delete 0.379582881927
angyalka SNARC dot CD down 45 num_delete 0.643368005753
angyalka SNARC dot CD down 20 num_delete 0.362247228622
angyalka SNARC dot CD down 10 num_delete 0.3413169384
angyalka SNARC dot CD up 30 lctrl 0.448179006577
angyalka SNARC dot CD down 35 num_delete 0.433882951736
angyalka SNARC dot CD down 5 num_delete 0.431712150574
angyalka SNARC dot CD up 20 lctrl 0.410975217819
angyalka SNARC dot CD up 10 lctrl 0.39275598526
angyalka SNARC dot CD up 10 lctrl 0.312945127487
angyalka SNARC dot CD down 10 num_delete 0.431534051895
angyalka SNARC dot CD down 10 num_delete 0.30192399025
angyalka SNARC dot CD down 30 num_delete 0.327180147171
angyalka SNARC dot CD down 35 num_delete 0.412468910217
angyalka SNARC dot CD up 40 lctrl 0.336324930191
angyalka SNARC dot CD down 40 num_delete 0.481596946716
angyalka SNARC dot CD down 40 num_delete 0.400262117386
angyalka SNARC dot CD up 10 lctrl 0.458696126938
angyalka SNARC dot CD up 30 lctrl 0.448984146118
angyalka SNARC dot CD up 45 lctrl 0.356580018997
angyalka SNARC dot CD down 35 num_delete 0.40998005867
angyalka SNARC dot CD up 30 lctrl 0.412090063095
angyalka SNARC dot CD down 20 num_delete 0.375684022903
angyalka SNARC dot CD down 45 num_delete 0.434875011444
angyalka SNARC dot CD down 10 num_delete 0.34504699707
angyalka SNARC dot CD up 40 lctrl 0.373815059662
angyalka SNARC dot CD down 45 num_delete 0.404548168182
angyalka SNARC dot CD up 45 lctrl 0.329874992371
angyalka SNARC dot CD down 45 num_delete 0.400001049042
angyalka SNARC dot CD down 30 num_delete 0.44032907486
angyalka SNARC dot CD up 5 lctrl 0.464129924774
angyalka SNARC dot CD up 35 lctrl 0.377665042877
angyalka SNARC dot CD up 25 lctrl 0.412931919098
angyalka SNARC dot CD down 40 num_delete 0.490031003952
angyalka SNARC dot CD up 20 num_delete 0.348738908768
angyalka SNARC dot CD up 20 lctrl 0.685736894608
angyalka SNARC dot CD down 10 num_delete 0.460916042328
angyalka SNARC dot CD up 45 lctrl 0.37301492691
angyalka SNARC dot CD down 5 num_delete 0.311537027359
angyalka SNARC dot CD up 30 lctrl 0.375186920166
angyalka SNARC dot CD up 30 lctrl 0.372055053711
angyalka SNARC dot CD up 35 lctrl 0.330687999725
angyalka SNARC dot CD down 20 num_delete 0.415944099426
angyalka SNARC dot CD down 15 num_delete 0.339893817902
angyalka SNARC dot CD down 10 num_delete 0.349912166595
angyalka SNARC dot CD down 20 num_delete 0.378790140152
angyalka SNARC dot CD down 15 num_delete 0.392482995987
angyalka SNARC dot CD down 25 num_delete 0.450868844986
angyalka SNARC dot CD up 5 lctrl 0.381293058395
angyalka SNARC dot CD up 15 lctrl 0.355134963989
angyalka SNARC dot CD down 20 num_delete 0.500303030014
angyalka SNARC dot CD up 35 lctrl 0.403699159622
angyalka SNARC dot CD up 45 lctrl 0.442512989044
angyalka SNARC dot CD up 20 lctrl 0.412657022476
angyalka SNARC dot CD up 30 lctrl 0.414582014084
angyalka SNARC dot CD down 5 num_delete 0.394940137863
angyalka SNARC dot CD down 30 num_delete 0.375172138214
angyalka SNARC dot CD down 20 num_delete 0.349056005478
angyalka SNARC dot CD up 45 lctrl 0.439296960831
angyalka SNARC dot CD down 30 num_delete 0.409383058548
angyalka SNARC dot CD up 20 lctrl 0.388276100159
angyalka SNARC dot CD up 20 lctrl 0.419096946716
angyalka SNARC dot CD up 25 lctrl 0.329005002975
angyalka SNARC dot CD down 25 num_delete 0.529248952866
angyalka SNARC dot CD down 30 num_delete 0.337917089462
angyalka SNARC dot CD down 5 num_delete 0.80656504631
angyalka SNARC dot CD up 10 lctrl 0.386998176575
angyalka SNARC dot CD down 35 num_delete 0.290600061417
angyalka SNARC dot CD down 10 num_delete 0.387548923492
angyalka SNARC dot CD up 45 lctrl 0.366331100464
angyalka SNARC dot CD up 30 lctrl 0.479701042175
angyalka SNARC dot CD up 20 lctrl 0.338353157043
angyalka SNARC dot CD up 45 lctrl 0.367156028748
angyalka SNARC dot CD up 5 lctrl 0.382267951965
angyalka SNARC dot CD up 35 lctrl 0.515825033188
angyalka SNARC dot CD up 35 lctrl 0.439464092255
angyalka SNARC dot CD up 40 lctrl 0.5599629879
angyalka SNARC dot CD down 40 num_delete 0.450287103653
angyalka SNARC dot CD up 30 lctrl 0.442079782486
angyalka SNARC dot CD up 20 lctrl 0.383082151413
angyalka SNARC dot CD down 45 num_delete 0.401648044586
angyalka SNARC dot CD down 35 num_delete 0.328411102295
angyalka SNARC dot CD down 45 num_delete 0.320304870605
angyalka SNARC dot CD up 30 lctrl 0.367285966873
angyalka SNARC dot CD up 45 lctrl 0.362760066986
angyalka SNARC dot CD up 25 lctrl 0.339509010315
angyalka SNARC dot CD up 20 lctrl 0.346670150757
angyalka SNARC dot CD up 45 lctrl 0.360193014145
angyalka SNARC dot CD up 40 lctrl 0.407513141632
angyalka SNARC dot CD up 5 lctrl 0.427628040314
angyalka SNARC dot CD down 35 num_delete 0.374500989914
angyalka SNARC dot CD up 45 lctrl 0.408340930939
angyalka SNARC dot CD down 45 num_delete 0.333603143692
angyalka SNARC dot CD up 35 lctrl 0.475692987442
angyalka SNARC dot CD down 45 num_delete 0.601222991943
angyalka SNARC dot CD down 40 num_delete 0.443025112152
angyalka SNARC dot CD down 30 num_delete 0.334989070892
angyalka SNARC dot CD down 45 num_delete 0.32547712326
angyalka SNARC dot CD down 5 num_delete 0.390557050705
angyalka SNARC dot CD down 25 num_delete 0.447526931763
angyalka SNARC dot CD down 45 num_delete 0.414764881134
angyalka SNARC dot CD down 40 num_delete 0.439785003662
angyalka SNARC dot CD up 35 lctrl 0.485141992569
angyalka SNARC dot CD up 30 lctrl 0.365436792374
angyalka SNARC dot CD down 45 num_delete 0.360881090164
angyalka SNARC dot CD up 25 lctrl 0.375994920731
angyalka SNARC dot CD up 5 lctrl 0.42790389061
angyalka SNARC dot CD up 10 lctrl 0.348606109619
angyalka SNARC dot CD up 15 lctrl 0.339051008224
angyalka SNARC dot CD up 25 lctrl 0.332388877869
angyalka SNARC dot CD down 25 num_delete 0.477623939514
angyalka SNARC dot CD up 5 lctrl 0.429574012756
angyalka SNARC dot CD down 10 num_delete 0.354873895645
angyalka SNARC dot CD down 30 num_delete 0.445078849792
angyalka SNARC dot CD down 30 num_delete 0.452054023743
angyalka SNARC dot CD up 35 lctrl 0.365659952164
angyalka SNARC dot CD up 10 lctrl 0.455924987793
angyalka SNARC dot CD up 10 lctrl 0.381667852402
angyalka SNARC dot CD up 30 lctrl 0.361877918243
angyalka SNARC dot CD up 5 lctrl 0.315551042557
angyalka SNARC dot CD up 35 lctrl 0.285775184631
angyalka SNARC dot CD up 45 lctrl 0.326320886612
angyalka SNARC dot CD up 5 lctrl 0.353005886078
angyalka SNARC dot CD down 40 num_delete 0.36513710022
angyalka SNARC dot CD down 40 num_delete 0.388951063156
angyalka SNARC dot CD up 5 lctrl 0.385921955109
angyalka SNARC dot CD up 35 lctrl 0.289474964142
angyalka SNARC dot CD down 15 num_delete 0.42330789566
angyalka SNARC dot CD up 10 lctrl 0.350136041641
angyalka SNARC dot CD down 35 num_delete 0.28697180748
angyalka SNARC dot CD down 15 lctrl 0.305830001831
angyalka SNARC dot CD down 15 num_delete 0.386096000671
angyalka SNARC dot CD down 10 num_delete 0.346249103546
angyalka SNARC dot CD down 20 num_delete 0.338129997253
angyalka SNARC dot CD up 10 lctrl 0.423446893692
angyalka SNARC dot CD up 40 lctrl 0.293843984604
angyalka SNARC dot CD down 15 num_delete 0.42756986618
angyalka SNARC dot CD down 25 num_delete 0.414365053177
angyalka SNARC dot CD down 5 num_delete 0.356361865997
angyalka SNARC dot CD up 30 lctrl 0.395277023315
angyalka SNARC dot CD down 35 num_delete 0.528903007507
angyalka SNARC dot CD up 15 lctrl 0.506184101105
angyalka SNARC dot CD down 45 num_delete 0.484792947769
angyalka SNARC dot CD up 20 lctrl 0.381824016571
angyalka SNARC dot CD down 5 num_delete 0.303559064865
angyalka SNARC dot CD up 15 lctrl 0.344059228897
angyalka SNARC dot CD down 40 num_delete 0.335988044739
angyalka SNARC dot CD down 20 num_delete 0.45964717865
angyalka SNARC dot CD down 40 num_delete 0.411614179611
angyalka SNARC dot CD down 35 num_delete 0.300098180771
angyalka SNARC dot CD up 40 lctrl 0.474070072174
angyalka SNARC dot CD up 40 lctrl 0.371110916138
angyalka SNARC dot CD up 10 lctrl 0.308062076569
angyalka SNARC dot CD up 20 lctrl 0.463449001312
angyalka SNARC dot CD down 10 num_delete 0.378579854965
angyalka SNARC dot CD up 15 lctrl 0.42910695076
angyalka SNARC dot CD up 35 lctrl 0.454156160355
angyalka SNARC dot CD up 25 lctrl 0.367821931839
angyalka SNARC dot CD down 5 num_delete 0.419740200043
angyalka SNARC dot CD down 25 num_delete 0.443386077881
angyalka SNARC dot CD up 15 lctrl 0.312261819839
angyalka SNARC dot CD down 35 num_delete 0.338928937912
angyalka SNARC dot CD up 15 lctrl 0.307815074921
angyalka SNARC dot CD down 10 num_delete 0.31279706955
angyalka SNARC dot CD up 25 lctrl 0.338042974472
angyalka SNARC dot CD up 15 lctrl 0.306901216507
angyalka SNARC dot CD up 15 lctrl 0.425406932831
angyalka SNARC dot CD up 15 lctrl 0.312319993973
angyalka SNARC dot CD up 25 lctrl 0.415688037872
angyalka SNARC dot CD up 40 lctrl 0.399482011795
angyalka SNARC dot CD down 30 num_delete 0.398277997971
angyalka SNARC dot CD down 45 num_delete 0.322053909302
angyalka SNARC dot CD up 20 lctrl 0.34739780426
angyalka SNARC dot CD up 40 lctrl 0.322587013245
angyalka SNARC dot CD down 15 num_delete 0.386249065399
angyalka SNARC dot CD up 20 lctrl 0.383167982101
angyalka SNARC dot CD up 10 lctrl 0.37699508667
angyalka SNARC dot CD down 45 num_delete 0.510534763336
angyalka SNARC dot CD down 10 num_delete 0.390924930573
angyalka SNARC dot CD down 45 num_delete 0.369712114334
angyalka SNARC dot CD down 20 num_delete 0.421720981598
angyalka SNARC dot CD up 30 lctrl 0.408495903015
angyalka SNARC dot CD down 15 num_delete 0.425659894943
angyalka SNARC dot CD up 30 lctrl 0.374017000198
angyalka SNARC dot CD down 15 lctrl 0.386219978333
angyalka SNARC dot CD down 35 num_delete 0.597855091095
angyalka SNARC dot CD up 15 lctrl 0.427276134491
angyalka SNARC dot CD down 35 num_delete 0.413954019547
angyalka SNARC dot CD up 45 lctrl 0.452818870544
angyalka SNARC dot CD down 40 num_delete 0.481472969055
angyalka SNARC dot CD up 45 lctrl 0.400130033493
angyalka SNARC dot CD up 30 lctrl 0.441895008087
angyalka SNARC dot CD down 5 num_delete 0.465558052063
angyalka SNARC dot CD down 15 num_delete 0.339479207993
angyalka SNARC dot CD down 5 num_delete 0.387921094894
angyalka SNARC dot CD down 40 num_delete 0.355157136917
angyalka SNARC dot CD up 10 lctrl 0.449195861816
angyalka SNARC dot CD up 10 lctrl 0.417808055878
angyalka SNARC dot CD down 5 num_delete 0.419836044312
angyalka SNARC dot CD down 30 num_delete 0.366854906082
angyalka SNARC dot CD down 5 num_delete 0.495476961136
angyalka SNARC dot CD up 35 lctrl 0.439419031143
angyalka SNARC dot CD up 25 lctrl 0.33140206337
angyalka SNARC dot CD up 15 lctrl 0.393550157547
angyalka SNARC dot CD up 15 lctrl 0.390495061874
angyalka SNARC dot CD up 30 lctrl 0.372235059738
angyalka SNARC dot CD up 20 lctrl 0.422705888748
angyalka SNARC dot CD down 20 num_delete 0.463000059128
angyalka SNARC dot CD up 15 lctrl 0.355062007904
angyalka SNARC dot CD up 45 lctrl 0.406929969788
angyalka SNARC dot CD down 10 num_delete 0.388671875
angyalka SNARC dot CD up 15 lctrl 0.345930099487
angyalka SNARC dot CD down 10 num_delete 0.355931997299
angyalka SNARC dot CD up 25 lctrl 0.331290006638
angyalka SNARC dot CD up 10 lctrl 0.394895076752
angyalka SNARC dot CD down 30 num_delete 0.413436174393
angyalka SNARC dot CD down 35 num_delete 0.40247297287
angyalka SNARC dot CD down 10 num_delete 0.344563961029
angyalka SNARC dot CD up 40 lctrl 0.411671876907
angyalka SNARC dot CD down 5 num_delete 0.508450031281
angyalka SNARC dot CD up 25 lctrl 0.563832044601
angyalka SNARC dot CD down 30 num_delete 0.530850887299
angyalka SNARC dot CD down 40 num_delete 0.376451015472
angyalka SNARC dot CD up 45 lctrl 0.434828996658
angyalka SNARC dot CD up 35 lctrl 0.365164041519
angyalka SNARC dot CD up 5 lctrl 0.335910081863
angyalka SNARC dot CD down 25 num_delete 0.366163015366
angyalka SNARC dot CD up 40 num_delete 0.439779996872
angyalka SNARC dot CD down 5 num_delete 0.463531970978
angyalka SNARC dot CD up 40 lctrl 0.401017904282
angyalka SNARC dot CD down 35 num_delete 0.366118907928
{'participant': u'angyalka', 'notation': u'arabic', 'response_buttons': u'CD', 'range_in_instr': True, 'dateStr': u'04_01_1722', 'autopilot': False, 'exp_id': u'SNARC'}
angyalka SNARC arabic CD up 9 lctrl 0.807634115219
angyalka SNARC arabic CD down 3 num_delete 0.50177693367
angyalka SNARC arabic CD down 9 num_delete 0.651818990707
angyalka SNARC arabic CD down 5 num_delete 0.497211933136
angyalka SNARC arabic CD up 6 lctrl 0.394296884537
angyalka SNARC arabic CD down 2 num_delete 0.454984903336
angyalka SNARC arabic CD down 2 num_delete 1.03674411774
angyalka SNARC arabic CD up 7 lctrl 0.345736980438
angyalka SNARC arabic CD up 4 lctrl 0.429419994354
angyalka SNARC arabic CD down 7 num_delete 0.432825803757
angyalka SNARC arabic CD up 2 lctrl 0.456434965134
angyalka SNARC arabic CD down 4 num_delete 0.386764764786
angyalka SNARC arabic CD up 3 lctrl 0.460389852524
angyalka SNARC arabic CD up 1 lctrl 0.390861034393
angyalka SNARC arabic CD up 8 lctrl 0.387681007385
angyalka SNARC arabic CD up 1 lctrl 0.384474039078
angyalka SNARC arabic CD down 1 num_delete 0.343133926392
angyalka SNARC arabic CD down 6 num_delete 0.351767063141
angyalka SNARC arabic CD down 4 num_delete 0.420350074768
angyalka SNARC arabic CD down 4 num_delete 0.345690011978
angyalka SNARC arabic CD up 8 lctrl 0.417978048325
angyalka SNARC arabic CD down 6 num_delete 0.458345890045
angyalka SNARC arabic CD down 4 num_delete 0.388617038727
angyalka SNARC arabic CD down 8 num_delete 0.410896778107
angyalka SNARC arabic CD down 1 num_delete 0.391194820404
angyalka SNARC arabic CD down 7 num_delete 0.490162134171
angyalka SNARC arabic CD up 4 lctrl 0.459177970886
angyalka SNARC arabic CD down 1 num_delete 0.427801132202
angyalka SNARC arabic CD down 8 num_delete 0.416936159134
angyalka SNARC arabic CD up 4 lctrl 0.457062959671
angyalka SNARC arabic CD up 7 lctrl 0.349072933197
angyalka SNARC arabic CD down 8 num_delete 0.455889940262
angyalka SNARC arabic CD down 4 num_delete 0.347892045975
angyalka SNARC arabic CD up 5 lctrl 0.433208942413
angyalka SNARC arabic CD up 9 lctrl 0.341940164566
angyalka SNARC arabic CD down 1 num_delete 0.35040807724
angyalka SNARC arabic CD up 1 lctrl 0.444438934326
angyalka SNARC arabic CD up 3 lctrl 0.429687023163
angyalka SNARC arabic CD up 5 lctrl 0.393315076828
angyalka SNARC arabic CD up 3 lctrl 0.390363931656
angyalka SNARC arabic CD down 9 num_delete 0.425631999969
angyalka SNARC arabic CD down 8 num_delete 0.350914955139
angyalka SNARC arabic CD down 9 num_delete 0.342969894409
angyalka SNARC arabic CD up 8 lctrl 0.31327009201
angyalka SNARC arabic CD down 2 num_delete 0.316740036011
angyalka SNARC arabic CD down 2 num_delete 0.380441904068
angyalka SNARC arabic CD up 6 lctrl 0.432478189468
angyalka SNARC arabic CD up 1 num_delete 0.341080904007
angyalka SNARC arabic CD down 8 num_delete 0.464762926102
angyalka SNARC arabic CD up 5 lctrl 0.455019950867
angyalka SNARC arabic CD down 2 num_delete 0.385365009308
angyalka SNARC arabic CD down 6 num_delete 0.344027996063
angyalka SNARC arabic CD down 7 num_delete 0.429260015488
angyalka SNARC arabic CD up 3 lctrl 0.507880926132
angyalka SNARC arabic CD up 8 lctrl 0.541548967361
angyalka SNARC arabic CD up 2 lctrl 0.383983135223
angyalka SNARC arabic CD down 5 num_delete 0.342585086823
angyalka SNARC arabic CD down 6 num_delete 0.389539003372
angyalka SNARC arabic CD up 1 lctrl 0.424810886383
angyalka SNARC arabic CD down 3 num_delete 0.46510887146
angyalka SNARC arabic CD down 2 num_delete 0.37876701355
angyalka SNARC arabic CD down 8 num_delete 0.354112148285
angyalka SNARC arabic CD up 9 lctrl 0.422671079636
angyalka SNARC arabic CD down 7 num_delete 1.03795099258
angyalka SNARC arabic CD up 3 lctrl 0.461838960648
angyalka SNARC arabic CD down 7 num_delete 0.392122983932
angyalka SNARC arabic CD up 1 lctrl 0.350824117661
angyalka SNARC arabic CD down 9 num_delete 0.483007907867
angyalka SNARC arabic CD up 5 lctrl 0.303306102753
angyalka SNARC arabic CD down 7 num_delete 0.345222949982
angyalka SNARC arabic CD up 8 lctrl 0.315523862839
angyalka SNARC arabic CD down 9 num_delete 0.340726852417
angyalka SNARC arabic CD down 3 num_delete 0.464395046234
angyalka SNARC arabic CD down 2 num_delete 0.356272935867
angyalka SNARC arabic CD up 5 lctrl 0.53989982605
angyalka SNARC arabic CD up 6 lctrl 0.4252409935
angyalka SNARC arabic CD down 5 num_delete 0.388771057129
angyalka SNARC arabic CD down 2 num_delete 0.424114942551
angyalka SNARC arabic CD down 5 num_delete 0.502746105194
angyalka SNARC arabic CD up 7 lctrl 0.383059024811
angyalka SNARC arabic CD up 7 lctrl 0.380006074905
angyalka SNARC arabic CD up 6 lctrl 0.355202913284
angyalka SNARC arabic CD down 7 num_delete 0.423794984818
angyalka SNARC arabic CD up 3 lctrl 1.46075105667
angyalka SNARC arabic CD up 1 lctrl 0.353221893311
angyalka SNARC arabic CD up 4 lctrl 0.34496307373
angyalka SNARC arabic CD up 5 lctrl 0.35351395607
angyalka SNARC arabic CD down 7 num_delete 0.422075986862
angyalka SNARC arabic CD up 8 lctrl 1.10947203636
angyalka SNARC arabic CD down 7 num_delete 0.504955053329
angyalka SNARC arabic CD down 5 num_delete 0.346937894821
angyalka SNARC arabic CD down 9 num_delete 0.317249774933
angyalka SNARC arabic CD down 4 num_delete 0.304170131683
angyalka SNARC arabic CD down 4 num_delete 0.409856081009
angyalka SNARC arabic CD up 8 lctrl 0.428377866745
angyalka SNARC arabic CD down 3 num_delete 0.507013082504
angyalka SNARC arabic CD up 8 lctrl 0.387329101562
angyalka SNARC arabic CD down 8 num_delete 0.422548055649
angyalka SNARC arabic CD up 9 lctrl 0.386224985123
angyalka SNARC arabic CD up 2 lctrl 0.459833860397
angyalka SNARC arabic CD up 2 lctrl 0.351768016815
angyalka SNARC arabic CD up 3 lctrl 0.415747880936
angyalka SNARC arabic CD down 9 num_delete 0.30281496048
angyalka SNARC arabic CD up 7 lctrl 0.421309947968
angyalka SNARC arabic CD up 4 lctrl 0.384989976883
angyalka SNARC arabic CD up 2 lctrl 0.381877183914
angyalka SNARC arabic CD down 7 num_delete 0.302215099335
angyalka SNARC arabic CD down 9 num_delete 0.305806875229
angyalka SNARC arabic CD down 8 num_delete 0.309466123581
angyalka SNARC arabic CD up 1 lctrl 0.376885890961
angyalka SNARC arabic CD down 4 num_delete 0.351989030838
angyalka SNARC arabic CD down 4 num_delete 0.382452964783
angyalka SNARC arabic CD down 4 num_delete 0.340996026993
angyalka SNARC arabic CD up 1 lctrl 0.349617004395
angyalka SNARC arabic CD down 6 num_delete 0.418236970901
angyalka SNARC arabic CD down 2 num_delete 0.343568086624
angyalka SNARC arabic CD up 5 lctrl 0.313842773438
angyalka SNARC arabic CD up 3 lctrl 0.394069910049
angyalka SNARC arabic CD down 2 num_delete 0.314330101013
angyalka SNARC arabic CD down 8 num_delete 0.394576072693
angyalka SNARC arabic CD up 9 lctrl 0.391652822495
angyalka SNARC arabic CD up 2 lctrl 0.350243806839
angyalka SNARC arabic CD down 8 num_delete 0.342120885849
angyalka SNARC arabic CD down 3 num_delete 0.350676059723
angyalka SNARC arabic CD up 1 lctrl 0.381008863449
angyalka SNARC arabic CD up 2 lctrl 0.39461684227
angyalka SNARC arabic CD up 8 lctrl 0.391487121582
angyalka SNARC arabic CD down 1 num_delete 0.31172990799
angyalka SNARC arabic CD up 3 lctrl 0.391974925995
angyalka SNARC arabic CD down 1 num_delete 0.312360048294
angyalka SNARC arabic CD up 8 lctrl 0.469289064407
angyalka SNARC arabic CD down 2 num_delete 0.30613899231
angyalka SNARC arabic CD down 6 num_delete 0.348257064819
angyalka SNARC arabic CD up 6 lctrl 0.455008029938
angyalka SNARC arabic CD down 1 num_delete 0.423654079437
angyalka SNARC arabic CD down 8 lctrl 0.272291898727
angyalka SNARC arabic CD down 4 num_delete 0.922477006912
angyalka SNARC arabic CD up 5 lctrl 0.539609909058
angyalka SNARC arabic CD down 2 num_delete 0.463407993317
angyalka SNARC arabic CD up 9 lctrl 0.431965112686
angyalka SNARC arabic CD up 4 lctrl 0.455647945404
angyalka SNARC arabic CD up 1 lctrl 0.385972976685
angyalka SNARC arabic CD up 4 lctrl 0.344565153122
angyalka SNARC arabic CD down 6 num_delete 0.353182077408
angyalka SNARC arabic CD down 7 num_delete 0.370532035828
angyalka SNARC arabic CD up 4 lctrl 0.384214878082
angyalka SNARC arabic CD up 8 lctrl 0.381142139435
angyalka SNARC arabic CD down 5 num_delete 0.318203926086
angyalka SNARC arabic CD up 9 lctrl 0.420036077499
angyalka SNARC arabic CD down 3 num_delete 0.383661031723
angyalka SNARC arabic CD down 1 num_delete 0.495677947998
angyalka SNARC arabic CD down 2 num_delete 0.392725944519
angyalka SNARC arabic CD up 6 lctrl 0.389726877213
angyalka SNARC arabic CD down 6 num_delete 0.463314056396
angyalka SNARC arabic CD up 6 lctrl 0.355297088623
angyalka SNARC arabic CD down 3 num_delete 0.308907985687
angyalka SNARC arabic CD up 1 lctrl 0.312680959702
angyalka SNARC arabic CD down 6 num_delete 0.39283490181
angyalka SNARC arabic CD up 3 lctrl 0.351516962051
angyalka SNARC arabic CD up 1 lctrl 0.420084953308
angyalka SNARC arabic CD up 5 lctrl 0.307031154633
angyalka SNARC arabic CD down 6 num_delete 0.387304782867
angyalka SNARC arabic CD up 7 lctrl 0.494697809219
angyalka SNARC arabic CD down 4 num_delete 0.314956903458
angyalka SNARC arabic CD down 5 num_delete 0.378627061844
angyalka SNARC arabic CD up 3 lctrl 0.430662155151
angyalka SNARC arabic CD down 9 num_delete 0.355828046799
angyalka SNARC arabic CD up 2 lctrl 0.616116046906
angyalka SNARC arabic CD down 5 num_delete 0.341490983963
angyalka SNARC arabic CD down 5 num_delete 0.42680311203
angyalka SNARC arabic CD down 9 num_delete 0.352129936218
angyalka SNARC arabic CD up 9 lctrl 0.416197061539
angyalka SNARC arabic CD down 3 num_delete 0.686455011368
angyalka SNARC arabic CD down 8 num_delete 0.421787023544
angyalka SNARC arabic CD up 5 lctrl 0.347215890884
angyalka SNARC arabic CD up 1 lctrl 0.355731964111
angyalka SNARC arabic CD down 1 num_delete 1.07134485245
angyalka SNARC arabic CD up 7 lctrl 0.385167121887
angyalka SNARC arabic CD down 2 num_delete 0.415910959244
angyalka SNARC arabic CD down 5 num_delete 0.417865991592
angyalka SNARC arabic CD up 2 lctrl 0.3431828022
angyalka SNARC arabic CD up 7 lctrl 0.351724147797
angyalka SNARC arabic CD down 2 num_delete 0.458583831787
angyalka SNARC arabic CD down 5 num_delete 0.350692033768
angyalka SNARC arabic CD up 6 lctrl 0.419179916382
angyalka SNARC arabic CD up 4 lctrl 0.344465970993
angyalka SNARC arabic CD down 3 num_delete 0.468032836914
angyalka SNARC arabic CD down 9 num_delete 0.343328952789
angyalka SNARC arabic CD down 3 num_delete 0.351984024048
angyalka SNARC arabic CD up 9 lctrl 0.53551197052
angyalka SNARC arabic CD up 6 lctrl 0.497520923615
angyalka SNARC arabic CD up 2 lctrl 0.466592073441
angyalka SNARC arabic CD down 9 lctrl 0.303645849228
angyalka SNARC arabic CD up 1 lctrl 0.49875497818
angyalka SNARC arabic CD up 6 lctrl 0.608942985535
angyalka SNARC arabic CD down 6 num_delete 0.427641868591
angyalka SNARC arabic CD down 6 num_delete 0.3912961483
angyalka SNARC arabic CD down 5 num_delete 0.464860916138
angyalka SNARC arabic CD down 2 num_delete 0.416934013367
angyalka SNARC arabic CD down 1 num_delete 0.380579948425
angyalka SNARC arabic CD up 5 lctrl 0.432482004166
angyalka SNARC arabic CD down 5 lctrl 0.45614695549
angyalka SNARC arabic CD down 9 num_delete 1.42138886452
angyalka SNARC arabic CD up 4 lctrl 0.717371940613
angyalka SNARC arabic CD up 1 lctrl 0.496066093445
angyalka SNARC arabic CD up 9 lctrl 0.469758987427
angyalka SNARC arabic CD up 2 lctrl 0.421720981598
angyalka SNARC arabic CD down 5 num_delete 0.423655033112
angyalka SNARC arabic CD up 1 lctrl 0.808933973312
angyalka SNARC arabic CD up 1 lctrl 0.427853822708
angyalka SNARC arabic CD up 3 lctrl 0.468038082123
angyalka SNARC arabic CD down 1 num_delete 0.38162612915
angyalka SNARC arabic CD up 6 lctrl 0.4552090168
angyalka SNARC arabic CD up 3 lctrl 0.385459899902
angyalka SNARC arabic CD up 7 lctrl 0.574126005173
angyalka SNARC arabic CD up 7 lctrl 0.426056861877
angyalka SNARC arabic CD up 7 lctrl 0.427963972092
angyalka SNARC arabic CD down 7 num_delete 0.353332996368
angyalka SNARC arabic CD down 7 num_delete 0.38364315033
angyalka SNARC arabic CD up 8 lctrl 0.457355976105
angyalka SNARC arabic CD up 1 lctrl 0.732627153397
angyalka SNARC arabic CD up 8 lctrl 0.341187000275
angyalka SNARC arabic CD down 1 num_delete 0.349812984467
angyalka SNARC arabic CD down 7 num_delete 0.418478012085
angyalka SNARC arabic CD down 9 num_delete 0.45875787735
angyalka SNARC arabic CD down 4 num_delete 0.389081001282
angyalka SNARC arabic CD down 9 num_delete 0.411448955536
angyalka SNARC arabic CD down 9 num_delete 0.391782045364
angyalka SNARC arabic CD up 7 lctrl 0.465579986572
angyalka SNARC arabic CD down 2 num_delete 0.417402029037
angyalka SNARC arabic CD down 4 num_delete 0.419396162033
angyalka SNARC arabic CD down 4 num_delete 0.383035898209
angyalka SNARC arabic CD up 3 lctrl 0.443694114685
angyalka SNARC arabic CD up 5 lctrl 0.35227894783
angyalka SNARC arabic CD up 9 lctrl 0.420851230621
angyalka SNARC arabic CD down 3 num_delete 0.422805070877
angyalka SNARC arabic CD down 4 num_delete 0.488399028778
angyalka SNARC arabic CD up 8 lctrl 0.423872947693
angyalka SNARC arabic CD up 4 lctrl 0.425704956055
angyalka SNARC arabic CD up 5 lctrl 0.465981006622
angyalka SNARC arabic CD down 2 num_delete 0.60963511467
angyalka SNARC arabic CD down 7 num_delete 0.504926919937
angyalka SNARC arabic CD up 4 lctrl 0.461901903152
angyalka SNARC arabic CD up 6 lctrl 0.4688539505
angyalka SNARC arabic CD up 6 lctrl 0.382505893707
angyalka SNARC arabic CD up 8 lctrl 0.341018915176
angyalka SNARC arabic CD down 8 num_delete 0.732978105545
angyalka SNARC arabic CD down 3 num_delete 0.380055189133
angyalka SNARC arabic CD down 1 num_delete 0.393644094467
angyalka SNARC arabic CD up 8 lctrl 0.39064002037
angyalka SNARC arabic CD up 4 lctrl 0.387562990189
angyalka SNARC arabic CD up 3 lctrl 0.461114168167
angyalka SNARC arabic CD up 4 lctrl 0.429817914963
angyalka SNARC arabic CD up 9 lctrl 0.393320083618
angyalka SNARC arabic CD down 7 num_delete 0.428574085236
angyalka SNARC arabic CD down 7 num_delete 0.353991985321
angyalka SNARC arabic CD up 3 lctrl 0.460859060287
angyalka SNARC arabic CD up 3 lctrl 0.352866888046
angyalka SNARC arabic CD down 5 num_delete 0.421464920044
angyalka SNARC arabic CD down 9 num_delete 0.385062932968
angyalka SNARC arabic CD up 5 lctrl 0.382060050964
angyalka SNARC arabic CD up 3 lctrl 0.417284011841
angyalka SNARC arabic CD up 9 lctrl 0.342571020126
angyalka SNARC arabic CD down 5 num_delete 0.42786192894
angyalka SNARC arabic CD up 7 lctrl 0.46821308136
angyalka SNARC arabic CD up 4 lctrl 0.420083045959
angyalka SNARC arabic CD down 7 num_delete 0.498651981354
angyalka SNARC arabic CD down 7 num_delete 0.3406291008
angyalka SNARC arabic CD down 1 num_delete 0.425936937332
angyalka SNARC arabic CD down 5 lctrl 0.427817106247
angyalka SNARC arabic CD down 3 num_delete 0.583121061325
angyalka SNARC arabic CD down 2 num_delete 0.418419837952
angyalka SNARC arabic CD down 2 num_delete 0.420377016068
angyalka SNARC arabic CD up 8 lctrl 0.49449300766
angyalka SNARC arabic CD up 2 lctrl 0.468053102493
angyalka SNARC arabic CD down 5 num_delete 0.496627092361
angyalka SNARC arabic CD down 1 num_delete 0.431965827942
angyalka SNARC arabic CD down 9 num_delete 0.417243003845
angyalka SNARC arabic CD up 6 lctrl 0.380877017975
angyalka SNARC arabic CD up 9 lctrl 0.356101989746
angyalka SNARC arabic CD down 1 num_delete 0.420106887817
angyalka SNARC arabic CD down 1 num_delete 0.422069072723
angyalka SNARC arabic CD down 6 num_delete 0.38578081131
angyalka SNARC arabic CD down 8 num_delete 0.497601985931
angyalka SNARC arabic CD up 2 lctrl 0.394613027573
angyalka SNARC arabic CD up 1 lctrl 0.429792881012
angyalka SNARC arabic CD up 9 lctrl 0.470001935959
angyalka SNARC arabic CD up 2 lctrl 0.421915054321
angyalka SNARC arabic CD down 4 num_delete 0.385474205017
angyalka SNARC arabic CD up 8 lctrl 0.42073392868
angyalka SNARC arabic CD up 8 lctrl 0.460978984833
angyalka SNARC arabic CD up 4 lctrl 0.352952003479
angyalka SNARC arabic CD up 6 lctrl 0.383224964142
angyalka SNARC arabic CD up 9 lctrl 0.533318042755
angyalka SNARC arabic CD down 3 num_delete 0.405574798584
angyalka SNARC arabic CD up 4 lctrl 0.424236774445
angyalka SNARC arabic CD down 8 num_delete 0.311156988144
angyalka SNARC arabic CD up 3 lctrl 0.501868009567
angyalka SNARC arabic CD down 8 num_delete 0.458819150925
angyalka SNARC arabic CD down 4 num_delete 0.389111042023
angyalka SNARC arabic CD down 1 num_delete 0.731062889099
angyalka SNARC arabic CD down 4 num_delete 0.356372833252
angyalka SNARC arabic CD up 3 lctrl 0.348328113556
angyalka SNARC arabic CD up 1 lctrl 0.34016084671
angyalka SNARC arabic CD down 8 num_delete 0.502132177353
angyalka SNARC arabic CD down 6 num_delete 0.382436037064
angyalka SNARC arabic CD down 5 num_delete 0.341068983078
angyalka SNARC arabic CD up 8 lctrl 0.42636013031
angyalka SNARC arabic CD down 8 num_delete 0.581580877304
angyalka SNARC arabic CD up 6 lctrl 0.416968107224
angyalka SNARC arabic CD down 5 num_delete 0.342166900635
angyalka SNARC arabic CD up 3 lctrl 0.350790023804
angyalka SNARC arabic CD down 7 num_delete 0.457628965378
angyalka SNARC arabic CD down 5 num_delete 0.464627981186
angyalka SNARC arabic CD down 7 num_delete 0.433267831802
angyalka SNARC arabic CD down 7 num_delete 0.341882944107
angyalka SNARC arabic CD up 5 lctrl 0.452471971512
angyalka SNARC arabic CD down 9 num_delete 0.421082019806
angyalka SNARC arabic CD down 8 num_delete 0.384831190109
angyalka SNARC arabic CD down 2 num_delete 0.343362092972
angyalka SNARC arabic CD down 7 num_delete 0.313683986664
angyalka SNARC arabic CD up 6 lctrl 0.393932104111
angyalka SNARC arabic CD up 6 lctrl 0.309574842453
angyalka SNARC arabic CD up 9 lctrl 0.389762878418
angyalka SNARC arabic CD down 6 num_delete 0.38671207428
angyalka SNARC arabic CD down 4 num_delete 0.421993970871
angyalka SNARC arabic CD down 6 num_delete 0.38548207283
angyalka SNARC arabic CD up 6 lctrl 0.459292888641
angyalka SNARC arabic CD down 9 num_delete 0.389451026917
angyalka SNARC arabic CD down 5 lctrl 0.309675931931
angyalka SNARC arabic CD down 2 num_delete 0.543285131454
angyalka SNARC arabic CD up 6 lctrl 0.505298852921
angyalka SNARC arabic CD up 3 lctrl 0.423942089081
angyalka SNARC arabic CD up 2 lctrl 0.536303043365
angyalka SNARC arabic CD down 2 num_delete 0.421648025513
angyalka SNARC arabic CD down 4 num_delete 0.423568964005
angyalka SNARC arabic CD up 7 lctrl 0.425647974014
angyalka SNARC arabic CD down 9 num_delete 0.389127016068
angyalka SNARC arabic CD up 6 lctrl 0.309369087219
angyalka SNARC arabic CD up 1 lctrl 0.351276159286
angyalka SNARC arabic CD up 6 lctrl 0.381503820419
angyalka SNARC arabic CD down 9 num_delete 1.41336107254
angyalka SNARC arabic CD up 8 lctrl 0.470627784729
angyalka SNARC arabic CD down 3 num_delete 0.345906972885
angyalka SNARC arabic CD down 5 num_delete 0.814511060715
angyalka SNARC arabic CD up 2 lctrl 0.394963979721
angyalka SNARC arabic CD down 6 num_delete 0.463926076889
angyalka SNARC arabic CD up 3 lctrl 0.355927228928
angyalka SNARC arabic CD up 3 lctrl 0.462790966034
angyalka SNARC arabic CD up 7 lctrl 0.350177049637
angyalka SNARC arabic CD up 4 lctrl 0.342119932175
angyalka SNARC arabic CD up 9 lctrl 0.384445905685
angyalka SNARC arabic CD up 7 lctrl 0.419711828232
angyalka SNARC arabic CD down 6 num_delete 0.459916830063
angyalka SNARC arabic CD down 3 num_delete 0.466954946518
angyalka SNARC arabic CD up 7 lctrl 0.418923854828
angyalka SNARC arabic CD down 5 num_delete 0.49743103981
angyalka SNARC arabic CD up 4 lctrl 0.509460926056
angyalka SNARC arabic CD down 2 num_delete 0.581389188766
angyalka SNARC arabic CD up 5 lctrl 0.45504117012
