{'participant': u'cheer', 'notation': u'arabic', 'response_buttons': u'CD', 'range_in_instr': True, 'dateStr': u'04_01_1330', 'autopilot': False, 'exp_id': u'SNARC'}
cheer SNARC arabic CD down 3 num_delete 1.06942510605
cheer SNARC arabic CD up 2 lctrl 0.502139091492
cheer SNARC arabic CD down 2 num_delete 0.610987186432
cheer SNARC arabic CD up 3 lctrl 0.390187978745
cheer SNARC arabic CD up 2 lctrl 0.500813961029
cheer SNARC arabic CD down 4 num_delete 0.456643104553
cheer SNARC arabic CD down 7 num_delete 0.500612020493
cheer SNARC arabic CD down 2 num_delete 0.366890907288
cheer SNARC arabic CD up 4 lctrl 0.417741060257
cheer SNARC arabic CD down 9 num_delete 0.418508052826
cheer SNARC arabic CD up 7 lctrl 0.4191801548
cheer SNARC arabic CD down 7 num_delete 0.343347787857
cheer SNARC arabic CD down 5 num_delete 0.427438020706
cheer SNARC arabic CD up 7 lctrl 0.390002012253
cheer SNARC arabic CD down 1 num_delete 0.347453832626
cheer SNARC arabic CD up 4 lctrl 0.35489988327
cheer SNARC arabic CD down 9 num_delete 0.422292947769
cheer SNARC arabic CD down 8 num_delete 0.423127889633
cheer SNARC arabic CD up 1 lctrl 0.730309963226
cheer SNARC arabic CD up 2 lctrl 0.469620943069
cheer SNARC arabic CD up 9 lctrl 0.382274150848
cheer SNARC arabic CD up 9 lctrl 0.339661836624
cheer SNARC arabic CD down 1 num_delete 0.38525390625
cheer SNARC arabic CD down 1 num_delete 0.304558038712
cheer SNARC arabic CD down 2 num_delete 0.345357894897
cheer SNARC arabic CD up 1 lctrl 0.429425954819
cheer SNARC arabic CD down 4 num_delete 0.349038124084
cheer SNARC arabic CD up 7 lctrl 0.339900970459
cheer SNARC arabic CD up 4 lctrl 0.46221780777
cheer SNARC arabic CD up 2 lctrl 0.314779043198
cheer SNARC arabic CD down 3 num_delete 0.41558599472
cheer SNARC arabic CD up 6 lctrl 0.416395902634
cheer SNARC arabic CD down 1 num_delete 0.302181959152
cheer SNARC arabic CD up 8 lctrl 0.381316900253
cheer SNARC arabic CD down 8 num_delete 0.31711602211
cheer SNARC arabic CD down 4 num_delete 0.379619121552
cheer SNARC arabic CD up 1 lctrl 0.353858947754
cheer SNARC arabic CD down 5 num_delete 0.459522008896
cheer SNARC arabic CD down 1 num_delete 0.3504550457
cheer SNARC arabic CD up 2 lctrl 0.379576206207
cheer SNARC arabic CD down 5 num_delete 0.392002820969
cheer SNARC arabic CD down 7 num_delete 0.387783050537
cheer SNARC arabic CD down 5 num_delete 0.307023048401
cheer SNARC arabic CD down 8 num_delete 0.309595108032
cheer SNARC arabic CD down 9 num_delete 0.312107801437
cheer SNARC arabic CD down 1 num_delete 0.314713954926
cheer SNARC arabic CD down 5 num_delete 0.393829107285
cheer SNARC arabic CD up 3 lctrl 0.388298034668
cheer SNARC arabic CD up 7 lctrl 0.308852910995
cheer SNARC arabic CD up 1 lctrl 0.349632978439
cheer SNARC arabic CD down 5 num_delete 0.417009115219
cheer SNARC arabic CD down 7 num_delete 0.341203212738
cheer SNARC arabic CD up 6 lctrl 0.425284862518
cheer SNARC arabic CD down 1 num_delete 0.502599000931
cheer SNARC arabic CD up 5 lctrl 0.458405017853
cheer SNARC arabic CD up 6 lctrl 0.425886869431
cheer SNARC arabic CD down 7 num_delete 0.35002207756
cheer SNARC arabic CD down 6 num_delete 0.340754032135
cheer SNARC arabic CD up 9 lctrl 0.348328113556
cheer SNARC arabic CD up 5 lctrl 0.377427816391
cheer SNARC arabic CD up 3 lctrl 0.31324505806
cheer SNARC arabic CD down 3 num_delete 0.43062710762
cheer SNARC arabic CD down 4 num_delete 0.354902029037
cheer SNARC arabic CD up 6 lctrl 0.3073990345
cheer SNARC arabic CD down 8 num_delete 0.348198890686
cheer SNARC arabic CD down 2 num_delete 0.364463090897
cheer SNARC arabic CD down 6 num_delete 0.355257987976
cheer SNARC arabic CD down 6 num_delete 0.333139181137
cheer SNARC arabic CD down 2 num_delete 0.340684890747
cheer SNARC arabic CD up 5 lctrl 0.616223812103
cheer SNARC arabic CD down 2 num_delete 0.455332040787
cheer SNARC arabic CD down 7 num_delete 0.346210002899
cheer SNARC arabic CD down 8 num_delete 0.315347909927
cheer SNARC arabic CD down 7 num_delete 0.377793073654
cheer SNARC arabic CD up 5 lctrl 0.390398025513
cheer SNARC arabic CD up 7 lctrl 0.309437990189
cheer SNARC arabic CD down 6 num_delete 0.388520956039
cheer SNARC arabic CD down 5 num_delete 0.307731866837
cheer SNARC arabic CD up 1 lctrl 0.310240030289
cheer SNARC arabic CD down 5 num_delete 0.351004123688
cheer SNARC arabic CD down 6 num_delete 0.380133152008
cheer SNARC arabic CD down 5 num_delete 0.571090936661
cheer SNARC arabic CD up 6 lctrl 0.34533405304
cheer SNARC arabic CD up 8 lctrl 0.352910041809
cheer SNARC arabic CD up 4 lctrl 0.381875038147
cheer SNARC arabic CD up 1 lctrl 0.339481115341
cheer SNARC arabic CD up 4 lctrl 0.34685087204
cheer SNARC arabic CD up 8 lctrl 0.315968036652
cheer SNARC arabic CD down 9 num_delete 0.378340005875
cheer SNARC arabic CD down 8 num_delete 0.275976896286
cheer SNARC arabic CD down 3 num_delete 0.350129842758
cheer SNARC arabic CD down 7 num_delete 0.41758108139
cheer SNARC arabic CD up 9 lctrl 0.571625947952
cheer SNARC arabic CD up 6 lctrl 0.307496070862
cheer SNARC arabic CD down 2 num_delete 0.463153123856
cheer SNARC arabic CD up 3 lctrl 0.277416944504
cheer SNARC arabic CD up 4 lctrl 0.428104877472
cheer SNARC arabic CD up 2 lctrl 0.39054608345
cheer SNARC arabic CD down 1 num_delete 0.348069906235
cheer SNARC arabic CD down 7 num_delete 0.470471858978
cheer SNARC arabic CD down 6 lctrl 0.421273946762
cheer SNARC arabic CD down 1 num_delete 0.562303066254
cheer SNARC arabic CD down 3 num_delete 0.378391981125
cheer SNARC arabic CD up 5 lctrl 0.390912055969
cheer SNARC arabic CD up 2 lctrl 0.458731174469
cheer SNARC arabic CD down 3 num_delete 0.426151990891
cheer SNARC arabic CD up 2 lctrl 0.503478050232
cheer SNARC arabic CD up 4 lctrl 0.344346046448
cheer SNARC arabic CD down 2 num_delete 0.428386926651
cheer SNARC arabic CD down 8 num_delete 0.314241170883
cheer SNARC arabic CD up 9 lctrl 0.470010042191
cheer SNARC arabic CD down 7 num_delete 0.382423877716
cheer SNARC arabic CD up 9 lctrl 0.450248003006
cheer SNARC arabic CD up 3 lctrl 0.456061124802
cheer SNARC arabic CD down 3 num_delete 0.423430919647
cheer SNARC arabic CD up 7 lctrl 0.385898828506
cheer SNARC arabic CD up 5 lctrl 0.419897079468
cheer SNARC arabic CD up 9 lctrl 0.420664072037
cheer SNARC arabic CD down 8 num_delete 0.383094787598
cheer SNARC arabic CD down 9 num_delete 0.378922939301
cheer SNARC arabic CD down 2 num_delete 0.391327857971
cheer SNARC arabic CD up 4 lctrl 0.425446033478
cheer SNARC arabic CD up 1 lctrl 0.349581003189
cheer SNARC arabic CD down 8 num_delete 0.493443012238
cheer SNARC arabic CD up 8 lctrl 0.351008892059
cheer SNARC arabic CD down 9 num_delete 0.341835021973
cheer SNARC arabic CD down 2 num_delete 0.34925699234
cheer SNARC arabic CD down 9 num_delete 0.378342151642
cheer SNARC arabic CD up 9 lctrl 0.505727052689
cheer SNARC arabic CD down 2 num_delete 0.423123121262
cheer SNARC arabic CD down 1 num_delete 0.423829078674
cheer SNARC arabic CD up 6 lctrl 0.46289396286
cheer SNARC arabic CD up 9 lctrl 0.392017126083
cheer SNARC arabic CD up 5 lctrl 0.387814044952
cheer SNARC arabic CD down 6 num_delete 0.421861171722
cheer SNARC arabic CD up 7 lctrl 0.422562122345
cheer SNARC arabic CD down 8 num_delete 0.423350811005
cheer SNARC arabic CD up 1 lctrl 0.487759113312
cheer SNARC arabic CD up 7 lctrl 0.46014213562
cheer SNARC arabic CD up 7 lctrl 0.5423579216
cheer SNARC arabic CD up 7 lctrl 0.388145923615
cheer SNARC arabic CD up 9 lctrl 0.609017848969
cheer SNARC arabic CD down 7 num_delete 0.426472187042
cheer SNARC arabic CD up 3 lctrl 0.388937950134
cheer SNARC arabic CD up 2 lctrl 0.461316108704
cheer SNARC arabic CD up 1 lctrl 0.313855171204
cheer SNARC arabic CD down 1 num_delete 0.507877111435
cheer SNARC arabic CD up 6 lctrl 0.386890888214
cheer SNARC arabic CD up 7 lctrl 0.38267493248
cheer SNARC arabic CD down 2 num_delete 0.378445148468
cheer SNARC arabic CD up 7 lctrl 0.42920088768
cheer SNARC arabic CD up 4 lctrl 0.391597986221
cheer SNARC arabic CD down 5 num_delete 0.387365818024
cheer SNARC arabic CD down 5 num_delete 0.421452045441
cheer SNARC arabic CD down 5 num_delete 0.422213077545
cheer SNARC arabic CD up 1 lctrl 0.423032045364
cheer SNARC arabic CD up 2 lctrl 0.423741817474
cheer SNARC arabic CD down 8 num_delete 0.615903139114
cheer SNARC arabic CD up 9 lctrl 0.416656970978
cheer SNARC arabic CD up 9 lctrl 0.302514076233
cheer SNARC arabic CD down 6 num_delete 0.381587028503
cheer SNARC arabic CD up 3 lctrl 0.3392598629
cheer SNARC arabic CD up 3 lctrl 0.380345106125
cheer SNARC arabic CD down 2 num_delete 0.354402065277
cheer SNARC arabic CD down 8 lctrl 0.255794048309
cheer SNARC arabic CD down 3 num_delete 0.729444026947
cheer SNARC arabic CD up 1 lctrl 0.732062101364
cheer SNARC arabic CD down 4 num_delete 0.416253089905
cheer SNARC arabic CD up 1 lctrl 0.455326795578
cheer SNARC arabic CD up 2 lctrl 0.384439945221
cheer SNARC arabic CD up 4 lctrl 0.38024187088
cheer SNARC arabic CD down 4 num_delete 0.392689943314
cheer SNARC arabic CD up 3 lctrl 0.426708936691
cheer SNARC arabic CD down 9 num_delete 0.427537918091
cheer SNARC arabic CD up 3 lctrl 0.389899969101
cheer SNARC arabic CD down 9 num_delete 0.308990955353
cheer SNARC arabic CD down 7 num_delete 0.46467089653
cheer SNARC arabic CD up 8 lctrl 0.393797874451
cheer SNARC arabic CD down 1 num_delete 0.427764892578
cheer SNARC arabic CD up 8 lctrl 0.428595066071
cheer SNARC arabic CD down 6 num_delete 0.352593898773
cheer SNARC arabic CD up 4 lctrl 0.534848928452
cheer SNARC arabic CD up 9 lctrl 0.45738697052
cheer SNARC arabic CD down 4 num_delete 0.386374950409
cheer SNARC arabic CD up 4 lctrl 0.382141113281
cheer SNARC arabic CD down 8 num_delete 0.339622020721
cheer SNARC arabic CD up 6 lctrl 0.385392189026
cheer SNARC arabic CD up 4 lctrl 0.802330970764
cheer SNARC arabic CD down 5 num_delete 0.381566047668
cheer SNARC arabic CD down 6 num_delete 0.415647029877
cheer SNARC arabic CD down 5 num_delete 0.416389942169
cheer SNARC arabic CD down 6 num_delete 0.378922939301
cheer SNARC arabic CD up 3 lctrl 0.429570913315
cheer SNARC arabic CD up 6 lctrl 0.391981124878
cheer SNARC arabic CD up 5 lctrl 0.349416971207
cheer SNARC arabic CD up 4 lctrl 0.416726112366
cheer SNARC arabic CD down 8 num_delete 0.455718040466
cheer SNARC arabic CD down 1 num_delete 0.461423158646
cheer SNARC arabic CD up 5 lctrl 0.467161893845
cheer SNARC arabic CD up 3 lctrl 0.417870998383
cheer SNARC arabic CD up 5 lctrl 0.495255947113
cheer SNARC arabic CD up 3 lctrl 0.352665185928
cheer SNARC arabic CD down 9 num_delete 0.496567964554
cheer SNARC arabic CD down 6 num_delete 0.468924999237
cheer SNARC arabic CD down 5 num_delete 0.457983016968
cheer SNARC arabic CD up 8 lctrl 0.387129068375
cheer SNARC arabic CD down 9 num_delete 0.459489107132
cheer SNARC arabic CD down 9 num_delete 0.465187072754
cheer SNARC arabic CD down 2 num_delete 0.415979146957
cheer SNARC arabic CD up 6 lctrl 0.378455877304
cheer SNARC arabic CD up 4 lctrl 0.505693912506
cheer SNARC arabic CD down 9 num_delete 0.461352109909
cheer SNARC arabic CD down 1 num_delete 0.352167844772
cheer SNARC arabic CD up 4 lctrl 0.4195997715
cheer SNARC arabic CD up 2 lctrl 0.420279979706
cheer SNARC arabic CD up 8 lctrl 0.344446897507
cheer SNARC arabic CD up 5 lctrl 0.351931095123
cheer SNARC arabic CD down 8 num_delete 0.457525968552
cheer SNARC arabic CD up 7 lctrl 0.424983978271
cheer SNARC arabic CD up 4 lctrl 0.617071866989
cheer SNARC arabic CD up 6 lctrl 0.456111192703
cheer SNARC arabic CD down 1 num_delete 0.418933153152
cheer SNARC arabic CD up 6 lctrl 0.419764041901
cheer SNARC arabic CD up 2 lctrl 0.420487165451
cheer SNARC arabic CD down 9 num_delete 0.378376960754
cheer SNARC arabic CD up 8 lctrl 0.390795946121
cheer SNARC arabic CD up 3 lctrl 0.386610984802
cheer SNARC arabic CD down 6 num_delete 0.34416103363
cheer SNARC arabic CD up 5 lctrl 0.389883995056
cheer SNARC arabic CD up 7 lctrl 0.381176948547
cheer SNARC arabic CD up 5 lctrl 0.316896915436
cheer SNARC arabic CD up 2 lctrl 0.302726984024
cheer SNARC arabic CD up 7 lctrl 0.377213954926
cheer SNARC arabic CD up 4 lctrl 0.351396083832
cheer SNARC arabic CD down 7 num_delete 0.418703794479
cheer SNARC arabic CD down 3 num_delete 0.381230831146
cheer SNARC arabic CD down 2 num_delete 0.432002067566
cheer SNARC arabic CD down 1 num_delete 0.339516162872
cheer SNARC arabic CD up 3 lctrl 0.423702001572
cheer SNARC arabic CD down 7 num_delete 0.462546110153
cheer SNARC arabic CD down 7 num_delete 0.353399991989
cheer SNARC arabic CD down 3 num_delete 0.420853853226
cheer SNARC arabic CD up 3 lctrl 0.459851980209
cheer SNARC arabic CD down 8 num_delete 0.503760814667
cheer SNARC arabic CD down 2 num_delete 0.574369907379
cheer SNARC arabic CD down 3 num_delete 0.46351480484
cheer SNARC arabic CD down 4 num_delete 0.532745838165
cheer SNARC arabic CD up 6 lctrl 0.416903018951
cheer SNARC arabic CD down 8 num_delete 0.379284858704
cheer SNARC arabic CD down 4 num_delete 0.430009126663
cheer SNARC arabic CD down 8 num_delete 0.430770874023
cheer SNARC arabic CD down 4 num_delete 0.431571006775
cheer SNARC arabic CD down 8 num_delete 0.453882932663
cheer SNARC arabic CD down 1 num_delete 0.612845897675
cheer SNARC arabic CD up 3 lctrl 0.430384874344
cheer SNARC arabic CD down 5 num_delete 0.456333875656
cheer SNARC arabic CD up 9 lctrl 0.653515100479
cheer SNARC arabic CD down 2 num_delete 0.382709980011
cheer SNARC arabic CD up 3 lctrl 0.569998025894
cheer SNARC arabic CD down 6 num_delete 0.765408992767
cheer SNARC arabic CD up 6 lctrl 0.79917216301
cheer SNARC arabic CD down 8 num_delete 0.531559228897
cheer SNARC arabic CD down 5 num_delete 0.453994035721
cheer SNARC arabic CD down 3 num_delete 0.459904909134
cheer SNARC arabic CD down 5 num_delete 0.389012813568
cheer SNARC arabic CD down 2 num_delete 0.346491098404
cheer SNARC arabic CD up 8 lctrl 0.379371166229
cheer SNARC arabic CD down 4 num_delete 0.35350394249
cheer SNARC arabic CD up 5 lctrl 0.344287872314
cheer SNARC arabic CD up 7 lctrl 0.428371191025
cheer SNARC arabic CD up 1 lctrl 0.42905497551
cheer SNARC arabic CD up 2 lctrl 0.353226184845
cheer SNARC arabic CD up 9 lctrl 0.344180107117
cheer SNARC arabic CD down 1 num_delete 0.466345071793
cheer SNARC arabic CD down 7 num_delete 0.493685007095
cheer SNARC arabic CD up 4 lctrl 0.427788972855
cheer SNARC arabic CD up 2 lctrl 0.309106111526
cheer SNARC arabic CD up 8 lctrl 0.388085842133
cheer SNARC arabic CD up 9 lctrl 0.307340145111
cheer SNARC arabic CD up 7 lctrl 0.381834983826
cheer SNARC arabic CD up 3 lctrl 0.339293003082
cheer SNARC arabic CD down 1 num_delete 0.423501014709
cheer SNARC arabic CD down 6 num_delete 0.347548007965
cheer SNARC arabic CD down 9 num_delete 0.393349885941
cheer SNARC arabic CD down 4 num_delete 0.376100063324
cheer SNARC arabic CD down 7 num_delete 0.350302934647
cheer SNARC arabic CD down 3 num_delete 0.379415035248
cheer SNARC arabic CD down 8 num_delete 0.391925096512
cheer SNARC arabic CD down 5 num_delete 0.349431037903
cheer SNARC arabic CD up 5 lctrl 0.340265035629
cheer SNARC arabic CD down 9 num_delete 0.347750902176
cheer SNARC arabic CD down 6 num_delete 0.393538951874
cheer SNARC arabic CD up 8 lctrl 0.46585893631
cheer SNARC arabic CD up 3 lctrl 0.378675937653
cheer SNARC arabic CD down 3 num_delete 0.390803098679
cheer SNARC arabic CD down 8 num_delete 0.424793958664
cheer SNARC arabic CD up 6 lctrl 0.344419956207
cheer SNARC arabic CD up 2 lctrl 0.309039115906
cheer SNARC arabic CD up 6 lctrl 0.349857091904
cheer SNARC arabic CD up 1 lctrl 0.378983020782
cheer SNARC arabic CD up 5 lctrl 0.31473493576
cheer SNARC arabic CD down 6 num_delete 0.470412015915
cheer SNARC arabic CD up 5 lctrl 0.441949129105
cheer SNARC arabic CD up 7 lctrl 0.387709140778
cheer SNARC arabic CD up 2 lctrl 0.306990861893
cheer SNARC arabic CD up 2 lctrl 0.347683906555
cheer SNARC arabic CD down 1 num_delete 0.418708086014
cheer SNARC arabic CD down 9 num_delete 0.381223917007
cheer SNARC arabic CD up 6 lctrl 0.393790006638
cheer SNARC arabic CD down 5 num_delete 0.351224899292
cheer SNARC arabic CD down 6 num_delete 0.456922054291
cheer SNARC arabic CD down 8 num_delete 0.347780942917
cheer SNARC arabic CD down 6 num_delete 0.316967010498
cheer SNARC arabic CD up 8 lctrl 0.455961942673
cheer SNARC arabic CD down 3 num_delete 0.538291931152
cheer SNARC arabic CD down 8 num_delete 0.4223549366
cheer SNARC arabic CD down 4 num_delete 0.576326847076
cheer SNARC arabic CD down 7 num_delete 0.656993865967
cheer SNARC arabic CD up 3 lctrl 0.334941864014
cheer SNARC arabic CD up 5 lctrl 0.452705144882
cheer SNARC arabic CD down 6 num_delete 1.03277611732
cheer SNARC arabic CD down 7 num_delete 0.302325963974
cheer SNARC arabic CD up 1 lctrl 0.419691085815
cheer SNARC arabic CD down 1 num_delete 0.34383893013
cheer SNARC arabic CD up 8 lctrl 0.428014993668
cheer SNARC arabic CD up 9 lctrl 0.352072954178
cheer SNARC arabic CD down 6 num_delete 0.457859992981
cheer SNARC arabic CD up 9 lctrl 0.425224065781
cheer SNARC arabic CD down 7 num_delete 0.349444150925
cheer SNARC arabic CD down 1 num_delete 0.378510951996
cheer SNARC arabic CD down 9 num_delete 0.352697134018
cheer SNARC arabic CD down 2 num_delete 0.34360909462
cheer SNARC arabic CD up 5 lctrl 0.389446020126
cheer SNARC arabic CD down 9 num_delete 0.34685087204
cheer SNARC arabic CD down 4 num_delete 0.392639875412
cheer SNARC arabic CD down 8 num_delete 0.350187063217
cheer SNARC arabic CD down 6 num_delete 0.328039169312
cheer SNARC arabic CD up 9 lctrl 0.352138996124
cheer SNARC arabic CD down 2 num_delete 0.381263017654
cheer SNARC arabic CD down 4 num_delete 0.355398893356
cheer SNARC arabic CD up 4 num_delete 0.333313941956
cheer SNARC arabic CD down 4 num_delete 1.22149395943
cheer SNARC arabic CD up 4 lctrl 0.499087095261
cheer SNARC arabic CD down 7 num_delete 0.569746017456
cheer SNARC arabic CD down 8 num_delete 0.458877086639
cheer SNARC arabic CD down 3 num_delete 0.349645853043
cheer SNARC arabic CD up 3 lctrl 0.340488910675
cheer SNARC arabic CD up 4 lctrl 0.348002910614
cheer SNARC arabic CD up 9 lctrl 0.355468988419
cheer SNARC arabic CD down 4 num_delete 0.448124170303
cheer SNARC arabic CD down 1 num_delete 0.377244234085
cheer SNARC arabic CD up 2 lctrl 0.466375112534
cheer SNARC arabic CD down 1 num_delete 0.4171230793
cheer SNARC arabic CD down 3 num_delete 0.443222045898
cheer SNARC arabic CD up 7 lctrl 0.350724935532
cheer SNARC arabic CD down 9 num_delete 0.456409215927
cheer SNARC arabic CD down 4 num_delete 0.385532140732
cheer SNARC arabic CD down 1 num_delete 0.45793390274
cheer SNARC arabic CD down 5 num_delete 0.387135028839
cheer SNARC arabic CD down 3 num_delete 0.344720840454
{'participant': u'cheer', 'notation': u'dot', 'response_buttons': u'CD', 'range_in_instr': True, 'dateStr': u'04_01_1338', 'autopilot': False, 'exp_id': u'SNARC'}
cheer SNARC dot CD up 45 lctrl 2.03182196617
cheer SNARC dot CD down 45 num_delete 0.421612977982
cheer SNARC dot CD down 40 num_delete 0.431092023849
cheer SNARC dot CD up 40 lctrl 0.4520611763
cheer SNARC dot CD up 40 lctrl 0.365942955017
cheer SNARC dot CD down 10 num_delete 0.518620967865
cheer SNARC dot CD down 5 num_delete 0.572585821152
cheer SNARC dot CD down 20 num_delete 0.536820888519
cheer SNARC dot CD down 5 num_delete 0.384161949158
cheer SNARC dot CD up 25 lctrl 0.439846038818
cheer SNARC dot CD down 20 num_delete 0.345960855484
cheer SNARC dot CD down 25 num_delete 0.376538991928
cheer SNARC dot CD down 45 num_delete 0.35787987709
cheer SNARC dot CD down 15 num_delete 0.387080907822
cheer SNARC dot CD up 5 lctrl 0.384377002716
cheer SNARC dot CD down 5 num_delete 0.380128860474
cheer SNARC dot CD down 30 num_delete 0.37588095665
cheer SNARC dot CD up 45 lctrl 0.676570892334
cheer SNARC dot CD up 20 lctrl 0.373933076859
cheer SNARC dot CD up 5 lctrl 0.348116874695
cheer SNARC dot CD up 10 lctrl 0.338945865631
cheer SNARC dot CD up 45 lctrl 0.443102121353
cheer SNARC dot CD down 30 num_delete 0.488643884659
cheer SNARC dot CD up 10 lctrl 0.499332904816
cheer SNARC dot CD up 5 lctrl 0.570031881332
cheer SNARC dot CD down 45 num_delete 0.479199886322
cheer SNARC dot CD up 40 lctrl 0.413454055786
cheer SNARC dot CD down 5 num_delete 0.415678024292
cheer SNARC dot CD up 45 lctrl 0.436542034149
cheer SNARC dot CD up 40 lctrl 0.405478000641
cheer SNARC dot CD down 30 num_delete 0.406209945679
cheer SNARC dot CD up 5 lctrl 0.423840999603
cheer SNARC dot CD down 45 num_delete 0.521175146103
cheer SNARC dot CD up 30 lctrl 0.521686077118
cheer SNARC dot CD down 45 num_delete 0.442638874054
cheer SNARC dot CD up 35 lctrl 0.334922075272
cheer SNARC dot CD up 5 lctrl 0.533840894699
cheer SNARC dot CD down 25 num_delete 0.541480064392
cheer SNARC dot CD up 20 lctrl 0.347566843033
cheer SNARC dot CD down 35 num_delete 0.361481904984
cheer SNARC dot CD down 25 num_delete 0.79518198967
cheer SNARC dot CD up 15 lctrl 0.389683961868
cheer SNARC dot CD down 20 num_delete 0.46204996109
cheer SNARC dot CD up 30 lctrl 0.337716817856
cheer SNARC dot CD down 40 num_delete 0.481647968292
cheer SNARC dot CD up 35 lctrl 0.322556018829
cheer SNARC dot CD down 10 num_delete 0.461656093597
cheer SNARC dot CD up 35 lctrl 0.29755282402
cheer SNARC dot CD down 5 num_delete 0.431581020355
cheer SNARC dot CD down 15 num_delete 0.555885076523
cheer SNARC dot CD down 40 num_delete 0.598194122314
cheer SNARC dot CD down 25 num_delete 0.628784894943
cheer SNARC dot CD up 40 lctrl 0.488080024719
cheer SNARC dot CD down 30 num_delete 0.555608987808
cheer SNARC dot CD down 5 num_delete 0.538017034531
cheer SNARC dot CD up 15 lctrl 0.422208070755
cheer SNARC dot CD up 40 lctrl 0.406224966049
cheer SNARC dot CD up 40 lctrl 0.406961202621
cheer SNARC dot CD down 40 num_delete 0.444665908813
cheer SNARC dot CD down 30 num_delete 0.375303983688
cheer SNARC dot CD down 30 num_delete 0.371107816696
cheer SNARC dot CD down 10 num_delete 0.383538961411
cheer SNARC dot CD down 15 num_delete 0.519632101059
cheer SNARC dot CD down 15 num_delete 0.367719888687
cheer SNARC dot CD up 40 lctrl 0.441512107849
cheer SNARC dot CD down 45 num_delete 0.445811986923
cheer SNARC dot CD down 45 num_delete 0.413290977478
cheer SNARC dot CD up 15 lctrl 0.45383310318
cheer SNARC dot CD down 5 num_delete 0.383006095886
cheer SNARC dot CD up 20 lctrl 0.492192029953
cheer SNARC dot CD up 15 lctrl 0.349786996841
cheer SNARC dot CD up 20 lctrl 0.340569019318
cheer SNARC dot CD up 40 lctrl 0.371071815491
cheer SNARC dot CD up 30 lctrl 0.328629016876
cheer SNARC dot CD up 35 lctrl 0.33607506752
cheer SNARC dot CD up 35 lctrl 0.32695889473
cheer SNARC dot CD up 20 lctrl 0.334459066391
cheer SNARC dot CD up 10 lctrl 0.341962814331
cheer SNARC dot CD up 25 lctrl 0.409379959106
cheer SNARC dot CD down 10 num_delete 0.426827907562
cheer SNARC dot CD down 35 num_delete 0.436300992966
cheer SNARC dot CD down 40 num_delete 0.403812885284
cheer SNARC dot CD down 45 num_delete 0.364858150482
cheer SNARC dot CD up 40 num_delete 0.323805809021
cheer SNARC dot CD up 10 lctrl 0.960802793503
cheer SNARC dot CD down 45 num_delete 0.64001584053
cheer SNARC dot CD down 40 num_delete 1.13655996323
cheer SNARC dot CD up 10 lctrl 0.382737874985
cheer SNARC dot CD down 30 num_delete 0.47677898407
cheer SNARC dot CD up 30 lctrl 0.449152946472
cheer SNARC dot CD down 30 num_delete 0.400015830994
cheer SNARC dot CD down 5 num_delete 0.455800056458
cheer SNARC dot CD up 30 lctrl 0.406559944153
cheer SNARC dot CD down 35 num_delete 0.598750114441
cheer SNARC dot CD down 15 num_delete 0.569550991058
cheer SNARC dot CD down 5 num_delete 0.382112979889
cheer SNARC dot CD up 20 lctrl 0.414744138718
cheer SNARC dot CD up 20 lctrl 0.607165813446
cheer SNARC dot CD up 45 lctrl 0.369460105896
cheer SNARC dot CD up 15 lctrl 0.420281887054
cheer SNARC dot CD down 20 num_delete 0.459331989288
cheer SNARC dot CD down 5 num_delete 0.466588973999
cheer SNARC dot CD up 15 lctrl 0.532300949097
cheer SNARC dot CD down 45 num_delete 0.47487783432
cheer SNARC dot CD up 20 lctrl 0.374465942383
cheer SNARC dot CD up 5 lctrl 0.426637172699
cheer SNARC dot CD down 5 num_delete 0.389192819595
cheer SNARC dot CD up 40 lctrl 0.36823797226
cheer SNARC dot CD up 25 lctrl 0.402303218842
cheer SNARC dot CD down 25 num_delete 0.441384077072
cheer SNARC dot CD down 25 num_delete 0.357569932938
cheer SNARC dot CD up 10 lctrl 0.425076007843
cheer SNARC dot CD down 30 num_delete 0.549270868301
cheer SNARC dot CD up 25 lctrl 0.46369099617
cheer SNARC dot CD down 35 num_delete 0.299636125565
cheer SNARC dot CD down 40 num_delete 0.400437116623
cheer SNARC dot CD up 25 lctrl 0.362955093384
cheer SNARC dot CD up 45 lctrl 0.373929023743
cheer SNARC dot CD up 20 lctrl 0.50127696991
cheer SNARC dot CD down 10 num_delete 0.45850610733
cheer SNARC dot CD down 5 num_delete 0.464287996292
cheer SNARC dot CD up 45 lctrl 0.413699865341
cheer SNARC dot CD down 30 num_delete 0.360988140106
cheer SNARC dot CD down 25 num_delete 0.39875793457
cheer SNARC dot CD up 5 lctrl 0.378026008606
cheer SNARC dot CD up 15 lctrl 0.312466859818
cheer SNARC dot CD up 15 lctrl 0.314991950989
cheer SNARC dot CD down 40 num_delete 0.362158060074
cheer SNARC dot CD down 5 num_delete 0.301833868027
cheer SNARC dot CD up 45 lctrl 0.439442157745
cheer SNARC dot CD down 30 num_delete 0.370023965836
cheer SNARC dot CD down 45 num_delete 0.466314077377
cheer SNARC dot CD up 35 lctrl 0.427240848541
cheer SNARC dot CD down 30 lctrl 0.296527147293
cheer SNARC dot CD up 30 lctrl 0.643675088882
cheer SNARC dot CD up 35 lctrl 0.372903108597
cheer SNARC dot CD up 20 lctrl 0.460530042648
cheer SNARC dot CD up 40 lctrl 0.411276102066
cheer SNARC dot CD down 10 num_delete 0.430140972137
cheer SNARC dot CD up 45 lctrl 0.412771940231
cheer SNARC dot CD up 5 lctrl 0.929489135742
cheer SNARC dot CD down 30 num_delete 0.337197065353
cheer SNARC dot CD up 5 lctrl 0.344715833664
cheer SNARC dot CD up 10 lctrl 0.467047214508
cheer SNARC dot CD down 20 num_delete 0.454648971558
cheer SNARC dot CD up 20 lctrl 0.422095775604
cheer SNARC dot CD down 5 num_delete 0.424386024475
cheer SNARC dot CD down 5 num_delete 0.488847970963
cheer SNARC dot CD up 30 lctrl 0.36793589592
cheer SNARC dot CD down 5 num_delete 0.342205047607
cheer SNARC dot CD up 15 lctrl 0.387932062149
cheer SNARC dot CD up 10 lctrl 0.422084093094
cheer SNARC dot CD down 30 num_delete 0.406100988388
cheer SNARC dot CD up 30 lctrl 0.330361843109
cheer SNARC dot CD down 25 num_delete 0.376149177551
cheer SNARC dot CD down 20 num_delete 0.425467014313
cheer SNARC dot CD down 35 num_delete 0.449333906174
cheer SNARC dot CD down 30 num_delete 0.387232065201
cheer SNARC dot CD up 35 lctrl 0.44299197197
cheer SNARC dot CD up 30 lctrl 0.333802938461
cheer SNARC dot CD up 35 lctrl 0.401234149933
cheer SNARC dot CD up 10 lctrl 0.456999063492
cheer SNARC dot CD up 20 lctrl 0.42294383049
cheer SNARC dot CD up 40 lctrl 0.446720123291
cheer SNARC dot CD down 20 num_delete 0.592711925507
cheer SNARC dot CD down 25 num_delete 0.371982097626
cheer SNARC dot CD down 10 num_delete 0.384478092194
cheer SNARC dot CD up 35 lctrl 0.440206050873
cheer SNARC dot CD down 40 num_delete 0.407671928406
cheer SNARC dot CD down 15 num_delete 0.46347618103
cheer SNARC dot CD down 45 num_delete 0.374526023865
cheer SNARC dot CD up 10 lctrl 0.465075969696
cheer SNARC dot CD down 25 num_delete 0.43289399147
cheer SNARC dot CD down 10 num_delete 0.455374956131
cheer SNARC dot CD down 45 num_delete 0.634502887726
cheer SNARC dot CD up 40 lctrl 0.40353012085
cheer SNARC dot CD up 20 lctrl 0.419487953186
cheer SNARC dot CD down 10 num_delete 0.4087870121
cheer SNARC dot CD up 35 lctrl 0.524375915527
cheer SNARC dot CD down 5 num_delete 0.348672151566
cheer SNARC dot CD up 20 lctrl 0.376320838928
cheer SNARC dot CD up 40 lctrl 0.448707103729
cheer SNARC dot CD down 35 num_delete 0.362577915192
cheer SNARC dot CD down 35 num_delete 0.490037918091
cheer SNARC dot CD up 15 lctrl 0.424190998077
cheer SNARC dot CD up 5 num_delete 0.922731876373
cheer SNARC dot CD down 15 num_delete 0.843558073044
cheer SNARC dot CD down 15 num_delete 0.542615890503
cheer SNARC dot CD down 20 num_delete 0.335011959076
cheer SNARC dot CD down 40 num_delete 0.440773963928
cheer SNARC dot CD down 20 num_delete 0.346970081329
cheer SNARC dot CD down 40 num_delete 0.360841035843
cheer SNARC dot CD up 10 lctrl 0.504892110825
cheer SNARC dot CD down 10 num_delete 0.57560801506
cheer SNARC dot CD up 40 lctrl 0.486319065094
cheer SNARC dot CD down 25 num_delete 0.365509986877
cheer SNARC dot CD up 15 lctrl 0.301455974579
cheer SNARC dot CD down 15 num_delete 0.380658149719
cheer SNARC dot CD down 30 num_delete 0.989108800888
cheer SNARC dot CD up 30 lctrl 0.364024162292
cheer SNARC dot CD down 15 num_delete 0.391710042953
cheer SNARC dot CD up 45 lctrl 0.332622051239
cheer SNARC dot CD up 35 lctrl 0.396958112717
cheer SNARC dot CD up 30 lctrl 0.337823867798
cheer SNARC dot CD up 35 lctrl 0.290365934372
cheer SNARC dot CD up 45 lctrl 0.329730987549
cheer SNARC dot CD up 10 lctrl 0.66175198555
cheer SNARC dot CD up 25 lctrl 0.450851917267
cheer SNARC dot CD up 45 lctrl 0.361922979355
cheer SNARC dot CD up 35 lctrl 0.299305915833
cheer SNARC dot CD up 10 lctrl 0.340122938156
cheer SNARC dot CD down 5 num_delete 0.462578058243
cheer SNARC dot CD down 20 num_delete 0.375118970871
cheer SNARC dot CD up 20 lctrl 0.424416065216
cheer SNARC dot CD up 40 lctrl 0.448288917542
cheer SNARC dot CD down 30 lctrl 0.317995071411
cheer SNARC dot CD up 15 lctrl 0.604182958603
cheer SNARC dot CD down 15 num_delete 0.538044929504
cheer SNARC dot CD down 35 num_delete 0.4438560009
cheer SNARC dot CD down 5 num_delete 0.351531982422
cheer SNARC dot CD down 10 num_delete 0.34237909317
cheer SNARC dot CD down 40 num_delete 0.524713993073
cheer SNARC dot CD down 30 num_delete 0.332369089127
cheer SNARC dot CD down 35 num_delete 0.361549139023
cheer SNARC dot CD down 25 num_delete 0.565537929535
cheer SNARC dot CD up 35 num_delete 0.361495018005
cheer SNARC dot CD up 35 lctrl 0.948464155197
cheer SNARC dot CD down 40 num_delete 0.514325141907
cheer SNARC dot CD down 15 num_delete 0.583606004715
cheer SNARC dot CD up 15 lctrl 0.342712879181
cheer SNARC dot CD down 25 num_delete 0.410106897354
cheer SNARC dot CD down 45 num_delete 0.486041069031
cheer SNARC dot CD down 25 num_delete 0.366800069809
cheer SNARC dot CD down 5 num_delete 0.494265079498
cheer SNARC dot CD up 45 lctrl 0.448572158813
cheer SNARC dot CD down 25 num_delete 0.592350959778
cheer SNARC dot CD down 30 num_delete 0.716252088547
cheer SNARC dot CD down 30 num_delete 0.515395879745
cheer SNARC dot CD up 15 lctrl 0.416278123856
cheer SNARC dot CD down 45 num_delete 0.432695150375
cheer SNARC dot CD down 15 num_delete 0.608341932297
cheer SNARC dot CD up 45 lctrl 0.370953083038
cheer SNARC dot CD down 35 num_delete 0.444791078568
cheer SNARC dot CD up 25 lctrl 0.488941192627
cheer SNARC dot CD up 20 lctrl 0.383321046829
cheer SNARC dot CD down 25 num_delete 0.440559864044
cheer SNARC dot CD down 15 num_delete 0.614768981934
cheer SNARC dot CD down 25 num_delete 0.55366396904
cheer SNARC dot CD down 40 num_delete 0.366239070892
cheer SNARC dot CD up 5 lctrl 0.404235839844
cheer SNARC dot CD down 35 num_delete 0.596410036087
cheer SNARC dot CD up 10 lctrl 0.354089975357
cheer SNARC dot CD up 25 lctrl 0.404970884323
cheer SNARC dot CD up 25 lctrl 0.405621051788
cheer SNARC dot CD down 15 num_delete 0.46001291275
cheer SNARC dot CD down 25 num_delete 0.527177095413
cheer SNARC dot CD down 25 num_delete 0.334792137146
cheer SNARC dot CD down 35 num_delete 0.465930223465
cheer SNARC dot CD up 25 lctrl 0.400129079819
cheer SNARC dot CD down 30 num_delete 0.401026010513
cheer SNARC dot CD up 45 lctrl 0.362056970596
cheer SNARC dot CD down 30 num_delete 0.490884065628
cheer SNARC dot CD down 40 num_delete 0.44668006897
cheer SNARC dot CD up 10 lctrl 0.43094587326
cheer SNARC dot CD up 15 lctrl 0.39200592041
cheer SNARC dot CD down 45 num_delete 0.371118068695
cheer SNARC dot CD down 40 num_delete 0.368447065353
cheer SNARC dot CD down 25 num_delete 0.326014041901
cheer SNARC dot CD up 35 lctrl 0.410191059113
cheer SNARC dot CD up 5 lctrl 0.5426030159
cheer SNARC dot CD down 5 num_delete 0.426674127579
cheer SNARC dot CD down 5 num_delete 0.337962150574
cheer SNARC dot CD down 40 num_delete 0.558557987213
cheer SNARC dot CD up 25 lctrl 0.447751045227
cheer SNARC dot CD up 10 lctrl 0.278796195984
cheer SNARC dot CD down 45 num_delete 0.4113240242
cheer SNARC dot CD down 30 num_delete 0.337095975876
cheer SNARC dot CD up 30 lctrl 0.442825078964
cheer SNARC dot CD up 35 lctrl 0.333652973175
cheer SNARC dot CD up 20 lctrl 0.339763879776
cheer SNARC dot CD down 45 num_delete 0.560353040695
cheer SNARC dot CD up 35 lctrl 0.450870037079
cheer SNARC dot CD up 10 lctrl 0.41842508316
cheer SNARC dot CD down 25 num_delete 0.440822839737
cheer SNARC dot CD up 45 lctrl 0.483418941498
cheer SNARC dot CD up 20 lctrl 0.417568922043
cheer SNARC dot CD up 25 lctrl 0.441469907761
cheer SNARC dot CD up 45 lctrl 0.44574713707
cheer SNARC dot CD up 10 num_delete 0.393081188202
cheer SNARC dot CD up 15 lctrl 0.503805875778
cheer SNARC dot CD up 10 lctrl 0.229877948761
cheer SNARC dot CD up 20 lctrl 0.337313890457
cheer SNARC dot CD down 15 num_delete 0.458287000656
cheer SNARC dot CD down 20 num_delete 0.502366065979
cheer SNARC dot CD down 5 lctrl 0.416792869568
cheer SNARC dot CD up 5 lctrl 0.532437086105
cheer SNARC dot CD up 15 lctrl 0.606658935547
cheer SNARC dot CD up 45 lctrl 0.445713996887
cheer SNARC dot CD down 15 lctrl 0.276711940765
cheer SNARC dot CD down 25 num_delete 0.680261135101
cheer SNARC dot CD down 45 num_delete 0.48965716362
cheer SNARC dot CD down 35 num_delete 0.408633947372
cheer SNARC dot CD up 25 lctrl 0.596350908279
cheer SNARC dot CD up 20 lctrl 0.452142953873
cheer SNARC dot CD up 35 lctrl 0.398350000381
cheer SNARC dot CD up 40 lctrl 0.399100065231
cheer SNARC dot CD up 30 lctrl 0.438247919083
cheer SNARC dot CD down 10 num_delete 0.384115934372
cheer SNARC dot CD up 25 lctrl 0.388544082642
cheer SNARC dot CD down 10 num_delete 0.384409189224
cheer SNARC dot CD up 40 lctrl 0.401820898056
cheer SNARC dot CD up 40 lctrl 0.479198932648
cheer SNARC dot CD up 20 lctrl 0.375066995621
cheer SNARC dot CD up 10 lctrl 0.383015155792
cheer SNARC dot CD down 15 num_delete 0.493704080582
cheer SNARC dot CD up 5 lctrl 0.35128903389
cheer SNARC dot CD up 40 lctrl 0.435784101486
cheer SNARC dot CD down 20 num_delete 0.571635961533
cheer SNARC dot CD up 15 lctrl 0.26939702034
cheer SNARC dot CD down 15 num_delete 0.383290052414
cheer SNARC dot CD down 20 lctrl 0.301124095917
cheer SNARC dot CD down 25 num_delete 0.441602945328
cheer SNARC dot CD down 15 num_delete 0.425755023956
cheer SNARC dot CD down 35 num_delete 0.371664047241
cheer SNARC dot CD down 15 num_delete 0.613947868347
cheer SNARC dot CD up 20 lctrl 0.491405963898
cheer SNARC dot CD down 10 num_delete 0.578784942627
cheer SNARC dot CD up 30 lctrl 0.604476928711
cheer SNARC dot CD down 35 num_delete 0.481902837753
cheer SNARC dot CD up 10 lctrl 0.339583158493
cheer SNARC dot CD down 10 num_delete 0.423663854599
cheer SNARC dot CD up 20 lctrl 0.49961400032
cheer SNARC dot CD down 35 num_delete 0.325304985046
cheer SNARC dot CD up 10 lctrl 0.464470148087
cheer SNARC dot CD up 5 lctrl 0.431920051575
cheer SNARC dot CD down 20 num_delete 0.414582014084
cheer SNARC dot CD up 10 lctrl 0.41686797142
cheer SNARC dot CD down 30 num_delete 0.400974988937
cheer SNARC dot CD up 25 lctrl 0.363424062729
cheer SNARC dot CD down 45 num_delete 0.374442100525
cheer SNARC dot CD down 20 num_delete 0.425255775452
cheer SNARC dot CD down 35 num_delete 0.372632026672
cheer SNARC dot CD up 10 lctrl 0.385183095932
cheer SNARC dot CD down 20 num_delete 0.379559993744
cheer SNARC dot CD up 35 lctrl 0.30018901825
cheer SNARC dot CD up 35 lctrl 0.554184913635
cheer SNARC dot CD up 15 lctrl 0.613149881363
cheer SNARC dot CD down 25 num_delete 0.375751972198
cheer SNARC dot CD down 30 num_delete 0.371629953384
cheer SNARC dot CD down 5 num_delete 0.345877885818
cheer SNARC dot CD up 40 lctrl 0.411839962006
cheer SNARC dot CD up 20 lctrl 0.299280881882
cheer SNARC dot CD up 25 lctrl 0.357179164886
cheer SNARC dot CD up 40 lctrl 0.293101072311
cheer SNARC dot CD down 10 num_delete 0.427243947983
cheer SNARC dot CD up 5 lctrl 0.466387987137
cheer SNARC dot CD up 35 lctrl 0.362128019333
cheer SNARC dot CD down 45 num_delete 0.48811507225
cheer SNARC dot CD up 30 lctrl 0.40708398819
cheer SNARC dot CD down 45 num_delete 0.32986998558
{'participant': u'cheer', 'notation': u'arabic', 'response_buttons': u'DC', 'range_in_instr': True, 'dateStr': u'04_01_1346', 'autopilot': False, 'exp_id': u'SNARC'}
cheer SNARC arabic DC up 7 num_delete 0.888114929199
cheer SNARC arabic DC up 9 num_delete 0.422646999359
cheer SNARC arabic DC down 9 lctrl 0.578039884567
cheer SNARC arabic DC down 5 lctrl 0.429054021835
cheer SNARC arabic DC down 1 lctrl 0.429904937744
cheer SNARC arabic DC down 7 lctrl 0.507232189178
cheer SNARC arabic DC down 8 lctrl 0.309873104095
cheer SNARC arabic DC down 8 lctrl 0.427233934402
cheer SNARC arabic DC down 7 lctrl 0.428124904633
cheer SNARC arabic DC down 1 lctrl 0.314032077789
cheer SNARC arabic DC up 9 num_delete 0.469812870026
cheer SNARC arabic DC down 8 lctrl 0.344083070755
cheer SNARC arabic DC down 2 lctrl 0.390038013458
cheer SNARC arabic DC up 1 num_delete 0.424221992493
cheer SNARC arabic DC up 5 num_delete 0.3866751194
cheer SNARC arabic DC up 1 num_delete 0.459233999252
cheer SNARC arabic DC down 7 lctrl 0.579917907715
cheer SNARC arabic DC down 1 lctrl 0.387963056564
cheer SNARC arabic DC down 8 lctrl 0.34557390213
cheer SNARC arabic DC down 1 lctrl 0.467963933945
cheer SNARC arabic DC down 4 lctrl 0.337681055069
cheer SNARC arabic DC up 5 num_delete 0.421904087067
cheer SNARC arabic DC down 6 lctrl 0.346137046814
cheer SNARC arabic DC down 6 lctrl 0.430277824402
cheer SNARC arabic DC down 1 lctrl 0.431123971939
cheer SNARC arabic DC down 7 lctrl 0.470277070999
cheer SNARC arabic DC down 1 lctrl 0.344488143921
cheer SNARC arabic DC up 9 num_delete 0.390398979187
cheer SNARC arabic DC up 8 num_delete 0.424534082413
cheer SNARC arabic DC up 6 num_delete 0.348834037781
cheer SNARC arabic DC up 1 num_delete 0.33987903595
cheer SNARC arabic DC up 9 num_delete 0.500511169434
cheer SNARC arabic DC up 8 num_delete 0.341506958008
cheer SNARC arabic DC up 5 num_delete 0.310748100281
cheer SNARC arabic DC down 5 lctrl 0.428296804428
cheer SNARC arabic DC down 4 lctrl 0.314147949219
cheer SNARC arabic DC down 5 lctrl 0.31675195694
cheer SNARC arabic DC up 7 num_delete 0.455805063248
cheer SNARC arabic DC down 2 lctrl 0.346894025803
cheer SNARC arabic DC down 3 lctrl 0.392688989639
cheer SNARC arabic DC up 7 num_delete 0.388432025909
cheer SNARC arabic DC up 5 num_delete 0.346077919006
cheer SNARC arabic DC down 4 lctrl 0.430182933807
cheer SNARC arabic DC up 3 num_delete 0.431045055389
cheer SNARC arabic DC up 2 num_delete 0.508455991745
cheer SNARC arabic DC down 1 lctrl 0.349429130554
cheer SNARC arabic DC up 8 num_delete 0.302006959915
cheer SNARC arabic DC down 3 lctrl 0.496219158173
cheer SNARC arabic DC down 9 num_delete 0.277153968811
cheer SNARC arabic DC up 8 num_delete 0.453238010406
cheer SNARC arabic DC up 3 num_delete 0.382526874542
cheer SNARC arabic DC up 9 num_delete 0.41672706604
cheer SNARC arabic DC up 3 num_delete 0.366325855255
cheer SNARC arabic DC down 4 lctrl 0.340543985367
cheer SNARC arabic DC up 1 num_delete 0.373477935791
cheer SNARC arabic DC up 6 num_delete 0.38601899147
cheer SNARC arabic DC down 2 lctrl 0.34371805191
cheer SNARC arabic DC down 6 lctrl 0.389442920685
cheer SNARC arabic DC up 9 num_delete 0.347054004669
cheer SNARC arabic DC down 1 lctrl 0.392940998077
cheer SNARC arabic DC up 2 num_delete 0.350482940674
cheer SNARC arabic DC up 9 num_delete 0.405026912689
cheer SNARC arabic DC down 2 lctrl 0.345916986465
cheer SNARC arabic DC down 8 lctrl 0.315221071243
cheer SNARC arabic DC down 9 lctrl 0.301180124283
cheer SNARC arabic DC down 6 lctrl 0.342103004456
cheer SNARC arabic DC down 7 lctrl 0.272953987122
cheer SNARC arabic DC up 7 num_delete 0.423723936081
cheer SNARC arabic DC up 4 num_delete 0.347972869873
cheer SNARC arabic DC up 6 num_delete 0.279016017914
cheer SNARC arabic DC down 9 lctrl 0.301919221878
cheer SNARC arabic DC down 4 lctrl 0.342797994614
cheer SNARC arabic DC down 9 lctrl 0.312066078186
cheer SNARC arabic DC up 7 num_delete 0.391199111938
cheer SNARC arabic DC down 7 lctrl 0.578675985336
cheer SNARC arabic DC down 5 lctrl 0.310075998306
cheer SNARC arabic DC down 3 lctrl 0.351037025452
cheer SNARC arabic DC up 7 num_delete 0.380117893219
cheer SNARC arabic DC up 9 num_delete 0.430950164795
cheer SNARC arabic DC up 3 num_delete 0.393537998199
cheer SNARC arabic DC up 9 num_delete 0.427712917328
cheer SNARC arabic DC down 6 lctrl 0.390276908875
cheer SNARC arabic DC up 4 num_delete 0.462738990784
cheer SNARC arabic DC down 8 lctrl 0.506954193115
cheer SNARC arabic DC up 9 num_delete 0.386173963547
cheer SNARC arabic DC up 5 lctrl 0.267156124115
cheer SNARC arabic DC up 2 num_delete 0.571130990982
cheer SNARC arabic DC up 9 num_delete 0.383761167526
cheer SNARC arabic DC up 6 num_delete 0.366639852524
cheer SNARC arabic DC up 3 num_delete 0.417486906052
cheer SNARC arabic DC down 8 lctrl 0.571530103683
cheer SNARC arabic DC down 2 lctrl 0.384107112885
cheer SNARC arabic DC up 6 num_delete 0.418313980103
cheer SNARC arabic DC down 2 lctrl 0.342452049255
cheer SNARC arabic DC down 6 lctrl 0.618010997772
cheer SNARC arabic DC up 7 num_delete 0.342329978943
cheer SNARC arabic DC up 8 num_delete 0.42650103569
cheer SNARC arabic DC up 7 num_delete 0.427373170853
cheer SNARC arabic DC up 3 num_delete 0.619750976562
cheer SNARC arabic DC up 9 num_delete 0.382388114929
cheer SNARC arabic DC up 7 num_delete 0.378278017044
cheer SNARC arabic DC down 1 lctrl 0.314280986786
cheer SNARC arabic DC up 4 num_delete 0.393379211426
cheer SNARC arabic DC down 4 num_delete 0.312737941742
cheer SNARC arabic DC up 6 num_delete 0.698225975037
cheer SNARC arabic DC up 3 num_delete 0.37758898735
cheer SNARC arabic DC up 3 num_delete 0.466700077057
cheer SNARC arabic DC up 9 num_delete 0.544763088226
cheer SNARC arabic DC down 6 lctrl 0.390756845474
cheer SNARC arabic DC up 5 num_delete 0.424809932709
cheer SNARC arabic DC up 3 num_delete 0.387469053268
cheer SNARC arabic DC up 3 num_delete 0.421606063843
cheer SNARC arabic DC down 9 lctrl 0.345818042755
cheer SNARC arabic DC up 5 num_delete 0.353382825851
cheer SNARC arabic DC down 8 lctrl 0.382586956024
cheer SNARC arabic DC up 4 num_delete 0.340134859085
cheer SNARC arabic DC up 9 num_delete 0.462553024292
cheer SNARC arabic DC down 7 lctrl 0.430104970932
cheer SNARC arabic DC up 8 num_delete 0.392604112625
cheer SNARC arabic DC up 9 num_delete 0.388598918915
cheer SNARC arabic DC down 1 lctrl 0.346035957336
cheer SNARC arabic DC down 6 lctrl 0.506885051727
cheer SNARC arabic DC up 1 num_delete 0.462568998337
cheer SNARC arabic DC down 8 lctrl 0.39183306694
cheer SNARC arabic DC down 1 lctrl 0.387739896774
cheer SNARC arabic DC up 1 num_delete 0.417330026627
cheer SNARC arabic DC down 9 lctrl 0.341640949249
cheer SNARC arabic DC down 7 lctrl 0.425718069077
cheer SNARC arabic DC up 2 num_delete 0.426672935486
cheer SNARC arabic DC up 2 num_delete 0.389096021652
cheer SNARC arabic DC up 5 num_delete 0.371994972229
cheer SNARC arabic DC down 2 num_delete 0.371603965759
cheer SNARC arabic DC down 4 lctrl 0.460661888123
cheer SNARC arabic DC down 5 lctrl 0.389882087708
cheer SNARC arabic DC down 6 lctrl 0.347383022308
cheer SNARC arabic DC down 6 lctrl 0.38858294487
cheer SNARC arabic DC up 7 num_delete 0.461008071899
cheer SNARC arabic DC up 2 num_delete 0.428555965424
cheer SNARC arabic DC down 4 lctrl 0.467633008957
cheer SNARC arabic DC up 2 num_delete 0.456711053848
cheer SNARC arabic DC up 8 num_delete 0.385963916779
cheer SNARC arabic DC down 7 lctrl 0.34353017807
cheer SNARC arabic DC down 6 lctrl 0.389341115952
cheer SNARC arabic DC down 2 lctrl 0.423457860947
cheer SNARC arabic DC down 5 lctrl 0.347651004791
cheer SNARC arabic DC down 3 lctrl 0.393445014954
cheer SNARC arabic DC up 7 num_delete 0.351056814194
cheer SNARC arabic DC down 2 lctrl 0.418408155441
cheer SNARC arabic DC up 2 num_delete 0.342656850815
cheer SNARC arabic DC down 6 lctrl 0.388518095016
cheer SNARC arabic DC up 4 num_delete 0.38433098793
cheer SNARC arabic DC up 5 num_delete 0.45675110817
cheer SNARC arabic DC up 1 num_delete 0.500939130783
cheer SNARC arabic DC down 3 lctrl 0.418460130692
cheer SNARC arabic DC up 8 num_delete 0.406356096268
cheer SNARC arabic DC down 3 lctrl 0.347326040268
cheer SNARC arabic DC down 4 lctrl 0.469648122787
cheer SNARC arabic DC down 2 num_delete 0.305598974228
cheer SNARC arabic DC up 6 num_delete 0.486778020859
cheer SNARC arabic DC up 3 num_delete 0.382694959641
cheer SNARC arabic DC down 1 lctrl 0.531803131104
cheer SNARC arabic DC up 4 num_delete 0.594563007355
cheer SNARC arabic DC down 9 lctrl 0.339226961136
cheer SNARC arabic DC up 5 num_delete 0.346788883209
cheer SNARC arabic DC up 9 num_delete 0.469369888306
cheer SNARC arabic DC down 8 lctrl 0.415663003922
cheer SNARC arabic DC down 3 lctrl 0.339900970459
cheer SNARC arabic DC up 1 num_delete 0.372786998749
cheer SNARC arabic DC down 4 lctrl 0.806579113007
cheer SNARC arabic DC up 3 num_delete 0.457991123199
cheer SNARC arabic DC down 8 lctrl 0.425534963608
cheer SNARC arabic DC down 4 lctrl 0.732712030411
cheer SNARC arabic DC down 8 lctrl 0.378772974014
cheer SNARC arabic DC up 3 num_delete 0.35301399231
cheer SNARC arabic DC down 4 lctrl 0.344091892242
cheer SNARC arabic DC up 4 num_delete 0.389784812927
cheer SNARC arabic DC down 3 lctrl 0.347327947617
cheer SNARC arabic DC down 3 lctrl 0.393156051636
cheer SNARC arabic DC up 6 num_delete 0.567534208298
cheer SNARC arabic DC up 9 num_delete 0.418463945389
cheer SNARC arabic DC up 1 num_delete 0.380976915359
cheer SNARC arabic DC up 4 num_delete 0.355304956436
cheer SNARC arabic DC down 9 lctrl 0.409893035889
cheer SNARC arabic DC down 2 lctrl 0.389091968536
cheer SNARC arabic DC up 1 num_delete 0.423191070557
cheer SNARC arabic DC up 7 num_delete 0.500639200211
cheer SNARC arabic DC down 5 lctrl 0.528557062149
cheer SNARC arabic DC down 2 lctrl 0.391190052032
cheer SNARC arabic DC up 1 num_delete 0.463598012924
cheer SNARC arabic DC down 4 lctrl 0.392868041992
cheer SNARC arabic DC down 2 lctrl 0.388674020767
cheer SNARC arabic DC up 8 num_delete 0.422993898392
cheer SNARC arabic DC down 4 lctrl 0.385513067245
cheer SNARC arabic DC up 1 num_delete 0.381291151047
cheer SNARC arabic DC up 6 num_delete 0.355618000031
cheer SNARC arabic DC down 8 lctrl 0.461431980133
cheer SNARC arabic DC up 1 num_delete 0.352313041687
cheer SNARC arabic DC up 7 num_delete 0.49643611908
cheer SNARC arabic DC up 3 num_delete 0.53254699707
cheer SNARC arabic DC down 3 lctrl 0.378576993942
cheer SNARC arabic DC down 5 lctrl 0.391143083572
cheer SNARC arabic DC up 5 num_delete 0.425310134888
cheer SNARC arabic DC up 8 num_delete 0.387843847275
cheer SNARC arabic DC down 3 lctrl 0.383816957474
cheer SNARC arabic DC down 4 lctrl 0.494547128677
cheer SNARC arabic DC up 5 num_delete 0.3905210495
cheer SNARC arabic DC up 8 num_delete 0.309814929962
cheer SNARC arabic DC up 4 num_delete 0.350772857666
cheer SNARC arabic DC down 6 lctrl 0.379966974258
cheer SNARC arabic DC down 5 lctrl 0.430882930756
cheer SNARC arabic DC up 8 num_delete 0.39337015152
cheer SNARC arabic DC down 9 lctrl 0.351037979126
cheer SNARC arabic DC up 7 num_delete 0.341892004013
cheer SNARC arabic DC down 5 lctrl 0.311238050461
cheer SNARC arabic DC down 6 num_delete 0.313842058182
cheer SNARC arabic DC up 4 num_delete 0.507896900177
cheer SNARC arabic DC up 3 num_delete 0.540397882462
cheer SNARC arabic DC down 5 lctrl 0.462937116623
cheer SNARC arabic DC down 4 lctrl 0.392176866531
cheer SNARC arabic DC up 7 num_delete 0.375024080276
cheer SNARC arabic DC up 1 num_delete 0.50254201889
cheer SNARC arabic DC down 1 lctrl 0.343519926071
cheer SNARC arabic DC up 7 num_delete 0.312727928162
cheer SNARC arabic DC down 6 lctrl 0.391983985901
cheer SNARC arabic DC down 5 lctrl 0.383261919022
cheer SNARC arabic DC up 2 num_delete 0.302529811859
cheer SNARC arabic DC down 8 lctrl 0.343519926071
cheer SNARC arabic DC down 7 lctrl 0.384832143784
cheer SNARC arabic DC up 3 num_delete 0.418987989426
cheer SNARC arabic DC up 2 num_delete 0.343322038651
cheer SNARC arabic DC up 1 num_delete 0.350909948349
cheer SNARC arabic DC down 9 lctrl 0.380224943161
cheer SNARC arabic DC up 8 num_delete 0.35440993309
cheer SNARC arabic DC down 1 lctrl 0.38370013237
cheer SNARC arabic DC down 8 lctrl 0.456247091293
cheer SNARC arabic DC up 9 num_delete 0.347171068192
cheer SNARC arabic DC up 4 num_delete 0.354938030243
cheer SNARC arabic DC up 2 num_delete 0.422358036041
cheer SNARC arabic DC up 6 num_delete 0.384976863861
cheer SNARC arabic DC down 4 lctrl 0.419243097305
cheer SNARC arabic DC up 6 num_delete 0.38175201416
cheer SNARC arabic DC down 6 lctrl 0.301157951355
cheer SNARC arabic DC up 5 num_delete 0.380367040634
cheer SNARC arabic DC up 3 num_delete 0.431231975555
cheer SNARC arabic DC down 1 lctrl 0.432101964951
cheer SNARC arabic DC up 2 num_delete 0.339811086655
cheer SNARC arabic DC down 8 lctrl 0.42391204834
cheer SNARC arabic DC up 6 num_delete 0.309823989868
cheer SNARC arabic DC down 2 lctrl 0.312445878983
cheer SNARC arabic DC down 2 lctrl 0.353367090225
cheer SNARC arabic DC up 2 num_delete 0.382495880127
cheer SNARC arabic DC up 4 num_delete 0.340199947357
cheer SNARC arabic DC down 7 lctrl 0.424301862717
cheer SNARC arabic DC up 1 num_delete 0.387027978897
cheer SNARC arabic DC up 1 num_delete 0.459496974945
cheer SNARC arabic DC down 6 lctrl 0.388671875
cheer SNARC arabic DC down 2 lctrl 0.418292045593
cheer SNARC arabic DC down 3 lctrl 0.380834817886
cheer SNARC arabic DC up 1 num_delete 0.431648015976
cheer SNARC arabic DC down 4 lctrl 0.530740022659
cheer SNARC arabic DC up 1 num_delete 0.469907999039
cheer SNARC arabic DC up 3 num_delete 0.344258069992
cheer SNARC arabic DC down 4 lctrl 0.505051136017
cheer SNARC arabic DC up 2 num_delete 0.422724962234
cheer SNARC arabic DC up 8 num_delete 0.385166883469
cheer SNARC arabic DC down 3 lctrl 0.381080150604
cheer SNARC arabic DC down 2 lctrl 0.508579969406
cheer SNARC arabic DC up 3 num_delete 0.387779951096
cheer SNARC arabic DC up 1 num_delete 0.383677959442
cheer SNARC arabic DC up 1 num_delete 0.609369039536
cheer SNARC arabic DC up 7 num_delete 0.35037112236
cheer SNARC arabic DC up 8 lctrl 0.417979001999
cheer SNARC arabic DC down 6 lctrl 0.572075843811
cheer SNARC arabic DC up 9 num_delete 0.418376922607
cheer SNARC arabic DC up 9 num_delete 0.342669010162
cheer SNARC arabic DC down 2 lctrl 0.541707992554
cheer SNARC arabic DC down 4 lctrl 0.349287986755
cheer SNARC arabic DC down 8 lctrl 0.416832923889
cheer SNARC arabic DC down 1 lctrl 0.341073036194
cheer SNARC arabic DC up 7 num_delete 0.425158023834
cheer SNARC arabic DC up 5 num_delete 0.349476099014
cheer SNARC arabic DC up 3 num_delete 0.44243979454
cheer SNARC arabic DC up 9 num_delete 0.35001206398
cheer SNARC arabic DC down 5 lctrl 0.455733060837
cheer SNARC arabic DC up 6 num_delete 0.499840974808
cheer SNARC arabic DC up 5 num_delete 0.417434930801
cheer SNARC arabic DC up 3 num_delete 0.418297052383
cheer SNARC arabic DC up 4 num_delete 0.521109104156
cheer SNARC arabic DC up 8 num_delete 0.345429182053
cheer SNARC arabic DC up 7 num_delete 0.608094930649
cheer SNARC arabic DC down 7 lctrl 0.80867600441
cheer SNARC arabic DC down 5 lctrl 0.426283121109
cheer SNARC arabic DC up 6 num_delete 0.388869047165
cheer SNARC arabic DC up 2 num_delete 0.346443891525
cheer SNARC arabic DC down 9 lctrl 0.468900918961
cheer SNARC arabic DC up 7 num_delete 0.381451129913
cheer SNARC arabic DC up 9 num_delete 0.377279996872
cheer SNARC arabic DC down 8 lctrl 0.466423034668
cheer SNARC arabic DC up 2 num_delete 0.417331933975
cheer SNARC arabic DC down 4 lctrl 0.418259859085
cheer SNARC arabic DC up 5 num_delete 0.380730867386
cheer SNARC arabic DC down 4 lctrl 0.469915866852
cheer SNARC arabic DC up 5 num_delete 0.420781850815
cheer SNARC arabic DC down 6 lctrl 0.459876060486
cheer SNARC arabic DC up 8 num_delete 0.54231595993
cheer SNARC arabic DC down 3 lctrl 0.350019931793
cheer SNARC arabic DC up 7 num_delete 0.417491912842
cheer SNARC arabic DC up 4 num_delete 0.341817855835
cheer SNARC arabic DC down 5 lctrl 0.34951710701
cheer SNARC arabic DC down 3 lctrl 0.455201148987
cheer SNARC arabic DC down 7 lctrl 0.537760019302
cheer SNARC arabic DC up 3 num_delete 0.61332321167
cheer SNARC arabic DC down 6 lctrl 0.737320899963
cheer SNARC arabic DC down 5 lctrl 0.383335828781
cheer SNARC arabic DC up 4 num_delete 0.417486906052
cheer SNARC arabic DC down 8 lctrl 0.571574926376
cheer SNARC arabic DC up 4 num_delete 0.494520902634
cheer SNARC arabic DC up 7 num_delete 0.428817987442
cheer SNARC arabic DC down 5 lctrl 0.41676402092
cheer SNARC arabic DC up 2 num_delete 0.455785989761
cheer SNARC arabic DC down 6 lctrl 0.346770763397
cheer SNARC arabic DC up 6 num_delete 0.392600059509
cheer SNARC arabic DC up 2 lctrl 0.465167999268
cheer SNARC arabic DC down 1 lctrl 0.45429110527
cheer SNARC arabic DC down 7 lctrl 0.575037956238
cheer SNARC arabic DC down 8 lctrl 0.536192893982
cheer SNARC arabic DC down 5 lctrl 0.688559055328
cheer SNARC arabic DC down 8 lctrl 0.805778980255
cheer SNARC arabic DC down 4 lctrl 0.346786975861
cheer SNARC arabic DC down 9 lctrl 0.622428178787
cheer SNARC arabic DC down 7 lctrl 0.423381090164
cheer SNARC arabic DC up 1 num_delete 0.462599039078
cheer SNARC arabic DC up 8 num_delete 0.391899108887
cheer SNARC arabic DC up 9 num_delete 0.464359045029
cheer SNARC arabic DC up 5 num_delete 0.495598077774
cheer SNARC arabic DC down 9 lctrl 0.502007961273
cheer SNARC arabic DC down 3 lctrl 0.572712182999
cheer SNARC arabic DC up 9 num_delete 0.423626899719
cheer SNARC arabic DC up 3 num_delete 0.386204004288
cheer SNARC arabic DC down 6 lctrl 0.45876121521
cheer SNARC arabic DC down 5 lctrl 0.388046979904
cheer SNARC arabic DC up 9 num_delete 0.417725801468
cheer SNARC arabic DC up 2 num_delete 0.341984033585
cheer SNARC arabic DC up 6 num_delete 0.426221847534
cheer SNARC arabic DC up 8 num_delete 0.389009952545
cheer SNARC arabic DC up 2 num_delete 0.384831905365
cheer SNARC arabic DC down 3 lctrl 0.495651006699
cheer SNARC arabic DC up 5 num_delete 0.416906833649
cheer SNARC arabic DC down 7 lctrl 0.724120140076
cheer SNARC arabic DC up 5 num_delete 0.348564863205
cheer SNARC arabic DC down 6 lctrl 0.492697954178
cheer SNARC arabic DC up 1 num_delete 0.426990032196
cheer SNARC arabic DC down 5 lctrl 0.351236820221
cheer SNARC arabic DC up 6 num_delete 0.342278957367
cheer SNARC arabic DC down 9 lctrl 0.311634778976
cheer SNARC arabic DC up 7 num_delete 0.390724182129
cheer SNARC arabic DC up 7 num_delete 0.348340034485
cheer SNARC arabic DC down 2 lctrl 0.377619981766
cheer SNARC arabic DC up 4 num_delete 0.466886997223
cheer SNARC arabic DC down 2 lctrl 0.417755842209
{'participant': u'cheer', 'notation': u'dot', 'response_buttons': u'DC', 'range_in_instr': True, 'dateStr': u'04_01_1353', 'autopilot': False, 'exp_id': u'SNARC'}
cheer SNARC dot DC up 15 num_delete 1.01209306717
cheer SNARC dot DC down 35 lctrl 0.93279504776
cheer SNARC dot DC down 45 lctrl 0.437412977219
cheer SNARC dot DC down 15 lctrl 0.421772003174
cheer SNARC dot DC down 35 lctrl 0.40731716156
cheer SNARC dot DC up 30 num_delete 1.4804918766
cheer SNARC dot DC up 35 num_delete 0.415163040161
cheer SNARC dot DC down 30 lctrl 0.5526471138
cheer SNARC dot DC up 35 num_delete 0.403568983078
cheer SNARC dot DC up 25 num_delete 0.353240013123
cheer SNARC dot DC up 5 num_delete 0.382560014725
cheer SNARC dot DC up 35 num_delete 0.361815929413
cheer SNARC dot DC up 35 num_delete 0.374446868896
cheer SNARC dot DC down 15 lctrl 0.423987150192
cheer SNARC dot DC up 30 num_delete 0.405115127563
cheer SNARC dot DC down 15 lctrl 0.421369075775
cheer SNARC dot DC down 25 lctrl 0.445218086243
cheer SNARC dot DC down 40 lctrl 0.373035907745
cheer SNARC dot DC down 5 lctrl 0.540241003036
cheer SNARC dot DC down 30 lctrl 0.369576931
cheer SNARC dot DC up 25 num_delete 0.403790950775
cheer SNARC dot DC down 5 lctrl 0.4597260952
cheer SNARC dot DC up 40 num_delete 0.409228801727
cheer SNARC dot DC down 10 lctrl 0.388520002365
cheer SNARC dot DC down 30 lctrl 0.407582998276
cheer SNARC dot DC down 45 lctrl 0.560073137283
cheer SNARC dot DC up 20 num_delete 0.437778949738
cheer SNARC dot DC down 5 lctrl 0.345468997955
cheer SNARC dot DC up 40 num_delete 0.373176813126
cheer SNARC dot DC down 25 lctrl 0.447218179703
cheer SNARC dot DC down 5 lctrl 0.508020162582
cheer SNARC dot DC down 25 lctrl 0.485505104065
cheer SNARC dot DC up 35 num_delete 0.403076171875
cheer SNARC dot DC up 15 num_delete 0.419256925583
cheer SNARC dot DC down 15 lctrl 0.345060110092
cheer SNARC dot DC up 35 num_delete 0.450812101364
cheer SNARC dot DC up 30 num_delete 0.401782989502
cheer SNARC dot DC down 45 lctrl 0.401282072067
cheer SNARC dot DC up 40 num_delete 0.365302801132
cheer SNARC dot DC down 25 lctrl 0.514469861984
cheer SNARC dot DC up 45 num_delete 0.37554192543
cheer SNARC dot DC down 25 lctrl 0.411246061325
cheer SNARC dot DC down 30 lctrl 0.412179946899
cheer SNARC dot DC down 5 lctrl 0.391449928284
cheer SNARC dot DC down 40 lctrl 0.481016874313
cheer SNARC dot DC down 40 lctrl 0.337212085724
cheer SNARC dot DC down 5 lctrl 0.499493122101
cheer SNARC dot DC down 30 lctrl 0.40033698082
cheer SNARC dot DC up 30 num_delete 0.439444065094
cheer SNARC dot DC up 20 num_delete 0.460619926453
cheer SNARC dot DC up 15 num_delete 0.543094873428
cheer SNARC dot DC up 25 num_delete 0.412083148956
cheer SNARC dot DC up 10 num_delete 0.429634094238
cheer SNARC dot DC down 10 lctrl 0.545466899872
cheer SNARC dot DC up 15 num_delete 0.543154001236
cheer SNARC dot DC up 30 num_delete 0.412254095078
cheer SNARC dot DC down 45 lctrl 0.488317966461
cheer SNARC dot DC down 15 lctrl 0.499132156372
cheer SNARC dot DC up 40 num_delete 0.439792156219
cheer SNARC dot DC up 10 num_delete 0.424071788788
cheer SNARC dot DC up 35 num_delete 0.523159980774
cheer SNARC dot DC up 30 num_delete 0.560645103455
cheer SNARC dot DC up 45 num_delete 0.433242082596
cheer SNARC dot DC up 15 num_delete 0.530940055847
cheer SNARC dot DC up 35 num_delete 0.476581096649
cheer SNARC dot DC up 30 num_delete 0.410781860352
cheer SNARC dot DC down 30 lctrl 0.564903020859
cheer SNARC dot DC up 20 num_delete 0.720800161362
cheer SNARC dot DC up 35 num_delete 0.598009109497
cheer SNARC dot DC up 40 num_delete 0.437334060669
cheer SNARC dot DC down 30 lctrl 0.545220136642
cheer SNARC dot DC down 10 lctrl 0.429491996765
cheer SNARC dot DC up 40 num_delete 0.412202119827
cheer SNARC dot DC up 30 num_delete 0.414585113525
cheer SNARC dot DC up 15 num_delete 0.545699834824
cheer SNARC dot DC up 25 num_delete 0.376532077789
cheer SNARC dot DC down 45 lctrl 0.40930891037
cheer SNARC dot DC up 5 num_delete 0.504975795746
cheer SNARC dot DC down 45 lctrl 0.480921983719
cheer SNARC dot DC up 30 num_delete 0.361691951752
cheer SNARC dot DC up 40 num_delete 0.487798929214
cheer SNARC dot DC down 40 lctrl 0.44510602951
cheer SNARC dot DC down 10 lctrl 0.352874994278
cheer SNARC dot DC up 5 num_delete 0.407543897629
cheer SNARC dot DC down 20 lctrl 0.461805105209
cheer SNARC dot DC up 35 num_delete 0.44785618782
cheer SNARC dot DC down 40 lctrl 0.452345848083
cheer SNARC dot DC up 10 num_delete 0.421432971954
cheer SNARC dot DC down 10 lctrl 0.384039878845
cheer SNARC dot DC down 35 lctrl 0.516403198242
cheer SNARC dot DC up 15 num_delete 0.415961027145
cheer SNARC dot DC down 10 lctrl 0.38005399704
cheer SNARC dot DC down 15 lctrl 0.429457902908
cheer SNARC dot DC up 10 num_delete 0.39352107048
cheer SNARC dot DC down 15 lctrl 0.311408996582
cheer SNARC dot DC down 30 lctrl 0.41370511055
cheer SNARC dot DC up 45 num_delete 0.336572885513
cheer SNARC dot DC down 15 lctrl 0.569499015808
cheer SNARC dot DC up 30 num_delete 0.44348692894
cheer SNARC dot DC up 30 num_delete 0.449478149414
cheer SNARC dot DC down 25 lctrl 0.51532793045
cheer SNARC dot DC down 20 lctrl 0.3764731884
cheer SNARC dot DC down 15 lctrl 0.350774049759
cheer SNARC dot DC down 15 lctrl 0.341719865799
cheer SNARC dot DC down 40 lctrl 0.409204006195
cheer SNARC dot DC down 20 lctrl 0.335117101669
cheer SNARC dot DC up 10 num_delete 0.44452214241
cheer SNARC dot DC down 5 lctrl 0.352184057236
cheer SNARC dot DC down 15 lctrl 0.341597080231
cheer SNARC dot DC down 40 lctrl 0.37082195282
cheer SNARC dot DC down 25 lctrl 0.368279933929
cheer SNARC dot DC down 30 lctrl 0.359601020813
cheer SNARC dot DC down 45 lctrl 0.370685100555
cheer SNARC dot DC down 15 lctrl 0.421601057053
cheer SNARC dot DC up 35 num_delete 0.407325029373
cheer SNARC dot DC down 40 lctrl 0.480291843414
cheer SNARC dot DC down 15 lctrl 0.429843187332
cheer SNARC dot DC down 25 lctrl 0.492082834244
cheer SNARC dot DC down 45 lctrl 0.446655988693
cheer SNARC dot DC down 30 lctrl 0.322343826294
cheer SNARC dot DC up 35 num_delete 0.406490087509
cheer SNARC dot DC up 20 num_delete 1.3034889698
cheer SNARC dot DC down 40 lctrl 0.559357881546
cheer SNARC dot DC up 20 num_delete 0.387241125107
cheer SNARC dot DC up 45 num_delete 0.404835939407
cheer SNARC dot DC up 20 num_delete 0.384139060974
cheer SNARC dot DC up 20 num_delete 0.41838312149
cheer SNARC dot DC down 35 lctrl 0.40399813652
cheer SNARC dot DC down 20 lctrl 0.573324918747
cheer SNARC dot DC up 25 num_delete 0.409023046494
cheer SNARC dot DC up 10 num_delete 0.388393878937
cheer SNARC dot DC down 15 lctrl 0.382877111435
cheer SNARC dot DC down 20 lctrl 0.340570926666
cheer SNARC dot DC down 25 lctrl 0.332921981812
cheer SNARC dot DC up 35 num_delete 0.438795089722
cheer SNARC dot DC down 25 lctrl 0.406451940536
cheer SNARC dot DC up 20 num_delete 0.34592294693
cheer SNARC dot DC down 5 lctrl 0.316723108292
cheer SNARC dot DC up 10 num_delete 0.379291057587
cheer SNARC dot DC down 15 lctrl 0.428781032562
cheer SNARC dot DC up 10 num_delete 0.354485988617
cheer SNARC dot DC down 10 lctrl 0.383793830872
cheer SNARC dot DC up 10 num_delete 0.37970495224
cheer SNARC dot DC up 15 num_delete 0.544044971466
cheer SNARC dot DC down 10 lctrl 0.386960029602
cheer SNARC dot DC up 45 num_delete 0.403092861176
cheer SNARC dot DC up 25 num_delete 0.405524969101
cheer SNARC dot DC down 30 lctrl 0.329836130142
cheer SNARC dot DC down 10 lctrl 0.3924741745
cheer SNARC dot DC up 5 num_delete 0.771327972412
cheer SNARC dot DC down 45 lctrl 0.404384851456
cheer SNARC dot DC up 25 num_delete 0.402119159698
cheer SNARC dot DC down 10 lctrl 0.41975903511
cheer SNARC dot DC up 45 num_delete 0.364223003387
cheer SNARC dot DC down 45 lctrl 0.321813106537
cheer SNARC dot DC up 10 num_delete 0.347635984421
cheer SNARC dot DC up 10 num_delete 0.431890010834
cheer SNARC dot DC down 25 lctrl 0.395005941391
cheer SNARC dot DC up 40 num_delete 0.487720966339
cheer SNARC dot DC down 30 lctrl 0.368448972702
cheer SNARC dot DC down 35 lctrl 0.440985918045
cheer SNARC dot DC down 35 lctrl 0.370306968689
cheer SNARC dot DC up 10 num_delete 0.459517002106
cheer SNARC dot DC up 45 num_delete 0.370676994324
cheer SNARC dot DC up 15 num_delete 0.421698093414
cheer SNARC dot DC up 40 num_delete 0.369095087051
cheer SNARC dot DC up 25 num_delete 0.365044116974
cheer SNARC dot DC down 15 lctrl 0.414570093155
cheer SNARC dot DC up 35 num_delete 0.400257110596
cheer SNARC dot DC down 5 lctrl 0.379653930664
cheer SNARC dot DC down 5 lctrl 0.430552005768
cheer SNARC dot DC up 25 num_delete 0.376439094543
cheer SNARC dot DC down 35 lctrl 0.29599404335
cheer SNARC dot DC down 30 lctrl 0.336787939072
cheer SNARC dot DC down 10 lctrl 0.459363937378
cheer SNARC dot DC down 40 lctrl 0.448590040207
cheer SNARC dot DC down 35 lctrl 0.361149787903
cheer SNARC dot DC up 25 num_delete 0.412142038345
cheer SNARC dot DC up 40 num_delete 0.373306035995
cheer SNARC dot DC down 25 lctrl 0.447343826294
cheer SNARC dot DC down 45 lctrl 0.566642999649
cheer SNARC dot DC up 40 num_delete 0.479034900665
cheer SNARC dot DC down 5 lctrl 0.391742944717
cheer SNARC dot DC down 45 lctrl 0.40785908699
cheer SNARC dot DC down 40 lctrl 0.678339004517
cheer SNARC dot DC up 35 num_delete 0.446388959885
cheer SNARC dot DC up 15 num_delete 0.467573881149
cheer SNARC dot DC down 45 lctrl 0.401883840561
cheer SNARC dot DC up 30 num_delete 0.591158151627
cheer SNARC dot DC down 25 lctrl 0.408908128738
cheer SNARC dot DC up 25 num_delete 0.448000907898
cheer SNARC dot DC down 20 lctrl 0.452596902847
cheer SNARC dot DC down 30 lctrl 0.366624116898
cheer SNARC dot DC up 25 num_delete 0.477521181107
cheer SNARC dot DC up 35 num_delete 0.641637086868
cheer SNARC dot DC up 20 num_delete 0.347984075546
cheer SNARC dot DC up 20 num_delete 0.377309083939
cheer SNARC dot DC up 30 num_delete 0.41303896904
cheer SNARC dot DC up 40 num_delete 0.374233961105
cheer SNARC dot DC down 5 lctrl 0.388426065445
cheer SNARC dot DC down 30 lctrl 0.329351186752
cheer SNARC dot DC up 25 num_delete 0.49018406868
cheer SNARC dot DC down 5 lctrl 0.424535036087
cheer SNARC dot DC up 20 num_delete 0.538901090622
cheer SNARC dot DC down 35 lctrl 0.484569787979
cheer SNARC dot DC down 15 lctrl 0.380550861359
cheer SNARC dot DC down 20 lctrl 0.338173151016
cheer SNARC dot DC up 10 num_delete 0.41788482666
cheer SNARC dot DC up 20 num_delete 0.34080696106
cheer SNARC dot DC up 15 num_delete 0.348471164703
cheer SNARC dot DC up 45 num_delete 0.361070871353
cheer SNARC dot DC up 25 num_delete 0.336915969849
cheer SNARC dot DC up 5 num_delete 0.421231985092
cheer SNARC dot DC down 40 lctrl 0.482031106949
cheer SNARC dot DC down 5 lctrl 0.416403055191
cheer SNARC dot DC up 40 num_delete 0.515516042709
cheer SNARC dot DC up 5 num_delete 0.493140935898
cheer SNARC dot DC up 20 num_delete 0.425992012024
cheer SNARC dot DC up 25 num_delete 0.37345790863
cheer SNARC dot DC down 45 lctrl 0.444585084915
cheer SNARC dot DC up 5 num_delete 0.392008066177
cheer SNARC dot DC up 20 num_delete 0.373538970947
cheer SNARC dot DC down 20 lctrl 0.424513816833
cheer SNARC dot DC down 25 lctrl 0.333650827408
cheer SNARC dot DC up 5 num_delete 0.41786813736
cheer SNARC dot DC down 40 lctrl 0.478698015213
cheer SNARC dot DC down 45 lctrl 0.445264101028
cheer SNARC dot DC up 40 num_delete 0.374533891678
cheer SNARC dot DC up 10 num_delete 0.38867688179
cheer SNARC dot DC down 35 lctrl 0.406311035156
cheer SNARC dot DC down 40 lctrl 0.364343166351
cheer SNARC dot DC down 20 lctrl 0.338663101196
cheer SNARC dot DC down 35 lctrl 0.367850065231
cheer SNARC dot DC up 45 num_delete 0.400650978088
cheer SNARC dot DC up 15 num_delete 0.341709136963
cheer SNARC dot DC down 5 lctrl 0.427435874939
cheer SNARC dot DC down 25 lctrl 0.373361110687
cheer SNARC dot DC down 10 lctrl 0.539234161377
cheer SNARC dot DC down 45 lctrl 0.367033958435
cheer SNARC dot DC up 40 num_delete 0.428038835526
cheer SNARC dot DC up 20 num_delete 0.374103784561
cheer SNARC dot DC up 10 num_delete 0.310148000717
cheer SNARC dot DC up 40 num_delete 0.372779846191
cheer SNARC dot DC down 45 lctrl 0.443958044052
cheer SNARC dot DC down 25 lctrl 0.33642911911
cheer SNARC dot DC down 5 lctrl 0.382381916046
cheer SNARC dot DC down 5 lctrl 0.301789999008
cheer SNARC dot DC up 30 num_delete 0.402639865875
cheer SNARC dot DC down 15 lctrl 0.45864200592
cheer SNARC dot DC down 15 lctrl 0.426254034042
cheer SNARC dot DC up 5 num_delete 0.46549987793
cheer SNARC dot DC down 40 lctrl 0.323292970657
cheer SNARC dot DC down 10 lctrl 0.385893106461
cheer SNARC dot DC down 45 lctrl 0.363779783249
cheer SNARC dot DC up 40 lctrl 0.322849988937
cheer SNARC dot DC down 15 lctrl 0.423782110214
cheer SNARC dot DC down 20 lctrl 0.346629142761
cheer SNARC dot DC down 5 lctrl 0.394001960754
cheer SNARC dot DC up 35 num_delete 0.373263835907
cheer SNARC dot DC down 40 lctrl 0.369251012802
cheer SNARC dot DC down 30 lctrl 0.518404960632
cheer SNARC dot DC up 40 num_delete 0.59410905838
cheer SNARC dot DC up 30 num_delete 0.37350487709
cheer SNARC dot DC up 15 num_delete 0.601629018784
cheer SNARC dot DC up 30 num_delete 0.365746021271
cheer SNARC dot DC down 30 lctrl 0.47211098671
cheer SNARC dot DC down 20 lctrl 0.345019102097
cheer SNARC dot DC down 45 lctrl 0.33593583107
cheer SNARC dot DC up 20 num_delete 0.458566904068
cheer SNARC dot DC up 35 num_delete 0.334326982498
cheer SNARC dot DC up 35 num_delete 0.325441122055
cheer SNARC dot DC down 5 lctrl 0.502995014191
cheer SNARC dot DC down 5 lctrl 0.305735111237
cheer SNARC dot DC up 40 num_delete 0.444961071014
cheer SNARC dot DC down 15 lctrl 0.389563083649
cheer SNARC dot DC down 5 lctrl 0.578440904617
cheer SNARC dot DC up 40 num_delete 0.411237955093
cheer SNARC dot DC up 45 num_delete 0.412227869034
cheer SNARC dot DC down 30 lctrl 0.376369953156
cheer SNARC dot DC up 5 num_delete 0.376101016998
cheer SNARC dot DC up 30 num_delete 0.410337924957
cheer SNARC dot DC up 15 num_delete 0.349951028824
cheer SNARC dot DC down 5 lctrl 0.342443943024
cheer SNARC dot DC up 40 num_delete 0.371688127518
cheer SNARC dot DC up 10 num_delete 0.384402036667
cheer SNARC dot DC down 40 num_delete 0.36366891861
cheer SNARC dot DC down 35 lctrl 0.452969074249
cheer SNARC dot DC up 35 num_delete 0.480489969254
cheer SNARC dot DC down 35 lctrl 0.37650513649
cheer SNARC dot DC up 40 num_delete 0.371057987213
cheer SNARC dot DC up 5 num_delete 0.461792945862
cheer SNARC dot DC up 45 lctrl 0.411251783371
cheer SNARC dot DC up 10 lctrl 0.430303096771
cheer SNARC dot DC up 10 num_delete 0.584450006485
cheer SNARC dot DC up 10 num_delete 0.342156887054
cheer SNARC dot DC up 10 num_delete 0.809458971024
cheer SNARC dot DC up 25 num_delete 0.333934783936
cheer SNARC dot DC down 20 lctrl 0.569932937622
cheer SNARC dot DC up 45 num_delete 0.442503929138
cheer SNARC dot DC up 35 num_delete 0.373342037201
cheer SNARC dot DC down 45 lctrl 0.559316158295
cheer SNARC dot DC down 35 lctrl 0.368886947632
cheer SNARC dot DC up 5 num_delete 0.381526947021
cheer SNARC dot DC down 30 lctrl 0.475790977478
cheer SNARC dot DC down 15 lctrl 0.425322055817
cheer SNARC dot DC down 15 lctrl 0.426122903824
cheer SNARC dot DC up 35 num_delete 0.488387107849
cheer SNARC dot DC up 5 num_delete 0.346168994904
cheer SNARC dot DC up 10 num_delete 0.353851079941
cheer SNARC dot DC down 35 lctrl 0.366455078125
cheer SNARC dot DC up 5 num_delete 0.570580005646
cheer SNARC dot DC down 45 lctrl 0.441698074341
cheer SNARC dot DC up 30 num_delete 0.372513055801
cheer SNARC dot DC up 30 num_delete 0.521610021591
cheer SNARC dot DC down 35 lctrl 0.55912899971
cheer SNARC dot DC up 10 num_delete 1.45619082451
cheer SNARC dot DC down 20 lctrl 0.307946920395
cheer SNARC dot DC down 20 lctrl 0.463800907135
cheer SNARC dot DC down 20 lctrl 0.682756900787
cheer SNARC dot DC down 15 lctrl 0.37886095047
cheer SNARC dot DC up 35 num_delete 0.452754020691
cheer SNARC dot DC up 20 num_delete 0.380698919296
cheer SNARC dot DC up 20 num_delete 0.415014982224
cheer SNARC dot DC down 40 lctrl 0.400702953339
cheer SNARC dot DC up 20 num_delete 0.953110933304
cheer SNARC dot DC up 45 num_delete 0.404203176498
cheer SNARC dot DC down 15 lctrl 0.421902894974
cheer SNARC dot DC up 45 num_delete 0.40619802475
cheer SNARC dot DC up 10 num_delete 0.501946926117
cheer SNARC dot DC up 35 num_delete 0.441212892532
cheer SNARC dot DC up 25 num_delete 0.472471952438
cheer SNARC dot DC down 10 lctrl 0.500121831894
cheer SNARC dot DC up 20 num_delete 0.531163930893
cheer SNARC dot DC down 25 lctrl 0.362058162689
cheer SNARC dot DC up 45 num_delete 0.296597957611
cheer SNARC dot DC down 5 lctrl 0.312992095947
cheer SNARC dot DC down 10 lctrl 1.04332208633
cheer SNARC dot DC up 45 num_delete 0.447949886322
cheer SNARC dot DC down 10 lctrl 0.493697881699
cheer SNARC dot DC up 25 num_delete 0.411325931549
cheer SNARC dot DC down 20 lctrl 0.412339925766
cheer SNARC dot DC down 15 lctrl 0.423950910568
cheer SNARC dot DC down 20 lctrl 0.424890995026
cheer SNARC dot DC down 45 lctrl 0.370806932449
cheer SNARC dot DC up 25 num_delete 0.444849967957
cheer SNARC dot DC down 30 lctrl 0.450795888901
cheer SNARC dot DC down 25 lctrl 0.363622903824
cheer SNARC dot DC down 25 lctrl 0.33789396286
cheer SNARC dot DC down 5 lctrl 0.57528591156
cheer SNARC dot DC down 20 lctrl 0.34823513031
cheer SNARC dot DC down 5 lctrl 0.340690851212
cheer SNARC dot DC down 25 lctrl 0.33163690567
cheer SNARC dot DC down 45 lctrl 0.321184873581
cheer SNARC dot DC down 20 lctrl 0.345501899719
cheer SNARC dot DC up 5 num_delete 0.469521999359
cheer SNARC dot DC down 20 lctrl 0.419056892395
cheer SNARC dot DC down 30 lctrl 0.323618888855
cheer SNARC dot DC up 45 num_delete 0.559561014175
cheer SNARC dot DC down 25 lctrl 0.565332174301
cheer SNARC dot DC up 10 num_delete 0.454587936401
