{'participant': u'dorina', 'notation': u'dot', 'response_buttons': u'CD', 'range_in_instr': True, 'dateStr': u'04_01_1604', 'autopilot': False, 'exp_id': u'SNARC'}
dorina SNARC dot CD down 35 num_decimal 2.63698825973
dorina SNARC dot CD up 30 lctrl 0.803094457924
dorina SNARC dot CD up 25 lctrl 0.813063902505
dorina SNARC dot CD up 5 lctrl 0.849042374077
dorina SNARC dot CD down 35 num_decimal 0.809432318751
dorina SNARC dot CD up 35 lctrl 0.672466981705
dorina SNARC dot CD down 20 num_decimal 0.704334417874
dorina SNARC dot CD up 35 lctrl 0.79747297485
dorina SNARC dot CD down 40 num_decimal 0.660753662993
dorina SNARC dot CD up 40 lctrl 0.570120853312
dorina SNARC dot CD down 15 num_decimal 0.504024419137
dorina SNARC dot CD down 45 num_decimal 0.579993007705
dorina SNARC dot CD up 45 lctrl 0.501125311512
dorina SNARC dot CD up 30 lctrl 0.514931769131
dorina SNARC dot CD up 15 lctrl 0.504458375373
dorina SNARC dot CD down 10 num_decimal 0.557676458329
dorina SNARC dot CD down 15 num_decimal 0.900992884868
dorina SNARC dot CD down 40 num_decimal 0.639409315571
dorina SNARC dot CD down 45 num_decimal 0.454112102794
dorina SNARC dot CD up 20 lctrl 0.703741927627
dorina SNARC dot CD up 20 lctrl 0.667958736361
dorina SNARC dot CD down 40 num_decimal 0.695783380246
dorina SNARC dot CD up 30 lctrl 0.550896942043
dorina SNARC dot CD up 40 lctrl 0.533018995034
dorina SNARC dot CD down 25 num_decimal 1.23969467679
dorina SNARC dot CD down 5 num_decimal 0.782634121349
dorina SNARC dot CD down 45 num_decimal 0.717553984681
dorina SNARC dot CD down 5 num_decimal 0.825252473288
dorina SNARC dot CD down 10 num_decimal 0.658052635392
dorina SNARC dot CD down 35 num_decimal 0.726843447838
dorina SNARC dot CD up 5 lctrl 0.671423386951
dorina SNARC dot CD up 10 lctrl 0.844534478698
dorina SNARC dot CD up 35 lctrl 0.962788952734
dorina SNARC dot CD down 35 num_decimal 0.729420237969
dorina SNARC dot CD up 30 lctrl 0.575541106679
dorina SNARC dot CD down 10 num_decimal 0.549012032137
dorina SNARC dot CD down 30 num_decimal 0.790690658847
dorina SNARC dot CD down 10 num_decimal 0.526640888266
dorina SNARC dot CD up 20 lctrl 0.472259172662
dorina SNARC dot CD up 45 lctrl 0.48682855334
dorina SNARC dot CD down 20 num_decimal 0.607557627813
dorina SNARC dot CD up 40 lctrl 0.564730346945
dorina SNARC dot CD down 30 num_decimal 0.52842815802
dorina SNARC dot CD up 15 lctrl 0.426841103075
dorina SNARC dot CD up 30 lctrl 0.432774754666
dorina SNARC dot CD down 5 num_decimal 0.620470975502
dorina SNARC dot CD down 20 num_decimal 0.557165859823
dorina SNARC dot CD down 25 num_decimal 0.418372657118
dorina SNARC dot CD down 25 num_decimal 0.5463173039
dorina SNARC dot CD up 45 lctrl 0.494938635439
dorina SNARC dot CD down 40 num_decimal 0.568939372464
dorina SNARC dot CD up 45 lctrl 0.498792446782
dorina SNARC dot CD up 40 lctrl 0.64894060434
dorina SNARC dot CD down 5 num_decimal 0.736880435608
dorina SNARC dot CD up 30 lctrl 0.754870721288
dorina SNARC dot CD up 35 lctrl 0.394796584764
dorina SNARC dot CD up 20 lctrl 0.46903004832
dorina SNARC dot CD down 30 num_decimal 0.616214004818
dorina SNARC dot CD down 15 num_decimal 0.397643547648
dorina SNARC dot CD up 40 lctrl 0.489761957507
dorina SNARC dot CD down 10 num_decimal 0.457392671949
dorina SNARC dot CD up 30 lctrl 0.499606814653
dorina SNARC dot CD up 10 lctrl 0.505934526503
dorina SNARC dot CD down 20 num_decimal 0.607717211719
dorina SNARC dot CD down 35 num_decimal 0.384144359041
dorina SNARC dot CD up 25 lctrl 0.480592532243
dorina SNARC dot CD down 30 num_decimal 0.487275108305
dorina SNARC dot CD down 10 num_decimal 1.01569486717
dorina SNARC dot CD down 30 num_decimal 0.605172618341
dorina SNARC dot CD up 5 lctrl 0.501738099713
dorina SNARC dot CD down 5 num_decimal 0.627032813741
dorina SNARC dot CD down 15 num_decimal 0.574976613609
dorina SNARC dot CD up 20 lctrl 0.486348751728
dorina SNARC dot CD down 30 num_decimal 0.551083823196
dorina SNARC dot CD up 20 lctrl 0.47635725937
dorina SNARC dot CD up 10 lctrl 0.703080144367
dorina SNARC dot CD up 45 lctrl 0.51679603112
dorina SNARC dot CD up 15 lctrl 0.423771562638
dorina SNARC dot CD up 30 lctrl 0.373334999165
dorina SNARC dot CD up 45 lctrl 0.440525423011
dorina SNARC dot CD down 15 num_decimal 0.714290563797
dorina SNARC dot CD down 10 num_decimal 0.420703772025
dorina SNARC dot CD down 40 num_decimal 1.07065402454
dorina SNARC dot CD down 15 num_decimal 0.457756285279
dorina SNARC dot CD up 35 lctrl 0.532543392999
dorina SNARC dot CD down 10 num_decimal 0.479069135878
dorina SNARC dot CD down 30 num_decimal 0.506649854362
dorina SNARC dot CD down 15 num_decimal 0.43544918495
dorina SNARC dot CD up 15 lctrl 0.546644170935
dorina SNARC dot CD up 5 lctrl 0.484026735904
dorina SNARC dot CD down 25 num_decimal 0.514812781131
dorina SNARC dot CD up 30 lctrl 0.474580138593
dorina SNARC dot CD down 10 num_decimal 0.499258949735
dorina SNARC dot CD down 20 num_decimal 0.515186543437
dorina SNARC dot CD down 40 num_decimal 0.725969236003
dorina SNARC dot CD up 40 lctrl 0.61280604851
dorina SNARC dot CD down 35 num_decimal 0.53142875541
dorina SNARC dot CD up 45 lctrl 0.471074892097
dorina SNARC dot CD up 25 lctrl 0.476451749841
dorina SNARC dot CD up 30 lctrl 0.415379059022
dorina SNARC dot CD up 40 lctrl 0.509393577658
dorina SNARC dot CD up 15 lctrl 0.684653102735
dorina SNARC dot CD up 15 lctrl 0.59355449003
dorina SNARC dot CD up 30 lctrl 0.569823383312
dorina SNARC dot CD down 35 num_decimal 0.586123689426
dorina SNARC dot CD up 45 lctrl 0.804802985619
dorina SNARC dot CD down 45 num_decimal 0.461263631563
dorina SNARC dot CD down 5 num_decimal 0.647918357434
dorina SNARC dot CD up 30 lctrl 0.490059077542
dorina SNARC dot CD up 45 lctrl 0.454056458406
dorina SNARC dot CD up 5 lctrl 0.429368198217
dorina SNARC dot CD down 35 num_decimal 0.531793768598
dorina SNARC dot CD up 30 lctrl 0.427206816193
dorina SNARC dot CD down 10 num_decimal 0.380725203863
dorina SNARC dot CD down 5 num_decimal 0.486895746564
dorina SNARC dot CD down 10 num_decimal 0.563763394462
dorina SNARC dot CD up 40 lctrl 0.434771303314
dorina SNARC dot CD up 25 lctrl 0.624399329328
dorina SNARC dot CD down 35 num_decimal 0.714541488491
dorina SNARC dot CD up 40 lctrl 0.556461730834
dorina SNARC dot CD up 15 lctrl 0.517442765897
dorina SNARC dot CD up 25 lctrl 0.532026145163
dorina SNARC dot CD up 35 lctrl 0.435590920656
dorina SNARC dot CD down 30 num_decimal 0.492963784602
dorina SNARC dot CD down 15 num_decimal 0.494021727909
dorina SNARC dot CD up 20 lctrl 0.459013358503
dorina SNARC dot CD up 15 lctrl 0.500170607794
dorina SNARC dot CD up 40 lctrl 0.394269187952
dorina SNARC dot CD up 35 lctrl 0.568839982488
dorina SNARC dot CD down 40 num_decimal 0.467786273754
dorina SNARC dot CD down 35 num_decimal 0.398438317496
dorina SNARC dot CD down 25 num_decimal 0.46646445706
dorina SNARC dot CD down 35 num_decimal 0.362043387924
dorina SNARC dot CD up 20 lctrl 0.458615798597
dorina SNARC dot CD down 25 num_decimal 0.381706154934
dorina SNARC dot CD up 45 lctrl 0.52883936655
dorina SNARC dot CD up 35 lctrl 0.470147485626
dorina SNARC dot CD down 5 num_decimal 0.560929380272
dorina SNARC dot CD up 10 lctrl 0.388809738538
dorina SNARC dot CD up 35 lctrl 0.519859972122
dorina SNARC dot CD down 15 num_decimal 0.596479495043
dorina SNARC dot CD down 25 num_decimal 0.533088288046
dorina SNARC dot CD up 40 lctrl 0.56485493438
dorina SNARC dot CD down 45 num_decimal 0.623588811068
dorina SNARC dot CD down 20 num_decimal 0.427768859511
dorina SNARC dot CD down 10 num_decimal 0.431760206983
dorina SNARC dot CD down 5 num_decimal 0.392083658363
dorina SNARC dot CD down 20 num_decimal 0.358687926323
dorina SNARC dot CD down 20 num_decimal 0.378669861144
dorina SNARC dot CD up 10 lctrl 0.430171717182
dorina SNARC dot CD down 45 num_decimal 0.425728215309
dorina SNARC dot CD down 25 num_decimal 0.425725415592
dorina SNARC dot CD up 30 lctrl 0.336078456488
dorina SNARC dot CD up 10 lctrl 0.485458441516
dorina SNARC dot CD down 40 num_decimal 0.497128364604
dorina SNARC dot CD down 35 num_decimal 0.548195214513
dorina SNARC dot CD down 5 num_decimal 0.551801250844
dorina SNARC dot CD down 15 num_decimal 0.440110014905
dorina SNARC dot CD down 20 num_decimal 0.369631672646
dorina SNARC dot CD down 15 num_decimal 0.39074784308
dorina SNARC dot CD down 20 num_decimal 0.338870824877
dorina SNARC dot CD down 35 num_decimal 0.493580422414
dorina SNARC dot CD up 45 lctrl 0.367088479127
dorina SNARC dot CD down 20 num_decimal 0.356002297168
dorina SNARC dot CD down 40 num_decimal 0.393661299258
dorina SNARC dot CD up 25 lctrl 0.387929227337
dorina SNARC dot CD up 5 lctrl 0.580021004882
dorina SNARC dot CD down 45 num_decimal 0.474113985605
dorina SNARC dot CD up 15 lctrl 0.417214623905
dorina SNARC dot CD up 35 lctrl 0.476992445312
dorina SNARC dot CD up 45 lctrl 0.469989301579
dorina SNARC dot CD up 40 lctrl 0.371756658341
dorina SNARC dot CD down 5 num_decimal 0.423065683826
dorina SNARC dot CD down 10 num_decimal 0.335410023899
dorina SNARC dot CD up 45 num_decimal 0.357870408769
dorina SNARC dot CD up 15 lctrl 0.424026686909
dorina SNARC dot CD down 45 num_decimal 0.483610627868
dorina SNARC dot CD up 25 lctrl 0.373056427259
dorina SNARC dot CD up 35 lctrl 0.390020266456
dorina SNARC dot CD down 25 num_decimal 0.440542571282
dorina SNARC dot CD down 10 num_decimal 0.450214545863
dorina SNARC dot CD up 15 lctrl 0.589506448275
dorina SNARC dot CD up 45 lctrl 0.505065214173
dorina SNARC dot CD down 15 num_decimal 0.541917197651
dorina SNARC dot CD down 15 num_decimal 0.450013316157
dorina SNARC dot CD down 40 num_decimal 0.447879231379
dorina SNARC dot CD up 25 lctrl 0.516052706085
dorina SNARC dot CD down 5 num_decimal 0.462584748328
dorina SNARC dot CD up 15 lctrl 0.55707416907
dorina SNARC dot CD down 5 num_decimal 0.498345191887
dorina SNARC dot CD down 35 num_decimal 0.558958729012
dorina SNARC dot CD up 30 lctrl 0.406170787676
dorina SNARC dot CD up 45 lctrl 0.39805265639
dorina SNARC dot CD down 40 num_decimal 0.444248697519
dorina SNARC dot CD up 25 lctrl 0.424771061838
dorina SNARC dot CD up 35 lctrl 0.418079036729
dorina SNARC dot CD down 20 num_decimal 0.441129112129
dorina SNARC dot CD down 45 num_decimal 0.430464287677
dorina SNARC dot CD up 5 lctrl 0.406215933123
dorina SNARC dot CD down 45 num_decimal 0.429542830606
dorina SNARC dot CD up 15 lctrl 0.442262647812
dorina SNARC dot CD up 5 lctrl 0.478574285783
dorina SNARC dot CD up 25 lctrl 0.421058286272
dorina SNARC dot CD up 25 lctrl 0.424976841086
dorina SNARC dot CD down 30 num_decimal 0.482834056185
dorina SNARC dot CD down 15 num_decimal 0.418642129941
dorina SNARC dot CD down 40 num_decimal 0.476139581323
dorina SNARC dot CD down 20 num_decimal 0.439126614081
dorina SNARC dot CD up 45 lctrl 0.493986031509
dorina SNARC dot CD up 25 lctrl 0.386947926302
dorina SNARC dot CD up 30 lctrl 0.429907143865
dorina SNARC dot CD down 10 num_decimal 0.486768009446
dorina SNARC dot CD down 10 num_decimal 0.627321884588
dorina SNARC dot CD down 25 num_decimal 0.487270208799
dorina SNARC dot CD down 20 num_decimal 0.383264897735
dorina SNARC dot CD down 5 num_decimal 0.668595672126
dorina SNARC dot CD down 5 num_decimal 0.467383464378
dorina SNARC dot CD down 45 num_decimal 0.445898431143
dorina SNARC dot CD down 15 num_decimal 0.401233835568
dorina SNARC dot CD down 35 num_decimal 0.420439198707
dorina SNARC dot CD down 10 num_decimal 0.531782569728
dorina SNARC dot CD down 15 num_decimal 0.405828172229
dorina SNARC dot CD down 10 num_decimal 0.35341080852
dorina SNARC dot CD down 5 num_decimal 0.410129238466
dorina SNARC dot CD up 5 lctrl 0.419239869659
dorina SNARC dot CD up 45 lctrl 0.392716394552
dorina SNARC dot CD up 5 lctrl 0.41588755774
dorina SNARC dot CD down 35 num_decimal 0.529574292433
dorina SNARC dot CD up 30 lctrl 0.349855517071
dorina SNARC dot CD down 35 num_decimal 0.357937951958
dorina SNARC dot CD up 15 lctrl 0.461721385398
dorina SNARC dot CD down 25 num_decimal 0.385856736348
dorina SNARC dot CD down 15 num_decimal 0.621204501526
dorina SNARC dot CD down 25 num_decimal 0.488359998894
dorina SNARC dot CD up 40 lctrl 0.387200250855
dorina SNARC dot CD down 40 num_decimal 0.46051680688
dorina SNARC dot CD up 5 lctrl 0.417822162635
dorina SNARC dot CD down 25 num_decimal 0.30993574298
dorina SNARC dot CD down 20 num_decimal 0.341351024749
dorina SNARC dot CD down 20 num_decimal 0.37696063352
dorina SNARC dot CD up 5 lctrl 0.49204967679
dorina SNARC dot CD up 45 lctrl 0.369463689587
dorina SNARC dot CD down 10 num_decimal 0.420585483954
dorina SNARC dot CD up 5 lctrl 0.380257651016
dorina SNARC dot CD down 10 num_decimal 0.439306145975
dorina SNARC dot CD down 25 num_decimal 0.444112561248
dorina SNARC dot CD down 5 num_decimal 0.537331610107
dorina SNARC dot CD up 45 lctrl 0.476258919288
dorina SNARC dot CD up 25 lctrl 2.17100675397
dorina SNARC dot CD down 25 num_decimal 1.02390888879
dorina SNARC dot CD down 30 num_decimal 0.875623593361
dorina SNARC dot CD up 20 lctrl 0.955343803577
dorina SNARC dot CD up 10 lctrl 0.462606796105
dorina SNARC dot CD up 30 lctrl 0.580488207764
dorina SNARC dot CD up 15 lctrl 0.761280674844
dorina SNARC dot CD up 25 lctrl 0.483694619398
dorina SNARC dot CD down 35 num_decimal 0.459192190468
dorina SNARC dot CD down 10 num_decimal 0.454627950771
dorina SNARC dot CD up 30 lctrl 0.419811711989
dorina SNARC dot CD down 30 num_decimal 0.325977425177
dorina SNARC dot CD down 30 num_decimal 0.433925088655
dorina SNARC dot CD up 20 lctrl 0.408929559454
dorina SNARC dot CD down 25 num_decimal 0.351816719284
dorina SNARC dot CD up 20 lctrl 0.4777739165
dorina SNARC dot CD up 35 lctrl 0.533846661564
dorina SNARC dot CD down 45 num_decimal 0.564771992745
dorina SNARC dot CD down 5 num_decimal 0.378535474697
dorina SNARC dot CD down 30 num_decimal 0.383563417629
dorina SNARC dot CD up 5 lctrl 0.460310327703
dorina SNARC dot CD up 20 lctrl 0.524257978583
dorina SNARC dot CD up 15 lctrl 0.474308915946
dorina SNARC dot CD up 35 lctrl 0.374326799142
dorina SNARC dot CD down 15 lctrl 0.331294788921
dorina SNARC dot CD up 40 lctrl 0.411325417832
dorina SNARC dot CD up 40 lctrl 0.510907175011
dorina SNARC dot CD up 20 lctrl 0.548022681913
dorina SNARC dot CD up 10 lctrl 0.499659659323
dorina SNARC dot CD down 20 num_decimal 0.445512420072
dorina SNARC dot CD up 10 lctrl 0.560609162566
dorina SNARC dot CD up 25 lctrl 0.56818204884
dorina SNARC dot CD down 40 num_decimal 0.419066987094
dorina SNARC dot CD up 35 lctrl 0.519010957745
dorina SNARC dot CD down 15 num_decimal 0.429832251417
dorina SNARC dot CD down 5 num_decimal 0.513435320048
dorina SNARC dot CD up 35 lctrl 0.374219359978
dorina SNARC dot CD down 20 num_decimal 0.447031616861
dorina SNARC dot CD up 5 lctrl 0.413501148409
dorina SNARC dot CD up 45 lctrl 0.425517186592
dorina SNARC dot CD down 25 num_decimal 0.591878159088
dorina SNARC dot CD up 20 lctrl 0.397750286884
dorina SNARC dot CD up 45 lctrl 0.478543488889
dorina SNARC dot CD down 40 num_decimal 0.507306388151
dorina SNARC dot CD up 10 lctrl 0.352546395696
dorina SNARC dot CD down 30 num_decimal 0.434833946996
dorina SNARC dot CD up 40 lctrl 0.388661353503
dorina SNARC dot CD down 5 num_decimal 0.357250621275
dorina SNARC dot CD up 20 lctrl 0.453146200206
dorina SNARC dot CD down 30 num_decimal 0.346402415316
dorina SNARC dot CD down 15 num_decimal 0.559031871636
dorina SNARC dot CD up 10 lctrl 0.420623630107
dorina SNARC dot CD up 40 lctrl 0.417859958823
dorina SNARC dot CD down 40 num_decimal 0.403795227251
dorina SNARC dot CD down 20 num_decimal 0.362323359689
dorina SNARC dot CD down 45 num_decimal 0.448419226921
dorina SNARC dot CD up 10 lctrl 0.590009697522
dorina SNARC dot CD up 20 lctrl 0.512403974059
dorina SNARC dot CD down 5 num_decimal 0.512911422883
dorina SNARC dot CD down 35 num_decimal 0.394590105588
dorina SNARC dot CD down 45 num_decimal 0.518330626356
dorina SNARC dot CD up 30 lctrl 0.459189040785
dorina SNARC dot CD down 5 num_decimal 0.487456390023
dorina SNARC dot CD up 40 lctrl 0.423460444014
dorina SNARC dot CD down 25 num_decimal 0.402723285357
dorina SNARC dot CD up 10 lctrl 0.571857728148
dorina SNARC dot CD up 25 lctrl 0.451670049076
dorina SNARC dot CD up 45 lctrl 0.413693978962
dorina SNARC dot CD down 45 num_decimal 0.526597842608
dorina SNARC dot CD down 10 num_decimal 0.57677263248
dorina SNARC dot CD up 40 lctrl 0.403641592745
dorina SNARC dot CD up 45 lctrl 0.472107987909
dorina SNARC dot CD up 40 lctrl 0.406075247311
dorina SNARC dot CD up 35 lctrl 0.597057986702
dorina SNARC dot CD down 25 num_decimal 0.628908624565
dorina SNARC dot CD up 15 lctrl 0.486119524846
dorina SNARC dot CD up 40 lctrl 0.442460727836
dorina SNARC dot CD up 35 lctrl 0.406297824864
dorina SNARC dot CD up 25 lctrl 0.384928979912
dorina SNARC dot CD down 30 num_decimal 0.418531891059
dorina SNARC dot CD up 25 lctrl 0.410441057019
dorina SNARC dot CD down 35 num_decimal 0.338866975266
dorina SNARC dot CD down 45 num_decimal 0.454118402159
dorina SNARC dot CD up 25 lctrl 0.407746678747
dorina SNARC dot CD down 40 num_decimal 0.419836559483
dorina SNARC dot CD down 10 num_decimal 0.534199425988
dorina SNARC dot CD down 20 num_decimal 0.466540049436
dorina SNARC dot CD down 15 num_decimal 0.351614789648
dorina SNARC dot CD down 45 num_decimal 0.370940890611
dorina SNARC dot CD up 5 lctrl 0.459756683538
dorina SNARC dot CD down 15 num_decimal 0.452285986958
dorina SNARC dot CD up 20 lctrl 0.397699542001
dorina SNARC dot CD down 25 num_decimal 0.448102858827
dorina SNARC dot CD down 35 num_decimal 0.614319645864
dorina SNARC dot CD down 15 num_decimal 0.408391313736
dorina SNARC dot CD up 10 lctrl 0.529513048609
dorina SNARC dot CD up 30 lctrl 0.360702323171
dorina SNARC dot CD up 20 lctrl 0.625745993517
dorina SNARC dot CD down 20 num_decimal 0.437854492374
dorina SNARC dot CD up 5 lctrl 0.391149252598
dorina SNARC dot CD down 5 num_decimal 0.41295835315
dorina SNARC dot CD up 40 lctrl 0.465610193212
dorina SNARC dot CD down 35 num_decimal 0.378375540827
dorina SNARC dot CD up 30 lctrl 0.369050731234
dorina SNARC dot CD up 10 lctrl 0.38428329503
dorina SNARC dot CD down 25 num_decimal 0.395174196682
dorina SNARC dot CD down 10 num_decimal 0.561153357684
dorina SNARC dot CD down 10 num_decimal 0.449161852027
dorina SNARC dot CD down 40 num_decimal 0.491040728543
dorina SNARC dot CD up 30 lctrl 0.606134671318
dorina SNARC dot CD down 30 num_decimal 0.433814849772
dorina SNARC dot CD down 20 num_decimal 0.452291936358
{'participant': u'dorina', 'notation': u'arabic', 'response_buttons': u'CD', 'range_in_instr': True, 'dateStr': u'04_01_1613', 'autopilot': False, 'exp_id': u'SNARC'}
dorina SNARC arabic CD up 8 lctrl 2.04916129208
dorina SNARC arabic CD up 1 lctrl 0.438265700904
dorina SNARC arabic CD up 6 lctrl 0.351258525578
dorina SNARC arabic CD down 4 num_decimal 0.471251974238
dorina SNARC arabic CD down 8 num_decimal 0.362187573383
dorina SNARC arabic CD down 4 num_decimal 0.429356649382
dorina SNARC arabic CD down 7 num_decimal 0.435335796385
dorina SNARC arabic CD down 2 num_decimal 0.391358881457
dorina SNARC arabic CD down 8 num_decimal 0.387360184725
dorina SNARC arabic CD down 2 num_decimal 0.391890127881
dorina SNARC arabic CD up 3 lctrl 0.535456499212
dorina SNARC arabic CD up 7 lctrl 0.576680591762
dorina SNARC arabic CD down 7 num_decimal 0.572094304289
dorina SNARC arabic CD down 4 num_decimal 0.407462507406
dorina SNARC arabic CD down 8 num_decimal 0.479888753219
dorina SNARC arabic CD up 4 lctrl 0.379570670298
dorina SNARC arabic CD down 3 num_decimal 0.417400105199
dorina SNARC arabic CD up 3 lctrl 0.436269152256
dorina SNARC arabic CD down 1 num_decimal 0.453815332724
dorina SNARC arabic CD up 3 lctrl 0.426284659192
dorina SNARC arabic CD up 7 lctrl 0.553963682763
dorina SNARC arabic CD up 7 lctrl 0.404399616299
dorina SNARC arabic CD up 2 lctrl 0.491362696072
dorina SNARC arabic CD down 3 num_decimal 0.533433703211
dorina SNARC arabic CD up 3 lctrl 0.480313610372
dorina SNARC arabic CD down 2 num_decimal 0.448585810121
dorina SNARC arabic CD down 7 num_decimal 0.546489486535
dorina SNARC arabic CD down 7 num_decimal 0.468695132096
dorina SNARC arabic CD up 1 lctrl 0.520347122993
dorina SNARC arabic CD up 7 lctrl 0.568543562382
dorina SNARC arabic CD down 5 num_decimal 0.496511026863
dorina SNARC arabic CD down 6 num_decimal 0.563812389521
dorina SNARC arabic CD up 8 lctrl 0.497911935581
dorina SNARC arabic CD down 4 num_decimal 1.40290666686
dorina SNARC arabic CD up 6 lctrl 0.522561699653
dorina SNARC arabic CD up 7 lctrl 0.457333177949
dorina SNARC arabic CD down 4 num_decimal 0.421256366295
dorina SNARC arabic CD down 6 num_decimal 0.393017014234
dorina SNARC arabic CD down 4 num_decimal 0.400324277297
dorina SNARC arabic CD down 8 num_decimal 0.407207033171
dorina SNARC arabic CD down 5 num_decimal 0.366697918515
dorina SNARC arabic CD up 8 lctrl 0.503586263325
dorina SNARC arabic CD down 5 num_decimal 0.426476789816
dorina SNARC arabic CD down 9 num_decimal 0.399990410967
dorina SNARC arabic CD down 8 num_decimal 0.504776493291
dorina SNARC arabic CD up 1 lctrl 0.468603091378
dorina SNARC arabic CD down 8 num_decimal 0.327411930507
dorina SNARC arabic CD down 2 num_decimal 0.392403526104
dorina SNARC arabic CD down 7 num_decimal 0.499279247688
dorina SNARC arabic CD up 8 lctrl 0.463086597717
dorina SNARC arabic CD up 6 lctrl 0.44619415132
dorina SNARC arabic CD up 9 lctrl 0.402319076121
dorina SNARC arabic CD down 5 num_decimal 0.434346446161
dorina SNARC arabic CD up 9 lctrl 0.589626486169
dorina SNARC arabic CD up 4 lctrl 0.54709142583
dorina SNARC arabic CD up 2 lctrl 0.482976141856
dorina SNARC arabic CD down 8 num_decimal 0.396752187542
dorina SNARC arabic CD up 1 lctrl 0.399228187837
dorina SNARC arabic CD down 8 num_decimal 0.445520469261
dorina SNARC arabic CD up 1 lctrl 0.352376662814
dorina SNARC arabic CD down 9 num_decimal 0.591591537993
dorina SNARC arabic CD up 6 lctrl 0.504272544114
dorina SNARC arabic CD up 8 lctrl 0.544664770558
dorina SNARC arabic CD up 5 lctrl 0.50419940149
dorina SNARC arabic CD down 7 num_decimal 0.502034519819
dorina SNARC arabic CD down 4 num_decimal 0.456405771478
dorina SNARC arabic CD up 6 lctrl 0.410747976067
dorina SNARC arabic CD down 1 num_decimal 0.540668873544
dorina SNARC arabic CD up 3 lctrl 0.558309194518
dorina SNARC arabic CD up 7 lctrl 0.575322378738
dorina SNARC arabic CD down 3 num_decimal 0.435386541267
dorina SNARC arabic CD down 2 num_decimal 0.390763591492
dorina SNARC arabic CD down 2 num_decimal 0.398148196754
dorina SNARC arabic CD up 2 lctrl 0.42267407332
dorina SNARC arabic CD down 5 num_decimal 0.469651935602
dorina SNARC arabic CD down 1 lctrl 0.309058031498
dorina SNARC arabic CD up 4 lctrl 0.456033758995
dorina SNARC arabic CD up 3 lctrl 0.580857420529
dorina SNARC arabic CD up 3 lctrl 0.807733240103
dorina SNARC arabic CD up 7 lctrl 0.451032063416
dorina SNARC arabic CD down 4 num_decimal 0.595226271431
dorina SNARC arabic CD up 2 lctrl 0.431186264865
dorina SNARC arabic CD down 2 num_decimal 0.422233817719
dorina SNARC arabic CD down 3 num_decimal 0.416544441493
dorina SNARC arabic CD down 5 num_decimal 0.489304553636
dorina SNARC arabic CD down 9 num_decimal 0.459709788268
dorina SNARC arabic CD up 6 lctrl 0.503020370396
dorina SNARC arabic CD down 4 num_decimal 0.340970963078
dorina SNARC arabic CD down 3 num_decimal 0.377966082121
dorina SNARC arabic CD up 6 lctrl 0.470461403967
dorina SNARC arabic CD down 2 num_decimal 0.343889668727
dorina SNARC arabic CD up 6 lctrl 0.307714866956
dorina SNARC arabic CD up 6 lctrl 0.63461129945
dorina SNARC arabic CD up 6 num_decimal 0.546494736006
dorina SNARC arabic CD down 4 num_decimal 0.393506964823
dorina SNARC arabic CD up 3 lctrl 0.438069370704
dorina SNARC arabic CD down 9 num_decimal 0.456150997172
dorina SNARC arabic CD up 6 lctrl 0.353333116355
dorina SNARC arabic CD up 2 lctrl 0.615691857476
dorina SNARC arabic CD up 1 lctrl 0.319108667891
dorina SNARC arabic CD up 6 num_decimal 0.344158091656
dorina SNARC arabic CD down 1 num_decimal 0.520973909781
dorina SNARC arabic CD up 7 lctrl 0.577300729221
dorina SNARC arabic CD down 6 num_decimal 0.568334283488
dorina SNARC arabic CD down 5 num_decimal 0.47495320097
dorina SNARC arabic CD up 9 lctrl 0.478230270477
dorina SNARC arabic CD down 4 num_decimal 0.460676740751
dorina SNARC arabic CD up 7 lctrl 0.428752610299
dorina SNARC arabic CD up 5 lctrl 0.517795180356
dorina SNARC arabic CD up 1 lctrl 0.428199666064
dorina SNARC arabic CD down 2 num_decimal 0.414550342598
dorina SNARC arabic CD up 1 lctrl 0.40986851476
dorina SNARC arabic CD down 7 num_decimal 0.369703415411
dorina SNARC arabic CD up 4 lctrl 0.360291114641
dorina SNARC arabic CD up 9 lctrl 0.412583890915
dorina SNARC arabic CD up 6 lctrl 0.399940366014
dorina SNARC arabic CD down 6 num_decimal 0.549431989784
dorina SNARC arabic CD down 9 num_decimal 0.509738292893
dorina SNARC arabic CD down 3 num_decimal 0.587905359744
dorina SNARC arabic CD up 3 lctrl 0.849292248877
dorina SNARC arabic CD down 9 num_decimal 0.533885157682
dorina SNARC arabic CD up 3 lctrl 0.47041695845
dorina SNARC arabic CD down 5 num_decimal 0.45289072597
dorina SNARC arabic CD up 4 lctrl 0.353939605191
dorina SNARC arabic CD down 5 num_decimal 0.546303305312
dorina SNARC arabic CD up 8 lctrl 0.339998061196
dorina SNARC arabic CD up 7 lctrl 0.43765711228
dorina SNARC arabic CD up 2 lctrl 0.351266574766
dorina SNARC arabic CD up 3 lctrl 0.343909616715
dorina SNARC arabic CD down 8 num_decimal 0.469653335461
dorina SNARC arabic CD down 6 num_decimal 0.451271089311
dorina SNARC arabic CD down 2 num_decimal 0.391916025269
dorina SNARC arabic CD up 9 lctrl 0.46925612552
dorina SNARC arabic CD up 1 lctrl 0.440643711082
dorina SNARC arabic CD up 6 lctrl 0.329869732637
dorina SNARC arabic CD up 1 lctrl 0.409388713148
dorina SNARC arabic CD up 4 lctrl 0.390407677386
dorina SNARC arabic CD down 5 num_decimal 0.464638341223
dorina SNARC arabic CD down 7 num_decimal 0.395757587847
dorina SNARC arabic CD up 6 lctrl 0.539634027908
dorina SNARC arabic CD up 1 lctrl 0.41639920614
dorina SNARC arabic CD down 5 num_decimal 0.489607973036
dorina SNARC arabic CD up 1 lctrl 0.42651353611
dorina SNARC arabic CD down 7 num_decimal 0.413090289844
dorina SNARC arabic CD down 1 num_decimal 0.423521687838
dorina SNARC arabic CD down 2 num_decimal 0.352728027378
dorina SNARC arabic CD up 1 lctrl 0.486323204305
dorina SNARC arabic CD down 6 num_decimal 0.496090019322
dorina SNARC arabic CD up 9 lctrl 0.607397693943
dorina SNARC arabic CD down 3 num_decimal 0.874750431419
dorina SNARC arabic CD down 3 num_decimal 0.483487440292
dorina SNARC arabic CD down 9 num_decimal 0.435291350867
dorina SNARC arabic CD up 7 lctrl 0.688429921842
dorina SNARC arabic CD down 6 num_decimal 0.438290198433
dorina SNARC arabic CD down 1 num_decimal 0.696628545011
dorina SNARC arabic CD down 9 num_decimal 0.392936172387
dorina SNARC arabic CD up 7 lctrl 0.423891250567
dorina SNARC arabic CD up 5 lctrl 0.551474033844
dorina SNARC arabic CD up 2 lctrl 0.498527173535
dorina SNARC arabic CD up 5 lctrl 0.494703809121
dorina SNARC arabic CD up 4 lctrl 0.389822536397
dorina SNARC arabic CD down 4 num_decimal 0.36529281022
dorina SNARC arabic CD up 7 lctrl 0.370250760211
dorina SNARC arabic CD down 8 num_decimal 0.334364679322
dorina SNARC arabic CD down 5 num_decimal 0.43209092363
dorina SNARC arabic CD up 9 lctrl 0.445757045402
dorina SNARC arabic CD up 9 lctrl 0.444502071966
dorina SNARC arabic CD down 1 num_decimal 0.476234421759
dorina SNARC arabic CD down 9 num_decimal 0.40125483345
dorina SNARC arabic CD down 1 num_decimal 0.645074544232
dorina SNARC arabic CD down 3 num_decimal 0.426843552828
dorina SNARC arabic CD up 9 lctrl 0.670977881881
dorina SNARC arabic CD up 1 lctrl 0.478184425101
dorina SNARC arabic CD up 3 num_decimal 0.450031164357
dorina SNARC arabic CD down 3 num_decimal 0.391050212586
dorina SNARC arabic CD up 1 lctrl 0.458131797408
dorina SNARC arabic CD down 1 num_decimal 0.442021522129
dorina SNARC arabic CD down 6 num_decimal 0.454844928889
dorina SNARC arabic CD up 3 lctrl 0.734836641725
dorina SNARC arabic CD up 8 lctrl 0.525992403666
dorina SNARC arabic CD up 6 lctrl 0.408082294901
dorina SNARC arabic CD up 3 lctrl 0.413498348692
dorina SNARC arabic CD down 1 num_decimal 0.546994135641
dorina SNARC arabic CD down 9 num_decimal 0.451116404911
dorina SNARC arabic CD down 4 num_decimal 0.537796713201
dorina SNARC arabic CD up 8 lctrl 0.464461259082
dorina SNARC arabic CD down 5 num_decimal 0.462541702669
dorina SNARC arabic CD up 6 lctrl 0.637278380475
dorina SNARC arabic CD down 2 num_decimal 0.591422855005
dorina SNARC arabic CD up 5 lctrl 0.660046034357
dorina SNARC arabic CD up 4 lctrl 0.373357046942
dorina SNARC arabic CD up 1 lctrl 0.490736959178
dorina SNARC arabic CD up 6 lctrl 0.50362300962
dorina SNARC arabic CD down 3 num_decimal 0.511592755871
dorina SNARC arabic CD up 3 lctrl 0.787299150881
dorina SNARC arabic CD down 5 num_decimal 0.542772861357
dorina SNARC arabic CD up 5 num_decimal 0.532975249446
dorina SNARC arabic CD up 7 lctrl 0.621454376326
dorina SNARC arabic CD down 8 num_decimal 0.510479168176
dorina SNARC arabic CD up 2 lctrl 0.464437811447
dorina SNARC arabic CD up 5 lctrl 0.465291375365
dorina SNARC arabic CD up 5 lctrl 0.363610529878
dorina SNARC arabic CD down 8 num_decimal 0.502080365195
dorina SNARC arabic CD up 2 lctrl 0.338357776618
dorina SNARC arabic CD down 2 num_decimal 0.532154232246
dorina SNARC arabic CD down 8 num_decimal 0.593210824688
dorina SNARC arabic CD up 1 lctrl 0.46339771634
dorina SNARC arabic CD up 8 lctrl 0.432249807607
dorina SNARC arabic CD down 2 num_decimal 0.366633874974
dorina SNARC arabic CD down 6 num_decimal 0.414579739633
dorina SNARC arabic CD down 5 num_decimal 0.430689664947
dorina SNARC arabic CD down 8 num_decimal 0.402469910909
dorina SNARC arabic CD up 9 lctrl 0.475474998346
dorina SNARC arabic CD up 6 lctrl 0.446794340791
dorina SNARC arabic CD up 7 lctrl 0.431337449618
dorina SNARC arabic CD up 8 lctrl 0.378589019297
dorina SNARC arabic CD down 9 num_decimal 0.472801967921
dorina SNARC arabic CD down 4 num_decimal 0.345446311739
dorina SNARC arabic CD up 8 lctrl 0.450690147899
dorina SNARC arabic CD down 3 num_decimal 0.349884914106
dorina SNARC arabic CD down 7 num_decimal 0.441969377388
dorina SNARC arabic CD up 3 lctrl 0.397465065648
dorina SNARC arabic CD down 5 num_decimal 0.429635921217
dorina SNARC arabic CD down 7 num_decimal 0.387148106113
dorina SNARC arabic CD up 4 lctrl 0.50419940149
dorina SNARC arabic CD down 9 num_decimal 0.388915777844
dorina SNARC arabic CD down 4 num_decimal 0.491180014496
dorina SNARC arabic CD down 1 num_decimal 0.417828112035
dorina SNARC arabic CD up 5 lctrl 0.533172279576
dorina SNARC arabic CD up 8 lctrl 0.466572246189
dorina SNARC arabic CD down 9 num_decimal 0.41088726202
dorina SNARC arabic CD down 5 num_decimal 0.416817763929
dorina SNARC arabic CD down 3 num_decimal 0.489250309106
dorina SNARC arabic CD up 8 lctrl 0.728141466933
dorina SNARC arabic CD up 6 lctrl 0.729577372122
dorina SNARC arabic CD up 9 lctrl 1.30182916053
dorina SNARC arabic CD down 1 num_decimal 0.41831561287
dorina SNARC arabic CD down 3 num_decimal 0.50558036222
dorina SNARC arabic CD down 7 num_decimal 0.62612255554
dorina SNARC arabic CD down 2 num_decimal 0.650296017647
dorina SNARC arabic CD down 5 num_decimal 0.417855059317
dorina SNARC arabic CD down 3 num_decimal 0.409626689148
dorina SNARC arabic CD up 8 lctrl 0.44309836353
dorina SNARC arabic CD down 9 num_decimal 0.357468649287
dorina SNARC arabic CD up 2 lctrl 0.390715646327
dorina SNARC arabic CD down 9 num_decimal 0.455244588583
dorina SNARC arabic CD up 1 lctrl 0.537134929942
dorina SNARC arabic CD up 6 lctrl 0.442215402577
dorina SNARC arabic CD up 5 lctrl 0.384066316912
dorina SNARC arabic CD up 7 lctrl 0.459354574091
dorina SNARC arabic CD down 7 num_decimal 0.443277895424
dorina SNARC arabic CD up 3 lctrl 0.502183604783
dorina SNARC arabic CD down 2 num_decimal 0.443203702907
dorina SNARC arabic CD up 8 lctrl 0.477672426736
dorina SNARC arabic CD up 4 lctrl 0.444796042319
dorina SNARC arabic CD up 4 lctrl 0.387091761796
dorina SNARC arabic CD down 4 num_decimal 0.439237902857
dorina SNARC arabic CD up 9 lctrl 0.394522912364
dorina SNARC arabic CD up 5 lctrl 0.514739638507
dorina SNARC arabic CD down 4 num_decimal 0.43625235395
dorina SNARC arabic CD up 5 lctrl 0.352732226955
dorina SNARC arabic CD up 5 lctrl 0.675982377177
dorina SNARC arabic CD down 5 num_decimal 0.512333281189
dorina SNARC arabic CD up 6 lctrl 0.504111560349
dorina SNARC arabic CD up 2 lctrl 0.416434552575
dorina SNARC arabic CD up 2 lctrl 0.389515967315
dorina SNARC arabic CD down 2 num_decimal 0.468001152084
dorina SNARC arabic CD up 2 lctrl 0.339472064242
dorina SNARC arabic CD down 9 num_decimal 0.462354471552
dorina SNARC arabic CD up 8 lctrl 0.391768340163
dorina SNARC arabic CD up 6 lctrl 0.497917884981
dorina SNARC arabic CD down 3 num_decimal 0.477497094418
dorina SNARC arabic CD up 1 lctrl 0.316127668525
dorina SNARC arabic CD up 2 lctrl 0.543218716392
dorina SNARC arabic CD up 8 lctrl 0.480535138031
dorina SNARC arabic CD up 5 lctrl 0.423603929544
dorina SNARC arabic CD down 7 num_decimal 0.452857829288
dorina SNARC arabic CD up 8 lctrl 0.411074143173
dorina SNARC arabic CD down 6 num_decimal 0.350834368354
dorina SNARC arabic CD up 9 lctrl 0.347498504776
dorina SNARC arabic CD down 8 num_decimal 0.454796283795
dorina SNARC arabic CD down 4 num_decimal 0.579250032634
dorina SNARC arabic CD up 7 lctrl 0.384339289383
dorina SNARC arabic CD up 2 lctrl 0.47376192111
dorina SNARC arabic CD up 3 lctrl 0.341951564185
dorina SNARC arabic CD up 5 lctrl 0.505058914808
dorina SNARC arabic CD up 1 lctrl 0.321660960492
dorina SNARC arabic CD down 9 num_decimal 1.2438344093
dorina SNARC arabic CD up 3 lctrl 0.502709601737
dorina SNARC arabic CD down 4 num_decimal 0.39729638266
dorina SNARC arabic CD down 2 num_decimal 0.456610500831
dorina SNARC arabic CD up 1 lctrl 0.43925295134
dorina SNARC arabic CD down 8 num_decimal 0.684019666617
dorina SNARC arabic CD down 7 num_decimal 0.66575745836
dorina SNARC arabic CD up 5 lctrl 0.672057872964
dorina SNARC arabic CD up 7 lctrl 0.383999823618
dorina SNARC arabic CD up 7 lctrl 0.392210695551
dorina SNARC arabic CD up 1 lctrl 0.35261883839
dorina SNARC arabic CD down 5 num_decimal 1.02701902513
dorina SNARC arabic CD up 4 lctrl 0.716557285198
dorina SNARC arabic CD up 2 lctrl 0.49152018019
dorina SNARC arabic CD up 6 lctrl 0.415007046539
dorina SNARC arabic CD down 9 num_decimal 0.478026591018
dorina SNARC arabic CD down 2 num_decimal 0.407198983982
dorina SNARC arabic CD down 6 num_decimal 0.441563068365
dorina SNARC arabic CD down 4 num_decimal 0.383589315018
dorina SNARC arabic CD down 1 num_decimal 0.349743178401
dorina SNARC arabic CD up 8 lctrl 0.501915881783
dorina SNARC arabic CD down 8 num_decimal 0.381905984781
dorina SNARC arabic CD up 9 lctrl 0.428315854346
dorina SNARC arabic CD down 4 num_decimal 0.330103859026
dorina SNARC arabic CD up 7 lctrl 0.3135022333
dorina SNARC arabic CD down 7 num_decimal 0.346776177622
dorina SNARC arabic CD down 2 num_decimal 0.481552135467
dorina SNARC arabic CD down 4 num_decimal 0.352781571978
dorina SNARC arabic CD down 8 num_decimal 0.36001814217
dorina SNARC arabic CD down 5 num_decimal 0.351708930154
dorina SNARC arabic CD down 3 num_decimal 0.334512714393
dorina SNARC arabic CD down 5 num_decimal 0.357663229663
dorina SNARC arabic CD up 1 lctrl 0.405203835193
dorina SNARC arabic CD down 4 num_decimal 0.436801798539
dorina SNARC arabic CD up 4 lctrl 0.419733669859
dorina SNARC arabic CD down 8 num_decimal 0.325367436694
dorina SNARC arabic CD up 7 lctrl 0.306236966002
dorina SNARC arabic CD up 3 lctrl 0.463422563834
dorina SNARC arabic CD down 2 lctrl 0.294519797678
dorina SNARC arabic CD down 4 num_decimal 0.589945653981
dorina SNARC arabic CD down 7 lctrl 0.391089408633
dorina SNARC arabic CD up 1 lctrl 0.610618419132
dorina SNARC arabic CD down 9 num_decimal 0.381704055146
dorina SNARC arabic CD up 5 lctrl 0.442216452471
dorina SNARC arabic CD down 9 num_decimal 0.441745749941
dorina SNARC arabic CD up 6 lctrl 0.467903161966
dorina SNARC arabic CD down 9 num_decimal 0.327164855424
dorina SNARC arabic CD up 6 lctrl 0.391762040798
dorina SNARC arabic CD up 3 lctrl 0.510819683835
dorina SNARC arabic CD down 2 num_decimal 0.46328467774
dorina SNARC arabic CD up 8 lctrl 0.403016905745
dorina SNARC arabic CD up 4 lctrl 0.395717341906
dorina SNARC arabic CD up 6 lctrl 0.341949114432
dorina SNARC arabic CD up 4 lctrl 0.363371503984
dorina SNARC arabic CD up 9 lctrl 0.383217302535
dorina SNARC arabic CD up 2 lctrl 0.401775230968
dorina SNARC arabic CD down 6 num_decimal 0.462084998728
dorina SNARC arabic CD down 5 lctrl 0.387501220502
dorina SNARC arabic CD down 7 num_decimal 0.467834918848
dorina SNARC arabic CD up 2 lctrl 0.434553625267
dorina SNARC arabic CD up 7 lctrl 0.505496720656
dorina SNARC arabic CD up 3 lctrl 0.47404154291
dorina SNARC arabic CD down 9 num_decimal 0.418367757612
dorina SNARC arabic CD down 1 num_decimal 0.367259611868
dorina SNARC arabic CD up 6 lctrl 0.443417531342
dorina SNARC arabic CD up 9 lctrl 0.445977873131
dorina SNARC arabic CD up 3 lctrl 0.377192310156
dorina SNARC arabic CD down 1 num_decimal 0.453746389677
dorina SNARC arabic CD down 9 num_decimal 0.441290445859
dorina SNARC arabic CD down 1 num_decimal 0.458539506291
dorina SNARC arabic CD up 4 lctrl 0.511640351071
dorina SNARC arabic CD up 8 lctrl 0.377009978544
dorina SNARC arabic CD up 9 lctrl 0.395596954047
{'participant': u'dorina', 'notation': u'dot', 'response_buttons': u'DC', 'range_in_instr': True, 'dateStr': u'04_01_1620', 'autopilot': False, 'exp_id': u'SNARC'}
dorina SNARC dot DC down 30 lctrl 1.7263272499
dorina SNARC dot DC up 35 num_decimal 0.629359029142
dorina SNARC dot DC up 40 num_decimal 0.450532663781
dorina SNARC dot DC down 30 lctrl 0.512333281189
dorina SNARC dot DC down 25 lctrl 0.609684363332
dorina SNARC dot DC down 40 lctrl 0.475056090593
dorina SNARC dot DC up 35 num_decimal 0.444700501954
dorina SNARC dot DC down 20 lctrl 0.392243592234
dorina SNARC dot DC down 40 lctrl 0.398978313037
dorina SNARC dot DC down 20 lctrl 0.52451135303
dorina SNARC dot DC up 45 num_decimal 0.516087002626
dorina SNARC dot DC up 35 num_decimal 0.398437967531
dorina SNARC dot DC up 15 num_decimal 0.396667146118
dorina SNARC dot DC up 15 num_decimal 0.379999727028
dorina SNARC dot DC down 20 lctrl 0.565192650321
dorina SNARC dot DC down 5 lctrl 0.404525253628
dorina SNARC dot DC up 35 num_decimal 0.461589448704
dorina SNARC dot DC down 10 lctrl 0.516989561603
dorina SNARC dot DC down 15 lctrl 0.382120863111
dorina SNARC dot DC up 30 num_decimal 0.464351720129
dorina SNARC dot DC up 5 num_decimal 0.98412315118
dorina SNARC dot DC up 30 num_decimal 0.625976270293
dorina SNARC dot DC down 5 lctrl 0.580307625976
dorina SNARC dot DC up 25 num_decimal 0.513607152719
dorina SNARC dot DC up 10 num_decimal 0.442444279494
dorina SNARC dot DC down 20 lctrl 0.438924334481
dorina SNARC dot DC up 35 num_decimal 0.434153265643
dorina SNARC dot DC down 5 lctrl 0.434207510173
dorina SNARC dot DC down 30 lctrl 0.481269363985
dorina SNARC dot DC down 20 lctrl 0.431806752289
dorina SNARC dot DC down 45 lctrl 0.690000213478
dorina SNARC dot DC down 30 lctrl 0.379362441298
dorina SNARC dot DC down 20 lctrl 0.377577271332
dorina SNARC dot DC up 45 num_decimal 0.511060459553
dorina SNARC dot DC up 40 num_decimal 0.432989632996
dorina SNARC dot DC down 5 lctrl 0.43420506042
dorina SNARC dot DC down 35 lctrl 0.407772226171
dorina SNARC dot DC up 45 num_decimal 0.516780982638
dorina SNARC dot DC up 15 num_decimal 0.442483825506
dorina SNARC dot DC down 40 lctrl 0.568341982711
dorina SNARC dot DC down 25 lctrl 0.789148714352
dorina SNARC dot DC down 45 lctrl 0.475101586005
dorina SNARC dot DC up 15 num_decimal 0.458180442502
dorina SNARC dot DC down 5 lctrl 0.913748398474
dorina SNARC dot DC down 25 lctrl 0.625675300646
dorina SNARC dot DC up 10 num_decimal 0.602007187575
dorina SNARC dot DC down 25 lctrl 0.463982857329
dorina SNARC dot DC up 5 num_decimal 0.503852236502
dorina SNARC dot DC down 30 lctrl 0.454023911688
dorina SNARC dot DC down 45 lctrl 0.449638153992
dorina SNARC dot DC up 5 num_decimal 0.457843076526
dorina SNARC dot DC up 45 num_decimal 0.475784017182
dorina SNARC dot DC up 30 num_decimal 0.363675273349
dorina SNARC dot DC down 35 lctrl 0.453308933794
dorina SNARC dot DC up 15 num_decimal 0.33340227638
dorina SNARC dot DC down 45 lctrl 0.569948670677
dorina SNARC dot DC down 10 lctrl 0.686665399794
dorina SNARC dot DC up 20 num_decimal 0.416890556587
dorina SNARC dot DC down 25 lctrl 0.470211179203
dorina SNARC dot DC up 30 num_decimal 0.379237153933
dorina SNARC dot DC up 35 num_decimal 0.436154013868
dorina SNARC dot DC down 30 lctrl 0.449501317792
dorina SNARC dot DC down 40 lctrl 0.398650746072
dorina SNARC dot DC up 45 num_decimal 0.610822448556
dorina SNARC dot DC down 5 lctrl 0.57528458255
dorina SNARC dot DC up 45 num_decimal 0.428388647005
dorina SNARC dot DC up 10 num_decimal 0.403431613922
dorina SNARC dot DC down 15 lctrl 0.43420506042
dorina SNARC dot DC up 30 num_decimal 0.808450317785
dorina SNARC dot DC down 40 lctrl 0.539748816332
dorina SNARC dot DC up 30 num_decimal 0.468098442272
dorina SNARC dot DC up 30 num_decimal 0.468299671978
dorina SNARC dot DC down 30 lctrl 0.466419311612
dorina SNARC dot DC up 10 num_decimal 0.431351448206
dorina SNARC dot DC up 15 num_decimal 0.42878760677
dorina SNARC dot DC down 5 lctrl 0.532658181422
dorina SNARC dot DC down 15 lctrl 0.900035381432
dorina SNARC dot DC down 5 lctrl 0.383394034712
dorina SNARC dot DC down 35 lctrl 0.428183567687
dorina SNARC dot DC up 25 num_decimal 0.348138940188
dorina SNARC dot DC down 25 lctrl 0.371548429341
dorina SNARC dot DC down 30 lctrl 0.44807556158
dorina SNARC dot DC down 20 lctrl 0.568002516946
dorina SNARC dot DC up 25 num_decimal 0.424352154085
dorina SNARC dot DC up 35 num_decimal 0.464760478906
dorina SNARC dot DC up 15 num_decimal 0.414549292704
dorina SNARC dot DC up 30 num_decimal 0.467735878837
dorina SNARC dot DC up 25 num_decimal 0.40958889296
dorina SNARC dot DC up 15 num_decimal 0.490312801954
dorina SNARC dot DC down 45 lctrl 0.471395809733
dorina SNARC dot DC down 5 lctrl 0.49158492366
dorina SNARC dot DC down 40 lctrl 0.452851529923
dorina SNARC dot DC down 15 lctrl 0.338609751207
dorina SNARC dot DC up 40 num_decimal 0.459848724256
dorina SNARC dot DC up 30 num_decimal 0.39109885768
dorina SNARC dot DC down 40 lctrl 0.457127048737
dorina SNARC dot DC down 40 lctrl 0.527859815338
dorina SNARC dot DC up 15 num_decimal 0.435644465256
dorina SNARC dot DC up 30 num_decimal 0.525524150889
dorina SNARC dot DC up 10 num_decimal 0.455566556113
dorina SNARC dot DC down 20 lctrl 0.446749895273
dorina SNARC dot DC down 30 lctrl 0.499144511276
dorina SNARC dot DC down 10 lctrl 0.549324550619
dorina SNARC dot DC up 25 num_decimal 0.450155751792
dorina SNARC dot DC up 30 num_decimal 0.32589063393
dorina SNARC dot DC up 35 num_decimal 0.392723043881
dorina SNARC dot DC up 30 num_decimal 0.312033781393
dorina SNARC dot DC up 15 num_decimal 0.386894381702
dorina SNARC dot DC up 10 num_decimal 0.335779936593
dorina SNARC dot DC up 5 num_decimal 0.588242025792
dorina SNARC dot DC up 15 num_decimal 0.416841561529
dorina SNARC dot DC down 40 lctrl 0.40289826771
dorina SNARC dot DC down 10 lctrl 0.37672265752
dorina SNARC dot DC up 20 num_decimal 0.305624177802
dorina SNARC dot DC up 35 num_decimal 0.411140636467
dorina SNARC dot DC down 25 lctrl 0.486750161246
dorina SNARC dot DC up 15 num_decimal 0.599341856374
dorina SNARC dot DC down 40 lctrl 0.545289107594
dorina SNARC dot DC down 15 lctrl 0.454816231783
dorina SNARC dot DC up 10 num_decimal 0.41320227855
dorina SNARC dot DC down 20 lctrl 0.521882768123
dorina SNARC dot DC down 15 lctrl 0.472193029333
dorina SNARC dot DC up 25 num_decimal 0.434945935702
dorina SNARC dot DC down 20 lctrl 0.534798915529
dorina SNARC dot DC down 15 lctrl 0.513310032683
dorina SNARC dot DC down 5 lctrl 0.425362852156
dorina SNARC dot DC up 20 num_decimal 0.432296002948
dorina SNARC dot DC down 45 lctrl 0.444719400049
dorina SNARC dot DC down 25 lctrl 1.11795910382
dorina SNARC dot DC down 45 lctrl 0.815920664401
dorina SNARC dot DC down 45 lctrl 0.538145278049
dorina SNARC dot DC down 25 lctrl 0.423014239014
dorina SNARC dot DC down 5 lctrl 0.348837469741
dorina SNARC dot DC down 30 lctrl 0.389030566267
dorina SNARC dot DC down 5 lctrl 0.352374563025
dorina SNARC dot DC up 45 num_decimal 0.371893144576
dorina SNARC dot DC down 40 lctrl 0.348372016682
dorina SNARC dot DC down 25 num_decimal 0.419584934859
dorina SNARC dot DC up 30 num_decimal 0.913331590509
dorina SNARC dot DC down 20 lctrl 0.370348400364
dorina SNARC dot DC down 15 lctrl 0.405828522194
dorina SNARC dot DC down 35 lctrl 0.367949392304
dorina SNARC dot DC up 10 num_decimal 0.485981988716
dorina SNARC dot DC down 35 lctrl 0.413358712774
dorina SNARC dot DC up 45 num_decimal 0.469372663767
dorina SNARC dot DC down 15 lctrl 0.426631124251
dorina SNARC dot DC down 5 lctrl 0.403820074745
dorina SNARC dot DC down 20 lctrl 0.455318431136
dorina SNARC dot DC up 35 num_decimal 0.435026777549
dorina SNARC dot DC down 40 lctrl 0.319760302174
dorina SNARC dot DC down 20 lctrl 0.399873172791
dorina SNARC dot DC up 35 num_decimal 0.482753914268
dorina SNARC dot DC up 25 num_decimal 0.467307172072
dorina SNARC dot DC up 20 num_decimal 0.55080525129
dorina SNARC dot DC up 5 num_decimal 0.36785840148
dorina SNARC dot DC down 20 lctrl 0.454203443583
dorina SNARC dot DC down 10 lctrl 0.446518568602
dorina SNARC dot DC down 30 lctrl 0.381590316617
dorina SNARC dot DC up 5 num_decimal 0.498133813205
dorina SNARC dot DC down 25 lctrl 0.394470067694
dorina SNARC dot DC up 10 num_decimal 0.319792498926
dorina SNARC dot DC down 45 lctrl 0.300368057881
dorina SNARC dot DC down 40 lctrl 0.487147021223
dorina SNARC dot DC down 20 num_decimal 0.349920610506
dorina SNARC dot DC down 10 lctrl 0.576996959857
dorina SNARC dot DC up 30 num_decimal 0.44328279493
dorina SNARC dot DC up 40 num_decimal 0.397180544342
dorina SNARC dot DC down 35 lctrl 0.380391687498
dorina SNARC dot DC up 35 num_decimal 0.526086894137
dorina SNARC dot DC up 45 num_decimal 0.453806933571
dorina SNARC dot DC down 45 lctrl 0.406621192253
dorina SNARC dot DC down 10 lctrl 0.496370341051
dorina SNARC dot DC up 35 num_decimal 0.537293463954
dorina SNARC dot DC down 15 lctrl 0.497957081028
dorina SNARC dot DC down 25 lctrl 0.542245464545
dorina SNARC dot DC down 15 lctrl 0.309468890062
dorina SNARC dot DC up 15 num_decimal 0.451841531781
dorina SNARC dot DC up 40 num_decimal 0.364716768314
dorina SNARC dot DC up 15 num_decimal 0.35863123204
dorina SNARC dot DC up 40 num_decimal 0.336957217865
dorina SNARC dot DC up 20 num_decimal 0.312389345534
dorina SNARC dot DC up 25 num_decimal 0.319792848891
dorina SNARC dot DC up 15 num_decimal 0.309884298169
dorina SNARC dot DC down 10 lctrl 0.491979683849
dorina SNARC dot DC up 15 num_decimal 0.474676728852
dorina SNARC dot DC down 35 lctrl 0.391887328163
dorina SNARC dot DC up 20 num_decimal 0.350163835977
dorina SNARC dot DC down 20 lctrl 0.401489309803
dorina SNARC dot DC down 30 lctrl 0.454337480065
dorina SNARC dot DC down 40 lctrl 0.37378820346
dorina SNARC dot DC up 10 num_decimal 0.440645460905
dorina SNARC dot DC down 5 lctrl 0.398746286437
dorina SNARC dot DC down 40 lctrl 0.425338704592
dorina SNARC dot DC up 45 num_decimal 0.421986042708
dorina SNARC dot DC down 5 lctrl 0.359648579441
dorina SNARC dot DC down 10 lctrl 0.40661804257
dorina SNARC dot DC down 10 lctrl 0.567922025064
dorina SNARC dot DC down 10 lctrl 0.374839847401
dorina SNARC dot DC up 40 num_decimal 0.477251419194
dorina SNARC dot DC up 45 num_decimal 0.374162665695
dorina SNARC dot DC down 30 lctrl 0.431309452442
dorina SNARC dot DC down 40 lctrl 0.371748259188
dorina SNARC dot DC down 45 lctrl 0.400370822603
dorina SNARC dot DC up 5 num_decimal 0.483517537256
dorina SNARC dot DC up 35 num_decimal 0.518429666368
dorina SNARC dot DC down 35 lctrl 0.525631940019
dorina SNARC dot DC down 20 lctrl 0.400473012297
dorina SNARC dot DC up 20 num_decimal 0.41685730994
dorina SNARC dot DC up 25 num_decimal 0.38059781671
dorina SNARC dot DC down 5 lctrl 0.430218612453
dorina SNARC dot DC down 10 lctrl 0.413346813974
dorina SNARC dot DC up 30 num_decimal 0.41327962075
dorina SNARC dot DC down 20 lctrl 0.389576511209
dorina SNARC dot DC up 5 num_decimal 0.330608858097
dorina SNARC dot DC up 15 num_decimal 0.518213038215
dorina SNARC dot DC up 45 num_decimal 0.512150949577
dorina SNARC dot DC down 35 lctrl 0.501021721959
dorina SNARC dot DC up 30 num_decimal 0.36835220168
dorina SNARC dot DC up 25 num_decimal 0.347244430399
dorina SNARC dot DC down 15 lctrl 0.602446043316
dorina SNARC dot DC up 5 num_decimal 0.369373748657
dorina SNARC dot DC down 10 lctrl 0.329083361943
dorina SNARC dot DC down 10 lctrl 0.408644688183
dorina SNARC dot DC up 35 num_decimal 0.525098943772
dorina SNARC dot DC down 25 lctrl 0.477192625124
dorina SNARC dot DC up 25 num_decimal 0.770256569625
dorina SNARC dot DC up 25 num_decimal 0.425784909592
dorina SNARC dot DC down 5 lctrl 0.438409886363
dorina SNARC dot DC up 5 num_decimal 0.380700006404
dorina SNARC dot DC down 10 lctrl 0.428492936487
dorina SNARC dot DC down 40 lctrl 0.426265761098
dorina SNARC dot DC up 45 num_decimal 0.710927053007
dorina SNARC dot DC down 15 lctrl 0.457143147114
dorina SNARC dot DC up 20 num_decimal 0.484934194386
dorina SNARC dot DC up 10 num_decimal 0.446659254414
dorina SNARC dot DC up 45 num_decimal 0.426317555874
dorina SNARC dot DC up 15 num_decimal 0.455530859713
dorina SNARC dot DC up 25 num_decimal 0.451650451052
dorina SNARC dot DC down 20 lctrl 0.483254013833
dorina SNARC dot DC up 30 num_decimal 0.538115531049
dorina SNARC dot DC up 15 num_decimal 0.510941471553
dorina SNARC dot DC down 40 lctrl 0.488069178223
dorina SNARC dot DC down 30 lctrl 0.589690879675
dorina SNARC dot DC down 35 lctrl 0.387137257208
dorina SNARC dot DC down 10 lctrl 0.389501968726
dorina SNARC dot DC up 25 num_decimal 0.502458677042
dorina SNARC dot DC down 25 lctrl 0.932575799731
dorina SNARC dot DC up 15 num_decimal 0.428492586523
dorina SNARC dot DC up 5 num_decimal 0.523413863712
dorina SNARC dot DC up 40 num_decimal 0.481777862703
dorina SNARC dot DC up 5 num_decimal 0.346664188917
dorina SNARC dot DC down 35 lctrl 0.407601443394
dorina SNARC dot DC up 5 num_decimal 0.353983000814
dorina SNARC dot DC down 20 lctrl 0.355959601474
dorina SNARC dot DC up 40 num_decimal 0.337785934288
dorina SNARC dot DC down 5 lctrl 0.53735785746
dorina SNARC dot DC down 15 lctrl 0.465652188977
dorina SNARC dot DC down 20 lctrl 0.391716895351
dorina SNARC dot DC up 45 num_decimal 0.513839529283
dorina SNARC dot DC down 25 lctrl 0.381615514075
dorina SNARC dot DC up 30 num_decimal 0.428626623005
dorina SNARC dot DC up 40 lctrl 0.28324323492
dorina SNARC dot DC down 10 lctrl 0.481243466596
dorina SNARC dot DC down 5 lctrl 0.482319258103
dorina SNARC dot DC down 25 lctrl 0.593461049453
dorina SNARC dot DC down 30 lctrl 0.423218268438
dorina SNARC dot DC up 45 num_decimal 0.47122082738
dorina SNARC dot DC up 40 num_decimal 0.397531208978
dorina SNARC dot DC up 5 num_decimal 0.394037861282
dorina SNARC dot DC down 15 lctrl 0.447504419179
dorina SNARC dot DC up 45 num_decimal 0.344359321362
dorina SNARC dot DC up 45 num_decimal 0.406878766276
dorina SNARC dot DC up 10 num_decimal 0.35490550778
dorina SNARC dot DC down 35 lctrl 0.407399513759
dorina SNARC dot DC up 35 num_decimal 0.507531765422
dorina SNARC dot DC up 25 num_decimal 0.35309549032
dorina SNARC dot DC down 5 lctrl 0.359053989405
dorina SNARC dot DC down 25 lctrl 0.428756459911
dorina SNARC dot DC down 10 lctrl 0.42146494526
dorina SNARC dot DC up 20 num_decimal 0.445290892413
dorina SNARC dot DC down 35 lctrl 0.334251640722
dorina SNARC dot DC down 10 lctrl 0.405423263064
dorina SNARC dot DC down 5 lctrl 0.399329327637
dorina SNARC dot DC up 45 num_decimal 0.43822300521
dorina SNARC dot DC down 40 lctrl 0.38448557463
dorina SNARC dot DC up 15 num_decimal 0.406295025147
dorina SNARC dot DC down 35 lctrl 0.438686708445
dorina SNARC dot DC up 45 num_decimal 0.534404505306
dorina SNARC dot DC up 35 num_decimal 0.641756878819
dorina SNARC dot DC up 25 num_decimal 0.356985348028
dorina SNARC dot DC down 30 lctrl 0.391528964304
dorina SNARC dot DC down 35 lctrl 0.390724745409
dorina SNARC dot DC down 20 lctrl 0.386263395337
dorina SNARC dot DC up 45 num_decimal 0.503901581525
dorina SNARC dot DC down 20 lctrl 0.479989893019
dorina SNARC dot DC down 45 lctrl 0.418196974835
dorina SNARC dot DC down 45 lctrl 0.402905966933
dorina SNARC dot DC down 35 lctrl 0.497226704687
dorina SNARC dot DC down 35 lctrl 0.346893415799
dorina SNARC dot DC up 45 num_decimal 0.494377642015
dorina SNARC dot DC up 30 num_decimal 0.437527625339
dorina SNARC dot DC down 15 lctrl 0.456102002113
dorina SNARC dot DC down 15 lctrl 0.339871024007
dorina SNARC dot DC down 25 lctrl 0.473217376028
dorina SNARC dot DC down 15 lctrl 0.515604401296
dorina SNARC dot DC down 20 lctrl 0.476007294664
dorina SNARC dot DC down 20 lctrl 0.413587239727
dorina SNARC dot DC down 40 lctrl 0.374628818684
dorina SNARC dot DC up 30 num_decimal 0.539681273144
dorina SNARC dot DC down 20 lctrl 0.465957708165
dorina SNARC dot DC down 30 lctrl 0.428045331628
dorina SNARC dot DC up 5 num_decimal 0.530584640539
dorina SNARC dot DC up 40 num_decimal 0.43082965083
dorina SNARC dot DC down 10 lctrl 0.430735510324
dorina SNARC dot DC down 45 lctrl 0.581937061647
dorina SNARC dot DC down 25 lctrl 0.439482878152
dorina SNARC dot DC down 40 lctrl 0.537191974189
dorina SNARC dot DC down 10 lctrl 0.343479860056
dorina SNARC dot DC up 40 num_decimal 0.477295514747
dorina SNARC dot DC up 25 num_decimal 0.460092299692
dorina SNARC dot DC up 5 num_decimal 0.466845568624
dorina SNARC dot DC down 35 lctrl 0.445569114355
dorina SNARC dot DC up 10 num_decimal 0.49979404577
dorina SNARC dot DC down 10 lctrl 0.571125252018
dorina SNARC dot DC up 30 num_decimal 0.406590745323
dorina SNARC dot DC down 25 lctrl 0.497997676934
dorina SNARC dot DC down 45 lctrl 0.409453106654
dorina SNARC dot DC up 35 num_decimal 0.541743265192
dorina SNARC dot DC down 40 lctrl 0.362260016077
dorina SNARC dot DC down 40 lctrl 0.451512914923
dorina SNARC dot DC up 5 num_decimal 0.343702787574
dorina SNARC dot DC down 25 lctrl 0.52355349963
dorina SNARC dot DC up 20 num_decimal 0.450291538098
dorina SNARC dot DC down 5 lctrl 0.434749955467
dorina SNARC dot DC up 20 num_decimal 0.370881746576
dorina SNARC dot DC down 45 lctrl 0.733238002947
dorina SNARC dot DC up 30 lctrl 0.435922337232
dorina SNARC dot DC down 5 lctrl 1.12284531105
dorina SNARC dot DC down 10 lctrl 0.776569932922
dorina SNARC dot DC down 40 lctrl 0.727742857133
dorina SNARC dot DC up 20 num_decimal 0.469998400661
dorina SNARC dot DC down 25 lctrl 0.419536989695
dorina SNARC dot DC down 35 lctrl 0.726225760132
dorina SNARC dot DC up 30 num_decimal 0.559626111707
dorina SNARC dot DC down 10 lctrl 0.518380321345
dorina SNARC dot DC up 25 num_decimal 0.375113169837
dorina SNARC dot DC up 20 num_decimal 0.481422298561
dorina SNARC dot DC down 10 lctrl 0.367089878986
dorina SNARC dot DC up 40 num_decimal 0.371502583964
dorina SNARC dot DC up 10 num_decimal 0.490031780295
dorina SNARC dot DC down 40 lctrl 0.60921646052
dorina SNARC dot DC down 20 lctrl 0.403167740533
dorina SNARC dot DC up 15 num_decimal 0.473196028181
dorina SNARC dot DC up 45 num_decimal 0.353404509155
dorina SNARC dot DC down 40 lctrl 0.345745181598
dorina SNARC dot DC up 35 num_decimal 0.358862908676
dorina SNARC dot DC up 35 num_decimal 0.36311987936
dorina SNARC dot DC down 35 lctrl 0.395281985812
dorina SNARC dot DC down 10 lctrl 0.438694057704
dorina SNARC dot DC down 45 lctrl 0.379533574039
{'participant': u'dorina', 'notation': u'arabic', 'response_buttons': u'DC', 'range_in_instr': True, 'dateStr': u'04_01_1629', 'autopilot': False, 'exp_id': u'SNARC'}
dorina SNARC arabic DC up 4 num_decimal 1.33900241161
dorina SNARC arabic DC down 1 lctrl 0.48747178847
dorina SNARC arabic DC down 4 lctrl 0.427558180757
dorina SNARC arabic DC up 7 num_decimal 0.482153024867
dorina SNARC arabic DC down 5 lctrl 0.903195562727
dorina SNARC arabic DC up 7 num_decimal 0.42537650078
dorina SNARC arabic DC up 9 num_decimal 0.384848837995
dorina SNARC arabic DC up 7 num_decimal 0.349151038118
dorina SNARC arabic DC down 5 lctrl 0.469033198002
dorina SNARC arabic DC up 3 num_decimal 0.466671636165
dorina SNARC arabic DC down 1 lctrl 0.507192649621
dorina SNARC arabic DC up 5 num_decimal 0.430083526076
dorina SNARC arabic DC up 4 num_decimal 0.447706698779
dorina SNARC arabic DC up 6 num_decimal 0.506661403197
dorina SNARC arabic DC up 8 num_decimal 0.359674476829
dorina SNARC arabic DC down 6 lctrl 0.452762288923
dorina SNARC arabic DC down 6 lctrl 0.454000814018
dorina SNARC arabic DC down 7 lctrl 0.607185965295
dorina SNARC arabic DC down 1 lctrl 0.583842969437
dorina SNARC arabic DC down 6 lctrl 0.427963089922
dorina SNARC arabic DC up 5 num_decimal 0.347415213176
dorina SNARC arabic DC up 8 num_decimal 0.397476614483
dorina SNARC arabic DC up 4 num_decimal 0.386358235772
dorina SNARC arabic DC up 6 num_decimal 0.338438618465
dorina SNARC arabic DC down 2 lctrl 0.43267466476
dorina SNARC arabic DC down 1 lctrl 0.509095057763
dorina SNARC arabic DC up 7 num_decimal 0.644713380656
dorina SNARC arabic DC up 7 num_decimal 0.412279771585
dorina SNARC arabic DC down 6 lctrl 0.469692881473
dorina SNARC arabic DC up 3 num_decimal 0.494380441732
dorina SNARC arabic DC up 1 num_decimal 0.465173787224
dorina SNARC arabic DC down 8 lctrl 0.437616516374
dorina SNARC arabic DC down 5 lctrl 0.440195756258
dorina SNARC arabic DC up 5 num_decimal 0.699226333024
dorina SNARC arabic DC up 1 num_decimal 0.363350506101
dorina SNARC arabic DC down 2 lctrl 0.471807368227
dorina SNARC arabic DC up 8 num_decimal 0.468575094202
dorina SNARC arabic DC down 1 lctrl 0.449017316604
dorina SNARC arabic DC up 1 num_decimal 0.491410641237
dorina SNARC arabic DC up 9 num_decimal 0.414940553245
dorina SNARC arabic DC down 4 lctrl 0.486613325046
dorina SNARC arabic DC up 2 num_decimal 0.510144601917
dorina SNARC arabic DC down 6 lctrl 0.516559454979
dorina SNARC arabic DC down 9 lctrl 0.805761538949
dorina SNARC arabic DC down 1 lctrl 0.417279367376
dorina SNARC arabic DC up 1 num_decimal 0.433813799878
dorina SNARC arabic DC down 6 lctrl 0.422477393155
dorina SNARC arabic DC up 8 num_decimal 0.413521096397
dorina SNARC arabic DC up 8 num_decimal 0.518718737215
dorina SNARC arabic DC up 2 num_decimal 0.396811681542
dorina SNARC arabic DC down 2 lctrl 0.441580916565
dorina SNARC arabic DC up 3 num_decimal 0.435221357926
dorina SNARC arabic DC down 3 lctrl 0.423317658414
dorina SNARC arabic DC down 9 lctrl 0.398925468367
dorina SNARC arabic DC down 8 lctrl 0.377425736614
dorina SNARC arabic DC up 2 num_decimal 0.500012773712
dorina SNARC arabic DC up 6 num_decimal 0.450940722628
dorina SNARC arabic DC down 5 lctrl 0.433068375054
dorina SNARC arabic DC down 3 lctrl 0.490048228636
dorina SNARC arabic DC down 6 lctrl 0.399360474496
dorina SNARC arabic DC down 8 lctrl 0.444842587625
dorina SNARC arabic DC up 8 num_decimal 0.430115372865
dorina SNARC arabic DC down 2 lctrl 0.386931827925
dorina SNARC arabic DC down 9 lctrl 0.377155563861
dorina SNARC arabic DC up 8 num_decimal 0.452815133594
dorina SNARC arabic DC down 1 lctrl 0.5811958364
dorina SNARC arabic DC up 7 num_decimal 0.642712982396
dorina SNARC arabic DC up 7 num_decimal 0.442910082518
dorina SNARC arabic DC down 5 lctrl 0.62506356234
dorina SNARC arabic DC down 4 lctrl 0.42629935771
dorina SNARC arabic DC down 5 lctrl 0.369696766081
dorina SNARC arabic DC up 5 num_decimal 0.578755532505
dorina SNARC arabic DC up 3 num_decimal 0.380412685381
dorina SNARC arabic DC up 1 num_decimal 0.407274576359
dorina SNARC arabic DC up 9 num_decimal 0.385206851889
dorina SNARC arabic DC down 3 lctrl 0.463578998058
dorina SNARC arabic DC down 9 lctrl 0.393857279493
dorina SNARC arabic DC down 9 lctrl 0.443221901071
dorina SNARC arabic DC up 6 num_decimal 0.503359136231
dorina SNARC arabic DC up 3 num_decimal 0.397144497977
dorina SNARC arabic DC up 8 num_decimal 0.414296268221
dorina SNARC arabic DC down 7 lctrl 0.443399333177
dorina SNARC arabic DC up 6 num_decimal 0.399991460861
dorina SNARC arabic DC up 6 num_decimal 0.332532964051
dorina SNARC arabic DC down 1 lctrl 0.41127922249
dorina SNARC arabic DC up 3 num_decimal 0.417452599905
dorina SNARC arabic DC down 3 lctrl 0.447006419403
dorina SNARC arabic DC up 8 num_decimal 0.375609069825
dorina SNARC arabic DC up 3 num_decimal 0.493435886991
dorina SNARC arabic DC up 1 num_decimal 0.563085862791
dorina SNARC arabic DC down 2 lctrl 0.549583174537
dorina SNARC arabic DC up 1 num_decimal 0.652163079353
dorina SNARC arabic DC up 4 num_decimal 0.43862826434
dorina SNARC arabic DC down 4 lctrl 0.454603803206
dorina SNARC arabic DC up 5 num_decimal 0.381860139405
dorina SNARC arabic DC up 7 num_decimal 0.457034658055
dorina SNARC arabic DC up 5 num_decimal 0.397685543413
dorina SNARC arabic DC down 2 lctrl 0.499101115652
dorina SNARC arabic DC down 7 lctrl 0.350265325742
dorina SNARC arabic DC up 4 num_decimal 0.348522151541
dorina SNARC arabic DC down 6 lctrl 0.471963802451
dorina SNARC arabic DC down 3 lctrl 0.49649072891
dorina SNARC arabic DC up 7 num_decimal 0.420840608225
dorina SNARC arabic DC down 4 lctrl 0.409826169031
dorina SNARC arabic DC down 8 lctrl 0.411420958196
dorina SNARC arabic DC down 6 lctrl 0.392412975151
dorina SNARC arabic DC down 6 lctrl 0.367021635868
dorina SNARC arabic DC up 4 num_decimal 0.406367467841
dorina SNARC arabic DC down 7 lctrl 0.48621576514
dorina SNARC arabic DC down 5 lctrl 0.324262948082
dorina SNARC arabic DC down 9 lctrl 0.377310248261
dorina SNARC arabic DC up 1 num_decimal 0.443055667836
dorina SNARC arabic DC down 5 lctrl 0.33152821538
dorina SNARC arabic DC up 7 num_decimal 0.34098076209
dorina SNARC arabic DC down 7 lctrl 0.300386955975
dorina SNARC arabic DC down 2 lctrl 0.524462008007
dorina SNARC arabic DC down 5 lctrl 0.331786839297
dorina SNARC arabic DC down 5 lctrl 0.326314441189
dorina SNARC arabic DC down 9 lctrl 0.521970609264
dorina SNARC arabic DC up 8 num_decimal 0.420212071613
dorina SNARC arabic DC down 2 lctrl 0.362814010207
dorina SNARC arabic DC down 4 lctrl 0.400906268603
dorina SNARC arabic DC down 9 lctrl 0.365256763855
dorina SNARC arabic DC down 8 lctrl 0.342592699526
dorina SNARC arabic DC down 3 lctrl 0.307264462379
dorina SNARC arabic DC up 8 num_decimal 0.433029528972
dorina SNARC arabic DC up 2 num_decimal 0.560612312248
dorina SNARC arabic DC down 4 lctrl 0.646052345621
dorina SNARC arabic DC down 5 lctrl 0.527415710126
dorina SNARC arabic DC up 3 num_decimal 0.452907174311
dorina SNARC arabic DC up 5 num_decimal 0.511193446141
dorina SNARC arabic DC down 1 lctrl 0.308726614921
dorina SNARC arabic DC down 1 lctrl 0.462084298798
dorina SNARC arabic DC down 2 lctrl 0.530197929539
dorina SNARC arabic DC down 2 lctrl 0.481769113585
dorina SNARC arabic DC up 9 num_decimal 0.74631373426
dorina SNARC arabic DC up 4 lctrl 0.493839046332
dorina SNARC arabic DC down 4 lctrl 0.545391647252
dorina SNARC arabic DC up 8 num_decimal 0.37898482938
dorina SNARC arabic DC up 9 num_decimal 0.440174758376
dorina SNARC arabic DC up 2 num_decimal 0.599046136197
dorina SNARC arabic DC down 6 lctrl 0.487443091364
dorina SNARC arabic DC up 9 num_decimal 0.41187556235
dorina SNARC arabic DC up 3 num_decimal 0.393536011893
dorina SNARC arabic DC down 9 lctrl 0.616826443053
dorina SNARC arabic DC up 8 num_decimal 0.401776630827
dorina SNARC arabic DC down 5 lctrl 0.663469039147
dorina SNARC arabic DC up 9 num_decimal 0.359457498711
dorina SNARC arabic DC up 8 num_decimal 0.379428584627
dorina SNARC arabic DC up 3 num_decimal 0.426331904427
dorina SNARC arabic DC down 1 lctrl 0.31224026057
dorina SNARC arabic DC down 7 lctrl 0.467902812001
dorina SNARC arabic DC up 1 num_decimal 0.436205108715
dorina SNARC arabic DC up 7 num_decimal 0.439275699046
dorina SNARC arabic DC down 5 lctrl 0.422376953284
dorina SNARC arabic DC up 1 num_decimal 0.409745677148
dorina SNARC arabic DC up 8 num_decimal 0.425454892874
dorina SNARC arabic DC up 7 num_decimal 0.349180785118
dorina SNARC arabic DC down 9 lctrl 0.454888674477
dorina SNARC arabic DC down 2 lctrl 0.437927634998
dorina SNARC arabic DC down 4 lctrl 0.379905936486
dorina SNARC arabic DC up 6 num_decimal 0.488273907576
dorina SNARC arabic DC up 6 num_decimal 0.411848965032
dorina SNARC arabic DC down 8 lctrl 0.444387983472
dorina SNARC arabic DC down 8 lctrl 0.443424530636
dorina SNARC arabic DC down 3 lctrl 0.385404231983
dorina SNARC arabic DC down 2 lctrl 0.404010455546
dorina SNARC arabic DC down 7 lctrl 0.773916850486
dorina SNARC arabic DC down 1 lctrl 0.392414724975
dorina SNARC arabic DC up 8 num_decimal 0.410336767537
dorina SNARC arabic DC down 5 lctrl 0.439441932281
dorina SNARC arabic DC down 7 lctrl 0.39948121232
dorina SNARC arabic DC up 6 num_decimal 0.360331710547
dorina SNARC arabic DC down 1 lctrl 0.521660890499
dorina SNARC arabic DC down 5 lctrl 0.361198223159
dorina SNARC arabic DC up 4 num_decimal 0.457278583455
dorina SNARC arabic DC down 8 lctrl 0.571002414407
dorina SNARC arabic DC up 9 num_decimal 0.45987952115
dorina SNARC arabic DC up 7 num_decimal 0.514758886566
dorina SNARC arabic DC down 2 lctrl 0.47639890517
dorina SNARC arabic DC down 5 lctrl 0.547123972547
dorina SNARC arabic DC up 6 num_decimal 0.416980497517
dorina SNARC arabic DC up 4 num_decimal 0.503986972914
dorina SNARC arabic DC down 8 lctrl 0.37253218013
dorina SNARC arabic DC down 1 lctrl 0.409210931078
dorina SNARC arabic DC up 4 lctrl 0.339850026125
dorina SNARC arabic DC up 6 num_decimal 0.480875303726
dorina SNARC arabic DC down 7 lctrl 0.469982302285
dorina SNARC arabic DC down 4 num_decimal 0.343391318985
dorina SNARC arabic DC down 2 lctrl 0.50577739235
dorina SNARC arabic DC up 9 num_decimal 0.432605371748
dorina SNARC arabic DC down 9 lctrl 0.436155063762
dorina SNARC arabic DC up 4 num_decimal 0.705091391533
dorina SNARC arabic DC down 2 lctrl 0.409449607007
dorina SNARC arabic DC down 4 lctrl 0.425095829086
dorina SNARC arabic DC up 7 num_decimal 0.42607328051
dorina SNARC arabic DC down 9 lctrl 0.3729062924
dorina SNARC arabic DC up 8 num_decimal 0.396641598695
dorina SNARC arabic DC down 4 lctrl 0.427187218169
dorina SNARC arabic DC down 7 lctrl 1.10731072771
dorina SNARC arabic DC down 7 lctrl 0.506461223386
dorina SNARC arabic DC up 3 lctrl 0.456838327855
dorina SNARC arabic DC up 3 num_decimal 0.710141032277
dorina SNARC arabic DC down 3 lctrl 0.414459701739
dorina SNARC arabic DC down 4 lctrl 0.448187200321
dorina SNARC arabic DC down 3 lctrl 0.503557566219
dorina SNARC arabic DC down 3 lctrl 0.439844391693
dorina SNARC arabic DC down 2 lctrl 0.428271058864
dorina SNARC arabic DC down 6 lctrl 0.559520422365
dorina SNARC arabic DC up 1 num_decimal 0.50974774194
dorina SNARC arabic DC up 6 num_decimal 0.389330486021
dorina SNARC arabic DC up 1 num_decimal 0.378171861368
dorina SNARC arabic DC down 7 lctrl 0.452615653711
dorina SNARC arabic DC down 1 lctrl 0.378994628392
dorina SNARC arabic DC up 3 num_decimal 0.554361592633
dorina SNARC arabic DC down 1 lctrl 0.372011082682
dorina SNARC arabic DC up 1 num_decimal 0.492194562178
dorina SNARC arabic DC down 2 lctrl 0.351865014413
dorina SNARC arabic DC down 7 lctrl 0.444498572319
dorina SNARC arabic DC down 9 lctrl 0.372346348871
dorina SNARC arabic DC down 6 num_decimal 0.42145969579
dorina SNARC arabic DC down 9 lctrl 0.434975682702
dorina SNARC arabic DC down 2 lctrl 0.7211621208
dorina SNARC arabic DC down 8 lctrl 0.475171228982
dorina SNARC arabic DC up 4 num_decimal 0.35839395597
dorina SNARC arabic DC down 8 lctrl 0.533562140258
dorina SNARC arabic DC down 2 lctrl 0.479987093302
dorina SNARC arabic DC down 3 lctrl 0.349424360553
dorina SNARC arabic DC up 6 num_decimal 0.461077450339
dorina SNARC arabic DC down 2 lctrl 0.528386162256
dorina SNARC arabic DC down 9 lctrl 0.461729434587
dorina SNARC arabic DC up 3 num_decimal 0.488224562553
dorina SNARC arabic DC down 9 lctrl 0.528683632256
dorina SNARC arabic DC down 7 lctrl 0.504643506702
dorina SNARC arabic DC up 6 num_decimal 0.47011878852
dorina SNARC arabic DC up 6 num_decimal 0.479708521396
dorina SNARC arabic DC up 9 num_decimal 0.39090847688
dorina SNARC arabic DC down 1 lctrl 0.482407449209
dorina SNARC arabic DC down 5 lctrl 0.377645164485
dorina SNARC arabic DC down 9 lctrl 0.442637110047
dorina SNARC arabic DC down 6 lctrl 0.501982725042
dorina SNARC arabic DC down 8 lctrl 0.4421279114
dorina SNARC arabic DC up 1 num_decimal 0.455869275584
dorina SNARC arabic DC up 8 num_decimal 0.414973099963
dorina SNARC arabic DC down 1 lctrl 0.508644653187
dorina SNARC arabic DC down 1 lctrl 0.54453773337
dorina SNARC arabic DC down 5 lctrl 0.646703979904
dorina SNARC arabic DC up 2 num_decimal 0.400904168815
dorina SNARC arabic DC down 3 lctrl 0.459787130468
dorina SNARC arabic DC down 3 lctrl 0.375919838484
dorina SNARC arabic DC up 6 num_decimal 0.451970668758
dorina SNARC arabic DC down 8 lctrl 0.494916937627
dorina SNARC arabic DC up 4 num_decimal 0.437409687233
dorina SNARC arabic DC down 8 lctrl 0.438700357069
dorina SNARC arabic DC down 4 lctrl 0.459863772739
dorina SNARC arabic DC up 3 num_decimal 0.415360510892
dorina SNARC arabic DC up 6 num_decimal 0.43544918495
dorina SNARC arabic DC down 5 lctrl 0.490110522354
dorina SNARC arabic DC up 9 num_decimal 0.414481399551
dorina SNARC arabic DC up 8 num_decimal 0.415960350399
dorina SNARC arabic DC down 5 lctrl 0.430856948077
dorina SNARC arabic DC down 2 lctrl 0.434791601267
dorina SNARC arabic DC down 9 lctrl 0.550461935914
dorina SNARC arabic DC down 5 lctrl 0.35529746825
dorina SNARC arabic DC up 4 lctrl 0.319953132727
dorina SNARC arabic DC down 9 lctrl 0.599342206339
dorina SNARC arabic DC down 6 lctrl 0.403401866922
dorina SNARC arabic DC up 5 num_decimal 0.520545552981
dorina SNARC arabic DC up 5 num_decimal 0.497959880746
dorina SNARC arabic DC down 4 lctrl 0.4192027734
dorina SNARC arabic DC up 3 num_decimal 0.492481533237
dorina SNARC arabic DC up 6 num_decimal 0.429850449582
dorina SNARC arabic DC up 6 num_decimal 0.524113443159
dorina SNARC arabic DC down 7 lctrl 0.46209479774
dorina SNARC arabic DC down 6 lctrl 0.530189180421
dorina SNARC arabic DC down 3 lctrl 0.439153911328
dorina SNARC arabic DC down 2 lctrl 0.399233787273
dorina SNARC arabic DC down 1 lctrl 0.434385642208
dorina SNARC arabic DC down 7 lctrl 0.391979018916
dorina SNARC arabic DC down 7 lctrl 0.409140938136
dorina SNARC arabic DC up 4 num_decimal 0.467806571707
dorina SNARC arabic DC up 9 num_decimal 0.407352268524
dorina SNARC arabic DC up 7 num_decimal 0.394647849764
dorina SNARC arabic DC down 1 lctrl 0.486236413058
dorina SNARC arabic DC down 9 lctrl 0.399543156073
dorina SNARC arabic DC up 4 num_decimal 0.506890280115
dorina SNARC arabic DC up 4 num_decimal 0.376699559849
dorina SNARC arabic DC down 7 lctrl 0.431074626124
dorina SNARC arabic DC down 9 lctrl 0.530414207727
dorina SNARC arabic DC up 9 num_decimal 0.761986553656
dorina SNARC arabic DC up 6 num_decimal 0.415248522187
dorina SNARC arabic DC up 8 num_decimal 0.449463871569
dorina SNARC arabic DC up 2 num_decimal 0.391473319916
dorina SNARC arabic DC down 9 lctrl 0.539254316202
dorina SNARC arabic DC up 9 num_decimal 0.46329727647
dorina SNARC arabic DC down 3 lctrl 0.431810951865
dorina SNARC arabic DC down 5 lctrl 0.41773852107
dorina SNARC arabic DC down 5 lctrl 0.532706476552
dorina SNARC arabic DC up 4 num_decimal 0.423967192909
dorina SNARC arabic DC down 9 lctrl 0.498559720252
dorina SNARC arabic DC up 3 num_decimal 0.666845498631
dorina SNARC arabic DC down 6 lctrl 0.446179452802
dorina SNARC arabic DC up 5 num_decimal 0.885257771754
dorina SNARC arabic DC up 1 num_decimal 0.532127984893
dorina SNARC arabic DC up 4 num_decimal 0.522411914758
dorina SNARC arabic DC up 4 num_decimal 0.475814464111
dorina SNARC arabic DC down 2 lctrl 0.428255310452
dorina SNARC arabic DC up 2 num_decimal 0.357991146593
dorina SNARC arabic DC down 5 num_decimal 0.406867217441
dorina SNARC arabic DC down 8 lctrl 0.449983569157
dorina SNARC arabic DC up 1 num_decimal 0.336142500029
dorina SNARC arabic DC down 8 lctrl 0.390834634327
dorina SNARC arabic DC down 4 lctrl 0.337049958512
dorina SNARC arabic DC up 6 num_decimal 0.445704550696
dorina SNARC arabic DC up 7 num_decimal 0.477063838112
dorina SNARC arabic DC up 3 num_decimal 0.699845770554
dorina SNARC arabic DC up 7 num_decimal 0.40593981097
dorina SNARC arabic DC down 9 lctrl 0.449554862392
dorina SNARC arabic DC down 3 lctrl 0.391530014198
dorina SNARC arabic DC up 5 num_decimal 0.480322709455
dorina SNARC arabic DC down 3 lctrl 0.437152463174
dorina SNARC arabic DC down 7 lctrl 0.411423057985
dorina SNARC arabic DC up 2 num_decimal 0.442168857271
dorina SNARC arabic DC up 5 num_decimal 0.369972888234
dorina SNARC arabic DC up 2 num_decimal 0.521947861558
dorina SNARC arabic DC down 5 lctrl 0.615364290511
dorina SNARC arabic DC down 2 lctrl 0.517702789674
dorina SNARC arabic DC down 2 lctrl 0.353235826167
dorina SNARC arabic DC up 5 num_decimal 0.375549575825
dorina SNARC arabic DC down 4 lctrl 0.482671672562
dorina SNARC arabic DC up 2 num_decimal 0.421145777448
dorina SNARC arabic DC up 7 num_decimal 0.425617276498
dorina SNARC arabic DC down 9 lctrl 0.48599563734
dorina SNARC arabic DC down 8 lctrl 0.46617818593
dorina SNARC arabic DC down 2 lctrl 0.40414239224
dorina SNARC arabic DC up 3 num_decimal 0.478580935113
dorina SNARC arabic DC down 6 lctrl 0.303365505589
dorina SNARC arabic DC down 7 lctrl 0.432147617913
dorina SNARC arabic DC down 4 lctrl 0.37968160911
dorina SNARC arabic DC down 1 lctrl 0.387880932208
dorina SNARC arabic DC up 5 num_decimal 0.421432398543
dorina SNARC arabic DC down 2 lctrl 0.438892837657
dorina SNARC arabic DC down 3 num_decimal 0.371504333788
dorina SNARC arabic DC up 3 num_decimal 0.376880491602
dorina SNARC arabic DC up 1 num_decimal 0.414407906963
dorina SNARC arabic DC down 7 lctrl 0.485965540375
dorina SNARC arabic DC down 8 lctrl 0.59376866843
dorina SNARC arabic DC down 8 lctrl 0.383660357853
dorina SNARC arabic DC down 2 lctrl 0.547885845712
dorina SNARC arabic DC down 5 lctrl 0.398715139578
dorina SNARC arabic DC up 2 num_decimal 0.416693176493
dorina SNARC arabic DC up 1 num_decimal 0.432405891866
dorina SNARC arabic DC down 7 num_decimal 0.408140739006
dorina SNARC arabic DC up 6 num_decimal 0.495128316309
dorina SNARC arabic DC up 9 num_decimal 0.522014004888
dorina SNARC arabic DC up 4 num_decimal 0.456934568149
dorina SNARC arabic DC up 3 num_decimal 0.41186296362
dorina SNARC arabic DC up 4 num_decimal 0.44609301152
dorina SNARC arabic DC down 3 lctrl 0.452250290558
dorina SNARC arabic DC up 8 num_decimal 0.450370280157
