{'participant': u'edem', 'notation': u'dot', 'response_buttons': u'CD', 'range_in_instr': True, 'dateStr': u'04_01_1424', 'autopilot': False, 'exp_id': u'SNARC'}
edem SNARC dot CD up 10 lctrl 1.11003205327
edem SNARC dot CD up 35 lctrl 1.3727099622
edem SNARC dot CD down 5 num_decimal 1.08262526724
edem SNARC dot CD up 5 lctrl 0.798761894863
edem SNARC dot CD up 35 lctrl 0.988762633288
edem SNARC dot CD down 5 num_decimal 0.839398396672
edem SNARC dot CD up 15 lctrl 0.626024215458
edem SNARC dot CD down 10 num_decimal 0.851608665266
edem SNARC dot CD up 10 lctrl 0.684539364205
edem SNARC dot CD up 40 lctrl 0.771169277578
edem SNARC dot CD down 15 num_decimal 0.653449549613
edem SNARC dot CD up 25 lctrl 0.696430115023
edem SNARC dot CD down 35 num_decimal 0.878478605433
edem SNARC dot CD down 30 num_decimal 1.27738237599
edem SNARC dot CD up 35 lctrl 0.930318527377
edem SNARC dot CD up 25 lctrl 0.704186732768
edem SNARC dot CD up 10 lctrl 0.902890743469
edem SNARC dot CD up 30 lctrl 0.926205742151
edem SNARC dot CD down 25 num_decimal 0.981650650532
edem SNARC dot CD down 35 num_decimal 0.825509347382
edem SNARC dot CD down 45 num_decimal 0.795500923732
edem SNARC dot CD up 45 lctrl 1.21216820284
edem SNARC dot CD up 5 lctrl 1.03195947689
edem SNARC dot CD down 35 num_decimal 1.30058433607
edem SNARC dot CD up 45 lctrl 0.901071276962
edem SNARC dot CD up 25 lctrl 0.851817244231
edem SNARC dot CD up 40 lctrl 0.831587884362
edem SNARC dot CD down 15 num_decimal 0.684354232876
edem SNARC dot CD up 30 lctrl 0.835189021187
edem SNARC dot CD up 35 lctrl 0.811168493657
edem SNARC dot CD down 15 num_decimal 1.0598324159
edem SNARC dot CD down 5 num_decimal 0.571480466195
edem SNARC dot CD down 35 num_decimal 0.669700160739
edem SNARC dot CD down 20 num_decimal 0.62487248161
edem SNARC dot CD down 35 num_decimal 0.583956707966
edem SNARC dot CD up 15 lctrl 0.634645595992
edem SNARC dot CD up 20 lctrl 0.569156000617
edem SNARC dot CD down 20 num_decimal 0.938117490851
edem SNARC dot CD up 40 lctrl 1.57345356721
edem SNARC dot CD down 15 num_decimal 0.950349107293
edem SNARC dot CD down 20 num_decimal 0.58723202765
edem SNARC dot CD up 10 lctrl 0.660829955299
edem SNARC dot CD up 5 lctrl 0.631870375873
edem SNARC dot CD up 40 lctrl 0.696950162576
edem SNARC dot CD down 25 num_decimal 0.951992191587
edem SNARC dot CD up 40 lctrl 0.568291237829
edem SNARC dot CD up 30 lctrl 0.686829183277
edem SNARC dot CD up 40 lctrl 0.606416042942
edem SNARC dot CD down 30 num_decimal 0.806675646761
edem SNARC dot CD up 25 lctrl 0.744361631129
edem SNARC dot CD up 20 lctrl 0.461775279963
edem SNARC dot CD down 25 num_decimal 0.615243902652
edem SNARC dot CD down 40 num_decimal 0.673232704482
edem SNARC dot CD down 25 num_decimal 0.699384167107
edem SNARC dot CD up 20 lctrl 0.547913492924
edem SNARC dot CD down 5 num_decimal 1.01696173941
edem SNARC dot CD up 5 lctrl 0.625415276869
edem SNARC dot CD down 35 num_decimal 0.917183652029
edem SNARC dot CD up 40 lctrl 0.910244551837
edem SNARC dot CD down 30 num_decimal 0.860541164424
edem SNARC dot CD up 25 lctrl 0.537622080813
edem SNARC dot CD down 10 num_decimal 0.634164394521
edem SNARC dot CD down 20 num_decimal 0.71769152081
edem SNARC dot CD down 30 num_decimal 0.741770842411
edem SNARC dot CD down 45 num_decimal 0.509249042234
edem SNARC dot CD down 15 num_decimal 0.600617127763
edem SNARC dot CD up 20 lctrl 0.595346659289
edem SNARC dot CD down 45 num_decimal 1.74733318145
edem SNARC dot CD up 25 lctrl 0.854869986362
edem SNARC dot CD up 15 lctrl 0.508261791798
edem SNARC dot CD down 30 num_decimal 0.566836084581
edem SNARC dot CD up 40 lctrl 0.929099600305
edem SNARC dot CD down 5 num_decimal 0.717567633304
edem SNARC dot CD down 30 num_decimal 2.21584073246
edem SNARC dot CD down 10 num_decimal 1.01669926588
edem SNARC dot CD down 30 num_decimal 0.87064709524
edem SNARC dot CD up 40 lctrl 0.713714171926
edem SNARC dot CD down 40 num_decimal 0.600569182598
edem SNARC dot CD down 10 num_decimal 0.79766405558
edem SNARC dot CD up 45 lctrl 0.672805047611
edem SNARC dot CD up 30 lctrl 0.504647006349
edem SNARC dot CD up 35 lctrl 0.521565350134
edem SNARC dot CD up 25 lctrl 0.629983716142
edem SNARC dot CD up 45 lctrl 0.655773665226
edem SNARC dot CD up 45 lctrl 0.745977068213
edem SNARC dot CD up 20 lctrl 0.671291450257
edem SNARC dot CD up 35 lctrl 0.686352531347
edem SNARC dot CD up 5 lctrl 0.705176432957
edem SNARC dot CD down 35 num_decimal 0.677793444531
edem SNARC dot CD up 35 lctrl 0.638526704582
edem SNARC dot CD down 5 num_decimal 0.591549542229
edem SNARC dot CD down 10 num_decimal 0.619795893584
edem SNARC dot CD up 10 lctrl 0.632961915791
edem SNARC dot CD down 15 num_decimal 0.583869566754
edem SNARC dot CD up 30 lctrl 0.715454896374
edem SNARC dot CD up 35 lctrl 0.775230617992
edem SNARC dot CD up 15 lctrl 0.512057858965
edem SNARC dot CD down 30 num_decimal 0.467641388366
edem SNARC dot CD up 35 lctrl 0.53052444661
edem SNARC dot CD down 40 num_decimal 1.04138367646
edem SNARC dot CD up 35 lctrl 2.22189652174
edem SNARC dot CD up 25 lctrl 0.520663491087
edem SNARC dot CD up 45 lctrl 0.457122849161
edem SNARC dot CD up 5 lctrl 0.563290942108
edem SNARC dot CD down 10 num_decimal 0.860032665706
edem SNARC dot CD down 10 num_decimal 0.597511540961
edem SNARC dot CD up 25 lctrl 0.732450582359
edem SNARC dot CD up 20 lctrl 0.45130818557
edem SNARC dot CD up 20 lctrl 0.504895831255
edem SNARC dot CD down 15 num_decimal 0.527907060573
edem SNARC dot CD down 10 num_decimal 0.534855959776
edem SNARC dot CD up 20 lctrl 0.574976613608
edem SNARC dot CD up 15 lctrl 0.567165751334
edem SNARC dot CD down 15 num_decimal 0.530497499327
edem SNARC dot CD up 20 lctrl 0.520721235263
edem SNARC dot CD up 40 lctrl 0.457008060737
edem SNARC dot CD up 5 lctrl 0.43314536729
edem SNARC dot CD up 45 lctrl 0.666212412478
edem SNARC dot CD up 20 lctrl 0.479057237078
edem SNARC dot CD up 5 lctrl 0.612716457545
edem SNARC dot CD down 35 num_decimal 0.499228502805
edem SNARC dot CD down 35 num_decimal 0.53734595866
edem SNARC dot CD up 15 lctrl 0.54413247424
edem SNARC dot CD down 25 num_decimal 0.584444208802
edem SNARC dot CD up 40 lctrl 0.630519512107
edem SNARC dot CD up 35 lctrl 0.499685206747
edem SNARC dot CD up 25 lctrl 0.712774866655
edem SNARC dot CD up 30 lctrl 0.498343092099
edem SNARC dot CD up 5 lctrl 0.575628247891
edem SNARC dot CD up 10 lctrl 0.463050901317
edem SNARC dot CD up 45 lctrl 0.568595007194
edem SNARC dot CD up 15 lctrl 0.456918819737
edem SNARC dot CD down 15 num_decimal 0.657106680791
edem SNARC dot CD up 15 lctrl 0.564227797627
edem SNARC dot CD down 20 num_decimal 0.922217544361
edem SNARC dot CD down 25 num_decimal 1.09488243111
edem SNARC dot CD up 10 lctrl 0.690218591455
edem SNARC dot CD up 5 lctrl 0.526770725172
edem SNARC dot CD down 5 num_decimal 0.589656233169
edem SNARC dot CD down 20 num_decimal 0.543086079769
edem SNARC dot CD down 30 num_decimal 0.568586258076
edem SNARC dot CD down 35 num_decimal 0.626571210293
edem SNARC dot CD down 40 num_decimal 0.480312560478
edem SNARC dot CD down 30 num_decimal 0.568431923641
edem SNARC dot CD down 30 num_decimal 0.568017565429
edem SNARC dot CD up 10 lctrl 0.591915255346
edem SNARC dot CD up 25 lctrl 0.440373888293
edem SNARC dot CD up 15 lctrl 0.442694504259
edem SNARC dot CD up 10 lctrl 0.628043161847
edem SNARC dot CD up 45 lctrl 0.703547697215
edem SNARC dot CD up 20 lctrl 0.533960400094
edem SNARC dot CD up 45 lctrl 0.560558067719
edem SNARC dot CD up 35 lctrl 1.0191997637
edem SNARC dot CD down 45 num_decimal 2.27676538821
edem SNARC dot CD up 20 lctrl 0.520840573228
edem SNARC dot CD up 45 lctrl 0.638860570911
edem SNARC dot CD down 15 num_decimal 1.67324600314
edem SNARC dot CD up 20 lctrl 0.595408603042
edem SNARC dot CD up 15 lctrl 0.444581863919
edem SNARC dot CD up 15 lctrl 0.475144631664
edem SNARC dot CD up 35 lctrl 0.648022996881
edem SNARC dot CD down 40 num_decimal 0.652854959577
edem SNARC dot CD up 5 lctrl 0.496464831522
edem SNARC dot CD up 5 lctrl 0.433878193384
edem SNARC dot CD down 25 num_decimal 1.68929468463
edem SNARC dot CD up 30 lctrl 0.760621691302
edem SNARC dot CD down 30 num_decimal 0.493210159755
edem SNARC dot CD up 45 lctrl 0.448363582533
edem SNARC dot CD up 5 lctrl 0.579226584999
edem SNARC dot CD up 30 lctrl 0.48417442101
edem SNARC dot CD up 40 lctrl 0.531866561257
edem SNARC dot CD up 25 lctrl 0.45782557829
edem SNARC dot CD up 45 lctrl 0.428206665358
edem SNARC dot CD down 30 num_decimal 0.49658591931
edem SNARC dot CD down 5 num_decimal 0.691406021703
edem SNARC dot CD up 25 lctrl 0.499475227923
edem SNARC dot CD down 40 num_decimal 0.881419008893
edem SNARC dot CD down 40 num_decimal 0.587861614156
edem SNARC dot CD down 25 num_decimal 0.536152579012
edem SNARC dot CD up 10 lctrl 0.531866211293
edem SNARC dot CD down 5 num_decimal 0.978817336272
edem SNARC dot CD up 35 lctrl 0.60365622127
edem SNARC dot CD down 15 num_decimal 0.739806490515
edem SNARC dot CD up 20 lctrl 0.537329160354
edem SNARC dot CD up 45 lctrl 0.95550688713
edem SNARC dot CD up 25 lctrl 0.816558300095
edem SNARC dot CD down 40 num_decimal 0.602064931752
edem SNARC dot CD up 45 lctrl 0.556983178246
edem SNARC dot CD up 15 lctrl 0.562714550238
edem SNARC dot CD up 20 lctrl 0.465752628847
edem SNARC dot CD down 35 num_decimal 0.623723897445
edem SNARC dot CD down 10 num_decimal 0.480158925972
edem SNARC dot CD up 40 lctrl 0.556166010658
edem SNARC dot CD up 5 lctrl 0.859993819623
edem SNARC dot CD down 10 num_decimal 0.609688912873
edem SNARC dot CD down 5 num_decimal 0.382430231911
edem SNARC dot CD down 40 num_decimal 0.602907996729
edem SNARC dot CD up 35 lctrl 0.628597505942
edem SNARC dot CD down 35 num_decimal 0.59474506996
edem SNARC dot CD down 15 num_decimal 0.588571692545
edem SNARC dot CD down 20 num_decimal 0.602889448599
edem SNARC dot CD down 35 num_decimal 0.59169687737
edem SNARC dot CD down 5 num_decimal 0.595001244124
edem SNARC dot CD down 10 num_decimal 0.485861250893
edem SNARC dot CD up 35 lctrl 0.554947433551
edem SNARC dot CD down 10 num_decimal 0.669698410915
edem SNARC dot CD up 30 lctrl 0.59620862236
edem SNARC dot CD up 25 lctrl 0.553249054833
edem SNARC dot CD down 20 num_decimal 0.533728723458
edem SNARC dot CD down 10 num_decimal 0.982523812474
edem SNARC dot CD down 5 num_decimal 0.508512366528
edem SNARC dot CD down 40 num_decimal 0.481870253385
edem SNARC dot CD down 25 num_decimal 0.426297257922
edem SNARC dot CD down 25 num_decimal 0.485792307846
edem SNARC dot CD down 35 num_decimal 0.478868956066
edem SNARC dot CD up 10 lctrl 0.447559013673
edem SNARC dot CD up 25 lctrl 0.668369594926
edem SNARC dot CD down 20 num_decimal 0.837556532424
edem SNARC dot CD down 10 num_decimal 0.766091639658
edem SNARC dot CD down 25 num_decimal 0.513669446436
edem SNARC dot CD up 45 lctrl 0.540091781744
edem SNARC dot CD down 25 num_decimal 0.566953322757
edem SNARC dot CD up 5 lctrl 0.534333812435
edem SNARC dot CD up 10 lctrl 0.497060471451
edem SNARC dot CD up 15 lctrl 0.416077238611
edem SNARC dot CD up 25 lctrl 1.02379515026
edem SNARC dot CD up 30 lctrl 0.827428203866
edem SNARC dot CD up 40 lctrl 0.598908250103
edem SNARC dot CD up 20 lctrl 0.525073046383
edem SNARC dot CD down 45 num_decimal 0.474091937828
edem SNARC dot CD down 25 num_decimal 0.724564827637
edem SNARC dot CD down 40 num_decimal 0.489122222024
edem SNARC dot CD down 30 num_decimal 0.841529681732
edem SNARC dot CD up 40 lctrl 0.829410403961
edem SNARC dot CD down 40 num_decimal 0.479470195431
edem SNARC dot CD down 40 num_decimal 0.543255112722
edem SNARC dot CD down 35 num_decimal 0.433630418372
edem SNARC dot CD down 25 num_decimal 0.565049514756
edem SNARC dot CD down 10 num_decimal 0.558832391753
edem SNARC dot CD up 10 lctrl 0.743418126282
edem SNARC dot CD down 20 num_decimal 1.95717831857
edem SNARC dot CD up 25 lctrl 0.512248939694
edem SNARC dot CD up 45 lctrl 0.506715297762
edem SNARC dot CD down 45 num_decimal 0.470342415967
edem SNARC dot CD down 30 num_decimal 0.420366056083
edem SNARC dot CD up 15 lctrl 0.526442108313
edem SNARC dot CD up 45 lctrl 0.532290718481
edem SNARC dot CD up 5 lctrl 0.514276635201
edem SNARC dot CD up 5 lctrl 0.448786339898
edem SNARC dot CD up 20 lctrl 0.481532887408
edem SNARC dot CD down 20 num_decimal 0.476372307853
edem SNARC dot CD up 15 lctrl 0.628160400024
edem SNARC dot CD down 20 num_decimal 0.729199410239
edem SNARC dot CD up 5 lctrl 0.527661735314
edem SNARC dot CD up 10 lctrl 0.445281093402
edem SNARC dot CD down 15 num_decimal 0.59769737222
edem SNARC dot CD up 35 lctrl 3.49352722778
edem SNARC dot CD down 10 num_decimal 0.508273340634
edem SNARC dot CD up 45 lctrl 0.527978453373
edem SNARC dot CD up 15 lctrl 0.816074648872
edem SNARC dot CD up 10 lctrl 0.556117715528
edem SNARC dot CD down 45 num_decimal 0.497872739534
edem SNARC dot CD down 15 num_decimal 0.618901383795
edem SNARC dot CD up 30 lctrl 0.506267692903
edem SNARC dot CD up 5 lctrl 0.444103112201
edem SNARC dot CD up 25 lctrl 0.407218931971
edem SNARC dot CD down 30 num_decimal 0.491610821049
edem SNARC dot CD down 5 num_decimal 0.427042332781
edem SNARC dot CD down 45 num_decimal 0.45202806297
edem SNARC dot CD down 5 num_decimal 0.582613543424
edem SNARC dot CD down 25 num_decimal 0.48648418807
edem SNARC dot CD down 30 num_decimal 0.435369742961
edem SNARC dot CD up 40 lctrl 0.611818798074
edem SNARC dot CD down 10 num_decimal 0.468400111849
edem SNARC dot CD up 20 lctrl 0.437668311151
edem SNARC dot CD up 15 lctrl 0.622950475445
edem SNARC dot CD down 45 num_decimal 0.521781628323
edem SNARC dot CD up 15 lctrl 0.36100119303
edem SNARC dot CD up 45 lctrl 0.509921324434
edem SNARC dot CD down 10 num_decimal 0.944963850396
edem SNARC dot CD up 40 lctrl 0.42705563144
edem SNARC dot CD up 40 lctrl 0.354324916332
edem SNARC dot CD up 45 lctrl 0.34106475362
edem SNARC dot CD down 15 num_decimal 0.449429575027
edem SNARC dot CD down 30 num_decimal 0.53739355386
edem SNARC dot CD down 5 num_decimal 0.401973310992
edem SNARC dot CD down 25 num_decimal 0.421997591543
edem SNARC dot CD up 20 lctrl 0.498734002676
edem SNARC dot CD down 5 num_decimal 0.627901426141
edem SNARC dot CD down 15 num_decimal 0.419384055118
edem SNARC dot CD up 35 lctrl 0.511165448965
edem SNARC dot CD up 35 lctrl 0.747138951037
edem SNARC dot CD up 5 lctrl 0.575947065738
edem SNARC dot CD up 10 lctrl 0.477817662089
edem SNARC dot CD up 10 lctrl 0.629293935707
edem SNARC dot CD up 10 lctrl 0.387591511396
edem SNARC dot CD up 30 lctrl 0.411677482326
edem SNARC dot CD up 10 lctrl 0.458607749408
edem SNARC dot CD down 40 num_decimal 0.581793576118
edem SNARC dot CD down 35 num_decimal 0.441168308176
edem SNARC dot CD up 15 lctrl 0.674799496471
edem SNARC dot CD up 5 lctrl 0.6044362926
edem SNARC dot CD down 15 num_decimal 0.498865589405
edem SNARC dot CD down 5 num_decimal 0.468684633155
edem SNARC dot CD down 40 num_decimal 0.463645491352
edem SNARC dot CD up 25 lctrl 0.710487497336
edem SNARC dot CD up 30 lctrl 0.609432038779
edem SNARC dot CD up 10 lctrl 0.516669343897
edem SNARC dot CD up 35 lctrl 0.526371415443
edem SNARC dot CD down 15 num_decimal 1.57677473227
edem SNARC dot CD down 45 num_decimal 0.434018179267
edem SNARC dot CD down 15 num_decimal 0.405136991934
edem SNARC dot CD up 30 lctrl 0.486288907764
edem SNARC dot CD down 5 num_decimal 0.487556479929
edem SNARC dot CD down 10 num_decimal 0.426582479157
edem SNARC dot CD down 30 num_decimal 0.362994591995
edem SNARC dot CD down 20 num_decimal 0.585375814849
edem SNARC dot CD down 15 num_decimal 0.487190066882
edem SNARC dot CD up 45 lctrl 0.525045399172
edem SNARC dot CD up 20 lctrl 0.686991216936
edem SNARC dot CD down 35 num_decimal 0.754523206335
edem SNARC dot CD up 45 lctrl 0.522539651876
edem SNARC dot CD down 40 num_decimal 0.902984883974
edem SNARC dot CD down 25 num_decimal 0.723567428225
edem SNARC dot CD up 25 lctrl 0.523706784171
edem SNARC dot CD up 20 lctrl 0.658014139274
edem SNARC dot CD up 30 lctrl 1.83571466818
edem SNARC dot CD down 45 num_decimal 0.682249195169
edem SNARC dot CD down 45 num_decimal 0.840491336449
edem SNARC dot CD up 40 lctrl 0.448049314227
edem SNARC dot CD up 40 lctrl 0.557012575282
edem SNARC dot CD down 35 num_decimal 0.449264391686
edem SNARC dot CD down 45 num_decimal 0.511833181624
edem SNARC dot CD down 15 num_decimal 0.404477658428
edem SNARC dot CD down 40 num_decimal 0.463166039705
edem SNARC dot CD down 30 num_decimal 0.632685793638
edem SNARC dot CD down 20 num_decimal 0.438009176774
edem SNARC dot CD down 10 num_decimal 0.61197908191
edem SNARC dot CD down 20 num_decimal 0.636143444934
edem SNARC dot CD down 30 num_decimal 0.458972762597
edem SNARC dot CD down 40 num_decimal 0.505781591927
edem SNARC dot CD down 45 num_decimal 0.427928793381
edem SNARC dot CD down 40 num_decimal 0.419115982153
edem SNARC dot CD down 20 num_decimal 0.456790732655
edem SNARC dot CD up 20 lctrl 0.452836131476
edem SNARC dot CD up 20 lctrl 0.595544389348
edem SNARC dot CD down 30 num_decimal 0.48413872461
edem SNARC dot CD up 45 lctrl 0.532602187069
edem SNARC dot CD down 40 num_decimal 1.74341007709
edem SNARC dot CD up 30 lctrl 0.633127449097
edem SNARC dot CD down 30 num_decimal 0.684696848323
edem SNARC dot CD down 35 num_decimal 0.983269237297
edem SNARC dot CD down 45 num_decimal 1.12786345497
edem SNARC dot CD down 5 num_decimal 0.894104879523
edem SNARC dot CD down 25 num_decimal 2.07323781397
edem SNARC dot CD up 45 lctrl 1.55981789237
edem SNARC dot CD up 35 lctrl 0.609053027002
edem SNARC dot CD down 30 num_decimal 0.560012822707
edem SNARC dot CD up 25 lctrl 0.496213556863
edem SNARC dot CD down 20 num_decimal 0.524685635454
{'participant': u'edem', 'notation': u'arabic', 'response_buttons': u'CD', 'range_in_instr': True, 'dateStr': u'04_01_1434', 'autopilot': False, 'exp_id': u'SNARC'}
edem SNARC arabic CD up 6 lctrl 3.61957191617
edem SNARC arabic CD up 2 lctrl 0.666335950019
edem SNARC arabic CD up 7 lctrl 0.636846174063
edem SNARC arabic CD up 5 lctrl 0.643254727761
edem SNARC arabic CD down 5 num_decimal 0.72798433278
edem SNARC arabic CD down 9 num_decimal 0.476032142158
edem SNARC arabic CD down 5 num_decimal 0.421766614837
edem SNARC arabic CD up 2 lctrl 1.27092972674
edem SNARC arabic CD up 6 lctrl 0.446682352085
edem SNARC arabic CD up 3 lctrl 0.393288236881
edem SNARC arabic CD down 5 num_decimal 0.541468192933
edem SNARC arabic CD up 7 lctrl 0.473774869804
edem SNARC arabic CD down 7 num_decimal 0.649038944422
edem SNARC arabic CD up 6 lctrl 0.876892565385
edem SNARC arabic CD up 8 lctrl 0.462007656528
edem SNARC arabic CD down 1 num_decimal 0.474942702028
edem SNARC arabic CD up 4 lctrl 0.52598750416
edem SNARC arabic CD up 3 lctrl 0.433527528749
edem SNARC arabic CD up 2 lctrl 0.447436176062
edem SNARC arabic CD down 4 num_decimal 0.531758422163
edem SNARC arabic CD down 6 num_decimal 0.478696073501
edem SNARC arabic CD up 9 lctrl 1.27188618028
edem SNARC arabic CD up 8 lctrl 0.641854518972
edem SNARC arabic CD down 1 num_decimal 0.952464293976
edem SNARC arabic CD down 8 num_decimal 0.752201890439
edem SNARC arabic CD up 7 lctrl 0.559366787859
edem SNARC arabic CD up 5 lctrl 0.580120394858
edem SNARC arabic CD down 8 num_decimal 0.424730815897
edem SNARC arabic CD down 5 num_decimal 0.467135689366
edem SNARC arabic CD up 7 lctrl 0.45157520864
edem SNARC arabic CD down 8 num_decimal 0.492343997108
edem SNARC arabic CD down 7 num_decimal 0.911707754273
edem SNARC arabic CD up 3 lctrl 0.682166953463
edem SNARC arabic CD down 6 num_decimal 0.465958408095
edem SNARC arabic CD up 8 lctrl 0.447952374003
edem SNARC arabic CD up 4 lctrl 0.492739457226
edem SNARC arabic CD up 7 lctrl 0.415836112928
edem SNARC arabic CD up 3 lctrl 0.406874216735
edem SNARC arabic CD down 7 num_decimal 0.507884529845
edem SNARC arabic CD down 4 num_decimal 0.467176285272
edem SNARC arabic CD down 7 num_decimal 0.821578893769
edem SNARC arabic CD down 2 num_decimal 1.13066667227
edem SNARC arabic CD up 7 lctrl 0.654443799343
edem SNARC arabic CD down 6 num_decimal 0.443474575589
edem SNARC arabic CD up 7 lctrl 0.530533195727
edem SNARC arabic CD up 2 lctrl 0.435290300973
edem SNARC arabic CD down 5 num_decimal 0.452687046511
edem SNARC arabic CD up 4 lctrl 0.434251605726
edem SNARC arabic CD up 5 lctrl 0.448660702568
edem SNARC arabic CD down 3 num_decimal 0.47613713157
edem SNARC arabic CD up 4 lctrl 0.446987171344
edem SNARC arabic CD up 9 lctrl 0.487895945694
edem SNARC arabic CD down 8 num_decimal 0.440316144117
edem SNARC arabic CD down 3 num_decimal 0.499836041535
edem SNARC arabic CD up 3 lctrl 0.6519405018
edem SNARC arabic CD down 4 num_decimal 0.438575419669
edem SNARC arabic CD up 2 lctrl 0.440154110458
edem SNARC arabic CD down 8 num_decimal 0.486243062387
edem SNARC arabic CD down 6 num_decimal 0.480306261114
edem SNARC arabic CD down 6 num_decimal 0.437808297033
edem SNARC arabic CD down 7 num_decimal 0.577965662163
edem SNARC arabic CD up 1 lctrl 0.676059019448
edem SNARC arabic CD up 7 lctrl 0.454575456065
edem SNARC arabic CD down 7 num_decimal 0.565780591027
edem SNARC arabic CD up 9 lctrl 0.357863409475
edem SNARC arabic CD down 9 num_decimal 0.718121627434
edem SNARC arabic CD up 1 lctrl 0.421188823107
edem SNARC arabic CD down 1 num_decimal 0.733642212183
edem SNARC arabic CD up 2 lctrl 0.661542833405
edem SNARC arabic CD up 1 lctrl 0.498238802617
edem SNARC arabic CD down 4 num_decimal 0.43509222095
edem SNARC arabic CD down 5 num_decimal 0.551266154808
edem SNARC arabic CD up 7 lctrl 0.467841218213
edem SNARC arabic CD up 1 lctrl 0.364343006008
edem SNARC arabic CD down 1 num_decimal 0.441192455741
edem SNARC arabic CD down 2 num_decimal 0.411742575761
edem SNARC arabic CD up 1 lctrl 0.539666224661
edem SNARC arabic CD down 3 num_decimal 1.18662427894
edem SNARC arabic CD down 8 num_decimal 0.440616763799
edem SNARC arabic CD down 6 num_decimal 0.358344260981
edem SNARC arabic CD up 5 lctrl 0.490508782189
edem SNARC arabic CD down 4 num_decimal 0.437136364798
edem SNARC arabic CD down 6 num_decimal 0.463881017599
edem SNARC arabic CD up 7 lctrl 0.421533188378
edem SNARC arabic CD up 4 lctrl 0.510709794917
edem SNARC arabic CD down 2 num_decimal 0.461712286316
edem SNARC arabic CD up 9 lctrl 0.5471859163
edem SNARC arabic CD down 9 num_decimal 0.80560475476
edem SNARC arabic CD up 8 lctrl 0.458724287656
edem SNARC arabic CD up 3 lctrl 0.469889561638
edem SNARC arabic CD up 2 lctrl 0.398566754543
edem SNARC arabic CD up 9 lctrl 0.344561950927
edem SNARC arabic CD up 1 lctrl 0.351140937436
edem SNARC arabic CD up 4 lctrl 0.376500779896
edem SNARC arabic CD down 8 num_decimal 0.480673024126
edem SNARC arabic CD up 6 lctrl 0.404528403311
edem SNARC arabic CD down 1 num_decimal 0.392477718622
edem SNARC arabic CD down 5 num_decimal 0.597531838914
edem SNARC arabic CD down 7 num_decimal 0.388025117667
edem SNARC arabic CD down 9 num_decimal 0.37651967799
edem SNARC arabic CD down 4 num_decimal 0.380765449804
edem SNARC arabic CD up 6 lctrl 0.425717366404
edem SNARC arabic CD down 4 num_decimal 0.469631637649
edem SNARC arabic CD up 6 lctrl 0.464419263317
edem SNARC arabic CD down 1 num_decimal 0.405488006535
edem SNARC arabic CD down 1 num_decimal 0.40679057517
edem SNARC arabic CD down 3 num_decimal 0.426570580357
edem SNARC arabic CD down 6 num_decimal 0.369780057681
edem SNARC arabic CD down 7 num_decimal 0.375254905543
edem SNARC arabic CD up 7 lctrl 0.468023549825
edem SNARC arabic CD down 8 num_decimal 0.534917553565
edem SNARC arabic CD down 3 num_decimal 0.383450379029
edem SNARC arabic CD up 5 lctrl 0.348164137647
edem SNARC arabic CD down 3 num_decimal 0.4409380314
edem SNARC arabic CD down 7 num_decimal 0.39684352833
edem SNARC arabic CD down 7 num_decimal 0.371227161741
edem SNARC arabic CD down 9 num_decimal 0.537051988307
edem SNARC arabic CD up 6 lctrl 0.398499911284
edem SNARC arabic CD up 4 lctrl 0.433433038278
edem SNARC arabic CD up 4 lctrl 0.521017655369
edem SNARC arabic CD up 9 lctrl 0.602411746775
edem SNARC arabic CD up 5 lctrl 0.406151889582
edem SNARC arabic CD down 6 num_decimal 0.464861618706
edem SNARC arabic CD down 1 num_decimal 0.490344998707
edem SNARC arabic CD down 6 num_decimal 0.517152645156
edem SNARC arabic CD up 1 lctrl 0.550164115949
edem SNARC arabic CD up 6 lctrl 0.372471286271
edem SNARC arabic CD down 4 num_decimal 0.42431680765
edem SNARC arabic CD up 3 lctrl 0.366237014997
edem SNARC arabic CD up 9 lctrl 0.400469862614
edem SNARC arabic CD down 3 lctrl 0.644078894643
edem SNARC arabic CD up 5 lctrl 0.638094148205
edem SNARC arabic CD down 8 num_decimal 0.51959959838
edem SNARC arabic CD up 8 lctrl 0.41913208053
edem SNARC arabic CD up 3 lctrl 0.509409676034
edem SNARC arabic CD down 6 num_decimal 0.432046828077
edem SNARC arabic CD up 1 lctrl 0.558654609683
edem SNARC arabic CD up 5 lctrl 0.550134018984
edem SNARC arabic CD down 9 num_decimal 0.426672070122
edem SNARC arabic CD up 1 lctrl 0.411749575055
edem SNARC arabic CD down 5 num_decimal 0.814549852647
edem SNARC arabic CD up 4 lctrl 0.508620155657
edem SNARC arabic CD up 6 lctrl 0.600524387116
edem SNARC arabic CD up 2 lctrl 0.42846563924
edem SNARC arabic CD down 7 num_decimal 0.443490673966
edem SNARC arabic CD down 9 num_decimal 0.456142947984
edem SNARC arabic CD up 9 lctrl 0.423586081344
edem SNARC arabic CD up 4 lctrl 0.480443447278
edem SNARC arabic CD down 8 num_decimal 0.462651241622
edem SNARC arabic CD down 2 num_decimal 0.601160622951
edem SNARC arabic CD down 2 num_decimal 0.514694843025
edem SNARC arabic CD up 1 lctrl 0.604315554776
edem SNARC arabic CD up 3 lctrl 0.432595922701
edem SNARC arabic CD down 7 num_decimal 0.603298207376
edem SNARC arabic CD up 7 lctrl 0.898346101796
edem SNARC arabic CD down 2 num_decimal 0.770825262272
edem SNARC arabic CD down 3 num_decimal 0.479075435242
edem SNARC arabic CD up 8 lctrl 0.431275155901
edem SNARC arabic CD up 8 lctrl 0.388651554491
edem SNARC arabic CD down 4 num_decimal 0.396092504071
edem SNARC arabic CD up 9 lctrl 0.632992712685
edem SNARC arabic CD up 7 lctrl 0.42379850992
edem SNARC arabic CD down 2 num_decimal 0.551982882526
edem SNARC arabic CD up 3 lctrl 0.440281147646
edem SNARC arabic CD up 6 lctrl 0.480957195467
edem SNARC arabic CD down 7 num_decimal 0.424919446874
edem SNARC arabic CD down 5 num_decimal 0.4531948453
edem SNARC arabic CD up 9 lctrl 0.44345602746
edem SNARC arabic CD up 7 lctrl 0.427641122393
edem SNARC arabic CD up 2 lctrl 0.427414695228
edem SNARC arabic CD down 5 num_decimal 0.513110902765
edem SNARC arabic CD up 8 lctrl 0.39024809348
edem SNARC arabic CD down 2 num_decimal 0.45042032511
edem SNARC arabic CD up 2 lctrl 0.347006804364
edem SNARC arabic CD up 9 lctrl 0.386603910996
edem SNARC arabic CD up 8 lctrl 0.366276910974
edem SNARC arabic CD up 7 lctrl 0.371839599976
edem SNARC arabic CD down 2 num_decimal 0.556599266964
edem SNARC arabic CD down 7 num_decimal 0.474211275793
edem SNARC arabic CD up 1 lctrl 0.412290270526
edem SNARC arabic CD down 3 num_decimal 0.527775123879
edem SNARC arabic CD up 3 lctrl 0.451737242299
edem SNARC arabic CD up 8 lctrl 0.405847070323
edem SNARC arabic CD up 6 lctrl 0.407421561536
edem SNARC arabic CD down 9 num_decimal 0.409563345537
edem SNARC arabic CD up 1 lctrl 0.456456166396
edem SNARC arabic CD up 2 lctrl 0.396742738495
edem SNARC arabic CD down 9 num_decimal 0.400291380614
edem SNARC arabic CD down 1 num_decimal 0.629739440777
edem SNARC arabic CD up 2 lctrl 0.448425526286
edem SNARC arabic CD down 9 num_decimal 1.05705719578
edem SNARC arabic CD down 2 num_decimal 0.67333594407
edem SNARC arabic CD down 6 num_decimal 0.495008978345
edem SNARC arabic CD down 6 num_decimal 0.404140292452
edem SNARC arabic CD up 3 lctrl 0.593204875288
edem SNARC arabic CD up 1 lctrl 0.449808936769
edem SNARC arabic CD down 2 num_decimal 0.53404194187
edem SNARC arabic CD down 5 num_decimal 0.438882688681
edem SNARC arabic CD up 9 lctrl 0.493227308026
edem SNARC arabic CD up 1 lctrl 0.930662892647
edem SNARC arabic CD down 6 num_decimal 0.610115869814
edem SNARC arabic CD up 5 lctrl 0.464797575165
edem SNARC arabic CD down 5 num_decimal 1.89416017395
edem SNARC arabic CD up 4 lctrl 0.540077783156
edem SNARC arabic CD up 8 lctrl 0.463022554175
edem SNARC arabic CD down 4 num_decimal 0.503378734255
edem SNARC arabic CD down 1 num_decimal 1.10554515577
edem SNARC arabic CD down 5 num_decimal 0.519620596263
edem SNARC arabic CD down 8 num_decimal 0.496792398487
edem SNARC arabic CD up 3 lctrl 0.479937048349
edem SNARC arabic CD up 7 lctrl 0.660133525534
edem SNARC arabic CD down 3 num_decimal 3.64396585604
edem SNARC arabic CD down 9 num_decimal 0.402037354533
edem SNARC arabic CD down 9 num_decimal 0.376378992179
edem SNARC arabic CD up 6 lctrl 0.539966494379
edem SNARC arabic CD down 2 num_decimal 0.44562895832
edem SNARC arabic CD down 4 num_decimal 0.405875067499
edem SNARC arabic CD down 8 num_decimal 0.411509499267
edem SNARC arabic CD up 5 lctrl 0.397460866072
edem SNARC arabic CD down 5 num_decimal 0.40573753137
edem SNARC arabic CD down 3 num_decimal 0.520331024616
edem SNARC arabic CD down 5 num_decimal 0.511633351776
edem SNARC arabic CD down 6 num_decimal 0.433479233619
edem SNARC arabic CD down 8 num_decimal 0.433425689019
edem SNARC arabic CD down 1 num_decimal 0.36235835616
edem SNARC arabic CD up 8 lctrl 0.569541661723
edem SNARC arabic CD up 1 lctrl 0.390382479927
edem SNARC arabic CD up 3 lctrl 0.405993705535
edem SNARC arabic CD down 1 num_decimal 0.508525665187
edem SNARC arabic CD down 2 num_decimal 0.48706127987
edem SNARC arabic CD up 6 lctrl 1.01897228664
edem SNARC arabic CD up 1 lctrl 0.646362414351
edem SNARC arabic CD up 1 lctrl 0.739686452621
edem SNARC arabic CD up 9 lctrl 0.506141705609
edem SNARC arabic CD down 2 num_decimal 0.475431602723
edem SNARC arabic CD up 4 lctrl 0.474483898299
edem SNARC arabic CD down 8 num_decimal 0.385412981101
edem SNARC arabic CD down 3 lctrl 0.861166551353
edem SNARC arabic CD down 1 num_decimal 1.40301515592
edem SNARC arabic CD down 6 num_decimal 0.618545469689
edem SNARC arabic CD down 9 num_decimal 0.572959067078
edem SNARC arabic CD up 2 lctrl 0.502453077607
edem SNARC arabic CD down 1 num_decimal 0.500349789724
edem SNARC arabic CD down 3 num_decimal 0.398154496119
edem SNARC arabic CD down 4 num_decimal 0.38668160316
edem SNARC arabic CD down 4 num_decimal 0.328272843684
edem SNARC arabic CD down 3 num_decimal 0.351274273989
edem SNARC arabic CD up 5 lctrl 0.513356228024
edem SNARC arabic CD up 3 lctrl 0.395070257165
edem SNARC arabic CD up 9 lctrl 0.412004349361
edem SNARC arabic CD up 1 lctrl 0.384939478854
edem SNARC arabic CD up 9 lctrl 0.346471708328
edem SNARC arabic CD up 2 lctrl 0.33933137843
edem SNARC arabic CD down 4 num_decimal 0.603604776458
edem SNARC arabic CD up 5 lctrl 0.435030627161
edem SNARC arabic CD up 8 lctrl 0.433862794937
edem SNARC arabic CD down 2 num_decimal 0.604568929223
edem SNARC arabic CD up 1 lctrl 0.488664468188
edem SNARC arabic CD up 7 lctrl 0.440280447717
edem SNARC arabic CD up 6 lctrl 0.452830182076
edem SNARC arabic CD down 9 num_decimal 0.455027260501
edem SNARC arabic CD up 6 lctrl 0.512367927695
edem SNARC arabic CD up 1 lctrl 0.816843171366
edem SNARC arabic CD down 6 num_decimal 0.597119930455
edem SNARC arabic CD down 3 num_decimal 0.525137439889
edem SNARC arabic CD down 4 num_decimal 0.520696737734
edem SNARC arabic CD down 2 num_decimal 0.455330679901
edem SNARC arabic CD down 1 num_decimal 0.503617060219
edem SNARC arabic CD down 4 num_decimal 0.443982024413
edem SNARC arabic CD down 3 num_decimal 0.428192316805
edem SNARC arabic CD down 5 num_decimal 0.428123023793
edem SNARC arabic CD up 7 lctrl 0.483871701539
edem SNARC arabic CD down 6 num_decimal 0.492620469226
edem SNARC arabic CD down 4 num_decimal 0.449059662333
edem SNARC arabic CD down 9 num_decimal 0.404857370134
edem SNARC arabic CD up 4 lctrl 0.462026904587
edem SNARC arabic CD down 2 num_decimal 0.473837863451
edem SNARC arabic CD down 7 num_decimal 0.48374536428
edem SNARC arabic CD down 2 num_decimal 0.449624155404
edem SNARC arabic CD up 1 lctrl 0.631464066849
edem SNARC arabic CD down 1 lctrl 0.786758105445
edem SNARC arabic CD up 5 lctrl 0.965951933747
edem SNARC arabic CD down 5 num_decimal 0.61939623389
edem SNARC arabic CD down 4 num_decimal 0.446305440096
edem SNARC arabic CD up 7 lctrl 0.518607098474
edem SNARC arabic CD up 8 lctrl 1.04849355942
edem SNARC arabic CD down 6 num_decimal 0.457880522749
edem SNARC arabic CD up 8 lctrl 0.524956508136
edem SNARC arabic CD up 5 lctrl 0.495748803733
edem SNARC arabic CD up 8 lctrl 0.419022191612
edem SNARC arabic CD down 8 num_decimal 0.424694069603
edem SNARC arabic CD up 5 lctrl 0.602472640634
edem SNARC arabic CD down 2 num_decimal 0.43152573063
edem SNARC arabic CD up 5 lctrl 0.473118685981
edem SNARC arabic CD down 7 num_decimal 0.421056886413
edem SNARC arabic CD up 3 lctrl 0.405918463123
edem SNARC arabic CD up 3 num_decimal 0.379622815039
edem SNARC arabic CD up 9 lctrl 0.723148870436
edem SNARC arabic CD up 4 lctrl 0.483204318844
edem SNARC arabic CD up 2 lctrl 0.562089513273
edem SNARC arabic CD up 5 lctrl 0.397519310178
edem SNARC arabic CD down 4 num_decimal 0.585284474061
edem SNARC arabic CD down 2 num_decimal 0.570903374395
edem SNARC arabic CD down 2 num_decimal 0.477163928018
edem SNARC arabic CD down 7 num_decimal 0.529507799138
edem SNARC arabic CD up 2 lctrl 0.607455088154
edem SNARC arabic CD down 6 num_decimal 0.581056900412
edem SNARC arabic CD up 4 lctrl 0.835384651458
edem SNARC arabic CD up 8 lctrl 0.528399460914
edem SNARC arabic CD up 4 lctrl 0.433611170313
edem SNARC arabic CD up 3 lctrl 0.447655953897
edem SNARC arabic CD down 9 num_decimal 0.503596762267
edem SNARC arabic CD up 7 lctrl 0.467103842577
edem SNARC arabic CD down 9 num_decimal 0.48162597802
edem SNARC arabic CD down 9 num_decimal 0.519754632745
edem SNARC arabic CD down 8 num_decimal 0.472916756345
edem SNARC arabic CD down 7 num_decimal 0.596064436902
edem SNARC arabic CD down 2 num_decimal 0.423896150073
edem SNARC arabic CD down 1 num_decimal 0.43838363901
edem SNARC arabic CD up 4 lctrl 0.506791590068
edem SNARC arabic CD up 3 lctrl 0.450696097299
edem SNARC arabic CD up 4 lctrl 0.437386239598
edem SNARC arabic CD down 8 num_decimal 0.592466449759
edem SNARC arabic CD down 6 num_decimal 0.449114256827
edem SNARC arabic CD up 3 lctrl 0.531769271069
edem SNARC arabic CD up 7 lctrl 0.468868014661
edem SNARC arabic CD up 9 lctrl 0.478187924748
edem SNARC arabic CD down 3 num_decimal 0.517501909932
edem SNARC arabic CD down 9 num_decimal 0.442334740541
edem SNARC arabic CD up 6 lctrl 0.652548390495
edem SNARC arabic CD down 5 num_decimal 0.420674025025
edem SNARC arabic CD up 8 lctrl 0.703156436673
edem SNARC arabic CD down 8 num_decimal 0.748969266449
edem SNARC arabic CD up 6 lctrl 0.46719623326
edem SNARC arabic CD up 9 lctrl 0.849535474347
edem SNARC arabic CD up 6 lctrl 0.894599029688
edem SNARC arabic CD up 3 lctrl 1.80641702284
edem SNARC arabic CD down 9 num_decimal 0.434297801067
edem SNARC arabic CD down 9 num_decimal 0.391591607986
edem SNARC arabic CD down 5 num_decimal 0.663672018677
edem SNARC arabic CD down 5 num_decimal 0.480726568726
edem SNARC arabic CD up 6 lctrl 0.971554868691
edem SNARC arabic CD down 1 num_decimal 1.06799779242
edem SNARC arabic CD down 5 num_decimal 0.697465660588
edem SNARC arabic CD up 9 lctrl 0.860529615588
edem SNARC arabic CD down 4 num_decimal 0.694064703575
edem SNARC arabic CD down 8 num_decimal 0.669745306186
edem SNARC arabic CD up 4 lctrl 0.508489618822
edem SNARC arabic CD down 1 num_decimal 0.941426407147
edem SNARC arabic CD up 8 lctrl 0.510662549682
edem SNARC arabic CD down 7 num_decimal 0.53254794254
edem SNARC arabic CD up 8 lctrl 0.394023512729
edem SNARC arabic CD up 4 lctrl 0.566843783804
edem SNARC arabic CD up 2 lctrl 0.525097893877
edem SNARC arabic CD up 2 lctrl 0.421446747096
edem SNARC arabic CD down 5 num_decimal 0.521411715629
edem SNARC arabic CD up 3 lctrl 0.477638130195
edem SNARC arabic CD up 5 lctrl 0.608571825531
edem SNARC arabic CD up 8 lctrl 0.344074800056
edem SNARC arabic CD down 3 num_decimal 0.507756442763
{'participant': u'edem', 'notation': u'dot', 'response_buttons': u'DC', 'range_in_instr': True, 'dateStr': u'04_01_1442', 'autopilot': False, 'exp_id': u'SNARC'}
edem SNARC dot DC up 20 num_decimal 2.70703964505
edem SNARC dot DC up 35 num_decimal 0.452267088864
edem SNARC dot DC up 5 num_decimal 0.478878055148
edem SNARC dot DC down 10 lctrl 0.546116074194
edem SNARC dot DC down 25 lctrl 0.455528059995
edem SNARC dot DC up 20 num_decimal 0.571929120948
edem SNARC dot DC up 40 num_decimal 0.409510150901
edem SNARC dot DC down 15 lctrl 0.539748816332
edem SNARC dot DC up 20 num_decimal 0.502110112195
edem SNARC dot DC down 45 lctrl 2.01121846862
edem SNARC dot DC down 30 lctrl 0.596761916561
edem SNARC dot DC up 45 num_decimal 0.486838002387
edem SNARC dot DC up 35 num_decimal 0.541873102098
edem SNARC dot DC up 5 num_decimal 0.508490318751
edem SNARC dot DC up 30 num_decimal 0.416825113187
edem SNARC dot DC up 25 num_decimal 1.30698589047
edem SNARC dot DC down 10 lctrl 0.43898452841
edem SNARC dot DC up 5 num_decimal 0.62527179134
edem SNARC dot DC up 5 num_decimal 0.464882616588
edem SNARC dot DC down 40 lctrl 0.753881021099
edem SNARC dot DC down 15 lctrl 0.488626322035
edem SNARC dot DC down 40 lctrl 0.501419281865
edem SNARC dot DC up 45 num_decimal 0.533241222623
edem SNARC dot DC down 20 lctrl 2.50458681242
edem SNARC dot DC down 30 lctrl 0.536280666095
edem SNARC dot DC down 35 lctrl 0.578504957775
edem SNARC dot DC up 30 num_decimal 0.443140709259
edem SNARC dot DC down 35 lctrl 0.479058286972
edem SNARC dot DC down 5 lctrl 1.66582360169
edem SNARC dot DC down 40 lctrl 0.52710739122
edem SNARC dot DC up 20 num_decimal 0.499588266523
edem SNARC dot DC down 15 lctrl 4.05558489426
edem SNARC dot DC down 40 lctrl 0.410724178467
edem SNARC dot DC down 20 lctrl 0.397251937142
edem SNARC dot DC down 20 lctrl 0.511991365671
edem SNARC dot DC up 25 num_decimal 0.543941743475
edem SNARC dot DC up 45 num_decimal 0.450702746628
edem SNARC dot DC up 25 num_decimal 0.400463913214
edem SNARC dot DC up 5 num_decimal 0.530397409421
edem SNARC dot DC down 45 lctrl 0.473107837075
edem SNARC dot DC down 45 lctrl 0.602710616634
edem SNARC dot DC down 20 lctrl 0.544981838582
edem SNARC dot DC up 15 num_decimal 0.49831264517
edem SNARC dot DC down 15 lctrl 0.583547599225
edem SNARC dot DC up 25 num_decimal 0.550243907902
edem SNARC dot DC up 45 num_decimal 0.526492853196
edem SNARC dot DC down 10 lctrl 0.476500394935
edem SNARC dot DC up 10 num_decimal 0.586283973261
edem SNARC dot DC down 25 lctrl 0.477801913677
edem SNARC dot DC up 25 num_decimal 0.572177595889
edem SNARC dot DC up 40 num_decimal 0.521279079005
edem SNARC dot DC down 20 lctrl 0.393684746893
edem SNARC dot DC up 30 num_decimal 0.494753504109
edem SNARC dot DC down 15 lctrl 0.474741472323
edem SNARC dot DC up 40 num_decimal 2.10159125452
edem SNARC dot DC down 30 lctrl 0.452661149123
edem SNARC dot DC up 30 num_decimal 0.426639173439
edem SNARC dot DC down 25 lctrl 0.544564330687
edem SNARC dot DC down 15 lctrl 0.64170123443
edem SNARC dot DC down 15 lctrl 0.635673442333
edem SNARC dot DC down 20 lctrl 0.574209840938
edem SNARC dot DC up 35 num_decimal 0.495937084745
edem SNARC dot DC up 40 num_decimal 0.542465592345
edem SNARC dot DC down 25 lctrl 0.905507079611
edem SNARC dot DC up 45 num_decimal 0.567645552946
edem SNARC dot DC up 45 num_decimal 0.533385058117
edem SNARC dot DC up 25 num_decimal 0.593861409077
edem SNARC dot DC down 25 lctrl 0.63400516058
edem SNARC dot DC up 30 num_decimal 0.442041470118
edem SNARC dot DC up 5 num_decimal 0.42851323444
edem SNARC dot DC up 10 num_decimal 0.443766796119
edem SNARC dot DC down 30 lctrl 0.572663696866
edem SNARC dot DC up 35 num_decimal 0.428973088064
edem SNARC dot DC down 15 lctrl 0.626098407976
edem SNARC dot DC up 10 num_decimal 0.501481575583
edem SNARC dot DC up 40 num_decimal 0.411636536455
edem SNARC dot DC down 25 lctrl 0.432827599337
edem SNARC dot DC down 30 lctrl 0.485085029175
edem SNARC dot DC up 40 num_decimal 0.420524590095
edem SNARC dot DC down 35 lctrl 0.704426108627
edem SNARC dot DC down 15 lctrl 0.890370756109
edem SNARC dot DC down 10 lctrl 0.428915343888
edem SNARC dot DC up 45 num_decimal 0.538210371484
edem SNARC dot DC down 45 lctrl 0.440644411011
edem SNARC dot DC down 35 lctrl 0.947235821267
edem SNARC dot DC up 45 num_decimal 0.487219463917
edem SNARC dot DC down 10 lctrl 0.427292557546
edem SNARC dot DC down 20 lctrl 0.450120755322
edem SNARC dot DC up 25 num_decimal 0.548286905266
edem SNARC dot DC down 15 lctrl 0.404024104169
edem SNARC dot DC down 25 lctrl 0.513229540801
edem SNARC dot DC up 10 num_decimal 0.451049561652
edem SNARC dot DC up 25 num_decimal 0.481581882467
edem SNARC dot DC down 30 lctrl 0.430528681182
edem SNARC dot DC up 25 num_decimal 0.475160380076
edem SNARC dot DC up 40 num_decimal 0.446847185461
edem SNARC dot DC down 25 lctrl 0.451459720287
edem SNARC dot DC down 45 lctrl 0.465962607671
edem SNARC dot DC up 30 num_decimal 0.458691390973
edem SNARC dot DC up 5 num_decimal 1.18533395907
edem SNARC dot DC down 15 lctrl 0.400313078426
edem SNARC dot DC up 30 num_decimal 0.568449421876
edem SNARC dot DC down 35 lctrl 0.337884624336
edem SNARC dot DC up 35 num_decimal 0.364307309608
edem SNARC dot DC down 40 lctrl 0.549279755137
edem SNARC dot DC up 30 num_decimal 3.01257948136
edem SNARC dot DC down 35 lctrl 0.365625276691
edem SNARC dot DC up 45 num_decimal 0.350938657836
edem SNARC dot DC down 10 lctrl 1.087625213
edem SNARC dot DC up 20 num_decimal 0.420482244366
edem SNARC dot DC up 40 lctrl 0.323785246258
edem SNARC dot DC down 20 lctrl 1.82970962378
edem SNARC dot DC up 40 num_decimal 0.571399974313
edem SNARC dot DC up 40 num_decimal 0.882879061647
edem SNARC dot DC up 45 num_decimal 0.388320137914
edem SNARC dot DC down 35 lctrl 0.493514979014
edem SNARC dot DC down 10 lctrl 0.418623931776
edem SNARC dot DC up 20 num_decimal 0.527389112808
edem SNARC dot DC down 45 lctrl 1.91999806819
edem SNARC dot DC up 35 num_decimal 0.516282982861
edem SNARC dot DC down 45 lctrl 0.60292444507
edem SNARC dot DC up 30 num_decimal 0.385094863183
edem SNARC dot DC down 40 lctrl 0.395639649741
edem SNARC dot DC down 45 lctrl 0.49749687744
edem SNARC dot DC up 40 num_decimal 0.525033150407
edem SNARC dot DC up 40 num_decimal 0.429993235182
edem SNARC dot DC up 40 num_decimal 0.442639209836
edem SNARC dot DC down 40 lctrl 0.509594807364
edem SNARC dot DC down 35 lctrl 0.521782678217
edem SNARC dot DC up 5 num_decimal 0.486238862811
edem SNARC dot DC up 45 num_decimal 0.543683819487
edem SNARC dot DC up 25 num_decimal 0.555982979117
edem SNARC dot DC up 35 num_decimal 0.495062872909
edem SNARC dot DC down 45 lctrl 0.471360113333
edem SNARC dot DC down 10 lctrl 0.527083243655
edem SNARC dot DC down 40 lctrl 0.48642469407
edem SNARC dot DC up 5 num_decimal 0.422339857025
edem SNARC dot DC up 5 num_decimal 0.483273261892
edem SNARC dot DC down 45 lctrl 0.511645600541
edem SNARC dot DC down 15 lctrl 0.507567111857
edem SNARC dot DC down 40 lctrl 0.543405597545
edem SNARC dot DC up 15 num_decimal 0.478191424395
edem SNARC dot DC up 35 num_decimal 0.451903825499
edem SNARC dot DC down 40 lctrl 0.358964048476
edem SNARC dot DC up 20 num_decimal 0.431328350536
edem SNARC dot DC up 25 num_decimal 0.483859102809
edem SNARC dot DC up 25 num_decimal 0.421308161072
edem SNARC dot DC up 15 num_decimal 0.416805865129
edem SNARC dot DC up 30 num_decimal 0.380360190675
edem SNARC dot DC down 45 lctrl 0.473156482169
edem SNARC dot DC down 25 lctrl 0.425586829568
edem SNARC dot DC down 10 lctrl 0.436022777103
edem SNARC dot DC up 45 num_decimal 0.529789870692
edem SNARC dot DC down 15 lctrl 0.509714495293
edem SNARC dot DC up 35 num_decimal 0.433877493455
edem SNARC dot DC up 35 num_decimal 0.522021354146
edem SNARC dot DC up 20 num_decimal 0.453783135971
edem SNARC dot DC down 20 lctrl 0.425482190121
edem SNARC dot DC up 45 num_decimal 0.398567804437
edem SNARC dot DC down 35 lctrl 0.411400660243
edem SNARC dot DC down 20 lctrl 0.490230910213
edem SNARC dot DC down 30 lctrl 0.438955831304
edem SNARC dot DC down 15 lctrl 0.911853689555
edem SNARC dot DC up 15 num_decimal 0.471469652286
edem SNARC dot DC up 40 num_decimal 0.481679172655
edem SNARC dot DC up 30 num_decimal 0.451579058252
edem SNARC dot DC up 40 num_decimal 0.589329016169
edem SNARC dot DC up 5 num_decimal 0.52039226844
edem SNARC dot DC down 5 lctrl 0.510880227729
edem SNARC dot DC up 40 num_decimal 0.75856529869
edem SNARC dot DC down 20 lctrl 0.500234651335
edem SNARC dot DC up 10 num_decimal 0.38983163548
edem SNARC dot DC down 35 lctrl 0.406529151535
edem SNARC dot DC up 20 num_decimal 0.46202340494
edem SNARC dot DC down 20 lctrl 0.556185258717
edem SNARC dot DC up 5 num_decimal 0.599068183974
edem SNARC dot DC down 30 lctrl 0.483771961598
edem SNARC dot DC down 45 lctrl 0.45947496195
edem SNARC dot DC down 20 lctrl 0.511034912129
edem SNARC dot DC up 30 num_decimal 0.487792006176
edem SNARC dot DC down 10 lctrl 0.483661022786
edem SNARC dot DC down 25 lctrl 0.456623449525
edem SNARC dot DC up 10 num_decimal 0.56037818586
edem SNARC dot DC down 20 lctrl 0.385250947442
edem SNARC dot DC down 25 lctrl 0.470236726626
edem SNARC dot DC down 40 lctrl 0.585325419931
edem SNARC dot DC down 25 lctrl 0.421830658378
edem SNARC dot DC up 5 num_decimal 0.475902655217
edem SNARC dot DC down 5 lctrl 0.442454778436
edem SNARC dot DC down 30 lctrl 0.469742576461
edem SNARC dot DC down 10 lctrl 0.464596695423
edem SNARC dot DC down 45 lctrl 0.483798558915
edem SNARC dot DC down 10 lctrl 0.481268664055
edem SNARC dot DC up 5 num_decimal 0.620706151785
edem SNARC dot DC down 30 lctrl 0.801741844335
edem SNARC dot DC up 5 num_decimal 0.468403611496
edem SNARC dot DC up 15 num_decimal 0.401977860533
edem SNARC dot DC up 20 num_decimal 0.38640268129
edem SNARC dot DC down 40 lctrl 0.434247756114
edem SNARC dot DC down 30 lctrl 0.479070535736
edem SNARC dot DC up 35 num_decimal 0.428974137958
edem SNARC dot DC up 35 num_decimal 0.399181992496
edem SNARC dot DC up 15 num_decimal 0.340472963302
edem SNARC dot DC up 20 num_decimal 0.367818855468
edem SNARC dot DC up 10 num_decimal 0.434092721749
edem SNARC dot DC down 30 lctrl 0.438950231869
edem SNARC dot DC down 45 lctrl 0.413738074515
edem SNARC dot DC up 25 num_decimal 0.494537225921
edem SNARC dot DC down 25 lctrl 0.409802371431
edem SNARC dot DC down 15 lctrl 0.41502419481
edem SNARC dot DC up 10 num_decimal 0.4186197322
edem SNARC dot DC down 35 num_decimal 0.475882357264
edem SNARC dot DC down 25 lctrl 0.974730798399
edem SNARC dot DC up 10 num_decimal 0.468381563719
edem SNARC dot DC up 25 num_decimal 0.74364630327
edem SNARC dot DC up 45 num_decimal 0.546969638112
edem SNARC dot DC up 5 num_decimal 0.389919826586
edem SNARC dot DC down 10 lctrl 0.407260577771
edem SNARC dot DC up 10 num_decimal 0.456372174866
edem SNARC dot DC down 30 lctrl 0.470125087885
edem SNARC dot DC up 15 num_decimal 0.458991310726
edem SNARC dot DC down 45 lctrl 0.467334819283
edem SNARC dot DC up 40 num_decimal 0.691913120562
edem SNARC dot DC up 45 num_decimal 0.606706513648
edem SNARC dot DC up 10 num_decimal 0.479490493384
edem SNARC dot DC up 45 num_decimal 1.05008659877
edem SNARC dot DC down 30 lctrl 0.421574484213
edem SNARC dot DC down 35 lctrl 0.493384792144
edem SNARC dot DC up 5 num_decimal 0.479348057748
edem SNARC dot DC up 25 num_decimal 0.511060809517
edem SNARC dot DC up 15 num_decimal 0.554705607939
edem SNARC dot DC down 25 lctrl 0.436333195797
edem SNARC dot DC up 45 num_decimal 0.475561439629
edem SNARC dot DC down 10 lctrl 0.431188714618
edem SNARC dot DC up 40 num_decimal 0.486474039093
edem SNARC dot DC up 35 num_decimal 0.439332743293
edem SNARC dot DC up 5 num_decimal 0.46702300073
edem SNARC dot DC up 25 lctrl 0.322879187634
edem SNARC dot DC up 10 num_decimal 0.638428714464
edem SNARC dot DC up 45 num_decimal 0.466536899754
edem SNARC dot DC down 15 lctrl 0.475977547664
edem SNARC dot DC up 5 num_decimal 0.454033010771
edem SNARC dot DC up 35 num_decimal 0.42053018953
edem SNARC dot DC up 15 num_decimal 0.543303407851
edem SNARC dot DC up 5 num_decimal 0.622320888938
edem SNARC dot DC down 30 lctrl 0.461497407986
edem SNARC dot DC up 25 num_decimal 0.475088287346
edem SNARC dot DC up 35 num_decimal 0.409986102901
edem SNARC dot DC up 10 num_decimal 0.36819226781
edem SNARC dot DC down 5 lctrl 0.5357501196
edem SNARC dot DC down 45 lctrl 0.532653981846
edem SNARC dot DC up 5 num_decimal 0.486959790105
edem SNARC dot DC down 10 lctrl 0.761047948314
edem SNARC dot DC down 25 lctrl 0.508827334763
edem SNARC dot DC down 45 lctrl 0.361735069018
edem SNARC dot DC up 30 num_decimal 0.502351937807
edem SNARC dot DC up 40 num_decimal 0.464229232482
edem SNARC dot DC up 5 num_decimal 0.4067377305
edem SNARC dot DC down 20 lctrl 0.427576028958
edem SNARC dot DC up 35 num_decimal 0.432916840337
edem SNARC dot DC up 35 num_decimal 0.478214172101
edem SNARC dot DC up 5 num_decimal 0.432020580724
edem SNARC dot DC up 15 num_decimal 0.520265931181
edem SNARC dot DC up 5 num_decimal 0.545353501099
edem SNARC dot DC up 5 num_decimal 0.467363516389
edem SNARC dot DC down 30 lctrl 0.462881168434
edem SNARC dot DC up 40 num_decimal 0.850798147007
edem SNARC dot DC down 20 lctrl 0.579821524999
edem SNARC dot DC up 15 num_decimal 0.516625598308
edem SNARC dot DC down 10 lctrl 1.28933717035
edem SNARC dot DC down 15 lctrl 0.442723901295
edem SNARC dot DC up 20 num_decimal 0.475976147806
edem SNARC dot DC up 45 num_decimal 0.555766350963
edem SNARC dot DC down 30 lctrl 0.449506567263
edem SNARC dot DC up 45 num_decimal 0.418216922823
edem SNARC dot DC down 35 lctrl 0.564155354932
edem SNARC dot DC up 15 num_decimal 0.750110851321
edem SNARC dot DC down 5 lctrl 0.800341985511
edem SNARC dot DC up 25 num_decimal 0.409357566289
edem SNARC dot DC down 5 lctrl 0.461774929998
edem SNARC dot DC down 35 lctrl 0.620376135067
edem SNARC dot DC down 20 lctrl 0.546981536912
edem SNARC dot DC up 35 num_decimal 0.655667275955
edem SNARC dot DC down 40 lctrl 0.623359584186
edem SNARC dot DC down 25 lctrl 0.449106907568
edem SNARC dot DC down 5 lctrl 0.372024731306
edem SNARC dot DC up 40 num_decimal 0.732090818641
edem SNARC dot DC up 5 num_decimal 1.65641235081
edem SNARC dot DC down 25 lctrl 0.58664303705
edem SNARC dot DC down 10 lctrl 0.714387853985
edem SNARC dot DC up 35 num_decimal 0.523505554465
edem SNARC dot DC up 20 num_decimal 0.411792620714
edem SNARC dot DC down 15 lctrl 0.616457580253
edem SNARC dot DC down 15 lctrl 0.400749834379
edem SNARC dot DC down 30 lctrl 0.369625723246
edem SNARC dot DC up 15 num_decimal 0.556739602811
edem SNARC dot DC up 45 num_decimal 0.413981299986
edem SNARC dot DC up 15 num_decimal 0.706892309911
edem SNARC dot DC up 35 num_decimal 0.642031601113
edem SNARC dot DC down 25 lctrl 0.525847868242
edem SNARC dot DC down 20 lctrl 0.844548127321
edem SNARC dot DC up 40 num_decimal 1.99120748672
edem SNARC dot DC up 10 num_decimal 0.800970172158
edem SNARC dot DC down 30 lctrl 0.415027344492
edem SNARC dot DC down 20 lctrl 0.551674913585
edem SNARC dot DC up 10 num_decimal 0.475577538005
edem SNARC dot DC down 20 lctrl 0.408243978595
edem SNARC dot DC down 35 lctrl 0.500759598394
edem SNARC dot DC up 10 num_decimal 0.435616118115
edem SNARC dot DC down 20 lctrl 0.37101963267
edem SNARC dot DC down 30 lctrl 0.416277768387
edem SNARC dot DC down 40 lctrl 0.45327743697
edem SNARC dot DC down 30 lctrl 0.359129931746
edem SNARC dot DC up 20 num_decimal 0.484332255092
edem SNARC dot DC up 40 num_decimal 0.401294379462
edem SNARC dot DC up 25 num_decimal 0.442055118741
edem SNARC dot DC down 15 lctrl 0.500372887394
edem SNARC dot DC down 35 lctrl 0.467949007343
edem SNARC dot DC down 20 lctrl 0.403268880333
edem SNARC dot DC down 30 lctrl 0.516531107838
edem SNARC dot DC down 20 lctrl 0.386949326161
edem SNARC dot DC down 5 lctrl 0.385060566642
edem SNARC dot DC down 5 lctrl 0.534994195835
edem SNARC dot DC down 30 lctrl 0.582072148024
edem SNARC dot DC up 20 num_decimal 0.392227143893
edem SNARC dot DC down 10 lctrl 0.413861962021
edem SNARC dot DC up 10 num_decimal 0.452745840582
edem SNARC dot DC up 10 num_decimal 0.549028830442
edem SNARC dot DC down 15 lctrl 0.443024520977
edem SNARC dot DC down 5 lctrl 0.465027851941
edem SNARC dot DC up 45 num_decimal 0.512145700106
edem SNARC dot DC up 5 num_decimal 0.467061846813
edem SNARC dot DC down 45 lctrl 0.443992873319
edem SNARC dot DC down 30 lctrl 0.647762973104
edem SNARC dot DC up 10 num_decimal 0.52456559756
edem SNARC dot DC down 20 lctrl 2.33826643583
edem SNARC dot DC up 25 num_decimal 2.3591561791
edem SNARC dot DC up 15 num_decimal 0.475712974347
edem SNARC dot DC up 20 num_decimal 0.51551691012
edem SNARC dot DC down 30 lctrl 0.589959302604
edem SNARC dot DC down 10 lctrl 0.503902981384
edem SNARC dot DC down 35 lctrl 0.454806782736
edem SNARC dot DC up 10 num_decimal 0.507263342492
edem SNARC dot DC down 35 lctrl 0.372181865459
edem SNARC dot DC down 5 lctrl 0.480356656031
edem SNARC dot DC up 25 num_decimal 1.29629971817
edem SNARC dot DC down 10 lctrl 0.486637122646
edem SNARC dot DC up 5 num_decimal 0.654517641896
edem SNARC dot DC up 15 num_decimal 0.433613970031
edem SNARC dot DC down 15 lctrl 0.445326238849
edem SNARC dot DC down 15 lctrl 0.555843693164
edem SNARC dot DC down 15 lctrl 0.447698649591
edem SNARC dot DC down 40 lctrl 0.505931726785
edem SNARC dot DC up 5 num_decimal 0.479008242019
edem SNARC dot DC up 30 num_decimal 0.418617982376
edem SNARC dot DC up 35 num_decimal 0.481151775843
edem SNARC dot DC down 35 lctrl 0.52131442544
edem SNARC dot DC down 30 lctrl 0.471471402109
edem SNARC dot DC up 40 num_decimal 0.394579256682
edem SNARC dot DC up 40 num_decimal 0.386119909807
{'participant': u'edem', 'notation': u'arabic', 'response_buttons': u'DC', 'range_in_instr': True, 'dateStr': u'04_01_1451', 'autopilot': False, 'exp_id': u'SNARC'}
edem SNARC arabic DC down 4 lctrl 2.00402039454
edem SNARC arabic DC down 3 lctrl 0.45740982022
edem SNARC arabic DC down 7 lctrl 0.383676106265
edem SNARC arabic DC down 6 lctrl 0.60245374254
edem SNARC arabic DC down 2 lctrl 0.76075607775
edem SNARC arabic DC down 9 lctrl 1.2827406856
edem SNARC arabic DC up 6 num_decimal 0.527205031373
edem SNARC arabic DC up 8 num_decimal 1.5387188702
edem SNARC arabic DC up 4 num_decimal 0.50522934762
edem SNARC arabic DC down 9 lctrl 0.468935207884
edem SNARC arabic DC down 8 lctrl 0.454304933347
edem SNARC arabic DC up 2 num_decimal 0.494793050121
edem SNARC arabic DC down 4 lctrl 0.515418920002
edem SNARC arabic DC up 5 num_decimal 0.428810004511
edem SNARC arabic DC down 8 lctrl 0.459375571974
edem SNARC arabic DC down 6 lctrl 0.460363172374
edem SNARC arabic DC down 2 lctrl 0.429053929911
edem SNARC arabic DC up 8 num_decimal 0.529088191456
edem SNARC arabic DC up 1 num_decimal 0.478528790371
edem SNARC arabic DC down 5 lctrl 0.493862843932
edem SNARC arabic DC down 1 lctrl 0.502227700336
edem SNARC arabic DC down 7 lctrl 0.512736090565
edem SNARC arabic DC up 3 num_decimal 0.456921969419
edem SNARC arabic DC down 3 lctrl 1.27494382192
edem SNARC arabic DC up 5 num_decimal 0.518649794168
edem SNARC arabic DC up 6 num_decimal 0.552553324997
edem SNARC arabic DC up 5 num_decimal 0.484419046339
edem SNARC arabic DC up 8 num_decimal 0.37396073606
edem SNARC arabic DC down 6 lctrl 1.87977977421
edem SNARC arabic DC up 5 num_decimal 0.533308765811
edem SNARC arabic DC up 6 num_decimal 0.86314140219
edem SNARC arabic DC down 1 lctrl 0.411654384655
edem SNARC arabic DC up 1 num_decimal 0.697324974776
edem SNARC arabic DC down 1 lctrl 0.534866458718
edem SNARC arabic DC up 6 num_decimal 0.454816231783
edem SNARC arabic DC down 6 lctrl 0.394324132411
edem SNARC arabic DC down 5 lctrl 0.443582364719
edem SNARC arabic DC down 3 lctrl 0.38934833422
edem SNARC arabic DC up 7 num_decimal 0.467682684201
edem SNARC arabic DC up 6 num_decimal 0.448850383439
edem SNARC arabic DC up 2 num_decimal 0.45214040164
edem SNARC arabic DC down 7 lctrl 0.519262582369
edem SNARC arabic DC up 3 num_decimal 0.483122777068
edem SNARC arabic DC up 4 num_decimal 0.425010787662
edem SNARC arabic DC down 4 lctrl 0.438340943316
edem SNARC arabic DC down 7 lctrl 0.426575829828
edem SNARC arabic DC up 9 num_decimal 0.516294181732
edem SNARC arabic DC down 9 lctrl 0.436025926785
edem SNARC arabic DC down 2 lctrl 0.565655653627
edem SNARC arabic DC up 3 num_decimal 0.54406703084
edem SNARC arabic DC down 6 lctrl 0.380297546992
edem SNARC arabic DC down 4 lctrl 0.416777517987
edem SNARC arabic DC down 6 lctrl 0.460670441386
edem SNARC arabic DC down 9 lctrl 0.415210725998
edem SNARC arabic DC up 1 num_decimal 0.553300849609
edem SNARC arabic DC down 5 lctrl 0.417344810776
edem SNARC arabic DC down 9 lctrl 0.461169141092
edem SNARC arabic DC down 5 lctrl 0.476028642511
edem SNARC arabic DC down 8 lctrl 0.447660503438
edem SNARC arabic DC up 2 num_decimal 0.503676904184
edem SNARC arabic DC up 4 num_decimal 0.543455992463
edem SNARC arabic DC up 3 num_decimal 0.745976018319
edem SNARC arabic DC down 5 lctrl 0.437490179115
edem SNARC arabic DC up 3 num_decimal 0.416816014105
edem SNARC arabic DC up 3 num_decimal 0.404008005793
edem SNARC arabic DC up 3 num_decimal 0.381451030664
edem SNARC arabic DC down 8 lctrl 0.473415106087
edem SNARC arabic DC down 7 lctrl 0.440954479741
edem SNARC arabic DC up 4 num_decimal 0.562087413484
edem SNARC arabic DC up 7 num_decimal 0.425996988204
edem SNARC arabic DC up 1 num_decimal 0.420521090448
edem SNARC arabic DC up 4 num_decimal 0.382196455487
edem SNARC arabic DC down 2 lctrl 0.403798726898
edem SNARC arabic DC down 3 lctrl 0.423195870696
edem SNARC arabic DC down 7 lctrl 0.3948259818
edem SNARC arabic DC down 9 lctrl 0.383111963159
edem SNARC arabic DC down 7 lctrl 0.377448134356
edem SNARC arabic DC up 9 num_decimal 0.528133137773
edem SNARC arabic DC up 8 num_decimal 0.453077607123
edem SNARC arabic DC down 2 lctrl 0.42497194158
edem SNARC arabic DC down 6 lctrl 0.442910782448
edem SNARC arabic DC down 3 lctrl 0.44145492927
edem SNARC arabic DC down 7 lctrl 0.982508763991
edem SNARC arabic DC up 6 num_decimal 0.510667799152
edem SNARC arabic DC down 4 lctrl 0.818482756014
edem SNARC arabic DC down 2 lctrl 0.39022429588
edem SNARC arabic DC up 7 num_decimal 0.478871405819
edem SNARC arabic DC down 8 lctrl 0.558736851389
edem SNARC arabic DC down 9 lctrl 0.405355019946
edem SNARC arabic DC down 5 lctrl 0.396603102577
edem SNARC arabic DC up 2 num_decimal 0.442767296918
edem SNARC arabic DC down 4 lctrl 0.397970064719
edem SNARC arabic DC up 3 num_decimal 0.349349818071
edem SNARC arabic DC up 1 num_decimal 0.455168646242
edem SNARC arabic DC up 1 num_decimal 0.722039832283
edem SNARC arabic DC up 8 num_decimal 0.731871740735
edem SNARC arabic DC up 3 num_decimal 0.452660449194
edem SNARC arabic DC down 2 lctrl 0.392202996328
edem SNARC arabic DC up 3 num_decimal 0.651027793847
edem SNARC arabic DC down 9 lctrl 0.460062202727
edem SNARC arabic DC down 7 lctrl 0.485579879269
edem SNARC arabic DC down 9 lctrl 0.451454470817
edem SNARC arabic DC down 5 lctrl 0.437909436833
edem SNARC arabic DC down 4 lctrl 0.380071819757
edem SNARC arabic DC down 3 lctrl 0.355949802462
edem SNARC arabic DC down 7 lctrl 0.391325984774
edem SNARC arabic DC up 7 num_decimal 0.522596696123
edem SNARC arabic DC up 1 num_decimal 0.660057233228
edem SNARC arabic DC up 3 num_decimal 0.430357898406
edem SNARC arabic DC up 2 num_decimal 0.373307351954
edem SNARC arabic DC down 4 lctrl 0.49443153658
edem SNARC arabic DC down 2 lctrl 0.417445950576
edem SNARC arabic DC up 1 num_decimal 0.448412227627
edem SNARC arabic DC down 9 lctrl 0.474379608816
edem SNARC arabic DC down 9 lctrl 0.937802172651
edem SNARC arabic DC up 4 num_decimal 0.537199673413
edem SNARC arabic DC down 5 lctrl 0.45548011483
edem SNARC arabic DC down 9 lctrl 0.424242965097
edem SNARC arabic DC down 8 lctrl 0.37529935106
edem SNARC arabic DC up 7 num_decimal 0.437108017656
edem SNARC arabic DC down 8 lctrl 0.48049559202
edem SNARC arabic DC down 6 lctrl 0.461746582857
edem SNARC arabic DC down 4 lctrl 0.373637368671
edem SNARC arabic DC down 1 lctrl 0.434664214114
edem SNARC arabic DC up 5 num_decimal 0.491608021331
edem SNARC arabic DC up 8 num_decimal 0.490700912813
edem SNARC arabic DC down 5 lctrl 0.393212644505
edem SNARC arabic DC down 6 lctrl 0.452708044394
edem SNARC arabic DC down 4 lctrl 0.407231180735
edem SNARC arabic DC up 6 num_decimal 0.508300287916
edem SNARC arabic DC up 3 num_decimal 0.378267051768
edem SNARC arabic DC up 8 num_decimal 0.382452629652
edem SNARC arabic DC down 6 lctrl 0.48954357953
edem SNARC arabic DC down 2 lctrl 0.445091762496
edem SNARC arabic DC down 4 lctrl 0.447528566744
edem SNARC arabic DC down 7 lctrl 0.379117815968
edem SNARC arabic DC up 5 num_decimal 0.525923460619
edem SNARC arabic DC down 1 lctrl 0.907493829247
edem SNARC arabic DC down 5 lctrl 0.465951058836
edem SNARC arabic DC down 6 lctrl 0.5934467009
edem SNARC arabic DC down 3 lctrl 0.464333172
edem SNARC arabic DC up 5 num_decimal 0.466569796436
edem SNARC arabic DC up 3 num_decimal 0.367433894292
edem SNARC arabic DC down 6 lctrl 0.457157845631
edem SNARC arabic DC down 7 lctrl 0.468567394978
edem SNARC arabic DC up 5 num_decimal 0.365814957562
edem SNARC arabic DC down 6 lctrl 0.44594427652
edem SNARC arabic DC down 1 lctrl 1.93228007955
edem SNARC arabic DC down 1 lctrl 0.60766226726
edem SNARC arabic DC up 8 num_decimal 0.492105321178
edem SNARC arabic DC down 7 lctrl 0.589092440027
edem SNARC arabic DC up 2 num_decimal 0.589781170569
edem SNARC arabic DC down 5 lctrl 0.507764491951
edem SNARC arabic DC down 3 lctrl 0.429702064547
edem SNARC arabic DC down 1 lctrl 0.40901775056
edem SNARC arabic DC down 2 lctrl 0.414307817057
edem SNARC arabic DC up 4 num_decimal 0.487070378952
edem SNARC arabic DC down 5 lctrl 0.509169950211
edem SNARC arabic DC up 7 num_decimal 0.493028878038
edem SNARC arabic DC down 2 lctrl 0.415582388516
edem SNARC arabic DC up 4 num_decimal 0.531281420269
edem SNARC arabic DC down 5 lctrl 0.538460246284
edem SNARC arabic DC down 2 lctrl 0.528471553644
edem SNARC arabic DC down 6 lctrl 0.376740155755
edem SNARC arabic DC up 7 num_decimal 0.456591952702
edem SNARC arabic DC up 8 num_decimal 0.481652575338
edem SNARC arabic DC up 1 num_decimal 0.381462579499
edem SNARC arabic DC down 7 lctrl 0.512352529247
edem SNARC arabic DC up 1 num_decimal 1.79584878865
edem SNARC arabic DC down 2 lctrl 0.464725482435
edem SNARC arabic DC down 9 lctrl 0.433506180902
edem SNARC arabic DC down 2 lctrl 0.423161574155
edem SNARC arabic DC up 7 num_decimal 0.650739422929
edem SNARC arabic DC up 1 num_decimal 0.464984456318
edem SNARC arabic DC up 6 num_decimal 0.409385563466
edem SNARC arabic DC down 5 lctrl 0.372221761435
edem SNARC arabic DC up 2 num_decimal 0.690432769855
edem SNARC arabic DC up 3 num_decimal 0.741457623999
edem SNARC arabic DC down 6 lctrl 0.386049916866
edem SNARC arabic DC down 8 lctrl 0.40842875996
edem SNARC arabic DC down 7 lctrl 0.409737977925
edem SNARC arabic DC down 2 lctrl 0.410850165761
edem SNARC arabic DC down 4 lctrl 0.416349861117
edem SNARC arabic DC up 8 num_decimal 0.616654610383
edem SNARC arabic DC up 5 num_decimal 0.599910898986
edem SNARC arabic DC up 4 num_decimal 0.489297554342
edem SNARC arabic DC down 8 lctrl 0.434199460984
edem SNARC arabic DC up 3 num_decimal 0.467416711025
edem SNARC arabic DC up 9 num_decimal 0.477209073465
edem SNARC arabic DC down 9 lctrl 0.656318910238
edem SNARC arabic DC down 8 lctrl 1.30109493458
edem SNARC arabic DC up 1 num_decimal 0.598348306573
edem SNARC arabic DC up 8 num_decimal 0.426327004922
edem SNARC arabic DC down 1 lctrl 0.439970029023
edem SNARC arabic DC down 9 lctrl 3.58522637992
edem SNARC arabic DC down 1 lctrl 0.409518550054
edem SNARC arabic DC down 9 lctrl 0.368370399845
edem SNARC arabic DC up 7 num_decimal 0.530825766221
edem SNARC arabic DC up 1 num_decimal 0.71917362134
edem SNARC arabic DC down 2 lctrl 0.393555959881
edem SNARC arabic DC down 6 lctrl 0.679807491415
edem SNARC arabic DC down 2 lctrl 0.486512535211
edem SNARC arabic DC up 4 num_decimal 0.500481726418
edem SNARC arabic DC down 3 lctrl 0.435828546691
edem SNARC arabic DC up 4 num_decimal 0.500098515065
edem SNARC arabic DC down 3 lctrl 0.439833892752
edem SNARC arabic DC down 5 lctrl 0.438352492151
edem SNARC arabic DC up 8 num_decimal 0.480187273114
edem SNARC arabic DC up 9 num_decimal 0.53696449713
edem SNARC arabic DC down 1 lctrl 0.516289282226
edem SNARC arabic DC up 2 num_decimal 2.8082518878
edem SNARC arabic DC down 1 lctrl 0.477635680442
edem SNARC arabic DC up 9 num_decimal 0.450147352639
edem SNARC arabic DC up 1 num_decimal 0.477000844465
edem SNARC arabic DC down 3 lctrl 0.500216103206
edem SNARC arabic DC down 6 lctrl 0.734003725724
edem SNARC arabic DC down 6 lctrl 0.421927248637
edem SNARC arabic DC up 4 num_decimal 0.525935709384
edem SNARC arabic DC up 5 num_decimal 0.38977739095
edem SNARC arabic DC down 9 lctrl 0.466611442236
edem SNARC arabic DC down 3 lctrl 0.377579721085
edem SNARC arabic DC up 4 num_decimal 0.401219836979
edem SNARC arabic DC up 9 num_decimal 0.446396080955
edem SNARC arabic DC up 2 num_decimal 0.704579043204
edem SNARC arabic DC up 7 num_decimal 0.428112174887
edem SNARC arabic DC up 8 num_decimal 0.385528119489
edem SNARC arabic DC up 1 num_decimal 0.634864323933
edem SNARC arabic DC up 3 num_decimal 0.432254707113
edem SNARC arabic DC down 1 lctrl 0.614478879805
edem SNARC arabic DC down 4 lctrl 0.428377798099
edem SNARC arabic DC down 7 lctrl 0.404029703604
edem SNARC arabic DC down 8 lctrl 0.380959680216
edem SNARC arabic DC down 6 lctrl 0.456051257231
edem SNARC arabic DC down 4 lctrl 0.442686455071
edem SNARC arabic DC up 9 num_decimal 0.659244615181
edem SNARC arabic DC down 2 lctrl 1.63358310314
edem SNARC arabic DC down 5 lctrl 0.375592971449
edem SNARC arabic DC down 8 lctrl 0.336933420265
edem SNARC arabic DC down 2 lctrl 0.402472360662
edem SNARC arabic DC up 7 num_decimal 0.448677850839
edem SNARC arabic DC up 7 num_decimal 0.44727169265
edem SNARC arabic DC up 4 num_decimal 0.445521519155
edem SNARC arabic DC up 7 num_decimal 0.543581629793
edem SNARC arabic DC up 4 num_decimal 0.457220139349
edem SNARC arabic DC down 8 lctrl 0.467721530284
edem SNARC arabic DC up 9 num_decimal 0.425975640357
edem SNARC arabic DC up 8 num_decimal 0.411411159185
edem SNARC arabic DC down 7 lctrl 0.554103668645
edem SNARC arabic DC down 2 lctrl 0.404827973099
edem SNARC arabic DC down 6 lctrl 0.406184786264
edem SNARC arabic DC up 9 num_decimal 0.479282264384
edem SNARC arabic DC up 6 num_decimal 0.521856170805
edem SNARC arabic DC up 9 num_decimal 0.584164587001
edem SNARC arabic DC down 8 lctrl 0.48395359328
edem SNARC arabic DC down 3 lctrl 0.425453143051
edem SNARC arabic DC up 7 num_decimal 0.515192142872
edem SNARC arabic DC down 3 lctrl 0.44940892711
edem SNARC arabic DC up 3 num_decimal 0.481149676055
edem SNARC arabic DC down 8 lctrl 0.423223517908
edem SNARC arabic DC down 1 lctrl 0.497974579264
edem SNARC arabic DC down 9 lctrl 0.423834556285
edem SNARC arabic DC down 6 lctrl 0.423767363061
edem SNARC arabic DC up 1 num_decimal 0.51796281345
edem SNARC arabic DC down 6 lctrl 0.395082505929
edem SNARC arabic DC up 9 num_decimal 0.922740391632
edem SNARC arabic DC up 9 num_decimal 0.442380585918
edem SNARC arabic DC down 6 lctrl 0.411766723326
edem SNARC arabic DC down 8 lctrl 1.82032776994
edem SNARC arabic DC down 6 lctrl 0.577544654622
edem SNARC arabic DC down 9 lctrl 0.386834187772
edem SNARC arabic DC up 5 num_decimal 0.561915930778
edem SNARC arabic DC up 8 num_decimal 0.50659910948
edem SNARC arabic DC up 8 num_decimal 2.92327688753
edem SNARC arabic DC up 2 num_decimal 0.937002503298
edem SNARC arabic DC down 8 lctrl 0.383687305135
edem SNARC arabic DC up 1 num_decimal 0.619481975243
edem SNARC arabic DC down 4 lctrl 0.50667050228
edem SNARC arabic DC up 3 num_decimal 0.471937205133
edem SNARC arabic DC up 2 num_decimal 0.443708002048
edem SNARC arabic DC down 4 lctrl 0.384598263265
edem SNARC arabic DC up 2 num_decimal 0.488997634589
edem SNARC arabic DC down 9 lctrl 0.680875583697
edem SNARC arabic DC up 6 num_decimal 0.445826688378
edem SNARC arabic DC down 1 lctrl 0.415606536081
edem SNARC arabic DC up 1 num_decimal 0.630381276048
edem SNARC arabic DC up 2 num_decimal 0.455846527878
edem SNARC arabic DC up 1 num_decimal 0.438911385787
edem SNARC arabic DC down 5 lctrl 0.478991443713
edem SNARC arabic DC down 6 lctrl 0.407777475642
edem SNARC arabic DC up 6 num_decimal 0.428127573334
edem SNARC arabic DC up 9 num_decimal 0.436801448574
edem SNARC arabic DC up 2 num_decimal 0.491725259508
edem SNARC arabic DC down 7 lctrl 0.46148725901
edem SNARC arabic DC down 8 lctrl 0.472756822474
edem SNARC arabic DC down 4 lctrl 0.391310936292
edem SNARC arabic DC up 4 num_decimal 0.522526003253
edem SNARC arabic DC up 5 num_decimal 0.42861507417
edem SNARC arabic DC down 7 lctrl 0.427953290911
edem SNARC arabic DC down 3 lctrl 0.456300782066
edem SNARC arabic DC down 7 lctrl 0.439277448869
edem SNARC arabic DC up 4 num_decimal 0.466673385989
edem SNARC arabic DC down 8 lctrl 0.603644672435
edem SNARC arabic DC down 6 lctrl 0.417820062847
edem SNARC arabic DC up 5 num_decimal 0.476700574747
edem SNARC arabic DC up 8 num_decimal 0.420135779307
edem SNARC arabic DC up 4 num_decimal 0.36339355176
edem SNARC arabic DC up 5 num_decimal 0.487766108788
edem SNARC arabic DC down 5 lctrl 0.508546663069
edem SNARC arabic DC down 1 lctrl 0.434605070079
edem SNARC arabic DC up 6 lctrl 0.420053187636
edem SNARC arabic DC up 3 num_decimal 0.931463611895
edem SNARC arabic DC up 8 num_decimal 0.436620866786
edem SNARC arabic DC down 3 lctrl 0.409931158443
edem SNARC arabic DC down 1 lctrl 2.04136127872
edem SNARC arabic DC down 3 lctrl 0.44865195345
edem SNARC arabic DC up 8 num_decimal 0.476342560853
edem SNARC arabic DC up 9 num_decimal 0.515428019084
edem SNARC arabic DC down 4 lctrl 0.410533447702
edem SNARC arabic DC up 2 num_decimal 0.92696271581
edem SNARC arabic DC down 2 lctrl 0.569015314806
edem SNARC arabic DC up 9 num_decimal 0.462241782916
edem SNARC arabic DC up 6 num_decimal 0.382884136135
edem SNARC arabic DC down 1 lctrl 0.471380411286
edem SNARC arabic DC up 3 num_decimal 0.585230929461
edem SNARC arabic DC down 5 lctrl 0.631219441519
edem SNARC arabic DC up 3 num_decimal 0.471713577686
edem SNARC arabic DC down 2 lctrl 0.385468975454
edem SNARC arabic DC up 5 num_decimal 0.446832136979
edem SNARC arabic DC up 9 num_decimal 0.534892356106
edem SNARC arabic DC down 1 lctrl 0.439005176328
edem SNARC arabic DC down 4 lctrl 0.46605324853
edem SNARC arabic DC down 1 lctrl 0.423113279026
edem SNARC arabic DC down 4 lctrl 0.422587632037
edem SNARC arabic DC up 9 num_decimal 0.446381032473
edem SNARC arabic DC down 5 lctrl 0.444030669507
edem SNARC arabic DC down 4 lctrl 0.40404125244
edem SNARC arabic DC up 8 num_decimal 0.409457656195
edem SNARC arabic DC down 2 lctrl 0.41517292981
edem SNARC arabic DC down 7 lctrl 0.505550965185
edem SNARC arabic DC up 9 num_decimal 0.432234059195
edem SNARC arabic DC down 7 lctrl 0.530629436021
edem SNARC arabic DC down 7 lctrl 0.439491977234
edem SNARC arabic DC down 7 lctrl 0.40966028576
edem SNARC arabic DC up 8 num_decimal 0.525031400583
edem SNARC arabic DC down 7 lctrl 0.449368681168
edem SNARC arabic DC up 5 num_decimal 0.650672229706
edem SNARC arabic DC down 9 lctrl 0.521168140193
edem SNARC arabic DC up 5 num_decimal 0.64091661356
edem SNARC arabic DC down 4 lctrl 0.368953091081
edem SNARC arabic DC up 3 num_decimal 0.474562290393
edem SNARC arabic DC up 7 num_decimal 0.427882948005
edem SNARC arabic DC down 6 lctrl 0.526232829419
edem SNARC arabic DC down 5 lctrl 1.5807615302
edem SNARC arabic DC down 1 lctrl 0.412143635314
edem SNARC arabic DC down 5 lctrl 0.530627686198
edem SNARC arabic DC down 2 lctrl 0.879220530609
edem SNARC arabic DC up 3 num_decimal 0.687058410159
edem SNARC arabic DC down 2 lctrl 1.02078300403
edem SNARC arabic DC down 5 lctrl 0.605847700259
edem SNARC arabic DC up 9 num_decimal 0.633527458756
