{'participant': u'kdori', 'notation': u'dot', 'response_buttons': u'DC', 'range_in_instr': True, 'dateStr': u'04_01_1637', 'autopilot': False, 'exp_id': u'SNARC'}
kdori SNARC dot DC up 10 num_decimal 10.9017512584
kdori SNARC dot DC up 20 num_decimal 1.38906311299
kdori SNARC dot DC down 10 lctrl 0.813205988176
kdori SNARC dot DC up 5 num_decimal 0.738803141703
kdori SNARC dot DC up 40 num_decimal 0.922680547667
kdori SNARC dot DC up 5 num_decimal 0.894729216559
kdori SNARC dot DC up 20 num_decimal 0.735007774466
kdori SNARC dot DC up 15 num_decimal 0.780291457606
kdori SNARC dot DC down 45 lctrl 0.602957691717
kdori SNARC dot DC up 10 num_decimal 0.689356978349
kdori SNARC dot DC down 35 num_decimal 0.623238146433
kdori SNARC dot DC down 5 lctrl 0.83986454966
kdori SNARC dot DC up 15 num_decimal 0.571506363583
kdori SNARC dot DC up 5 num_decimal 1.00670637366
kdori SNARC dot DC up 5 num_decimal 1.08165796479
kdori SNARC dot DC up 30 num_decimal 0.724977086061
kdori SNARC dot DC up 40 num_decimal 0.978882779672
kdori SNARC dot DC up 40 num_decimal 0.66580505356
kdori SNARC dot DC down 10 lctrl 0.472900308004
kdori SNARC dot DC up 10 num_decimal 0.625136704963
kdori SNARC dot DC down 15 lctrl 0.990191889148
kdori SNARC dot DC up 10 num_decimal 0.549583174537
kdori SNARC dot DC down 5 lctrl 0.370046030858
kdori SNARC dot DC down 20 lctrl 1.28899980437
kdori SNARC dot DC up 10 num_decimal 0.539147926932
kdori SNARC dot DC up 25 num_decimal 0.525585744678
kdori SNARC dot DC up 45 num_decimal 0.575618798844
kdori SNARC dot DC up 30 num_decimal 0.48337055208
kdori SNARC dot DC up 20 num_decimal 0.955406797225
kdori SNARC dot DC up 40 num_decimal 0.867975464674
kdori SNARC dot DC down 35 lctrl 0.91342608098
kdori SNARC dot DC up 15 num_decimal 0.369418194175
kdori SNARC dot DC up 15 num_decimal 0.402284079651
kdori SNARC dot DC up 40 num_decimal 0.338042108453
kdori SNARC dot DC up 30 num_decimal 0.326093963424
kdori SNARC dot DC up 45 num_decimal 0.331667851297
kdori SNARC dot DC down 35 lctrl 0.428292406711
kdori SNARC dot DC up 45 num_decimal 0.444968574919
kdori SNARC dot DC up 30 num_decimal 0.32125920101
kdori SNARC dot DC up 25 num_decimal 0.332654051839
kdori SNARC dot DC up 15 num_decimal 0.335578706887
kdori SNARC dot DC up 35 num_decimal 0.304919348884
kdori SNARC dot DC up 10 num_decimal 0.328606710013
kdori SNARC dot DC down 45 lctrl 0.515833978143
kdori SNARC dot DC down 15 lctrl 0.427022034828
kdori SNARC dot DC down 40 lctrl 0.601835354904
kdori SNARC dot DC down 25 lctrl 0.408778724666
kdori SNARC dot DC down 30 lctrl 0.371398994411
kdori SNARC dot DC up 35 num_decimal 0.633078454038
kdori SNARC dot DC down 20 lctrl 0.691437868491
kdori SNARC dot DC down 10 lctrl 0.794007974296
kdori SNARC dot DC up 45 num_decimal 0.344263431033
kdori SNARC dot DC up 30 num_decimal 0.433949936149
kdori SNARC dot DC up 35 num_decimal 0.31665086576
kdori SNARC dot DC up 40 num_decimal 0.308261861791
kdori SNARC dot DC down 25 num_decimal 0.272752342926
kdori SNARC dot DC up 10 num_decimal 0.676644160436
kdori SNARC dot DC down 35 lctrl 0.341915867785
kdori SNARC dot DC down 45 lctrl 0.558538071435
kdori SNARC dot DC up 45 num_decimal 0.488800604459
kdori SNARC dot DC up 10 num_decimal 0.703574644497
kdori SNARC dot DC up 45 num_decimal 0.776967492828
kdori SNARC dot DC down 10 lctrl 0.520010456945
kdori SNARC dot DC down 20 lctrl 0.392574658846
kdori SNARC dot DC down 15 lctrl 0.356700126792
kdori SNARC dot DC down 25 lctrl 0.413001748774
kdori SNARC dot DC up 20 num_decimal 0.487500135611
kdori SNARC dot DC down 15 lctrl 0.398819079096
kdori SNARC dot DC down 20 lctrl 0.557465429611
kdori SNARC dot DC down 25 lctrl 0.432422690172
kdori SNARC dot DC up 35 num_decimal 0.3839613275
kdori SNARC dot DC down 5 lctrl 0.345803975669
kdori SNARC dot DC down 30 lctrl 0.357620883934
kdori SNARC dot DC down 30 lctrl 0.328744596107
kdori SNARC dot DC up 45 num_decimal 0.29008259517
kdori SNARC dot DC up 30 num_decimal 0.270033467125
kdori SNARC dot DC up 45 num_decimal 0.317291651137
kdori SNARC dot DC down 15 lctrl 0.412448804538
kdori SNARC dot DC up 20 num_decimal 0.430150019371
kdori SNARC dot DC up 35 num_decimal 0.349923760189
kdori SNARC dot DC up 25 num_decimal 0.322962479234
kdori SNARC dot DC up 40 num_decimal 0.280690942318
kdori SNARC dot DC up 45 num_decimal 0.322329743045
kdori SNARC dot DC down 35 num_decimal 0.320786048727
kdori SNARC dot DC down 10 lctrl 0.842731110567
kdori SNARC dot DC up 5 num_decimal 0.457556805396
kdori SNARC dot DC up 5 num_decimal 0.596583434561
kdori SNARC dot DC up 40 num_decimal 0.410050146443
kdori SNARC dot DC up 35 lctrl 0.524429461289
kdori SNARC dot DC up 30 lctrl 0.648667981834
kdori SNARC dot DC down 30 lctrl 0.627288987906
kdori SNARC dot DC down 45 lctrl 0.429439940982
kdori SNARC dot DC up 25 num_decimal 0.42850203557
kdori SNARC dot DC down 45 lctrl 0.635568452922
kdori SNARC dot DC down 10 lctrl 0.534925602753
kdori SNARC dot DC down 20 lctrl 0.476972847288
kdori SNARC dot DC down 30 lctrl 0.451923423523
kdori SNARC dot DC down 5 num_decimal 0.548642119442
kdori SNARC dot DC up 25 num_decimal 0.545042382476
kdori SNARC dot DC down 45 lctrl 0.465149989624
kdori SNARC dot DC up 15 num_decimal 0.498855790394
kdori SNARC dot DC up 10 num_decimal 0.438358791516
kdori SNARC dot DC down 25 lctrl 0.417940100741
kdori SNARC dot DC down 5 lctrl 0.433080973784
kdori SNARC dot DC up 30 num_decimal 0.42047139546
kdori SNARC dot DC up 35 num_decimal 0.517180642332
kdori SNARC dot DC up 30 num_decimal 0.344325374786
kdori SNARC dot DC up 10 num_decimal 0.31787119269
kdori SNARC dot DC up 15 num_decimal 0.315849446583
kdori SNARC dot DC down 20 lctrl 0.407358217924
kdori SNARC dot DC down 25 lctrl 0.349593393506
kdori SNARC dot DC down 35 lctrl 0.307437344944
kdori SNARC dot DC up 30 lctrl 0.28164809579
kdori SNARC dot DC up 10 num_decimal 0.38003857311
kdori SNARC dot DC down 5 lctrl 0.390597358256
kdori SNARC dot DC down 15 lctrl 0.339237237925
kdori SNARC dot DC down 45 lctrl 0.334216994216
kdori SNARC dot DC down 35 lctrl 0.393068109081
kdori SNARC dot DC down 10 lctrl 0.539839807155
kdori SNARC dot DC down 40 lctrl 0.531695778481
kdori SNARC dot DC up 10 num_decimal 0.424193620073
kdori SNARC dot DC down 35 lctrl 0.470653884556
kdori SNARC dot DC up 40 num_decimal 0.335741090511
kdori SNARC dot DC up 25 lctrl 0.279657846506
kdori SNARC dot DC down 30 lctrl 0.506329986621
kdori SNARC dot DC up 30 num_decimal 0.35098730293
kdori SNARC dot DC up 25 num_decimal 0.472980449922
kdori SNARC dot DC down 45 lctrl 0.360835309759
kdori SNARC dot DC up 35 num_decimal 0.343078800503
kdori SNARC dot DC up 40 num_decimal 0.359750769135
kdori SNARC dot DC up 20 num_decimal 0.361426050183
kdori SNARC dot DC down 40 num_decimal 0.328038367331
kdori SNARC dot DC up 45 num_decimal 0.450414725675
kdori SNARC dot DC down 20 lctrl 0.633267434979
kdori SNARC dot DC down 40 lctrl 0.40805919723
kdori SNARC dot DC up 20 num_decimal 0.363345606596
kdori SNARC dot DC up 10 num_decimal 0.383135760759
kdori SNARC dot DC up 35 lctrl 0.472427155721
kdori SNARC dot DC down 30 lctrl 0.516016309755
kdori SNARC dot DC down 30 lctrl 0.353972151908
kdori SNARC dot DC down 5 lctrl 0.377413837814
kdori SNARC dot DC down 30 lctrl 0.354097439273
kdori SNARC dot DC up 45 num_decimal 0.455855976925
kdori SNARC dot DC up 40 num_decimal 0.30699533952
kdori SNARC dot DC down 45 lctrl 0.368934892916
kdori SNARC dot DC down 5 lctrl 0.336795884135
kdori SNARC dot DC up 25 num_decimal 0.477003644182
kdori SNARC dot DC up 35 num_decimal 0.286021254756
kdori SNARC dot DC down 20 lctrl 0.47506553964
kdori SNARC dot DC up 5 num_decimal 0.379183259368
kdori SNARC dot DC down 45 num_decimal 0.451277388675
kdori SNARC dot DC down 5 lctrl 0.50432503882
kdori SNARC dot DC down 20 lctrl 0.319013827456
kdori SNARC dot DC down 10 lctrl 0.308529234827
kdori SNARC dot DC down 20 lctrl 0.306975741496
kdori SNARC dot DC up 15 num_decimal 0.43405037602
kdori SNARC dot DC down 35 num_decimal 0.407532500347
kdori SNARC dot DC down 45 lctrl 0.387387481972
kdori SNARC dot DC down 35 lctrl 0.373614271001
kdori SNARC dot DC up 5 num_decimal 0.436351043997
kdori SNARC dot DC up 25 num_decimal 0.428643421311
kdori SNARC dot DC down 5 lctrl 0.399077003084
kdori SNARC dot DC up 25 num_decimal 0.353854563767
kdori SNARC dot DC down 25 lctrl 0.358836311358
kdori SNARC dot DC down 15 lctrl 0.388154254643
kdori SNARC dot DC up 10 num_decimal 0.455711091536
kdori SNARC dot DC down 35 lctrl 0.382036171652
kdori SNARC dot DC up 20 num_decimal 0.280136948189
kdori SNARC dot DC down 5 lctrl 0.262487178168
kdori SNARC dot DC up 5 num_decimal 0.282979711496
kdori SNARC dot DC down 10 lctrl 0.27762350167
kdori SNARC dot DC down 10 lctrl 0.432739758195
kdori SNARC dot DC down 5 lctrl 0.334963118969
kdori SNARC dot DC down 10 lctrl 0.35508923925
kdori SNARC dot DC up 35 num_decimal 0.376327197402
kdori SNARC dot DC up 5 num_decimal 0.452513464017
kdori SNARC dot DC up 15 num_decimal 0.377726706262
kdori SNARC dot DC up 20 num_decimal 0.327131608777
kdori SNARC dot DC down 20 num_decimal 0.340201040725
kdori SNARC dot DC down 40 lctrl 0.406432911241
kdori SNARC dot DC down 20 lctrl 0.265381736252
kdori SNARC dot DC up 25 num_decimal 0.448109158191
kdori SNARC dot DC down 40 lctrl 0.507125106433
kdori SNARC dot DC down 25 lctrl 0.407488754759
kdori SNARC dot DC up 25 num_decimal 0.509334433622
kdori SNARC dot DC down 20 lctrl 0.294340965714
kdori SNARC dot DC up 25 num_decimal 0.40327307991
kdori SNARC dot DC down 15 lctrl 0.285762630839
kdori SNARC dot DC down 35 lctrl 0.43751502661
kdori SNARC dot DC up 10 num_decimal 0.439230553599
kdori SNARC dot DC up 40 num_decimal 0.312583575946
kdori SNARC dot DC up 20 num_decimal 0.322530272822
kdori SNARC dot DC down 5 lctrl 0.423491240908
kdori SNARC dot DC down 45 lctrl 0.331980019815
kdori SNARC dot DC down 5 lctrl 0.378183760168
kdori SNARC dot DC up 35 num_decimal 0.366939044197
kdori SNARC dot DC up 25 num_decimal 0.446721898097
kdori SNARC dot DC up 5 num_decimal 0.413466151939
kdori SNARC dot DC down 40 lctrl 0.357384307793
kdori SNARC dot DC up 5 num_decimal 0.414207377186
kdori SNARC dot DC up 45 lctrl 0.393251140623
kdori SNARC dot DC up 30 num_decimal 0.39351046447
kdori SNARC dot DC up 40 num_decimal 0.535576187142
kdori SNARC dot DC up 5 num_decimal 0.387455025161
kdori SNARC dot DC down 35 num_decimal 0.351486702566
kdori SNARC dot DC down 5 lctrl 0.344478659327
kdori SNARC dot DC down 10 num_decimal 0.424684270591
kdori SNARC dot DC down 25 lctrl 0.486696616646
kdori SNARC dot DC down 40 lctrl 0.41616717954
kdori SNARC dot DC down 10 lctrl 0.307375051226
kdori SNARC dot DC down 15 lctrl 0.330469222179
kdori SNARC dot DC up 15 num_decimal 0.471416807615
kdori SNARC dot DC up 35 num_decimal 0.351551446037
kdori SNARC dot DC down 25 lctrl 0.404473808816
kdori SNARC dot DC down 20 lctrl 0.426848802298
kdori SNARC dot DC down 25 num_decimal 0.510297536493
kdori SNARC dot DC up 40 num_decimal 0.479538088584
kdori SNARC dot DC up 30 num_decimal 0.453914372736
kdori SNARC dot DC down 40 lctrl 0.46195131221
kdori SNARC dot DC down 15 lctrl 0.309103526909
kdori SNARC dot DC up 10 num_decimal 0.365260613467
kdori SNARC dot DC up 10 num_decimal 0.399206140061
kdori SNARC dot DC up 5 num_decimal 0.376763253426
kdori SNARC dot DC up 25 num_decimal 0.327763645036
kdori SNARC dot DC up 45 num_decimal 0.358402005158
kdori SNARC dot DC down 35 lctrl 0.438280049457
kdori SNARC dot DC down 20 lctrl 0.301810262435
kdori SNARC dot DC down 30 lctrl 0.453582606194
kdori SNARC dot DC up 30 num_decimal 0.416021594222
kdori SNARC dot DC up 35 num_decimal 0.384874735383
kdori SNARC dot DC up 15 num_decimal 0.356324264698
kdori SNARC dot DC down 15 lctrl 0.464497305447
kdori SNARC dot DC up 25 num_decimal 0.378956482239
kdori SNARC dot DC up 20 num_decimal 0.464208934529
kdori SNARC dot DC down 10 lctrl 0.33689667397
kdori SNARC dot DC down 10 lctrl 0.444792892637
kdori SNARC dot DC down 45 lctrl 0.452906124417
kdori SNARC dot DC up 20 num_decimal 0.424460293179
kdori SNARC dot DC up 30 num_decimal 0.362347507254
kdori SNARC dot DC down 30 lctrl 0.323422332858
kdori SNARC dot DC up 20 lctrl 0.252545030834
kdori SNARC dot DC up 25 num_decimal 0.464980606706
kdori SNARC dot DC down 40 lctrl 0.35630361678
kdori SNARC dot DC up 45 lctrl 0.475534842311
kdori SNARC dot DC down 35 lctrl 0.535785816
kdori SNARC dot DC down 45 lctrl 0.395556708106
kdori SNARC dot DC down 25 lctrl 0.298440102316
kdori SNARC dot DC up 45 num_decimal 0.484188419598
kdori SNARC dot DC down 40 lctrl 0.383889584735
kdori SNARC dot DC up 5 num_decimal 0.364287011655
kdori SNARC dot DC down 15 lctrl 0.35413138585
kdori SNARC dot DC down 5 lctrl 0.436095919726
kdori SNARC dot DC down 25 num_decimal 0.411671182961
kdori SNARC dot DC down 40 lctrl 0.746529662484
kdori SNARC dot DC down 35 lctrl 0.495233655686
kdori SNARC dot DC up 40 num_decimal 0.457912369538
kdori SNARC dot DC down 35 lctrl 0.544833803511
kdori SNARC dot DC down 45 lctrl 0.54191194818
kdori SNARC dot DC down 15 lctrl 0.449486619274
kdori SNARC dot DC up 40 num_decimal 0.409147237501
kdori SNARC dot DC down 10 lctrl 0.354238125085
kdori SNARC dot DC down 35 lctrl 0.432941687831
kdori SNARC dot DC down 5 lctrl 0.447895329756
kdori SNARC dot DC up 25 num_decimal 0.398379523425
kdori SNARC dot DC up 10 num_decimal 0.355697477909
kdori SNARC dot DC down 45 lctrl 0.374352696531
kdori SNARC dot DC up 45 num_decimal 0.297236573692
kdori SNARC dot DC down 45 lctrl 0.349174485753
kdori SNARC dot DC up 5 num_decimal 0.367348502903
kdori SNARC dot DC up 25 lctrl 0.418106333976
kdori SNARC dot DC up 35 num_decimal 0.52115974104
kdori SNARC dot DC down 10 lctrl 0.438850841893
kdori SNARC dot DC down 15 lctrl 0.414505547116
kdori SNARC dot DC up 30 num_decimal 0.449358882157
kdori SNARC dot DC up 30 num_decimal 0.432732058972
kdori SNARC dot DC down 20 lctrl 0.436159963268
kdori SNARC dot DC up 10 num_decimal 0.392642901963
kdori SNARC dot DC up 20 num_decimal 0.418507043565
kdori SNARC dot DC down 20 lctrl 0.421826808766
kdori SNARC dot DC down 30 lctrl 0.459009508891
kdori SNARC dot DC up 20 num_decimal 0.432733108866
kdori SNARC dot DC down 30 lctrl 0.425111927462
kdori SNARC dot DC down 30 lctrl 0.488415293318
kdori SNARC dot DC down 30 lctrl 0.339658245466
kdori SNARC dot DC down 40 lctrl 0.288578096899
kdori SNARC dot DC down 5 lctrl 0.30482310859
kdori SNARC dot DC down 45 lctrl 0.41202954682
kdori SNARC dot DC down 40 lctrl 0.400448514767
kdori SNARC dot DC down 45 lctrl 0.355475250321
kdori SNARC dot DC up 40 num_decimal 0.448586160086
kdori SNARC dot DC down 5 lctrl 0.377218557508
kdori SNARC dot DC down 15 lctrl 0.455181944901
kdori SNARC dot DC up 40 num_decimal 0.373286704036
kdori SNARC dot DC down 25 lctrl 0.468525049249
kdori SNARC dot DC down 15 lctrl 0.5344234034
kdori SNARC dot DC up 30 num_decimal 0.559854988624
kdori SNARC dot DC up 30 num_decimal 1.06184261317
kdori SNARC dot DC up 15 num_decimal 0.830332910926
kdori SNARC dot DC down 45 lctrl 0.894180471899
kdori SNARC dot DC down 40 lctrl 0.427480838557
kdori SNARC dot DC down 25 lctrl 0.42015012786
kdori SNARC dot DC down 10 lctrl 0.414151732798
kdori SNARC dot DC up 30 num_decimal 0.484850552822
kdori SNARC dot DC down 30 lctrl 0.363569584007
kdori SNARC dot DC down 5 lctrl 0.466561397283
kdori SNARC dot DC up 40 num_decimal 0.500978326336
kdori SNARC dot DC up 25 num_decimal 0.551875093397
kdori SNARC dot DC down 15 lctrl 0.490777905048
kdori SNARC dot DC up 35 num_decimal 0.351762474754
kdori SNARC dot DC down 40 lctrl 0.297263870939
kdori SNARC dot DC down 30 lctrl 0.458494010879
kdori SNARC dot DC down 5 lctrl 0.637962211511
kdori SNARC dot DC up 20 lctrl 0.426975139557
kdori SNARC dot DC up 25 num_decimal 0.423919947673
kdori SNARC dot DC up 15 num_decimal 0.405473308017
kdori SNARC dot DC up 15 num_decimal 0.336192894947
kdori SNARC dot DC down 20 lctrl 0.397990362672
kdori SNARC dot DC down 40 lctrl 0.676115013801
kdori SNARC dot DC down 10 lctrl 0.544491887993
kdori SNARC dot DC down 35 lctrl 0.396150598212
kdori SNARC dot DC up 35 num_decimal 0.420954696719
kdori SNARC dot DC up 15 num_decimal 0.533945701576
kdori SNARC dot DC up 25 num_decimal 0.646298020845
kdori SNARC dot DC up 40 num_decimal 0.408640138642
kdori SNARC dot DC down 45 lctrl 0.450882278522
kdori SNARC dot DC down 15 lctrl 0.336571556759
kdori SNARC dot DC up 25 num_decimal 0.863678248049
kdori SNARC dot DC down 15 lctrl 0.912138210861
kdori SNARC dot DC up 15 num_decimal 0.976479572035
kdori SNARC dot DC down 30 lctrl 0.338845977383
kdori SNARC dot DC up 5 num_decimal 0.506757993456
kdori SNARC dot DC down 20 num_decimal 0.368392447622
kdori SNARC dot DC up 5 num_decimal 0.451868479064
kdori SNARC dot DC down 10 lctrl 0.289417662229
kdori SNARC dot DC down 35 lctrl 0.529801769492
kdori SNARC dot DC up 15 num_decimal 0.459381521374
kdori SNARC dot DC down 20 lctrl 0.28291006852
kdori SNARC dot DC up 45 lctrl 0.286227733933
kdori SNARC dot DC up 5 num_decimal 0.565216447921
kdori SNARC dot DC up 15 num_decimal 0.423814608297
kdori SNARC dot DC down 30 lctrl 0.457282433067
kdori SNARC dot DC up 15 num_decimal 0.310173019051
kdori SNARC dot DC up 20 num_decimal 0.260749603402
kdori SNARC dot DC up 35 num_decimal 0.422904350096
kdori SNARC dot DC up 15 num_decimal 0.351891961696
kdori SNARC dot DC down 40 lctrl 0.456673144513
kdori SNARC dot DC down 20 lctrl 0.505939076044
kdori SNARC dot DC up 35 lctrl 0.479003342513
kdori SNARC dot DC down 25 lctrl 0.582011954094
kdori SNARC dot DC down 45 num_decimal 0.432577024607
kdori SNARC dot DC up 15 num_decimal 0.403840372698
kdori SNARC dot DC up 10 num_decimal 0.408050448112
kdori SNARC dot DC down 30 lctrl 0.444757896166
kdori SNARC dot DC down 45 lctrl 0.519048054004
kdori SNARC dot DC up 25 num_decimal 0.520950812111
kdori SNARC dot DC up 40 num_decimal 0.492867544308
kdori SNARC dot DC down 40 lctrl 0.669488782056
kdori SNARC dot DC down 20 lctrl 0.571126651877
kdori SNARC dot DC down 35 lctrl 0.977927725989
kdori SNARC dot DC down 20 lctrl 0.368062430904
{'participant': u'kdori', 'notation': u'arabic', 'response_buttons': u'DC', 'range_in_instr': True, 'dateStr': u'04_01_1646', 'autopilot': False, 'exp_id': u'SNARC'}
kdori SNARC arabic DC down 9 lctrl 1.56458791131
kdori SNARC arabic DC down 7 lctrl 1.38710681028
kdori SNARC arabic DC up 7 num_decimal 0.612508928475
kdori SNARC arabic DC up 9 num_decimal 0.794013923696
kdori SNARC arabic DC down 4 lctrl 0.660472291369
kdori SNARC arabic DC up 2 lctrl 0.396412021848
kdori SNARC arabic DC down 8 lctrl 0.461914915881
kdori SNARC arabic DC down 7 lctrl 0.419948198224
kdori SNARC arabic DC up 6 num_decimal 0.360975295641
kdori SNARC arabic DC up 7 num_decimal 0.341628196796
kdori SNARC arabic DC down 8 lctrl 0.404696386369
kdori SNARC arabic DC down 4 lctrl 0.590298768369
kdori SNARC arabic DC up 8 num_decimal 0.93064224473
kdori SNARC arabic DC up 3 num_decimal 0.619055718231
kdori SNARC arabic DC up 3 num_decimal 0.449814886169
kdori SNARC arabic DC down 1 lctrl 0.439093017469
kdori SNARC arabic DC up 3 num_decimal 0.370417693376
kdori SNARC arabic DC up 2 num_decimal 0.404616244452
kdori SNARC arabic DC up 2 lctrl 0.40528537697
kdori SNARC arabic DC down 4 lctrl 0.467126590283
kdori SNARC arabic DC down 1 lctrl 0.580635542905
kdori SNARC arabic DC down 4 lctrl 0.395928020659
kdori SNARC arabic DC down 2 lctrl 0.45601696069
kdori SNARC arabic DC up 3 num_decimal 0.490708612036
kdori SNARC arabic DC up 5 num_decimal 0.330286890567
kdori SNARC arabic DC down 2 lctrl 0.558265098965
kdori SNARC arabic DC down 7 lctrl 0.646303970245
kdori SNARC arabic DC down 7 lctrl 0.427903945887
kdori SNARC arabic DC down 4 lctrl 0.379175910109
kdori SNARC arabic DC down 2 lctrl 0.411510199196
kdori SNARC arabic DC down 2 lctrl 0.399223638296
kdori SNARC arabic DC down 2 lctrl 0.359598184523
kdori SNARC arabic DC up 6 num_decimal 0.564776192321
kdori SNARC arabic DC up 8 num_decimal 0.32951591832
kdori SNARC arabic DC down 2 lctrl 0.426403997157
kdori SNARC arabic DC up 3 num_decimal 0.27571234441
kdori SNARC arabic DC down 1 lctrl 0.307368751861
kdori SNARC arabic DC up 5 num_decimal 0.291281574253
kdori SNARC arabic DC up 3 num_decimal 0.388994519903
kdori SNARC arabic DC down 5 lctrl 0.466260427636
kdori SNARC arabic DC up 8 num_decimal 0.4062558291
kdori SNARC arabic DC down 3 lctrl 0.495928335627
kdori SNARC arabic DC up 4 num_decimal 0.292673733854
kdori SNARC arabic DC up 6 num_decimal 0.342741434526
kdori SNARC arabic DC down 3 num_decimal 0.325933679588
kdori SNARC arabic DC down 1 lctrl 0.433117020149
kdori SNARC arabic DC up 2 num_decimal 0.395893374153
kdori SNARC arabic DC down 2 lctrl 0.284295228826
kdori SNARC arabic DC down 9 lctrl 0.443242199024
kdori SNARC arabic DC up 4 num_decimal 0.436895939045
kdori SNARC arabic DC up 6 lctrl 0.321376439186
kdori SNARC arabic DC up 5 num_decimal 0.473965600569
kdori SNARC arabic DC down 9 lctrl 0.440602065282
kdori SNARC arabic DC down 6 lctrl 0.410896011137
kdori SNARC arabic DC up 9 num_decimal 0.435754004209
kdori SNARC arabic DC up 3 num_decimal 0.495504878333
kdori SNARC arabic DC down 4 lctrl 0.432013931395
kdori SNARC arabic DC down 9 lctrl 0.375718608778
kdori SNARC arabic DC down 8 lctrl 0.37085899887
kdori SNARC arabic DC down 5 lctrl 0.290801772641
kdori SNARC arabic DC down 9 lctrl 0.407832770065
kdori SNARC arabic DC up 6 num_decimal 0.442147159459
kdori SNARC arabic DC down 1 num_decimal 0.355679979674
kdori SNARC arabic DC up 8 num_decimal 0.424085830944
kdori SNARC arabic DC up 3 num_decimal 0.371872146694
kdori SNARC arabic DC up 3 num_decimal 0.363126178725
kdori SNARC arabic DC down 2 num_decimal 0.359397654747
kdori SNARC arabic DC up 6 num_decimal 0.525613741854
kdori SNARC arabic DC up 8 num_decimal 0.361237419206
kdori SNARC arabic DC up 8 num_decimal 0.367004137633
kdori SNARC arabic DC down 5 num_decimal 0.405563598911
kdori SNARC arabic DC up 8 num_decimal 0.563054715932
kdori SNARC arabic DC up 5 num_decimal 0.403173689933
kdori SNARC arabic DC down 3 lctrl 0.405300425452
kdori SNARC arabic DC down 3 lctrl 0.42051899066
kdori SNARC arabic DC down 9 lctrl 0.449351882863
kdori SNARC arabic DC down 6 lctrl 0.37718146125
kdori SNARC arabic DC up 7 num_decimal 0.400390770591
kdori SNARC arabic DC down 3 num_decimal 0.492812599849
kdori SNARC arabic DC up 9 num_decimal 0.449040764239
kdori SNARC arabic DC down 7 lctrl 0.380018275157
kdori SNARC arabic DC up 4 num_decimal 0.460483210268
kdori SNARC arabic DC down 4 lctrl 0.329399730037
kdori SNARC arabic DC up 7 num_decimal 0.366771061138
kdori SNARC arabic DC down 4 lctrl 0.258570723143
kdori SNARC arabic DC up 6 num_decimal 0.293470953454
kdori SNARC arabic DC up 8 num_decimal 0.480890002243
kdori SNARC arabic DC down 6 lctrl 0.413307967891
kdori SNARC arabic DC up 4 lctrl 0.361971995124
kdori SNARC arabic DC down 1 lctrl 0.495418087086
kdori SNARC arabic DC up 8 num_decimal 0.46229112794
kdori SNARC arabic DC up 5 num_decimal 0.393063209575
kdori SNARC arabic DC down 9 lctrl 0.423113279026
kdori SNARC arabic DC down 3 lctrl 0.366784359797
kdori SNARC arabic DC up 3 num_decimal 0.444468475354
kdori SNARC arabic DC down 9 lctrl 0.343101198244
kdori SNARC arabic DC up 9 num_decimal 0.32281864374
kdori SNARC arabic DC down 1 lctrl 0.303180724224
kdori SNARC arabic DC up 4 num_decimal 0.306162073555
kdori SNARC arabic DC up 6 num_decimal 0.4310252811
kdori SNARC arabic DC up 1 num_decimal 0.402714886204
kdori SNARC arabic DC up 9 lctrl 0.319481730268
kdori SNARC arabic DC down 4 lctrl 0.45751096002
kdori SNARC arabic DC up 8 num_decimal 0.540644376015
kdori SNARC arabic DC up 4 num_decimal 0.421770814413
kdori SNARC arabic DC up 5 num_decimal 0.440462779329
kdori SNARC arabic DC up 3 num_decimal 0.391154502068
kdori SNARC arabic DC down 2 lctrl 0.439745351681
kdori SNARC arabic DC down 3 lctrl 0.371489285306
kdori SNARC arabic DC up 9 lctrl 0.281913019072
kdori SNARC arabic DC down 7 lctrl 0.54954922796
kdori SNARC arabic DC up 8 num_decimal 0.255985533859
kdori SNARC arabic DC down 2 lctrl 0.435164663644
kdori SNARC arabic DC up 5 num_decimal 0.321268300092
kdori SNARC arabic DC down 6 lctrl 0.419517391671
kdori SNARC arabic DC up 6 num_decimal 0.410233177984
kdori SNARC arabic DC down 1 lctrl 0.319962931738
kdori SNARC arabic DC down 2 lctrl 0.429187266464
kdori SNARC arabic DC down 6 lctrl 0.429377997229
kdori SNARC arabic DC down 7 lctrl 0.385732498878
kdori SNARC arabic DC down 6 lctrl 0.362905350995
kdori SNARC arabic DC up 5 num_decimal 0.415856410881
kdori SNARC arabic DC up 4 num_decimal 0.39788607319
kdori SNARC arabic DC up 1 num_decimal 0.490274305836
kdori SNARC arabic DC up 5 num_decimal 0.413823115939
kdori SNARC arabic DC down 7 lctrl 0.343633844527
kdori SNARC arabic DC down 9 lctrl 0.506801739045
kdori SNARC arabic DC up 1 num_decimal 0.429770657629
kdori SNARC arabic DC up 7 num_decimal 0.386917479372
kdori SNARC arabic DC up 2 num_decimal 0.396077105624
kdori SNARC arabic DC up 3 num_decimal 0.389212547915
kdori SNARC arabic DC up 7 num_decimal 0.618984675395
kdori SNARC arabic DC up 9 num_decimal 0.488605674118
kdori SNARC arabic DC down 1 num_decimal 0.345590147234
kdori SNARC arabic DC down 6 lctrl 0.437045024009
kdori SNARC arabic DC down 9 lctrl 0.340336477066
kdori SNARC arabic DC down 7 lctrl 0.367158822033
kdori SNARC arabic DC up 1 num_decimal 0.345013055433
kdori SNARC arabic DC up 6 num_decimal 0.480299611784
kdori SNARC arabic DC down 1 lctrl 0.489467987153
kdori SNARC arabic DC up 1 num_decimal 0.413822765974
kdori SNARC arabic DC up 2 num_decimal 0.632408621591
kdori SNARC arabic DC up 1 num_decimal 0.358860458923
kdori SNARC arabic DC up 4 num_decimal 0.350319570271
kdori SNARC arabic DC up 5 num_decimal 0.38603906796
kdori SNARC arabic DC up 4 num_decimal 0.333836582581
kdori SNARC arabic DC up 5 num_decimal 0.332308286709
kdori SNARC arabic DC down 6 lctrl 0.468060646084
kdori SNARC arabic DC down 1 lctrl 0.364595680526
kdori SNARC arabic DC down 8 lctrl 0.416812164493
kdori SNARC arabic DC down 7 lctrl 0.408172935759
kdori SNARC arabic DC up 7 num_decimal 0.43889003794
kdori SNARC arabic DC up 7 num_decimal 0.309972489274
kdori SNARC arabic DC up 7 num_decimal 0.368380898786
kdori SNARC arabic DC up 3 num_decimal 0.378552273003
kdori SNARC arabic DC down 2 lctrl 0.428468088993
kdori SNARC arabic DC up 7 lctrl 0.333790387239
kdori SNARC arabic DC up 4 num_decimal 0.418439850341
kdori SNARC arabic DC down 3 lctrl 0.310140472333
kdori SNARC arabic DC up 7 num_decimal 0.377727406191
kdori SNARC arabic DC down 1 lctrl 0.347015903446
kdori SNARC arabic DC down 1 lctrl 0.418731020977
kdori SNARC arabic DC down 3 lctrl 0.367491988433
kdori SNARC arabic DC up 2 num_decimal 0.420614531025
kdori SNARC arabic DC down 5 lctrl 0.42379920985
kdori SNARC arabic DC up 6 num_decimal 0.344385218751
kdori SNARC arabic DC up 4 num_decimal 0.479274215195
kdori SNARC arabic DC up 4 num_decimal 0.38031224551
kdori SNARC arabic DC up 8 num_decimal 0.384653557689
kdori SNARC arabic DC up 5 num_decimal 0.454470466653
kdori SNARC arabic DC down 1 lctrl 0.45090292644
kdori SNARC arabic DC up 6 num_decimal 0.449097808486
kdori SNARC arabic DC up 9 num_decimal 0.409421259866
kdori SNARC arabic DC down 5 lctrl 0.509127604481
kdori SNARC arabic DC down 4 lctrl 0.374896191719
kdori SNARC arabic DC up 7 num_decimal 0.422538986943
kdori SNARC arabic DC up 2 num_decimal 0.564569713144
kdori SNARC arabic DC down 9 lctrl 0.569557410135
kdori SNARC arabic DC up 1 num_decimal 0.387480922549
kdori SNARC arabic DC up 1 num_decimal 0.325353438106
kdori SNARC arabic DC down 6 lctrl 0.547119073041
kdori SNARC arabic DC down 2 lctrl 0.493482082332
kdori SNARC arabic DC up 8 num_decimal 0.558870887871
kdori SNARC arabic DC down 4 lctrl 0.446758994355
kdori SNARC arabic DC down 7 lctrl 0.406780776159
kdori SNARC arabic DC up 8 num_decimal 0.423200770202
kdori SNARC arabic DC down 8 lctrl 0.720357901906
kdori SNARC arabic DC up 1 num_decimal 0.297284168892
kdori SNARC arabic DC up 9 num_decimal 0.804958719913
kdori SNARC arabic DC down 5 lctrl 0.458214739044
kdori SNARC arabic DC down 4 lctrl 0.441328592011
kdori SNARC arabic DC up 7 num_decimal 0.525456607701
kdori SNARC arabic DC up 2 num_decimal 0.44654516592
kdori SNARC arabic DC down 4 num_decimal 0.38859940975
kdori SNARC arabic DC down 3 lctrl 0.380462030404
kdori SNARC arabic DC up 5 num_decimal 0.361692373324
kdori SNARC arabic DC up 2 num_decimal 0.357668829099
kdori SNARC arabic DC up 9 num_decimal 0.391795287445
kdori SNARC arabic DC down 9 num_decimal 0.342426816256
kdori SNARC arabic DC up 2 num_decimal 0.534014994588
kdori SNARC arabic DC up 5 num_decimal 0.381978077511
kdori SNARC arabic DC down 2 num_decimal 0.400939865215
kdori SNARC arabic DC down 9 lctrl 0.672470481352
kdori SNARC arabic DC down 3 lctrl 0.426842852898
kdori SNARC arabic DC up 6 num_decimal 0.474612335346
kdori SNARC arabic DC up 5 num_decimal 0.427940692181
kdori SNARC arabic DC up 5 num_decimal 0.357178178581
kdori SNARC arabic DC down 9 num_decimal 0.367361801562
kdori SNARC arabic DC down 2 lctrl 0.556622364635
kdori SNARC arabic DC up 6 num_decimal 0.574114300573
kdori SNARC arabic DC down 8 lctrl 0.394719592529
kdori SNARC arabic DC up 5 num_decimal 0.46954099679
kdori SNARC arabic DC down 2 lctrl 0.407759277477
kdori SNARC arabic DC down 5 lctrl 0.427478388804
kdori SNARC arabic DC down 6 lctrl 0.360644928959
kdori SNARC arabic DC down 6 lctrl 0.342031706102
kdori SNARC arabic DC up 4 num_decimal 0.467483554284
kdori SNARC arabic DC up 6 num_decimal 0.534119984
kdori SNARC arabic DC up 7 num_decimal 0.367935043751
kdori SNARC arabic DC up 9 num_decimal 0.43528260175
kdori SNARC arabic DC down 8 lctrl 0.42286375419
kdori SNARC arabic DC up 9 num_decimal 0.361125080536
kdori SNARC arabic DC down 9 lctrl 0.408637338924
kdori SNARC arabic DC down 5 num_decimal 0.287800125357
kdori SNARC arabic DC down 2 lctrl 0.526710881208
kdori SNARC arabic DC down 2 lctrl 0.352010599731
kdori SNARC arabic DC up 2 num_decimal 0.44517540406
kdori SNARC arabic DC up 7 lctrl 0.654402503508
kdori SNARC arabic DC down 4 lctrl 0.510748641
kdori SNARC arabic DC up 9 num_decimal 0.547043480665
kdori SNARC arabic DC down 2 lctrl 0.492409440508
kdori SNARC arabic DC down 9 lctrl 0.500983225842
kdori SNARC arabic DC down 4 lctrl 0.540440696556
kdori SNARC arabic DC up 1 num_decimal 0.450636603299
kdori SNARC arabic DC down 8 lctrl 0.390357282468
kdori SNARC arabic DC up 2 lctrl 0.464152590211
kdori SNARC arabic DC up 1 num_decimal 0.37676430332
kdori SNARC arabic DC up 8 num_decimal 0.34344521355
kdori SNARC arabic DC down 8 num_decimal 0.369283807728
kdori SNARC arabic DC down 5 lctrl 0.477319312347
kdori SNARC arabic DC up 3 num_decimal 0.407046399371
kdori SNARC arabic DC down 6 lctrl 0.535327012271
kdori SNARC arabic DC down 4 lctrl 0.557740151906
kdori SNARC arabic DC up 3 num_decimal 0.618231551348
kdori SNARC arabic DC up 6 num_decimal 0.368898146622
kdori SNARC arabic DC up 1 num_decimal 0.392808085305
kdori SNARC arabic DC up 3 num_decimal 0.372254308153
kdori SNARC arabic DC up 6 num_decimal 0.477215022865
kdori SNARC arabic DC up 4 num_decimal 0.335745290088
kdori SNARC arabic DC down 1 lctrl 0.513666296754
kdori SNARC arabic DC up 6 lctrl 0.211396880625
kdori SNARC arabic DC up 5 num_decimal 0.544184618981
kdori SNARC arabic DC down 7 lctrl 0.461153042716
kdori SNARC arabic DC down 5 lctrl 0.45839217115
kdori SNARC arabic DC down 6 lctrl 0.341812978161
kdori SNARC arabic DC down 4 lctrl 0.339179493748
kdori SNARC arabic DC down 7 lctrl 0.376150115261
kdori SNARC arabic DC down 1 lctrl 0.309667670015
kdori SNARC arabic DC down 9 lctrl 0.363683672502
kdori SNARC arabic DC up 7 num_decimal 0.416757919964
kdori SNARC arabic DC down 7 lctrl 0.346578097599
kdori SNARC arabic DC up 7 num_decimal 0.528750475515
kdori SNARC arabic DC down 8 lctrl 0.319549973385
kdori SNARC arabic DC down 3 lctrl 0.598564934726
kdori SNARC arabic DC down 3 num_decimal 0.394040660999
kdori SNARC arabic DC down 3 lctrl 0.396124700824
kdori SNARC arabic DC up 7 lctrl 0.299770668128
kdori SNARC arabic DC up 4 lctrl 0.517598850156
kdori SNARC arabic DC up 2 num_decimal 0.467490203613
kdori SNARC arabic DC up 2 num_decimal 0.425128025839
kdori SNARC arabic DC up 8 num_decimal 0.387092111761
kdori SNARC arabic DC up 5 num_decimal 0.448213797639
kdori SNARC arabic DC up 8 num_decimal 0.333134903345
kdori SNARC arabic DC up 2 num_decimal 0.33676578717
kdori SNARC arabic DC up 2 num_decimal 0.363900300655
kdori SNARC arabic DC up 3 num_decimal 0.416658879952
kdori SNARC arabic DC down 9 num_decimal 0.37568081259
kdori SNARC arabic DC down 4 lctrl 0.407524101194
kdori SNARC arabic DC down 6 num_decimal 0.409956005937
kdori SNARC arabic DC down 7 lctrl 0.339783182866
kdori SNARC arabic DC down 8 lctrl 0.405086247052
kdori SNARC arabic DC down 8 lctrl 0.335350179934
kdori SNARC arabic DC down 5 lctrl 0.31604927643
kdori SNARC arabic DC down 9 lctrl 0.354478550838
kdori SNARC arabic DC up 5 num_decimal 0.362471044795
kdori SNARC arabic DC up 7 num_decimal 0.329976821838
kdori SNARC arabic DC down 5 num_decimal 0.36715042288
kdori SNARC arabic DC up 2 num_decimal 0.585608191414
kdori SNARC arabic DC up 1 num_decimal 0.401307328156
kdori SNARC arabic DC down 7 lctrl 0.460124496445
kdori SNARC arabic DC down 8 lctrl 0.315231408912
kdori SNARC arabic DC down 9 lctrl 0.291076494936
kdori SNARC arabic DC down 7 lctrl 0.378808797133
kdori SNARC arabic DC down 8 lctrl 0.354766571791
kdori SNARC arabic DC up 8 num_decimal 0.433686412725
kdori SNARC arabic DC up 6 num_decimal 0.377168512555
kdori SNARC arabic DC down 3 lctrl 0.299979247093
kdori SNARC arabic DC up 3 num_decimal 0.510767539094
kdori SNARC arabic DC up 5 num_decimal 0.447090760897
kdori SNARC arabic DC down 5 lctrl 0.476730321747
kdori SNARC arabic DC down 4 lctrl 0.472994798475
kdori SNARC arabic DC up 9 num_decimal 0.342080351197
kdori SNARC arabic DC down 3 lctrl 0.447739945426
kdori SNARC arabic DC down 9 lctrl 0.393547210764
kdori SNARC arabic DC up 6 num_decimal 0.425700218133
kdori SNARC arabic DC up 9 lctrl 0.726993232732
kdori SNARC arabic DC down 4 lctrl 0.473058142086
kdori SNARC arabic DC up 9 num_decimal 0.672695508658
kdori SNARC arabic DC down 1 lctrl 0.738256846797
kdori SNARC arabic DC up 2 num_decimal 0.577602048833
kdori SNARC arabic DC down 1 lctrl 0.43945523094
kdori SNARC arabic DC down 8 lctrl 0.456158346431
kdori SNARC arabic DC up 9 num_decimal 0.482574732338
kdori SNARC arabic DC down 7 lctrl 0.419500593365
kdori SNARC arabic DC down 2 lctrl 0.561362986543
kdori SNARC arabic DC down 1 lctrl 0.421020840048
kdori SNARC arabic DC down 8 lctrl 0.293521348372
kdori SNARC arabic DC up 9 num_decimal 0.428530382711
kdori SNARC arabic DC down 8 lctrl 0.541681671403
kdori SNARC arabic DC up 1 lctrl 0.404190337404
kdori SNARC arabic DC down 1 lctrl 0.434043376725
kdori SNARC arabic DC down 8 lctrl 0.433999631137
kdori SNARC arabic DC up 7 num_decimal 0.647611788351
kdori SNARC arabic DC down 4 lctrl 0.432903891643
kdori SNARC arabic DC down 1 lctrl 0.432953586631
kdori SNARC arabic DC down 6 lctrl 0.422830157579
kdori SNARC arabic DC up 7 num_decimal 0.29573277535
kdori SNARC arabic DC down 6 lctrl 0.405933161641
kdori SNARC arabic DC up 9 num_decimal 0.459295080091
kdori SNARC arabic DC down 8 lctrl 0.459616697656
kdori SNARC arabic DC down 1 num_decimal 0.295924905973
kdori SNARC arabic DC down 1 lctrl 0.523593745571
kdori SNARC arabic DC down 1 lctrl 0.448179151133
kdori SNARC arabic DC down 3 lctrl 0.390162002162
kdori SNARC arabic DC up 6 lctrl 0.382942580241
kdori SNARC arabic DC down 3 lctrl 0.549748707843
kdori SNARC arabic DC down 5 lctrl 0.483040885327
kdori SNARC arabic DC up 4 num_decimal 0.535023592871
kdori SNARC arabic DC up 4 num_decimal 0.501178856112
kdori SNARC arabic DC down 5 lctrl 0.497288998405
kdori SNARC arabic DC up 4 num_decimal 0.296949952597
kdori SNARC arabic DC up 5 num_decimal 0.652963448636
kdori SNARC arabic DC down 5 lctrl 0.537538439248
kdori SNARC arabic DC down 6 num_decimal 0.386741447125
kdori SNARC arabic DC up 3 num_decimal 0.54126276365
kdori SNARC arabic DC down 8 lctrl 0.389273091809
kdori SNARC arabic DC up 2 num_decimal 0.889153228897
kdori SNARC arabic DC up 6 num_decimal 0.577249634374
kdori SNARC arabic DC down 8 lctrl 0.533996446458
kdori SNARC arabic DC up 3 num_decimal 0.444146507825
kdori SNARC arabic DC up 3 num_decimal 0.54208448078
kdori SNARC arabic DC up 6 num_decimal 0.380662910146
kdori SNARC arabic DC down 7 lctrl 0.582728331848
kdori SNARC arabic DC down 1 num_decimal 0.615513725441
kdori SNARC arabic DC down 1 lctrl 0.484691668845
kdori SNARC arabic DC up 5 num_decimal 0.512203794247
kdori SNARC arabic DC up 3 num_decimal 0.552134417244
kdori SNARC arabic DC up 4 num_decimal 0.767593338212
kdori SNARC arabic DC up 5 num_decimal 0.594597734818
kdori SNARC arabic DC down 8 lctrl 0.521583898264
{'participant': u'kdori', 'notation': u'dot', 'response_buttons': u'CD', 'range_in_instr': True, 'dateStr': u'04_01_1653', 'autopilot': False, 'exp_id': u'SNARC'}
kdori SNARC dot CD down 5 num_decimal 1.97340583202
kdori SNARC dot CD down 35 num_decimal 0.683433825699
kdori SNARC dot CD up 20 lctrl 0.539114680284
kdori SNARC dot CD down 30 lctrl 0.394824231976
kdori SNARC dot CD up 45 lctrl 0.473236974051
kdori SNARC dot CD down 40 num_decimal 0.442872636295
kdori SNARC dot CD down 20 num_decimal 0.540329407779
kdori SNARC dot CD up 40 lctrl 0.422105380672
kdori SNARC dot CD down 15 num_decimal 0.406819972206
kdori SNARC dot CD down 25 num_decimal 0.43129370403
kdori SNARC dot CD up 10 lctrl 0.455447568113
kdori SNARC dot CD down 30 num_decimal 0.343410917009
kdori SNARC dot CD down 45 num_decimal 0.342584300373
kdori SNARC dot CD down 20 num_decimal 0.404528403311
kdori SNARC dot CD up 25 lctrl 0.406833970794
kdori SNARC dot CD up 25 lctrl 0.369702715481
kdori SNARC dot CD down 20 num_decimal 0.349348418212
kdori SNARC dot CD down 25 num_decimal 0.389444574515
kdori SNARC dot CD up 40 lctrl 0.344822674633
kdori SNARC dot CD up 15 lctrl 0.368107926316
kdori SNARC dot CD down 10 num_decimal 0.361974094913
kdori SNARC dot CD down 40 num_decimal 0.256398492212
kdori SNARC dot CD down 25 num_decimal 0.354238125085
kdori SNARC dot CD up 5 lctrl 0.420991792978
kdori SNARC dot CD up 40 lctrl 0.292457455666
kdori SNARC dot CD up 30 lctrl 0.327001071942
kdori SNARC dot CD down 30 num_decimal 0.434882942055
kdori SNARC dot CD down 20 num_decimal 0.37261547173
kdori SNARC dot CD down 30 num_decimal 0.413457402821
kdori SNARC dot CD up 20 lctrl 0.295671531526
kdori SNARC dot CD up 15 lctrl 0.295639684738
kdori SNARC dot CD down 5 num_decimal 0.398403321025
kdori SNARC dot CD down 10 num_decimal 0.398548906343
kdori SNARC dot CD up 40 lctrl 0.341954713867
kdori SNARC dot CD up 30 lctrl 0.371195664917
kdori SNARC dot CD down 5 lctrl 0.346679237399
kdori SNARC dot CD down 35 num_decimal 0.536861257542
kdori SNARC dot CD down 5 num_decimal 0.366305958044
kdori SNARC dot CD up 35 lctrl 0.383110213335
kdori SNARC dot CD up 25 lctrl 0.349207382435
kdori SNARC dot CD up 40 lctrl 0.378993228533
kdori SNARC dot CD up 30 lctrl 0.373020730859
kdori SNARC dot CD up 20 lctrl 0.316042977066
kdori SNARC dot CD down 20 num_decimal 0.36939474654
kdori SNARC dot CD down 45 num_decimal 0.378558922333
kdori SNARC dot CD down 5 num_decimal 0.43179345363
kdori SNARC dot CD up 35 lctrl 0.546780657171
kdori SNARC dot CD up 20 lctrl 0.272822335867
kdori SNARC dot CD up 35 lctrl 0.433371094525
kdori SNARC dot CD down 5 num_decimal 0.420964495731
kdori SNARC dot CD up 35 lctrl 0.464548050329
kdori SNARC dot CD down 45 num_decimal 0.356623484522
kdori SNARC dot CD up 30 lctrl 0.424891099733
kdori SNARC dot CD down 30 num_decimal 0.300698074599
kdori SNARC dot CD down 10 lctrl 0.306779061332
kdori SNARC dot CD up 10 lctrl 0.34663619174
kdori SNARC dot CD up 30 lctrl 0.417884106388
kdori SNARC dot CD down 15 num_decimal 0.558784796553
kdori SNARC dot CD down 45 num_decimal 0.392470369363
kdori SNARC dot CD up 30 lctrl 0.755743883229
kdori SNARC dot CD down 10 num_decimal 0.353343615296
kdori SNARC dot CD up 35 lctrl 0.364375552726
kdori SNARC dot CD up 35 num_decimal 0.298752970763
kdori SNARC dot CD down 10 num_decimal 0.407453058359
kdori SNARC dot CD up 15 lctrl 0.334558559769
kdori SNARC dot CD down 20 lctrl 0.316072724066
kdori SNARC dot CD down 15 num_decimal 0.504145156961
kdori SNARC dot CD up 15 lctrl 0.411308619526
kdori SNARC dot CD up 25 lctrl 0.463993706235
kdori SNARC dot CD down 25 num_decimal 0.474715574934
kdori SNARC dot CD down 30 num_decimal 0.325710402106
kdori SNARC dot CD up 10 lctrl 0.343621595762
kdori SNARC dot CD up 5 lctrl 0.367747112704
kdori SNARC dot CD down 35 num_decimal 0.669824398209
kdori SNARC dot CD up 40 num_decimal 0.63290977105
kdori SNARC dot CD down 15 num_decimal 0.527683433126
kdori SNARC dot CD down 35 num_decimal 0.365161573455
kdori SNARC dot CD up 10 lctrl 0.354021846897
kdori SNARC dot CD down 45 num_decimal 0.403950961546
kdori SNARC dot CD up 15 lctrl 0.292123589336
kdori SNARC dot CD up 35 lctrl 0.424262913085
kdori SNARC dot CD up 25 lctrl 0.499289746629
kdori SNARC dot CD up 10 lctrl 0.40497005877
kdori SNARC dot CD up 40 lctrl 0.403886218075
kdori SNARC dot CD up 10 lctrl 0.523850619665
kdori SNARC dot CD up 5 lctrl 0.337816031253
kdori SNARC dot CD up 45 num_decimal 0.500076117324
kdori SNARC dot CD down 25 num_decimal 0.571440220254
kdori SNARC dot CD up 10 lctrl 0.748902773155
kdori SNARC dot CD down 25 num_decimal 0.470766573191
kdori SNARC dot CD down 20 num_decimal 0.416910504576
kdori SNARC dot CD down 40 num_decimal 0.349551397742
kdori SNARC dot CD up 25 lctrl 0.43747338081
kdori SNARC dot CD down 5 num_decimal 0.348614542223
kdori SNARC dot CD down 40 num_decimal 0.468745177049
kdori SNARC dot CD up 35 lctrl 0.416492296752
kdori SNARC dot CD down 5 num_decimal 0.475548840899
kdori SNARC dot CD down 20 num_decimal 0.553382041421
kdori SNARC dot CD up 5 lctrl 0.647283871422
kdori SNARC dot CD down 35 num_decimal 0.403429164169
kdori SNARC dot CD up 40 num_decimal 0.377025376991
kdori SNARC dot CD down 45 num_decimal 0.419968846142
kdori SNARC dot CD up 45 lctrl 0.531175730928
kdori SNARC dot CD up 15 lctrl 0.493613669061
kdori SNARC dot CD down 10 num_decimal 0.366862751891
kdori SNARC dot CD down 25 num_decimal 0.421331958672
kdori SNARC dot CD down 10 num_decimal 0.372934289577
kdori SNARC dot CD down 45 num_decimal 0.400621397332
kdori SNARC dot CD down 5 num_decimal 0.36585275375
kdori SNARC dot CD up 35 lctrl 0.453639300477
kdori SNARC dot CD up 15 lctrl 0.403817974957
kdori SNARC dot CD up 5 lctrl 0.566687699545
kdori SNARC dot CD up 35 lctrl 0.367479039739
kdori SNARC dot CD down 30 num_decimal 0.535856158906
kdori SNARC dot CD down 25 num_decimal 0.389841784456
kdori SNARC dot CD down 30 num_decimal 0.309215515615
kdori SNARC dot CD up 40 lctrl 0.46910144112
kdori SNARC dot CD down 40 num_decimal 0.563518769132
kdori SNARC dot CD down 20 num_decimal 0.351994851319
kdori SNARC dot CD down 30 num_decimal 0.394754589
kdori SNARC dot CD down 30 num_decimal 0.301603783258
kdori SNARC dot CD up 45 lctrl 0.490790853742
kdori SNARC dot CD up 30 num_decimal 0.407786574724
kdori SNARC dot CD down 10 num_decimal 0.38050927564
kdori SNARC dot CD up 20 lctrl 0.57123619083
kdori SNARC dot CD down 20 num_decimal 0.401994658839
kdori SNARC dot CD up 30 lctrl 0.354813117097
kdori SNARC dot CD down 10 num_decimal 0.404577748334
kdori SNARC dot CD down 30 num_decimal 0.423539886002
kdori SNARC dot CD down 45 num_decimal 0.44254506933
kdori SNARC dot CD up 35 lctrl 0.430123072088
kdori SNARC dot CD up 30 lctrl 0.378736004474
kdori SNARC dot CD down 5 num_decimal 0.439540622328
kdori SNARC dot CD down 15 num_decimal 0.365435245855
kdori SNARC dot CD up 20 lctrl 0.433731558172
kdori SNARC dot CD down 35 num_decimal 0.503514170596
kdori SNARC dot CD down 15 num_decimal 0.524503653807
kdori SNARC dot CD up 40 lctrl 0.447421477544
kdori SNARC dot CD down 35 num_decimal 0.252594725822
kdori SNARC dot CD down 25 lctrl 0.276020663316
kdori SNARC dot CD down 5 lctrl 0.413183030491
kdori SNARC dot CD down 30 num_decimal 0.477179326465
kdori SNARC dot CD down 10 num_decimal 0.359167727935
kdori SNARC dot CD up 45 lctrl 0.505130657573
kdori SNARC dot CD up 10 lctrl 0.671647714328
kdori SNARC dot CD up 20 lctrl 0.335109754181
kdori SNARC dot CD up 35 lctrl 0.352748325331
kdori SNARC dot CD up 20 lctrl 0.374473784319
kdori SNARC dot CD up 10 lctrl 0.303068385553
kdori SNARC dot CD up 5 lctrl 0.548097924324
kdori SNARC dot CD up 35 lctrl 0.396818330871
kdori SNARC dot CD up 15 lctrl 0.356360661027
kdori SNARC dot CD down 20 num_decimal 0.434975682702
kdori SNARC dot CD up 10 lctrl 0.367600827457
kdori SNARC dot CD down 35 num_decimal 0.317695860372
kdori SNARC dot CD up 45 lctrl 0.338511411124
kdori SNARC dot CD up 10 lctrl 0.462520704787
kdori SNARC dot CD down 40 num_decimal 0.472701528051
kdori SNARC dot CD up 35 lctrl 0.298855860386
kdori SNARC dot CD down 10 num_decimal 0.337555657512
kdori SNARC dot CD down 30 lctrl 0.334506764993
kdori SNARC dot CD down 20 num_decimal 0.423209869285
kdori SNARC dot CD down 5 num_decimal 0.407424361253
kdori SNARC dot CD down 15 num_decimal 0.294547094925
kdori SNARC dot CD down 30 num_decimal 0.354525796073
kdori SNARC dot CD up 10 lctrl 0.540277613003
kdori SNARC dot CD down 15 num_decimal 1.27037118307
kdori SNARC dot CD down 30 num_decimal 0.447747994615
kdori SNARC dot CD up 20 lctrl 0.482787860844
kdori SNARC dot CD up 15 lctrl 0.323942730376
kdori SNARC dot CD down 40 num_decimal 0.394576456964
kdori SNARC dot CD down 10 num_decimal 0.38856301342
kdori SNARC dot CD down 25 num_decimal 0.355046193591
kdori SNARC dot CD up 45 lctrl 0.43415081589
kdori SNARC dot CD down 25 num_decimal 0.390717046186
kdori SNARC dot CD up 10 lctrl 0.401089650109
kdori SNARC dot CD up 5 lctrl 0.520172840569
kdori SNARC dot CD up 35 lctrl 0.385802491819
kdori SNARC dot CD down 25 num_decimal 0.465922011765
kdori SNARC dot CD up 30 num_decimal 0.321547221963
kdori SNARC dot CD down 15 num_decimal 0.413707277621
kdori SNARC dot CD up 5 lctrl 0.43393068809
kdori SNARC dot CD up 25 lctrl 0.366422146327
kdori SNARC dot CD down 20 lctrl 0.306502939179
kdori SNARC dot CD up 40 lctrl 0.422954745014
kdori SNARC dot CD up 45 lctrl 0.366291959456
kdori SNARC dot CD down 40 num_decimal 0.580787427588
kdori SNARC dot CD down 45 num_decimal 0.463415214576
kdori SNARC dot CD up 10 num_decimal 0.306820357167
kdori SNARC dot CD up 20 lctrl 0.429399345076
kdori SNARC dot CD down 15 num_decimal 0.482326257397
kdori SNARC dot CD down 15 num_decimal 0.420137179165
kdori SNARC dot CD up 5 num_decimal 0.401603048333
kdori SNARC dot CD down 40 num_decimal 0.527211680702
kdori SNARC dot CD down 45 num_decimal 0.399977462273
kdori SNARC dot CD up 40 lctrl 0.373764055895
kdori SNARC dot CD up 40 lctrl 0.337088804594
kdori SNARC dot CD up 5 lctrl 0.45198641717
kdori SNARC dot CD down 45 num_decimal 0.489274456671
kdori SNARC dot CD down 45 num_decimal 0.571775486442
kdori SNARC dot CD up 15 lctrl 0.490551477883
kdori SNARC dot CD up 15 lctrl 0.484978989869
kdori SNARC dot CD up 25 lctrl 0.587223278532
kdori SNARC dot CD up 25 lctrl 0.462387718199
kdori SNARC dot CD up 15 lctrl 0.406810173194
kdori SNARC dot CD down 10 num_decimal 0.454198544077
kdori SNARC dot CD down 20 num_decimal 0.464680336988
kdori SNARC dot CD up 45 lctrl 0.531313617022
kdori SNARC dot CD up 5 lctrl 0.470830966697
kdori SNARC dot CD down 20 num_decimal 0.572764836666
kdori SNARC dot CD up 45 lctrl 0.515810180543
kdori SNARC dot CD down 40 num_decimal 0.456728438937
kdori SNARC dot CD up 5 lctrl 0.39980177999
kdori SNARC dot CD down 35 num_decimal 0.288033901781
kdori SNARC dot CD up 25 lctrl 0.302640028753
kdori SNARC dot CD up 20 lctrl 0.430163318029
kdori SNARC dot CD down 20 num_decimal 0.405145041123
kdori SNARC dot CD up 35 num_decimal 0.384671055924
kdori SNARC dot CD up 5 num_decimal 0.483417797315
kdori SNARC dot CD up 10 lctrl 0.440041771787
kdori SNARC dot CD down 5 num_decimal 0.517458514309
kdori SNARC dot CD up 20 lctrl 0.670007079786
kdori SNARC dot CD up 40 lctrl 0.598084433185
kdori SNARC dot CD down 45 lctrl 0.422401450814
kdori SNARC dot CD up 15 lctrl 0.508177100339
kdori SNARC dot CD down 15 num_decimal 0.500572717241
kdori SNARC dot CD up 10 lctrl 0.452723092876
kdori SNARC dot CD up 15 lctrl 0.376599469943
kdori SNARC dot CD down 30 num_decimal 0.571976016219
kdori SNARC dot CD up 25 lctrl 0.45037342984
kdori SNARC dot CD down 35 num_decimal 0.419034090412
kdori SNARC dot CD up 30 lctrl 0.42388180152
kdori SNARC dot CD down 10 num_decimal 0.282627647002
kdori SNARC dot CD up 25 lctrl 0.489386445377
kdori SNARC dot CD down 30 num_decimal 0.35304719519
kdori SNARC dot CD down 40 num_decimal 0.424140775403
kdori SNARC dot CD down 40 num_decimal 0.465429261459
kdori SNARC dot CD down 20 num_decimal 0.286395017063
kdori SNARC dot CD down 40 num_decimal 0.268906230807
kdori SNARC dot CD down 20 num_decimal 0.367918945374
kdori SNARC dot CD up 20 lctrl 0.328856934778
kdori SNARC dot CD down 5 num_decimal 0.464184087035
kdori SNARC dot CD up 45 lctrl 0.665900593925
kdori SNARC dot CD up 40 lctrl 1.18309488488
kdori SNARC dot CD down 45 num_decimal 0.443535819413
kdori SNARC dot CD up 30 lctrl 1.24645949456
kdori SNARC dot CD down 35 num_decimal 0.474491247558
kdori SNARC dot CD up 45 num_decimal 0.378350693333
kdori SNARC dot CD up 15 lctrl 0.429635921217
kdori SNARC dot CD up 30 lctrl 0.326351187483
kdori SNARC dot CD up 20 lctrl 0.599437396738
kdori SNARC dot CD down 45 num_decimal 0.428060730075
kdori SNARC dot CD down 40 num_decimal 0.518715937498
kdori SNARC dot CD down 15 num_decimal 0.399237986849
kdori SNARC dot CD up 15 lctrl 0.379971379886
kdori SNARC dot CD down 30 lctrl 0.365975591362
kdori SNARC dot CD up 30 lctrl 0.540196421191
kdori SNARC dot CD down 25 num_decimal 0.589314317651
kdori SNARC dot CD up 15 num_decimal 0.423215818685
kdori SNARC dot CD down 10 num_decimal 0.539446096861
kdori SNARC dot CD down 25 num_decimal 0.369853900234
kdori SNARC dot CD down 5 num_decimal 0.346910214105
kdori SNARC dot CD up 40 lctrl 0.437475830563
kdori SNARC dot CD up 10 lctrl 0.313220161747
kdori SNARC dot CD down 5 num_decimal 0.387472173431
kdori SNARC dot CD up 25 lctrl 0.284475110685
kdori SNARC dot CD down 15 num_decimal 0.293211279642
kdori SNARC dot CD up 5 lctrl 0.280973013872
kdori SNARC dot CD up 35 lctrl 0.405002955452
kdori SNARC dot CD up 35 lctrl 0.334335632251
kdori SNARC dot CD down 45 lctrl 0.364527787373
kdori SNARC dot CD down 5 num_decimal 0.324785095423
kdori SNARC dot CD down 20 num_decimal 0.387863084008
kdori SNARC dot CD down 30 num_decimal 0.389724196315
kdori SNARC dot CD down 20 num_decimal 0.383538570135
kdori SNARC dot CD up 20 lctrl 0.432406241831
kdori SNARC dot CD up 15 lctrl 0.348557847941
kdori SNARC dot CD up 30 lctrl 0.295022696961
kdori SNARC dot CD up 10 lctrl 0.363685422325
kdori SNARC dot CD up 35 lctrl 0.298925503363
kdori SNARC dot CD up 25 lctrl 0.272233345267
kdori SNARC dot CD down 25 num_decimal 0.658802609757
kdori SNARC dot CD up 20 lctrl 1.19095719197
kdori SNARC dot CD up 40 lctrl 0.628369328953
kdori SNARC dot CD down 5 num_decimal 0.67087149261
kdori SNARC dot CD down 5 num_decimal 0.336228941311
kdori SNARC dot CD down 35 num_decimal 0.484579330175
kdori SNARC dot CD down 30 num_decimal 0.409516800231
kdori SNARC dot CD up 10 lctrl 0.532926254387
kdori SNARC dot CD down 10 num_decimal 0.254554528176
kdori SNARC dot CD up 5 lctrl 0.446722947991
kdori SNARC dot CD down 45 num_decimal 0.282576552155
kdori SNARC dot CD up 30 lctrl 0.329935176038
kdori SNARC dot CD down 45 num_decimal 0.281221138848
kdori SNARC dot CD down 20 lctrl 0.291373614971
kdori SNARC dot CD up 25 num_decimal 0.276989715587
kdori SNARC dot CD down 5 num_decimal 0.371697514306
kdori SNARC dot CD up 10 num_decimal 0.389018317503
kdori SNARC dot CD down 5 num_decimal 0.375051926013
kdori SNARC dot CD up 35 lctrl 0.277286485658
kdori SNARC dot CD down 40 num_decimal 0.330679201003
kdori SNARC dot CD up 45 lctrl 0.334471418557
kdori SNARC dot CD down 25 num_decimal 0.296610836797
kdori SNARC dot CD down 20 lctrl 0.286028254051
kdori SNARC dot CD up 45 lctrl 0.654019642119
kdori SNARC dot CD down 15 num_decimal 0.510897725964
kdori SNARC dot CD up 35 lctrl 0.420060536895
kdori SNARC dot CD down 5 num_decimal 0.468049797178
kdori SNARC dot CD down 40 num_decimal 0.444684403578
kdori SNARC dot CD down 15 num_decimal 0.318289050549
kdori SNARC dot CD down 35 num_decimal 0.402523805474
kdori SNARC dot CD up 25 num_decimal 0.272201848444
kdori SNARC dot CD up 25 num_decimal 0.303528939106
kdori SNARC dot CD up 40 lctrl 0.407719731465
kdori SNARC dot CD up 15 lctrl 0.7088160659
kdori SNARC dot CD up 15 lctrl 0.669276703444
kdori SNARC dot CD up 45 lctrl 0.360897953441
kdori SNARC dot CD down 10 lctrl 0.41254189515
kdori SNARC dot CD up 35 lctrl 0.900646069844
kdori SNARC dot CD down 5 num_decimal 0.480597781714
kdori SNARC dot CD up 20 lctrl 0.457362924949
kdori SNARC dot CD up 25 lctrl 0.38097332884
kdori SNARC dot CD up 35 lctrl 0.264876037252
kdori SNARC dot CD down 30 lctrl 0.280700041401
kdori SNARC dot CD down 15 num_decimal 0.444249047484
kdori SNARC dot CD down 40 lctrl 0.531783619622
kdori SNARC dot CD up 25 lctrl 0.433230058749
kdori SNARC dot CD up 30 lctrl 0.372524830871
kdori SNARC dot CD down 30 lctrl 0.324002224376
kdori SNARC dot CD up 10 lctrl 0.414468450857
kdori SNARC dot CD down 15 num_decimal 0.640775577783
kdori SNARC dot CD up 45 lctrl 0.663108225535
kdori SNARC dot CD up 35 lctrl 0.493405440061
kdori SNARC dot CD up 40 lctrl 0.384812091701
kdori SNARC dot CD up 45 lctrl 0.470091841238
kdori SNARC dot CD down 25 lctrl 0.532125185175
kdori SNARC dot CD down 40 num_decimal 0.40142736605
kdori SNARC dot CD up 25 lctrl 0.678368786508
kdori SNARC dot CD down 15 num_decimal 0.291858316089
kdori SNARC dot CD down 20 num_decimal 0.40860059263
kdori SNARC dot CD up 35 lctrl 0.589392359781
kdori SNARC dot CD down 30 num_decimal 0.619863086808
kdori SNARC dot CD down 45 num_decimal 0.399303080284
kdori SNARC dot CD down 40 num_decimal 0.302850007577
kdori SNARC dot CD down 45 num_decimal 0.22947535741
kdori SNARC dot CD down 15 num_decimal 0.251661369951
kdori SNARC dot CD up 10 lctrl 0.439524873916
kdori SNARC dot CD down 35 num_decimal 0.325943128635
kdori SNARC dot CD up 25 lctrl 0.210346286577
kdori SNARC dot CD down 45 num_decimal 0.279467465706
kdori SNARC dot CD up 10 lctrl 0.309223914768
kdori SNARC dot CD up 40 num_decimal 0.360315262206
kdori SNARC dot CD down 45 num_decimal 0.480341957514
kdori SNARC dot CD up 5 lctrl 0.374884992848
kdori SNARC dot CD down 40 num_decimal 0.4177808668
kdori SNARC dot CD down 5 num_decimal 0.619763346866
kdori SNARC dot CD up 45 num_decimal 0.325743998718
kdori SNARC dot CD down 25 num_decimal 0.287177188181
kdori SNARC dot CD down 35 num_decimal 0.420891003142
kdori SNARC dot CD down 25 lctrl 0.325008022941
{'participant': u'kdori', 'notation': u'arabic', 'response_buttons': u'CD', 'range_in_instr': True, 'dateStr': u'04_01_1701', 'autopilot': False, 'exp_id': u'SNARC'}
kdori SNARC arabic CD up 8 lctrl 1.02838983688
kdori SNARC arabic CD down 1 num_decimal 0.719976440376
kdori SNARC arabic CD down 8 num_decimal 0.430655718371
kdori SNARC arabic CD up 4 lctrl 0.426881349016
kdori SNARC arabic CD up 6 lctrl 0.404346421663
kdori SNARC arabic CD up 4 lctrl 0.41105384522
kdori SNARC arabic CD up 6 lctrl 0.497617615264
kdori SNARC arabic CD down 8 num_decimal 0.301272366682
kdori SNARC arabic CD down 7 num_decimal 0.437359292315
kdori SNARC arabic CD down 9 num_decimal 0.408032249948
kdori SNARC arabic CD up 2 lctrl 0.566475270969
kdori SNARC arabic CD up 2 lctrl 0.473495248004
kdori SNARC arabic CD down 8 num_decimal 0.365551434138
kdori SNARC arabic CD down 7 num_decimal 0.433384743149
kdori SNARC arabic CD up 9 lctrl 0.305068083884
kdori SNARC arabic CD up 2 lctrl 0.401568751791
kdori SNARC arabic CD down 6 num_decimal 0.36676371188
kdori SNARC arabic CD up 6 num_decimal 0.405254580076
kdori SNARC arabic CD down 9 num_decimal 0.48200673962
kdori SNARC arabic CD down 8 num_decimal 0.395640349671
kdori SNARC arabic CD up 2 lctrl 0.284414916756
kdori SNARC arabic CD up 3 lctrl 0.28701725431
kdori SNARC arabic CD down 6 num_decimal 0.507603158221
kdori SNARC arabic CD up 2 lctrl 0.726550177415
kdori SNARC arabic CD down 2 lctrl 0.401770681427
kdori SNARC arabic CD down 8 num_decimal 0.419773565836
kdori SNARC arabic CD up 6 lctrl 0.465940559895
kdori SNARC arabic CD up 4 lctrl 0.481238567091
kdori SNARC arabic CD down 4 num_decimal 0.463738231999
kdori SNARC arabic CD up 9 lctrl 0.393488766658
kdori SNARC arabic CD down 9 lctrl 0.396156897577
kdori SNARC arabic CD down 7 num_decimal 0.375913889084
kdori SNARC arabic CD down 3 num_decimal 0.42273881679
kdori SNARC arabic CD down 1 num_decimal 0.398865274437
kdori SNARC arabic CD up 9 lctrl 0.429324102664
kdori SNARC arabic CD down 3 num_decimal 1.38408066546
kdori SNARC arabic CD up 5 lctrl 0.740552615269
kdori SNARC arabic CD down 9 num_decimal 1.11691130949
kdori SNARC arabic CD up 3 lctrl 0.604207765647
kdori SNARC arabic CD down 5 num_decimal 0.390637954162
kdori SNARC arabic CD up 1 lctrl 0.662488088076
kdori SNARC arabic CD down 3 num_decimal 0.542827105886
kdori SNARC arabic CD up 7 lctrl 0.574674944032
kdori SNARC arabic CD down 9 num_decimal 0.368581778528
kdori SNARC arabic CD down 7 num_decimal 0.544594427652
kdori SNARC arabic CD up 4 lctrl 0.645820668986
kdori SNARC arabic CD up 8 lctrl 0.512578606448
kdori SNARC arabic CD up 3 lctrl 0.448476621133
kdori SNARC arabic CD down 4 num_decimal 0.849125315712
kdori SNARC arabic CD up 4 lctrl 0.601345404316
kdori SNARC arabic CD down 8 num_decimal 0.458926217291
kdori SNARC arabic CD up 3 lctrl 0.516007910602
kdori SNARC arabic CD up 2 num_decimal 0.3949747168
kdori SNARC arabic CD down 7 lctrl 0.5471978151
kdori SNARC arabic CD down 1 num_decimal 0.621665055079
kdori SNARC arabic CD down 7 num_decimal 0.548100724042
kdori SNARC arabic CD down 2 num_decimal 0.413264222303
kdori SNARC arabic CD down 6 num_decimal 0.486093277493
kdori SNARC arabic CD up 4 num_decimal 0.338773884654
kdori SNARC arabic CD down 3 num_decimal 0.602546833152
kdori SNARC arabic CD down 1 num_decimal 0.388506319138
kdori SNARC arabic CD up 5 lctrl 0.362316360395
kdori SNARC arabic CD down 8 num_decimal 0.543045833828
kdori SNARC arabic CD down 5 num_decimal 0.433933487808
kdori SNARC arabic CD up 3 lctrl 0.291454456818
kdori SNARC arabic CD down 5 lctrl 0.417386456576
kdori SNARC arabic CD up 8 lctrl 0.593347660888
kdori SNARC arabic CD up 5 lctrl 0.397335578707
kdori SNARC arabic CD up 1 lctrl 0.400278081955
kdori SNARC arabic CD up 5 lctrl 0.378686309486
kdori SNARC arabic CD down 2 lctrl 0.368959390445
kdori SNARC arabic CD down 6 num_decimal 0.520839523334
kdori SNARC arabic CD up 7 lctrl 0.544292058146
kdori SNARC arabic CD up 4 lctrl 0.532792217905
kdori SNARC arabic CD up 2 lctrl 0.54089985025
kdori SNARC arabic CD up 1 lctrl 0.375451585708
kdori SNARC arabic CD down 9 num_decimal 0.451488417393
kdori SNARC arabic CD down 7 num_decimal 0.391977269092
kdori SNARC arabic CD up 5 lctrl 0.450883328416
kdori SNARC arabic CD down 2 num_decimal 0.420657926648
kdori SNARC arabic CD up 2 lctrl 0.58406484706
kdori SNARC arabic CD down 5 num_decimal 0.461101597904
kdori SNARC arabic CD down 8 lctrl 0.291897512136
kdori SNARC arabic CD up 3 lctrl 0.393536011893
kdori SNARC arabic CD down 6 num_decimal 0.586350116591
kdori SNARC arabic CD up 5 lctrl 1.05322053271
kdori SNARC arabic CD up 3 lctrl 0.627830733271
kdori SNARC arabic CD down 6 num_decimal 0.596049388419
kdori SNARC arabic CD up 1 lctrl 0.806483166173
kdori SNARC arabic CD down 2 num_decimal 0.305358204625
kdori SNARC arabic CD down 1 num_decimal 0.487115524399
kdori SNARC arabic CD up 4 lctrl 0.480758765478
kdori SNARC arabic CD down 6 num_decimal 0.467173835519
kdori SNARC arabic CD up 3 lctrl 0.547569477618
kdori SNARC arabic CD up 9 lctrl 0.380343742334
kdori SNARC arabic CD down 1 num_decimal 0.839143622366
kdori SNARC arabic CD down 1 num_decimal 0.428224163593
kdori SNARC arabic CD up 9 lctrl 0.488579426765
kdori SNARC arabic CD down 7 num_decimal 0.384487674418
kdori SNARC arabic CD up 1 lctrl 0.491252807154
kdori SNARC arabic CD up 3 num_decimal 0.2215161101
kdori SNARC arabic CD up 1 lctrl 0.455529809819
kdori SNARC arabic CD up 3 lctrl 0.375919838484
kdori SNARC arabic CD up 1 lctrl 0.34170728882
kdori SNARC arabic CD up 7 lctrl 0.338663295807
kdori SNARC arabic CD down 7 lctrl 0.37561536919
kdori SNARC arabic CD down 6 num_decimal 0.281590701578
kdori SNARC arabic CD up 1 num_decimal 0.337030010523
kdori SNARC arabic CD up 2 lctrl 0.760326321091
kdori SNARC arabic CD down 3 num_decimal 0.399346125943
kdori SNARC arabic CD down 8 lctrl 0.277437320446
kdori SNARC arabic CD up 2 lctrl 0.409488103125
kdori SNARC arabic CD up 4 lctrl 0.496054322922
kdori SNARC arabic CD down 6 num_decimal 0.381591716475
kdori SNARC arabic CD down 5 num_decimal 0.499492026229
kdori SNARC arabic CD up 7 lctrl 0.495873741133
kdori SNARC arabic CD up 6 lctrl 0.57530173082
kdori SNARC arabic CD down 9 num_decimal 0.519413767122
kdori SNARC arabic CD down 7 num_decimal 0.553509428574
kdori SNARC arabic CD up 8 lctrl 0.657722618674
kdori SNARC arabic CD down 4 num_decimal 0.415645032199
kdori SNARC arabic CD up 3 lctrl 1.70061534294
kdori SNARC arabic CD up 4 lctrl 0.49241853959
kdori SNARC arabic CD down 9 num_decimal 0.601066132481
kdori SNARC arabic CD up 7 lctrl 0.372027880988
kdori SNARC arabic CD up 6 lctrl 0.675444481424
kdori SNARC arabic CD up 2 lctrl 0.500789695359
kdori SNARC arabic CD up 3 lctrl 0.465401264282
kdori SNARC arabic CD down 4 num_decimal 0.64749420021
kdori SNARC arabic CD down 3 num_decimal 0.603950191623
kdori SNARC arabic CD down 6 num_decimal 0.432484983889
kdori SNARC arabic CD up 8 lctrl 0.525076196066
kdori SNARC arabic CD down 2 lctrl 0.37882419558
kdori SNARC arabic CD down 1 num_decimal 0.643438109267
kdori SNARC arabic CD up 7 lctrl 0.537764866413
kdori SNARC arabic CD up 4 lctrl 0.683789739805
kdori SNARC arabic CD up 6 lctrl 0.707385410181
kdori SNARC arabic CD up 2 lctrl 0.515221539908
kdori SNARC arabic CD up 6 lctrl 0.539421249367
kdori SNARC arabic CD down 4 num_decimal 0.534777217718
kdori SNARC arabic CD up 5 lctrl 0.485907446234
kdori SNARC arabic CD down 6 num_decimal 0.495290000004
kdori SNARC arabic CD up 1 lctrl 0.517287031603
kdori SNARC arabic CD up 1 lctrl 0.498377038676
kdori SNARC arabic CD up 7 lctrl 0.580503956176
kdori SNARC arabic CD down 7 num_decimal 0.510471818917
kdori SNARC arabic CD up 9 lctrl 0.615638662841
kdori SNARC arabic CD up 5 lctrl 0.432829699125
kdori SNARC arabic CD down 6 num_decimal 0.4762449207
kdori SNARC arabic CD down 8 num_decimal 0.443831889554
kdori SNARC arabic CD down 7 lctrl 0.469831117532
kdori SNARC arabic CD up 6 lctrl 0.601099729092
kdori SNARC arabic CD down 7 num_decimal 0.519905817498
kdori SNARC arabic CD up 5 lctrl 0.354684330085
kdori SNARC arabic CD down 8 num_decimal 0.395055208682
kdori SNARC arabic CD up 9 lctrl 0.344437713457
kdori SNARC arabic CD down 4 num_decimal 0.442195454588
kdori SNARC arabic CD down 7 num_decimal 0.738478724421
kdori SNARC arabic CD up 6 num_decimal 0.378771700874
kdori SNARC arabic CD down 7 num_decimal 0.529265273597
kdori SNARC arabic CD down 7 num_decimal 0.428793906135
kdori SNARC arabic CD up 7 num_decimal 0.433272054513
kdori SNARC arabic CD up 7 lctrl 0.536197374495
kdori SNARC arabic CD down 7 num_decimal 0.361353957453
kdori SNARC arabic CD down 6 num_decimal 0.36681060715
kdori SNARC arabic CD down 5 num_decimal 0.344664840551
kdori SNARC arabic CD up 3 lctrl 0.28414754372
kdori SNARC arabic CD down 1 lctrl 0.38592602936
kdori SNARC arabic CD down 2 num_decimal 0.377050924414
kdori SNARC arabic CD down 8 lctrl 0.332098307886
kdori SNARC arabic CD down 5 num_decimal 0.51562399932
kdori SNARC arabic CD up 6 lctrl 0.443809141848
kdori SNARC arabic CD down 2 num_decimal 0.358232972205
kdori SNARC arabic CD up 1 lctrl 0.409710330713
kdori SNARC arabic CD down 9 num_decimal 0.392217694845
kdori SNARC arabic CD up 5 lctrl 0.455239339113
kdori SNARC arabic CD down 5 num_decimal 0.386607410643
kdori SNARC arabic CD up 5 lctrl 0.376021678214
kdori SNARC arabic CD down 4 num_decimal 0.437894738316
kdori SNARC arabic CD up 7 lctrl 0.312495734805
kdori SNARC arabic CD down 8 num_decimal 0.351712079837
kdori SNARC arabic CD up 7 lctrl 0.485670520128
kdori SNARC arabic CD up 8 lctrl 0.479740018219
kdori SNARC arabic CD down 5 num_decimal 0.495298049192
kdori SNARC arabic CD down 4 num_decimal 0.352253125272
kdori SNARC arabic CD down 7 num_decimal 0.387880232279
kdori SNARC arabic CD up 2 lctrl 0.462250182069
kdori SNARC arabic CD up 9 lctrl 0.417001845364
kdori SNARC arabic CD up 8 lctrl 0.312933890617
kdori SNARC arabic CD down 3 num_decimal 0.45137887844
kdori SNARC arabic CD up 9 lctrl 0.366749013362
kdori SNARC arabic CD down 8 num_decimal 0.387090011972
kdori SNARC arabic CD up 2 lctrl 0.437534974598
kdori SNARC arabic CD up 2 lctrl 0.439981927823
kdori SNARC arabic CD down 4 num_decimal 0.458079302702
kdori SNARC arabic CD down 7 num_decimal 0.393150000822
kdori SNARC arabic CD down 5 num_decimal 0.495283000709
kdori SNARC arabic CD up 8 num_decimal 0.475460649793
kdori SNARC arabic CD up 2 lctrl 0.498905485382
kdori SNARC arabic CD down 5 num_decimal 0.525478305513
kdori SNARC arabic CD up 5 lctrl 0.444928328978
kdori SNARC arabic CD down 4 num_decimal 0.572366926795
kdori SNARC arabic CD down 3 num_decimal 0.488766657883
kdori SNARC arabic CD up 9 lctrl 0.968333093608
kdori SNARC arabic CD up 4 lctrl 0.430195864747
kdori SNARC arabic CD up 9 lctrl 0.387746895726
kdori SNARC arabic CD up 6 lctrl 0.485042683445
kdori SNARC arabic CD down 9 num_decimal 0.381024423687
kdori SNARC arabic CD down 5 num_decimal 0.374891642178
kdori SNARC arabic CD up 7 num_decimal 0.308607626921
kdori SNARC arabic CD down 5 num_decimal 0.377303948897
kdori SNARC arabic CD down 3 lctrl 0.394985215741
kdori SNARC arabic CD up 2 lctrl 0.411886061291
kdori SNARC arabic CD down 3 num_decimal 0.688060709077
kdori SNARC arabic CD up 5 lctrl 0.426057532098
kdori SNARC arabic CD down 1 num_decimal 0.402989958463
kdori SNARC arabic CD up 4 lctrl 0.362528439007
kdori SNARC arabic CD up 3 lctrl 0.396679744848
kdori SNARC arabic CD down 9 num_decimal 0.428375348346
kdori SNARC arabic CD up 2 lctrl 0.351249426495
kdori SNARC arabic CD down 8 lctrl 0.28764789071
kdori SNARC arabic CD up 9 lctrl 0.346913363787
kdori SNARC arabic CD down 5 num_decimal 0.330536065438
kdori SNARC arabic CD down 2 lctrl 0.261586369015
kdori SNARC arabic CD up 1 num_decimal 0.377350494203
kdori SNARC arabic CD up 2 lctrl 0.423534286567
kdori SNARC arabic CD up 4 lctrl 0.437801997669
kdori SNARC arabic CD up 9 num_decimal 0.407746678747
kdori SNARC arabic CD down 6 num_decimal 0.528271373832
kdori SNARC arabic CD down 1 num_decimal 0.392271239446
kdori SNARC arabic CD up 6 lctrl 0.479398452666
kdori SNARC arabic CD up 5 lctrl 0.418487795506
kdori SNARC arabic CD down 8 num_decimal 0.481481442597
kdori SNARC arabic CD up 2 lctrl 0.377283650944
kdori SNARC arabic CD up 4 lctrl 0.442203153812
kdori SNARC arabic CD down 1 num_decimal 0.435800549515
kdori SNARC arabic CD up 5 lctrl 0.475757419864
kdori SNARC arabic CD up 1 lctrl 0.457740186902
kdori SNARC arabic CD up 6 lctrl 0.458931466762
kdori SNARC arabic CD up 2 num_decimal 0.418805913424
kdori SNARC arabic CD up 5 lctrl 0.320298897856
kdori SNARC arabic CD down 6 num_decimal 0.42448934025
kdori SNARC arabic CD up 5 lctrl 0.423802359532
kdori SNARC arabic CD up 5 lctrl 0.385225749983
kdori SNARC arabic CD down 9 num_decimal 0.588887710674
kdori SNARC arabic CD down 3 num_decimal 0.493666863697
kdori SNARC arabic CD up 9 num_decimal 0.375101970966
kdori SNARC arabic CD up 8 lctrl 0.534648430706
kdori SNARC arabic CD up 9 lctrl 0.382948179676
kdori SNARC arabic CD down 4 num_decimal 0.434600870502
kdori SNARC arabic CD up 4 lctrl 0.533127134129
kdori SNARC arabic CD up 5 lctrl 0.427876998605
kdori SNARC arabic CD up 3 lctrl 0.569710344712
kdori SNARC arabic CD down 8 num_decimal 0.586197881944
kdori SNARC arabic CD down 4 num_decimal 0.40154635405
kdori SNARC arabic CD up 2 lctrl 0.351741826837
kdori SNARC arabic CD up 8 lctrl 0.462121045093
kdori SNARC arabic CD up 7 lctrl 0.445180303566
kdori SNARC arabic CD down 6 num_decimal 0.467132889648
kdori SNARC arabic CD up 7 num_decimal 0.420399652695
kdori SNARC arabic CD up 9 num_decimal 0.278766136435
kdori SNARC arabic CD down 4 num_decimal 0.392335282987
kdori SNARC arabic CD down 4 num_decimal 0.381126963346
kdori SNARC arabic CD up 6 lctrl 0.440958679317
kdori SNARC arabic CD up 6 lctrl 0.419545738812
kdori SNARC arabic CD up 3 lctrl 0.405438661511
kdori SNARC arabic CD down 7 num_decimal 0.507012767762
kdori SNARC arabic CD down 3 num_decimal 0.400778531485
kdori SNARC arabic CD down 3 num_decimal 0.412383711103
kdori SNARC arabic CD up 7 lctrl 0.427244962346
kdori SNARC arabic CD down 6 num_decimal 0.389989469562
kdori SNARC arabic CD down 1 num_decimal 0.449667201063
kdori SNARC arabic CD up 3 lctrl 0.451034863134
kdori SNARC arabic CD up 6 lctrl 0.669220359127
kdori SNARC arabic CD up 5 lctrl 0.40940446156
kdori SNARC arabic CD up 4 lctrl 0.372350548447
kdori SNARC arabic CD down 3 lctrl 0.335612653464
kdori SNARC arabic CD down 1 num_decimal 0.533682178152
kdori SNARC arabic CD down 4 num_decimal 0.580566949823
kdori SNARC arabic CD up 2 lctrl 0.541568282839
kdori SNARC arabic CD up 8 lctrl 0.709634633347
kdori SNARC arabic CD down 5 lctrl 0.768723374248
kdori SNARC arabic CD up 5 lctrl 0.652830812013
kdori SNARC arabic CD up 7 lctrl 0.669196211562
kdori SNARC arabic CD up 4 lctrl 0.778027885888
kdori SNARC arabic CD up 1 lctrl 0.309694617298
kdori SNARC arabic CD up 1 lctrl 0.410112090196
kdori SNARC arabic CD down 9 lctrl 0.36914487174
kdori SNARC arabic CD up 3 lctrl 0.49228765279
kdori SNARC arabic CD down 1 num_decimal 0.435149615161
kdori SNARC arabic CD up 9 lctrl 0.489309453142
kdori SNARC arabic CD up 9 lctrl 0.469912659308
kdori SNARC arabic CD down 9 num_decimal 0.749883724226
kdori SNARC arabic CD down 2 num_decimal 0.309100727192
kdori SNARC arabic CD up 8 lctrl 0.574942667032
kdori SNARC arabic CD up 3 lctrl 0.58028487827
kdori SNARC arabic CD down 1 num_decimal 0.56693792431
kdori SNARC arabic CD down 6 num_decimal 0.440910384188
kdori SNARC arabic CD down 3 num_decimal 0.439535722822
kdori SNARC arabic CD down 4 num_decimal 0.437816696186
kdori SNARC arabic CD down 3 num_decimal 0.578729635116
kdori SNARC arabic CD up 4 num_decimal 0.437019126621
kdori SNARC arabic CD up 2 lctrl 0.463164989811
kdori SNARC arabic CD up 5 lctrl 0.435959083526
kdori SNARC arabic CD down 1 num_decimal 0.737138709561
kdori SNARC arabic CD up 3 lctrl 0.585200832496
kdori SNARC arabic CD down 3 num_decimal 0.386773993843
kdori SNARC arabic CD down 8 num_decimal 0.391306386751
kdori SNARC arabic CD down 7 num_decimal 0.444996222131
kdori SNARC arabic CD up 8 lctrl 0.457389872231
kdori SNARC arabic CD up 8 lctrl 0.412097789938
kdori SNARC arabic CD down 2 num_decimal 0.4428239912
kdori SNARC arabic CD down 4 num_decimal 0.38475329763
kdori SNARC arabic CD up 3 lctrl 0.374165115448
kdori SNARC arabic CD up 2 lctrl 0.420987593401
kdori SNARC arabic CD up 8 lctrl 0.311622572864
kdori SNARC arabic CD up 5 lctrl 0.315308751112
kdori SNARC arabic CD up 8 lctrl 0.257944636283
kdori SNARC arabic CD down 8 lctrl 0.207184355458
kdori SNARC arabic CD down 6 num_decimal 0.483236165633
kdori SNARC arabic CD up 2 lctrl 0.466920811036
kdori SNARC arabic CD down 2 num_decimal 0.538594282767
kdori SNARC arabic CD up 1 num_decimal 0.721879898412
kdori SNARC arabic CD down 8 num_decimal 0.581587796871
kdori SNARC arabic CD down 7 num_decimal 0.581547550929
kdori SNARC arabic CD up 1 lctrl 0.566600558334
kdori SNARC arabic CD up 9 lctrl 0.472354013098
kdori SNARC arabic CD down 7 num_decimal 0.487202665611
kdori SNARC arabic CD down 4 num_decimal 0.476237921406
kdori SNARC arabic CD up 9 lctrl 0.343543203668
kdori SNARC arabic CD up 8 lctrl 0.449988818628
kdori SNARC arabic CD up 6 lctrl 0.509268640258
kdori SNARC arabic CD down 1 num_decimal 0.460617246751
kdori SNARC arabic CD up 4 lctrl 0.357740221899
kdori SNARC arabic CD down 1 num_decimal 0.467557396837
kdori SNARC arabic CD up 9 lctrl 0.276989715587
kdori SNARC arabic CD up 6 lctrl 0.353241075638
kdori SNARC arabic CD up 2 lctrl 0.3597570685
kdori SNARC arabic CD down 9 lctrl 0.355937203733
kdori SNARC arabic CD down 6 num_decimal 0.349716231118
kdori SNARC arabic CD up 4 lctrl 0.398680843037
kdori SNARC arabic CD down 1 lctrl 0.415787117869
kdori SNARC arabic CD down 8 num_decimal 0.369642521552
kdori SNARC arabic CD up 9 lctrl 0.49246613479
kdori SNARC arabic CD up 6 lctrl 0.405296925805
kdori SNARC arabic CD down 1 num_decimal 0.563973023321
kdori SNARC arabic CD down 1 num_decimal 0.381197656216
kdori SNARC arabic CD down 1 num_decimal 0.432469585442
kdori SNARC arabic CD up 3 lctrl 0.478155727995
kdori SNARC arabic CD down 5 num_decimal 0.432225660042
kdori SNARC arabic CD up 3 lctrl 0.365012138526
kdori SNARC arabic CD down 4 num_decimal 0.399985161496
kdori SNARC arabic CD down 9 lctrl 0.387893880902
kdori SNARC arabic CD up 8 num_decimal 0.33994556649
kdori SNARC arabic CD up 2 lctrl 0.475734672158
kdori SNARC arabic CD up 5 lctrl 0.40059375012
kdori SNARC arabic CD down 8 num_decimal 0.379932533804
kdori SNARC arabic CD down 9 num_decimal 0.426839003287
kdori SNARC arabic CD up 7 lctrl 0.411912658608
kdori SNARC arabic CD down 9 num_decimal 0.343401467962
