{'participant': u'szbea', 'notation': u'dot', 'response_buttons': u'DC', 'range_in_instr': True, 'dateStr': u'04_01_1533', 'autopilot': False, 'exp_id': u'SNARC'}
szbea SNARC dot DC down 45 lctrl 0.848544024335
szbea SNARC dot DC down 45 lctrl 0.492418189626
szbea SNARC dot DC up 30 num_decimal 0.478810161995
szbea SNARC dot DC down 45 lctrl 0.421228019154
szbea SNARC dot DC down 20 lctrl 0.391514615751
szbea SNARC dot DC up 35 num_decimal 0.419728070424
szbea SNARC dot DC up 40 num_decimal 0.349399513059
szbea SNARC dot DC down 15 lctrl 0.339524908913
szbea SNARC dot DC down 15 lctrl 0.360929450265
szbea SNARC dot DC down 30 lctrl 0.330083911038
szbea SNARC dot DC down 25 lctrl 0.325908132165
szbea SNARC dot DC down 45 lctrl 0.323601864752
szbea SNARC dot DC down 35 lctrl 0.273324885185
szbea SNARC dot DC down 10 lctrl 0.293429307654
szbea SNARC dot DC down 20 lctrl 0.293134987337
szbea SNARC dot DC down 30 lctrl 0.275078208363
szbea SNARC dot DC up 45 lctrl 0.322559319893
szbea SNARC dot DC down 5 lctrl 0.585969704955
szbea SNARC dot DC down 30 lctrl 0.388108409267
szbea SNARC dot DC down 20 lctrl 0.69414764521
szbea SNARC dot DC down 30 lctrl 0.383625711347
szbea SNARC dot DC up 40 num_decimal 0.31550263156
szbea SNARC dot DC down 35 lctrl 0.486078229011
szbea SNARC dot DC up 45 lctrl 0.321700856469
szbea SNARC dot DC down 40 num_decimal 0.392602656022
szbea SNARC dot DC up 5 num_decimal 0.677554068672
szbea SNARC dot DC down 15 lctrl 0.411446855585
szbea SNARC dot DC down 10 lctrl 0.362966594819
szbea SNARC dot DC up 35 num_decimal 0.497696007358
szbea SNARC dot DC up 25 num_decimal 0.381323293546
szbea SNARC dot DC down 15 lctrl 0.548603623325
szbea SNARC dot DC up 35 num_decimal 0.33330778591
szbea SNARC dot DC up 15 num_decimal 0.507266492174
szbea SNARC dot DC up 35 num_decimal 0.361781964289
szbea SNARC dot DC up 25 num_decimal 0.612528876463
szbea SNARC dot DC up 25 num_decimal 0.339064705324
szbea SNARC dot DC down 45 lctrl 0.532786968434
szbea SNARC dot DC up 30 num_decimal 0.463640941811
szbea SNARC dot DC up 40 num_decimal 0.468116990402
szbea SNARC dot DC down 5 lctrl 0.38584203783
szbea SNARC dot DC up 15 num_decimal 0.460499658609
szbea SNARC dot DC up 5 num_decimal 0.339952915748
szbea SNARC dot DC down 30 lctrl 0.561060267072
szbea SNARC dot DC down 45 lctrl 0.383952928347
szbea SNARC dot DC up 30 num_decimal 0.427135073428
szbea SNARC dot DC down 30 lctrl 0.354310567779
szbea SNARC dot DC down 45 lctrl 0.38021110571
szbea SNARC dot DC up 15 num_decimal 0.371988684941
szbea SNARC dot DC up 10 num_decimal 0.42146564519
szbea SNARC dot DC down 15 lctrl 0.422498391037
szbea SNARC dot DC down 15 lctrl 0.383829040841
szbea SNARC dot DC up 25 num_decimal 0.452917323288
szbea SNARC dot DC down 40 lctrl 0.473751772134
szbea SNARC dot DC up 40 num_decimal 0.43081180263
szbea SNARC dot DC down 40 lctrl 0.362045137748
szbea SNARC dot DC up 45 num_decimal 0.336018612523
szbea SNARC dot DC down 30 lctrl 0.339465414913
szbea SNARC dot DC up 25 num_decimal 0.307472691379
szbea SNARC dot DC down 10 lctrl 0.329294040696
szbea SNARC dot DC up 5 num_decimal 0.288774427099
szbea SNARC dot DC down 25 lctrl 0.531085090069
szbea SNARC dot DC up 35 num_decimal 0.283694689391
szbea SNARC dot DC down 20 lctrl 0.31677580316
szbea SNARC dot DC up 35 num_decimal 0.2911125413
szbea SNARC dot DC down 5 lctrl 0.318102869326
szbea SNARC dot DC up 25 num_decimal 0.30395309633
szbea SNARC dot DC up 45 num_decimal 0.420909551272
szbea SNARC dot DC down 45 num_decimal 0.362931948313
szbea SNARC dot DC up 5 num_decimal 0.520371970487
szbea SNARC dot DC up 15 num_decimal 0.680908830344
szbea SNARC dot DC down 25 lctrl 0.948229371068
szbea SNARC dot DC up 35 num_decimal 0.569168949311
szbea SNARC dot DC up 40 num_decimal 0.481553535326
szbea SNARC dot DC down 35 lctrl 0.419695873671
szbea SNARC dot DC up 40 num_decimal 0.416525543399
szbea SNARC dot DC down 15 lctrl 0.304120729424
szbea SNARC dot DC up 20 num_decimal 0.271266742749
szbea SNARC dot DC down 20 lctrl 0.297470350115
szbea SNARC dot DC up 10 num_decimal 0.329355984449
szbea SNARC dot DC up 5 lctrl 0.297372359997
szbea SNARC dot DC up 10 num_decimal 0.491212561213
szbea SNARC dot DC up 35 num_decimal 0.401075651521
szbea SNARC dot DC down 40 lctrl 0.559243250318
szbea SNARC dot DC up 30 num_decimal 0.310537682275
szbea SNARC dot DC up 45 num_decimal 0.34496371041
szbea SNARC dot DC down 40 lctrl 0.446284792179
szbea SNARC dot DC up 15 num_decimal 0.490600472942
szbea SNARC dot DC up 10 lctrl 0.647036796339
szbea SNARC dot DC up 15 num_decimal 0.714480594632
szbea SNARC dot DC up 10 num_decimal 0.349064246871
szbea SNARC dot DC up 15 num_decimal 0.543132975039
szbea SNARC dot DC down 20 lctrl 0.532248722716
szbea SNARC dot DC down 25 lctrl 0.363778862902
szbea SNARC dot DC down 35 lctrl 0.366486889797
szbea SNARC dot DC down 20 lctrl 0.326198952836
szbea SNARC dot DC up 30 num_decimal 0.472091539568
szbea SNARC dot DC up 35 num_decimal 0.33608755557
szbea SNARC dot DC up 35 num_decimal 0.375872593249
szbea SNARC dot DC down 35 lctrl 0.49157967419
szbea SNARC dot DC down 45 lctrl 0.323157059611
szbea SNARC dot DC down 35 lctrl 0.335713443299
szbea SNARC dot DC up 25 lctrl 0.352265374037
szbea SNARC dot DC up 45 num_decimal 0.518036656003
szbea SNARC dot DC down 25 lctrl 0.48928775533
szbea SNARC dot DC down 30 lctrl 0.324272397129
szbea SNARC dot DC down 35 lctrl 0.352095991119
szbea SNARC dot DC up 10 num_decimal 0.404485707616
szbea SNARC dot DC up 30 num_decimal 0.324350439258
szbea SNARC dot DC up 5 num_decimal 0.601681370434
szbea SNARC dot DC up 20 num_decimal 0.322780497587
szbea SNARC dot DC up 20 num_decimal 0.33575368924
szbea SNARC dot DC up 30 num_decimal 0.28529122838
szbea SNARC dot DC up 5 num_decimal 0.2677233501
szbea SNARC dot DC down 5 lctrl 0.479735118713
szbea SNARC dot DC down 45 lctrl 0.35465493305
szbea SNARC dot DC up 45 num_decimal 0.349307122377
szbea SNARC dot DC up 15 num_decimal 0.300652579187
szbea SNARC dot DC up 20 num_decimal 0.313874595747
szbea SNARC dot DC down 40 num_decimal 0.345716134528
szbea SNARC dot DC down 20 lctrl 0.621084113667
szbea SNARC dot DC up 10 num_decimal 0.428491536629
szbea SNARC dot DC up 10 num_decimal 0.400240285767
szbea SNARC dot DC up 25 num_decimal 0.526988053255
szbea SNARC dot DC down 10 lctrl 0.396771085636
szbea SNARC dot DC up 20 num_decimal 0.423182572038
szbea SNARC dot DC up 40 num_decimal 0.407310622724
szbea SNARC dot DC down 25 lctrl 0.414705026998
szbea SNARC dot DC up 5 num_decimal 0.355594588286
szbea SNARC dot DC up 35 num_decimal 0.365144425185
szbea SNARC dot DC up 5 num_decimal 0.314812851124
szbea SNARC dot DC down 40 lctrl 0.390180200327
szbea SNARC dot DC down 25 lctrl 0.403824624287
szbea SNARC dot DC up 10 num_decimal 0.37597898252
szbea SNARC dot DC up 40 num_decimal 0.349936008953
szbea SNARC dot DC up 25 num_decimal 0.335601104629
szbea SNARC dot DC up 15 num_decimal 0.324120162482
szbea SNARC dot DC up 20 num_decimal 0.315898441642
szbea SNARC dot DC down 40 lctrl 0.403835473193
szbea SNARC dot DC down 30 lctrl 0.313858497371
szbea SNARC dot DC up 5 num_decimal 0.407861817136
szbea SNARC dot DC down 45 lctrl 0.415179929104
szbea SNARC dot DC down 30 lctrl 0.350966305048
szbea SNARC dot DC down 45 lctrl 0.352509999367
szbea SNARC dot DC down 10 lctrl 0.337382424982
szbea SNARC dot DC down 15 lctrl 0.329088961378
szbea SNARC dot DC down 40 lctrl 0.338394172948
szbea SNARC dot DC down 45 lctrl 0.284669341097
szbea SNARC dot DC up 5 lctrl 0.321682658304
szbea SNARC dot DC down 45 lctrl 0.558858639106
szbea SNARC dot DC up 30 num_decimal 0.401777330756
szbea SNARC dot DC down 30 lctrl 0.473058842016
szbea SNARC dot DC up 35 num_decimal 0.427019585075
szbea SNARC dot DC up 20 num_decimal 0.33467684784
szbea SNARC dot DC down 15 lctrl 0.433134168419
szbea SNARC dot DC up 20 num_decimal 0.306771012143
szbea SNARC dot DC down 40 lctrl 0.309039133403
szbea SNARC dot DC down 10 num_decimal 0.277537060387
szbea SNARC dot DC down 15 num_decimal 0.476879406712
szbea SNARC dot DC up 20 num_decimal 0.35509588858
szbea SNARC dot DC down 35 lctrl 0.426475739922
szbea SNARC dot DC down 45 lctrl 0.306664622873
szbea SNARC dot DC down 35 lctrl 0.363094331937
szbea SNARC dot DC up 40 num_decimal 0.422101531061
szbea SNARC dot DC down 40 lctrl 0.37764481452
szbea SNARC dot DC up 10 lctrl 0.311693265734
szbea SNARC dot DC down 35 lctrl 0.520379319746
szbea SNARC dot DC down 15 lctrl 0.369644271375
szbea SNARC dot DC down 15 lctrl 0.392249191669
szbea SNARC dot DC down 5 lctrl 0.683978370781
szbea SNARC dot DC down 20 lctrl 0.326972024871
szbea SNARC dot DC up 40 num_decimal 0.552619818291
szbea SNARC dot DC up 20 num_decimal 0.346652990046
szbea SNARC dot DC up 40 num_decimal 0.385477024642
szbea SNARC dot DC up 35 num_decimal 0.351626338484
szbea SNARC dot DC up 5 num_decimal 0.378100468568
szbea SNARC dot DC up 35 num_decimal 0.341875621844
szbea SNARC dot DC down 15 lctrl 0.513873825825
szbea SNARC dot DC up 5 lctrl 0.373036829236
szbea SNARC dot DC down 5 lctrl 0.448208898133
szbea SNARC dot DC up 25 num_decimal 0.384383384936
szbea SNARC dot DC down 15 lctrl 0.434575323079
szbea SNARC dot DC down 25 lctrl 0.399311129473
szbea SNARC dot DC down 15 lctrl 0.371619822141
szbea SNARC dot DC down 20 lctrl 0.37709222025
szbea SNARC dot DC down 10 lctrl 0.305748415272
szbea SNARC dot DC down 25 lctrl 0.298919203998
szbea SNARC dot DC up 20 num_decimal 0.431280405371
szbea SNARC dot DC down 10 lctrl 0.448689749639
szbea SNARC dot DC up 15 num_decimal 0.330585760426
szbea SNARC dot DC up 40 num_decimal 0.381426183169
szbea SNARC dot DC up 40 num_decimal 0.356916404981
szbea SNARC dot DC up 40 num_decimal 0.337376125618
szbea SNARC dot DC down 45 lctrl 0.331127855756
szbea SNARC dot DC down 15 lctrl 0.316110520254
szbea SNARC dot DC down 5 lctrl 0.317240206325
szbea SNARC dot DC up 30 lctrl 0.342155593608
szbea SNARC dot DC down 40 lctrl 0.494017878297
szbea SNARC dot DC up 45 num_decimal 0.417068338658
szbea SNARC dot DC up 15 num_decimal 0.375343096649
szbea SNARC dot DC down 15 lctrl 0.449636404169
szbea SNARC dot DC up 45 lctrl 0.292888962148
szbea SNARC dot DC down 5 lctrl 0.381194506534
szbea SNARC dot DC down 25 lctrl 0.350345817624
szbea SNARC dot DC up 20 num_decimal 0.395988214589
szbea SNARC dot DC up 40 num_decimal 0.74111710834
szbea SNARC dot DC down 20 lctrl 0.409533948501
szbea SNARC dot DC up 10 lctrl 0.321074769609
szbea SNARC dot DC up 5 num_decimal 0.462352721728
szbea SNARC dot DC down 25 lctrl 0.43347853369
szbea SNARC dot DC up 45 num_decimal 0.317027777749
szbea SNARC dot DC up 20 num_decimal 0.367687268739
szbea SNARC dot DC down 20 lctrl 0.393672498129
szbea SNARC dot DC up 20 num_decimal 0.316801000619
szbea SNARC dot DC down 10 lctrl 0.488192015835
szbea SNARC dot DC up 5 num_decimal 0.309449991968
szbea SNARC dot DC up 15 num_decimal 0.447346585097
szbea SNARC dot DC down 35 lctrl 0.33386178004
szbea SNARC dot DC up 20 lctrl 0.334887876558
szbea SNARC dot DC down 20 lctrl 0.42707942904
szbea SNARC dot DC up 30 num_decimal 0.336029811394
szbea SNARC dot DC down 40 lctrl 0.55359761968
szbea SNARC dot DC up 30 num_decimal 0.45189717617
szbea SNARC dot DC down 5 lctrl 0.380745851781
szbea SNARC dot DC up 30 num_decimal 0.329713998343
szbea SNARC dot DC up 10 num_decimal 0.479843957737
szbea SNARC dot DC down 10 lctrl 0.37416826513
szbea SNARC dot DC down 25 lctrl 0.355944902957
szbea SNARC dot DC down 20 lctrl 0.478149078665
szbea SNARC dot DC up 30 num_decimal 0.485887498246
szbea SNARC dot DC up 45 num_decimal 0.357422453946
szbea SNARC dot DC down 30 lctrl 0.45421289263
szbea SNARC dot DC down 45 lctrl 0.360663827053
szbea SNARC dot DC down 20 lctrl 0.410786822149
szbea SNARC dot DC down 10 lctrl 0.336574706441
szbea SNARC dot DC up 5 num_decimal 0.438153362233
szbea SNARC dot DC up 25 num_decimal 0.387732197208
szbea SNARC dot DC down 10 lctrl 0.511438071471
szbea SNARC dot DC down 35 lctrl 0.262661810556
szbea SNARC dot DC up 20 num_decimal 0.470232177085
szbea SNARC dot DC up 5 num_decimal 0.46001040795
szbea SNARC dot DC down 35 num_decimal 0.327374134319
szbea SNARC dot DC down 30 lctrl 0.482235266573
szbea SNARC dot DC up 10 num_decimal 0.488396745188
szbea SNARC dot DC up 30 num_decimal 0.419620281295
szbea SNARC dot DC up 5 lctrl 0.535610483683
szbea SNARC dot DC down 40 lctrl 0.425378250603
szbea SNARC dot DC down 20 lctrl 0.35398265085
szbea SNARC dot DC down 15 lctrl 0.749069006391
szbea SNARC dot DC up 20 num_decimal 0.480363305361
szbea SNARC dot DC up 45 num_decimal 0.319243754267
szbea SNARC dot DC up 10 num_decimal 0.323082867093
szbea SNARC dot DC down 45 lctrl 0.497385938628
szbea SNARC dot DC down 35 lctrl 0.473843112922
szbea SNARC dot DC down 40 lctrl 0.327798291542
szbea SNARC dot DC down 45 num_decimal 0.318830095985
szbea SNARC dot DC down 35 lctrl 0.378776950345
szbea SNARC dot DC down 45 lctrl 0.362203321795
szbea SNARC dot DC up 30 num_decimal 0.351009000742
szbea SNARC dot DC up 25 num_decimal 0.388072012938
szbea SNARC dot DC down 25 lctrl 0.333495716957
szbea SNARC dot DC down 25 lctrl 0.287816923663
szbea SNARC dot DC down 10 lctrl 0.321741802339
szbea SNARC dot DC down 25 lctrl 0.366165272232
szbea SNARC dot DC up 45 num_decimal 0.332165851074
szbea SNARC dot DC down 25 lctrl 0.335234341617
szbea SNARC dot DC down 5 lctrl 0.296525445409
szbea SNARC dot DC down 40 lctrl 0.345746581457
szbea SNARC dot DC up 25 num_decimal 0.449924425122
szbea SNARC dot DC down 40 num_decimal 0.400591300367
szbea SNARC dot DC up 45 num_decimal 0.596707672031
szbea SNARC dot DC down 45 lctrl 0.607255608272
szbea SNARC dot DC down 10 lctrl 0.352576142696
szbea SNARC dot DC down 5 num_decimal 0.561734999025
szbea SNARC dot DC down 45 lctrl 0.710847611018
szbea SNARC dot DC down 40 lctrl 0.674510075659
szbea SNARC dot DC down 5 lctrl 0.456987412819
szbea SNARC dot DC up 30 num_decimal 0.838311406295
szbea SNARC dot DC up 5 num_decimal 0.421058286272
szbea SNARC dot DC up 35 num_decimal 0.376591420755
szbea SNARC dot DC down 15 lctrl 0.446227397967
szbea SNARC dot DC up 45 num_decimal 0.470539096132
szbea SNARC dot DC down 40 lctrl 0.353242125532
szbea SNARC dot DC down 40 lctrl 0.320573270186
szbea SNARC dot DC down 45 lctrl 0.358526942558
szbea SNARC dot DC up 25 num_decimal 0.374602221366
szbea SNARC dot DC down 15 lctrl 0.411709329114
szbea SNARC dot DC down 35 num_decimal 0.304063685177
szbea SNARC dot DC up 10 num_decimal 0.601607177916
szbea SNARC dot DC down 5 lctrl 0.403599247016
szbea SNARC dot DC up 10 num_decimal 0.550738757996
szbea SNARC dot DC up 35 num_decimal 0.440863138952
szbea SNARC dot DC up 15 lctrl 0.5227258331
szbea SNARC dot DC up 25 num_decimal 0.560669356495
szbea SNARC dot DC down 25 num_decimal 0.306873901767
szbea SNARC dot DC up 25 num_decimal 0.467479704672
szbea SNARC dot DC down 45 lctrl 0.437386589562
szbea SNARC dot DC down 25 lctrl 0.402881119439
szbea SNARC dot DC up 25 num_decimal 0.362735618113
szbea SNARC dot DC down 30 lctrl 0.405935961358
szbea SNARC dot DC down 5 lctrl 0.427455291134
szbea SNARC dot DC up 30 num_decimal 0.386332338384
szbea SNARC dot DC down 5 lctrl 0.373724159918
szbea SNARC dot DC up 10 num_decimal 0.436924986115
szbea SNARC dot DC down 25 lctrl 0.302740468624
szbea SNARC dot DC down 5 lctrl 0.441075567529
szbea SNARC dot DC up 15 num_decimal 0.325984074506
szbea SNARC dot DC up 5 num_decimal 0.326026420236
szbea SNARC dot DC up 40 num_decimal 0.287232132639
szbea SNARC dot DC down 40 lctrl 0.298863209645
szbea SNARC dot DC up 20 num_decimal 0.319921635903
szbea SNARC dot DC down 10 lctrl 0.539873053803
szbea SNARC dot DC down 25 lctrl 0.3130560283
szbea SNARC dot DC down 30 num_decimal 0.594416803065
szbea SNARC dot DC up 35 num_decimal 0.337861526665
szbea SNARC dot DC up 5 num_decimal 0.418374056976
szbea SNARC dot DC down 30 lctrl 0.490535729472
szbea SNARC dot DC up 35 num_decimal 0.28746345931
szbea SNARC dot DC up 20 num_decimal 0.448867881674
szbea SNARC dot DC down 5 lctrl 0.382539420899
szbea SNARC dot DC down 45 lctrl 0.308542533486
szbea SNARC dot DC down 20 lctrl 0.316312099925
szbea SNARC dot DC up 10 num_decimal 0.549337849278
szbea SNARC dot DC down 35 lctrl 0.343572600703
szbea SNARC dot DC up 35 num_decimal 0.679526119791
szbea SNARC dot DC up 30 lctrl 0.307812507109
szbea SNARC dot DC down 10 lctrl 0.573811231137
szbea SNARC dot DC down 35 lctrl 0.560262347542
szbea SNARC dot DC down 15 lctrl 0.475630032711
szbea SNARC dot DC up 20 num_decimal 0.512107203988
szbea SNARC dot DC up 25 num_decimal 0.462721934493
szbea SNARC dot DC up 30 num_decimal 0.347846369694
szbea SNARC dot DC down 40 lctrl 0.488347750129
szbea SNARC dot DC down 30 lctrl 0.363175173784
szbea SNARC dot DC down 35 lctrl 0.364504689702
szbea SNARC dot DC up 10 num_decimal 0.397591752872
szbea SNARC dot DC down 10 lctrl 0.342994109044
szbea SNARC dot DC down 10 lctrl 0.29344015656
szbea SNARC dot DC down 15 lctrl 0.603901196564
szbea SNARC dot DC down 35 lctrl 0.466562097212
szbea SNARC dot DC down 10 lctrl 0.407520251583
szbea SNARC dot DC up 20 num_decimal 0.503532368761
szbea SNARC dot DC down 40 lctrl 0.531312217163
szbea SNARC dot DC down 10 lctrl 0.398447066613
szbea SNARC dot DC up 30 num_decimal 0.604034533117
szbea SNARC dot DC up 40 num_decimal 0.454004313665
szbea SNARC dot DC up 25 num_decimal 0.363002291219
szbea SNARC dot DC up 5 num_decimal 0.364142476231
szbea SNARC dot DC down 30 lctrl 0.440658759564
szbea SNARC dot DC down 15 lctrl 0.346632342128
szbea SNARC dot DC up 20 num_decimal 0.493806849579
szbea SNARC dot DC up 30 num_decimal 0.386524818972
szbea SNARC dot DC down 25 lctrl 0.381072368852
szbea SNARC dot DC down 10 lctrl 0.26446692851
szbea SNARC dot DC down 15 lctrl 0.928166944364
szbea SNARC dot DC down 5 lctrl 0.349449558012
szbea SNARC dot DC up 20 num_decimal 0.561989773331
szbea SNARC dot DC up 30 num_decimal 0.416088437481
szbea SNARC dot DC down 15 lctrl 0.470504799591
szbea SNARC dot DC down 35 lctrl 0.345775278563
szbea SNARC dot DC down 15 lctrl 0.338077104924
{'participant': u'szbea', 'notation': u'arabic', 'response_buttons': u'DC', 'range_in_instr': True, 'dateStr': u'04_01_1541', 'autopilot': False, 'exp_id': u'SNARC'}
szbea SNARC arabic DC down 4 lctrl 0.818037950873
szbea SNARC arabic DC up 6 num_decimal 0.722838101777
szbea SNARC arabic DC down 1 lctrl 0.416462549752
szbea SNARC arabic DC up 5 num_decimal 0.335446070264
szbea SNARC arabic DC down 3 lctrl 0.415602686469
szbea SNARC arabic DC down 7 lctrl 0.350308721365
szbea SNARC arabic DC up 5 num_decimal 0.521233233628
szbea SNARC arabic DC down 2 lctrl 0.393752990011
szbea SNARC arabic DC up 9 num_decimal 0.541413598439
szbea SNARC arabic DC up 3 num_decimal 0.40955984589
szbea SNARC arabic DC down 6 lctrl 0.513833929848
szbea SNARC arabic DC up 5 num_decimal 0.534495496129
szbea SNARC arabic DC down 2 lctrl 0.61168686138
szbea SNARC arabic DC down 8 lctrl 0.434528427808
szbea SNARC arabic DC up 4 num_decimal 0.299990795928
szbea SNARC arabic DC down 2 lctrl 0.342884570091
szbea SNARC arabic DC down 4 lctrl 0.420958196366
szbea SNARC arabic DC up 5 num_decimal 0.454139400042
szbea SNARC arabic DC up 8 num_decimal 0.493902739909
szbea SNARC arabic DC down 6 lctrl 0.728528877863
szbea SNARC arabic DC down 1 lctrl 0.375493581472
szbea SNARC arabic DC up 1 num_decimal 0.408438209007
szbea SNARC arabic DC down 5 lctrl 0.381319443934
szbea SNARC arabic DC down 5 lctrl 0.375527878014
szbea SNARC arabic DC up 2 num_decimal 0.384552767853
szbea SNARC arabic DC up 2 num_decimal 0.445603060931
szbea SNARC arabic DC up 5 num_decimal 0.420263516424
szbea SNARC arabic DC up 4 num_decimal 0.491304601931
szbea SNARC arabic DC up 4 num_decimal 0.343934814174
szbea SNARC arabic DC up 9 num_decimal 0.322739201752
szbea SNARC arabic DC up 6 num_decimal 0.318322997126
szbea SNARC arabic DC up 4 num_decimal 0.318858443126
szbea SNARC arabic DC up 8 num_decimal 0.314798852536
szbea SNARC arabic DC down 7 lctrl 0.53666772706
szbea SNARC arabic DC down 6 lctrl 0.328305040437
szbea SNARC arabic DC up 8 num_decimal 0.394486866
szbea SNARC arabic DC down 8 lctrl 0.382433031629
szbea SNARC arabic DC up 8 num_decimal 0.320643613092
szbea SNARC arabic DC up 5 num_decimal 0.387458524808
szbea SNARC arabic DC up 9 num_decimal 0.310770758769
szbea SNARC arabic DC down 9 lctrl 0.334517963863
szbea SNARC arabic DC up 3 num_decimal 0.485750662046
szbea SNARC arabic DC up 1 num_decimal 0.385332489218
szbea SNARC arabic DC up 4 num_decimal 0.337315231759
szbea SNARC arabic DC up 3 num_decimal 0.33618869537
szbea SNARC arabic DC up 9 num_decimal 0.325079065776
szbea SNARC arabic DC up 4 num_decimal 0.363646576243
szbea SNARC arabic DC up 3 num_decimal 0.321444682304
szbea SNARC arabic DC up 1 num_decimal 0.349647638036
szbea SNARC arabic DC up 2 num_decimal 0.28642161438
szbea SNARC arabic DC up 9 num_decimal 0.275313384645
szbea SNARC arabic DC up 6 num_decimal 0.303796662107
szbea SNARC arabic DC down 4 lctrl 0.427915844687
szbea SNARC arabic DC up 4 lctrl 0.314491933489
szbea SNARC arabic DC up 5 num_decimal 0.453031061817
szbea SNARC arabic DC up 3 num_decimal 0.298669329198
szbea SNARC arabic DC up 1 num_decimal 0.304668774154
szbea SNARC arabic DC up 4 num_decimal 0.570982116454
szbea SNARC arabic DC up 2 num_decimal 0.293668683513
szbea SNARC arabic DC up 4 num_decimal 0.353442655308
szbea SNARC arabic DC down 7 lctrl 0.448771291415
szbea SNARC arabic DC up 4 num_decimal 0.306540385402
szbea SNARC arabic DC up 3 num_decimal 0.336567357182
szbea SNARC arabic DC down 8 lctrl 0.518805878427
szbea SNARC arabic DC up 4 num_decimal 0.439978428176
szbea SNARC arabic DC down 2 lctrl 0.513389124707
szbea SNARC arabic DC down 5 lctrl 0.447792440132
szbea SNARC arabic DC up 5 num_decimal 0.267761146288
szbea SNARC arabic DC up 4 num_decimal 0.352950254967
szbea SNARC arabic DC down 1 lctrl 0.458578702338
szbea SNARC arabic DC up 8 num_decimal 0.333033063616
szbea SNARC arabic DC down 3 lctrl 0.326575164895
szbea SNARC arabic DC down 6 num_decimal 0.307781710215
szbea SNARC arabic DC down 2 lctrl 0.520830774216
szbea SNARC arabic DC up 1 lctrl 0.360335210194
szbea SNARC arabic DC down 3 lctrl 0.450654801463
szbea SNARC arabic DC down 8 lctrl 0.381419183875
szbea SNARC arabic DC down 7 lctrl 0.365281611349
szbea SNARC arabic DC up 1 num_decimal 0.43287169489
szbea SNARC arabic DC up 9 num_decimal 0.447216048262
szbea SNARC arabic DC up 7 num_decimal 0.374982982966
szbea SNARC arabic DC down 1 lctrl 0.421066685425
szbea SNARC arabic DC up 9 num_decimal 0.322835442046
szbea SNARC arabic DC up 7 lctrl 0.289524751429
szbea SNARC arabic DC up 2 num_decimal 0.463071899199
szbea SNARC arabic DC down 8 lctrl 0.403203436933
szbea SNARC arabic DC up 1 num_decimal 0.410868013961
szbea SNARC arabic DC up 9 num_decimal 0.454406423112
szbea SNARC arabic DC down 1 lctrl 0.441477676976
szbea SNARC arabic DC up 5 lctrl 0.373199562824
szbea SNARC arabic DC down 4 lctrl 0.973025420386
szbea SNARC arabic DC down 6 lctrl 0.378320596368
szbea SNARC arabic DC down 1 lctrl 0.439256800952
szbea SNARC arabic DC up 7 num_decimal 0.413949803162
szbea SNARC arabic DC up 6 num_decimal 0.401687039862
szbea SNARC arabic DC down 7 lctrl 0.418010093682
szbea SNARC arabic DC down 3 lctrl 0.405329122558
szbea SNARC arabic DC down 2 lctrl 0.562780343602
szbea SNARC arabic DC down 1 lctrl 0.412253874197
szbea SNARC arabic DC up 5 num_decimal 0.433147117113
szbea SNARC arabic DC up 6 num_decimal 0.338321730254
szbea SNARC arabic DC down 2 lctrl 0.431197113771
szbea SNARC arabic DC down 3 lctrl 0.307214767391
szbea SNARC arabic DC down 4 lctrl 0.347334021364
szbea SNARC arabic DC up 9 num_decimal 0.486921293987
szbea SNARC arabic DC down 7 lctrl 0.608092723849
szbea SNARC arabic DC down 5 lctrl 0.410736077267
szbea SNARC arabic DC up 7 lctrl 0.359473597088
szbea SNARC arabic DC down 3 lctrl 0.468379813896
szbea SNARC arabic DC down 6 lctrl 0.382957628723
szbea SNARC arabic DC up 2 num_decimal 0.378397238638
szbea SNARC arabic DC down 7 lctrl 0.636715987193
szbea SNARC arabic DC down 9 lctrl 0.420311111624
szbea SNARC arabic DC up 8 num_decimal 0.41119593089
szbea SNARC arabic DC up 9 num_decimal 0.388786990832
szbea SNARC arabic DC up 3 num_decimal 0.377610867944
szbea SNARC arabic DC down 8 lctrl 0.442221351977
szbea SNARC arabic DC up 9 num_decimal 0.601532285469
szbea SNARC arabic DC down 8 lctrl 0.476110534253
szbea SNARC arabic DC up 7 num_decimal 0.44834328458
szbea SNARC arabic DC down 5 lctrl 0.359927151347
szbea SNARC arabic DC up 9 num_decimal 0.282681891531
szbea SNARC arabic DC up 8 num_decimal 0.413399658644
szbea SNARC arabic DC up 5 num_decimal 0.329887930802
szbea SNARC arabic DC down 2 lctrl 0.507809987363
szbea SNARC arabic DC up 5 lctrl 0.405395615852
szbea SNARC arabic DC up 1 num_decimal 0.464430462188
szbea SNARC arabic DC up 6 num_decimal 0.50856381134
szbea SNARC arabic DC down 2 lctrl 0.557395786635
szbea SNARC arabic DC down 4 lctrl 0.436194259809
szbea SNARC arabic DC down 3 lctrl 0.623508319186
szbea SNARC arabic DC down 9 lctrl 0.406592145182
szbea SNARC arabic DC down 3 lctrl 0.379679509321
szbea SNARC arabic DC down 8 lctrl 0.420277165048
szbea SNARC arabic DC down 2 lctrl 0.42029291346
szbea SNARC arabic DC down 7 lctrl 0.377843594473
szbea SNARC arabic DC up 9 num_decimal 0.567389378781
szbea SNARC arabic DC down 4 lctrl 0.430550378994
szbea SNARC arabic DC up 1 num_decimal 0.335811433417
szbea SNARC arabic DC down 5 lctrl 0.338106851924
szbea SNARC arabic DC up 7 num_decimal 0.361746967818
szbea SNARC arabic DC up 6 num_decimal 0.395928020659
szbea SNARC arabic DC down 8 lctrl 0.373648567542
szbea SNARC arabic DC down 6 lctrl 0.353393660249
szbea SNARC arabic DC up 2 num_decimal 0.408076345501
szbea SNARC arabic DC up 1 num_decimal 0.371411943106
szbea SNARC arabic DC down 7 lctrl 0.319688909373
szbea SNARC arabic DC up 5 num_decimal 0.518394319933
szbea SNARC arabic DC up 9 num_decimal 0.387153705549
szbea SNARC arabic DC down 8 lctrl 0.504074114126
szbea SNARC arabic DC up 5 num_decimal 0.587254775356
szbea SNARC arabic DC down 6 lctrl 0.359647529547
szbea SNARC arabic DC down 1 lctrl 0.379582219133
szbea SNARC arabic DC down 5 lctrl 0.383702003653
szbea SNARC arabic DC down 9 lctrl 0.434657914749
szbea SNARC arabic DC down 1 lctrl 0.396066256718
szbea SNARC arabic DC down 5 num_decimal 0.474755120946
szbea SNARC arabic DC up 1 num_decimal 0.485086429034
szbea SNARC arabic DC up 6 num_decimal 0.42278046259
szbea SNARC arabic DC down 1 lctrl 0.492909190108
szbea SNARC arabic DC down 9 lctrl 0.335321132864
szbea SNARC arabic DC down 3 lctrl 0.343959311703
szbea SNARC arabic DC down 6 lctrl 0.351122039342
szbea SNARC arabic DC up 9 num_decimal 0.43001913257
szbea SNARC arabic DC up 5 num_decimal 0.458357874608
szbea SNARC arabic DC down 3 lctrl 0.51121199427
szbea SNARC arabic DC down 6 lctrl 0.380921884028
szbea SNARC arabic DC up 4 num_decimal 0.442752248436
szbea SNARC arabic DC up 7 num_decimal 0.48394239441
szbea SNARC arabic DC down 9 lctrl 0.496157212545
szbea SNARC arabic DC down 2 lctrl 0.366863801786
szbea SNARC arabic DC up 3 num_decimal 0.373372445389
szbea SNARC arabic DC up 6 num_decimal 0.377892939497
szbea SNARC arabic DC up 9 num_decimal 0.372415291918
szbea SNARC arabic DC down 6 lctrl 0.451821583793
szbea SNARC arabic DC up 1 num_decimal 0.492832197873
szbea SNARC arabic DC up 6 num_decimal 0.331300388356
szbea SNARC arabic DC down 3 lctrl 0.428116374464
szbea SNARC arabic DC down 8 lctrl 0.407683335136
szbea SNARC arabic DC up 5 num_decimal 0.410060995349
szbea SNARC arabic DC down 2 lctrl 0.442996873765
szbea SNARC arabic DC up 7 num_decimal 0.357533392757
szbea SNARC arabic DC up 7 num_decimal 0.367701967257
szbea SNARC arabic DC down 1 lctrl 0.372231560447
szbea SNARC arabic DC down 7 lctrl 0.362854606113
szbea SNARC arabic DC down 1 num_decimal 0.614815195888
szbea SNARC arabic DC up 9 num_decimal 0.474595887005
szbea SNARC arabic DC down 7 lctrl 0.412917757244
szbea SNARC arabic DC up 7 num_decimal 0.419168126894
szbea SNARC arabic DC up 6 num_decimal 0.419271366483
szbea SNARC arabic DC up 6 num_decimal 0.362713220372
szbea SNARC arabic DC down 1 lctrl 0.669070574233
szbea SNARC arabic DC up 3 num_decimal 0.562001672131
szbea SNARC arabic DC up 8 num_decimal 0.553989930116
szbea SNARC arabic DC up 6 num_decimal 0.528541546585
szbea SNARC arabic DC down 8 num_decimal 0.291829968948
szbea SNARC arabic DC down 9 lctrl 0.520514056157
szbea SNARC arabic DC up 8 num_decimal 0.456127199572
szbea SNARC arabic DC down 1 lctrl 0.44227734633
szbea SNARC arabic DC up 8 num_decimal 0.356705026298
szbea SNARC arabic DC up 6 num_decimal 0.378177810768
szbea SNARC arabic DC down 3 lctrl 0.480523589196
szbea SNARC arabic DC up 8 lctrl 0.349020151318
szbea SNARC arabic DC up 7 num_decimal 0.502798142807
szbea SNARC arabic DC down 5 lctrl 0.494966632615
szbea SNARC arabic DC down 5 lctrl 0.390063312115
szbea SNARC arabic DC down 9 lctrl 0.425302658227
szbea SNARC arabic DC down 4 lctrl 0.368644772175
szbea SNARC arabic DC down 6 lctrl 0.37447833386
szbea SNARC arabic DC down 9 lctrl 0.392969768999
szbea SNARC arabic DC up 4 num_decimal 0.523757179088
szbea SNARC arabic DC down 1 lctrl 0.429902594323
szbea SNARC arabic DC down 4 lctrl 0.391380579269
szbea SNARC arabic DC down 1 lctrl 0.422681422579
szbea SNARC arabic DC down 9 lctrl 0.398261935284
szbea SNARC arabic DC up 6 num_decimal 0.430415642582
szbea SNARC arabic DC up 3 num_decimal 0.416341811928
szbea SNARC arabic DC down 1 lctrl 0.402822675333
szbea SNARC arabic DC down 9 lctrl 0.363203520925
szbea SNARC arabic DC down 8 lctrl 0.362262815795
szbea SNARC arabic DC down 8 lctrl 0.400670742356
szbea SNARC arabic DC up 3 num_decimal 0.607280105801
szbea SNARC arabic DC up 2 num_decimal 0.438698257281
szbea SNARC arabic DC up 5 num_decimal 0.356677379086
szbea SNARC arabic DC up 4 num_decimal 0.321387288092
szbea SNARC arabic DC up 5 num_decimal 0.331484119827
szbea SNARC arabic DC down 3 num_decimal 0.287800825287
szbea SNARC arabic DC up 5 num_decimal 0.65516787632
szbea SNARC arabic DC down 6 lctrl 0.376673662461
szbea SNARC arabic DC down 3 lctrl 0.347581796376
szbea SNARC arabic DC down 8 lctrl 0.383117212629
szbea SNARC arabic DC down 5 lctrl 0.373304902201
szbea SNARC arabic DC down 9 lctrl 0.314576974912
szbea SNARC arabic DC down 6 lctrl 0.357128133628
szbea SNARC arabic DC up 6 num_decimal 0.509803736293
szbea SNARC arabic DC up 2 num_decimal 0.341421367655
szbea SNARC arabic DC up 1 num_decimal 0.324679756047
szbea SNARC arabic DC down 5 num_decimal 0.343119046444
szbea SNARC arabic DC up 4 num_decimal 0.326760296224
szbea SNARC arabic DC down 2 lctrl 0.442043569906
szbea SNARC arabic DC down 2 lctrl 0.37773405552
szbea SNARC arabic DC up 7 num_decimal 0.397127349707
szbea SNARC arabic DC up 3 num_decimal 0.371725511482
szbea SNARC arabic DC down 9 lctrl 0.461761631339
szbea SNARC arabic DC down 9 lctrl 0.363638877019
szbea SNARC arabic DC up 3 lctrl 0.369450740893
szbea SNARC arabic DC up 8 num_decimal 0.446585761826
szbea SNARC arabic DC up 9 num_decimal 0.374731708307
szbea SNARC arabic DC up 8 num_decimal 0.407468456806
szbea SNARC arabic DC up 5 num_decimal 0.328344586448
szbea SNARC arabic DC down 1 lctrl 0.562974923979
szbea SNARC arabic DC down 4 lctrl 0.323327842387
szbea SNARC arabic DC down 1 lctrl 0.351569644201
szbea SNARC arabic DC down 5 lctrl 0.376873842273
szbea SNARC arabic DC down 3 lctrl 0.409511200795
szbea SNARC arabic DC up 2 num_decimal 0.624136505833
szbea SNARC arabic DC up 5 num_decimal 0.549406792325
szbea SNARC arabic DC down 2 lctrl 0.399500810343
szbea SNARC arabic DC up 2 lctrl 0.742648203929
szbea SNARC arabic DC up 7 lctrl 2.33027289198
szbea SNARC arabic DC down 4 lctrl 0.757098946571
szbea SNARC arabic DC down 4 lctrl 0.348431860647
szbea SNARC arabic DC up 6 lctrl 0.331288139591
szbea SNARC arabic DC up 5 num_decimal 0.581771528341
szbea SNARC arabic DC up 7 num_decimal 0.334964518828
szbea SNARC arabic DC down 5 lctrl 0.4886445202
szbea SNARC arabic DC down 2 lctrl 0.373723459989
szbea SNARC arabic DC up 5 num_decimal 0.468324169507
szbea SNARC arabic DC up 2 num_decimal 0.411842315702
szbea SNARC arabic DC down 8 lctrl 0.398274534013
szbea SNARC arabic DC up 2 lctrl 0.457997060996
szbea SNARC arabic DC down 7 lctrl 0.426853351839
szbea SNARC arabic DC up 4 num_decimal 0.470213628956
szbea SNARC arabic DC up 9 num_decimal 0.384984274336
szbea SNARC arabic DC down 7 lctrl 0.431368946442
szbea SNARC arabic DC down 8 lctrl 0.346463309175
szbea SNARC arabic DC down 7 lctrl 0.371800403929
szbea SNARC arabic DC down 9 lctrl 1.09416185378
szbea SNARC arabic DC down 1 lctrl 0.455762186383
szbea SNARC arabic DC down 4 lctrl 0.353761473155
szbea SNARC arabic DC down 2 lctrl 0.431754957513
szbea SNARC arabic DC down 7 lctrl 0.861100408024
szbea SNARC arabic DC down 8 lctrl 0.431839648971
szbea SNARC arabic DC up 6 num_decimal 0.781653870207
szbea SNARC arabic DC down 6 lctrl 0.515321279849
szbea SNARC arabic DC down 9 lctrl 0.421948246519
szbea SNARC arabic DC down 6 lctrl 0.472414906957
szbea SNARC arabic DC down 3 lctrl 0.546925892524
szbea SNARC arabic DC down 8 lctrl 0.383658608029
szbea SNARC arabic DC down 2 lctrl 0.770663228613
szbea SNARC arabic DC up 1 num_decimal 0.489499483977
szbea SNARC arabic DC down 7 lctrl 0.458669693161
szbea SNARC arabic DC up 3 num_decimal 0.518186090933
szbea SNARC arabic DC up 4 num_decimal 0.382118763323
szbea SNARC arabic DC down 2 lctrl 0.432560926231
szbea SNARC arabic DC up 3 num_decimal 0.320029774997
szbea SNARC arabic DC down 2 lctrl 0.300963697811
szbea SNARC arabic DC up 2 num_decimal 0.299045191292
szbea SNARC arabic DC up 9 num_decimal 0.509034163905
szbea SNARC arabic DC up 4 num_decimal 0.350420710071
szbea SNARC arabic DC down 7 num_decimal 0.319100618703
szbea SNARC arabic DC up 3 num_decimal 0.375678362837
szbea SNARC arabic DC up 6 num_decimal 0.341990760232
szbea SNARC arabic DC down 9 lctrl 0.593698675489
szbea SNARC arabic DC up 5 num_decimal 0.384444978724
szbea SNARC arabic DC up 3 num_decimal 0.47389875731
szbea SNARC arabic DC up 7 num_decimal 0.384628710195
szbea SNARC arabic DC down 3 lctrl 0.349591293718
szbea SNARC arabic DC down 1 lctrl 0.456050907266
szbea SNARC arabic DC up 7 num_decimal 0.482073232914
szbea SNARC arabic DC up 4 num_decimal 0.353655083885
szbea SNARC arabic DC down 6 lctrl 0.402536054239
szbea SNARC arabic DC down 1 lctrl 0.409438758101
szbea SNARC arabic DC up 8 num_decimal 0.288093045816
szbea SNARC arabic DC up 1 num_decimal 0.362093782842
szbea SNARC arabic DC down 8 lctrl 0.314357897006
szbea SNARC arabic DC up 7 num_decimal 0.305127227919
szbea SNARC arabic DC up 8 num_decimal 0.434448635855
szbea SNARC arabic DC up 2 num_decimal 0.395950068436
szbea SNARC arabic DC up 7 num_decimal 0.484377750504
szbea SNARC arabic DC up 2 num_decimal 0.3130976741
szbea SNARC arabic DC down 1 lctrl 0.478288714583
szbea SNARC arabic DC up 6 num_decimal 0.318950833808
szbea SNARC arabic DC down 8 lctrl 0.360879055347
szbea SNARC arabic DC down 8 lctrl 0.409114340819
szbea SNARC arabic DC up 5 num_decimal 0.454057858265
szbea SNARC arabic DC up 7 num_decimal 0.394580306576
szbea SNARC arabic DC up 7 num_decimal 0.302332059812
szbea SNARC arabic DC up 3 num_decimal 0.342520606797
szbea SNARC arabic DC up 6 num_decimal 0.349777124977
szbea SNARC arabic DC down 7 lctrl 0.49793713304
szbea SNARC arabic DC down 1 lctrl 0.368256311351
szbea SNARC arabic DC down 4 lctrl 0.334641851369
szbea SNARC arabic DC down 9 lctrl 0.318794399585
szbea SNARC arabic DC up 4 lctrl 0.318595969596
szbea SNARC arabic DC down 9 lctrl 0.41765522947
szbea SNARC arabic DC up 4 num_decimal 0.347900264258
szbea SNARC arabic DC down 3 lctrl 0.359120832664
szbea SNARC arabic DC up 4 lctrl 0.308509286838
szbea SNARC arabic DC down 7 lctrl 0.33411760424
szbea SNARC arabic DC down 8 lctrl 0.445874633543
szbea SNARC arabic DC down 2 lctrl 0.359443500123
szbea SNARC arabic DC down 4 lctrl 0.354937354568
szbea SNARC arabic DC down 7 lctrl 0.327555766001
szbea SNARC arabic DC up 2 num_decimal 0.454304933347
szbea SNARC arabic DC down 5 lctrl 0.482610428738
szbea SNARC arabic DC up 3 num_decimal 0.354617836791
szbea SNARC arabic DC up 3 num_decimal 0.531994298375
szbea SNARC arabic DC down 2 lctrl 0.294530646584
szbea SNARC arabic DC up 8 num_decimal 0.452502265147
szbea SNARC arabic DC up 2 num_decimal 0.407246229218
szbea SNARC arabic DC up 3 num_decimal 0.408805671948
szbea SNARC arabic DC up 4 num_decimal 0.372170316624
szbea SNARC arabic DC down 9 lctrl 0.438147062869
szbea SNARC arabic DC down 6 lctrl 0.351352316119
szbea SNARC arabic DC down 1 lctrl 0.334566258993
szbea SNARC arabic DC up 3 num_decimal 0.372392194247
szbea SNARC arabic DC up 8 num_decimal 0.392338082704
szbea SNARC arabic DC down 4 lctrl 0.323634061505
szbea SNARC arabic DC up 6 lctrl 0.347828171529
{'participant': u'szbea', 'notation': u'dot', 'response_buttons': u'CD', 'range_in_instr': True, 'dateStr': u'04_01_1549', 'autopilot': False, 'exp_id': u'SNARC'}
szbea SNARC dot CD down 15 num_decimal 0.668967684609
szbea SNARC dot CD down 20 num_decimal 0.405720383099
szbea SNARC dot CD up 40 lctrl 0.749997812721
szbea SNARC dot CD up 20 lctrl 0.425566181651
szbea SNARC dot CD down 5 num_decimal 0.367682719198
szbea SNARC dot CD down 20 num_decimal 0.351185032989
szbea SNARC dot CD up 5 num_decimal 0.355436754203
szbea SNARC dot CD down 10 num_decimal 0.288902514181
szbea SNARC dot CD up 30 lctrl 0.545463040052
szbea SNARC dot CD down 45 lctrl 0.852199055725
szbea SNARC dot CD up 15 lctrl 0.472810717039
szbea SNARC dot CD down 45 num_decimal 0.297240773268
szbea SNARC dot CD down 10 num_decimal 0.585759026202
szbea SNARC dot CD up 20 num_decimal 0.386195152219
szbea SNARC dot CD down 35 num_decimal 0.442175856565
szbea SNARC dot CD up 10 lctrl 0.413882959903
szbea SNARC dot CD up 10 lctrl 0.3730133816
szbea SNARC dot CD down 25 num_decimal 0.473594288016
szbea SNARC dot CD up 5 num_decimal 0.351196931789
szbea SNARC dot CD up 25 lctrl 0.50648012148
szbea SNARC dot CD up 20 lctrl 0.345012005539
szbea SNARC dot CD down 35 num_decimal 0.47238690978
szbea SNARC dot CD up 40 lctrl 0.321599716669
szbea SNARC dot CD down 25 num_decimal 0.395981565259
szbea SNARC dot CD up 45 lctrl 0.290972905382
szbea SNARC dot CD down 40 num_decimal 0.5921616305
szbea SNARC dot CD up 25 lctrl 0.370104824928
szbea SNARC dot CD down 25 num_decimal 0.474593087287
szbea SNARC dot CD down 30 num_decimal 0.395434220459
szbea SNARC dot CD down 15 num_decimal 0.366895998539
szbea SNARC dot CD up 45 lctrl 0.369259660163
szbea SNARC dot CD down 15 num_decimal 0.418071337506
szbea SNARC dot CD down 45 num_decimal 0.307304008391
szbea SNARC dot CD down 40 num_decimal 0.360915451677
szbea SNARC dot CD up 20 lctrl 0.308868700592
szbea SNARC dot CD down 20 num_decimal 0.522242881805
szbea SNARC dot CD down 25 num_decimal 0.301424601329
szbea SNARC dot CD down 45 num_decimal 0.361638478759
szbea SNARC dot CD down 35 num_decimal 0.347371117623
szbea SNARC dot CD down 10 num_decimal 0.342833475244
szbea SNARC dot CD down 25 num_decimal 0.469383162708
szbea SNARC dot CD down 45 num_decimal 0.292825968501
szbea SNARC dot CD down 25 num_decimal 0.313666016782
szbea SNARC dot CD down 10 num_decimal 0.573262136514
szbea SNARC dot CD up 30 num_decimal 0.321489477786
szbea SNARC dot CD down 35 lctrl 0.514921970119
szbea SNARC dot CD up 5 lctrl 0.709514595453
szbea SNARC dot CD down 5 num_decimal 0.43350758076
szbea SNARC dot CD down 25 num_decimal 0.337755837324
szbea SNARC dot CD down 10 num_decimal 0.400001259873
szbea SNARC dot CD up 15 lctrl 0.545082628417
szbea SNARC dot CD down 10 num_decimal 0.353037046214
szbea SNARC dot CD up 20 lctrl 0.461505807139
szbea SNARC dot CD down 10 num_decimal 0.279269385682
szbea SNARC dot CD up 15 lctrl 0.444642057848
szbea SNARC dot CD down 30 num_decimal 0.265835290511
szbea SNARC dot CD up 35 num_decimal 0.332626054662
szbea SNARC dot CD down 40 num_decimal 0.370088376587
szbea SNARC dot CD down 45 num_decimal 0.384361337159
szbea SNARC dot CD up 35 lctrl 0.252779857151
szbea SNARC dot CD up 45 lctrl 0.516604250461
szbea SNARC dot CD up 25 lctrl 0.404425513687
szbea SNARC dot CD down 20 num_decimal 0.508631704493
szbea SNARC dot CD up 10 lctrl 0.428099576158
szbea SNARC dot CD up 25 lctrl 0.675120764071
szbea SNARC dot CD down 5 num_decimal 0.34063569689
szbea SNARC dot CD down 40 num_decimal 0.419546788706
szbea SNARC dot CD down 45 num_decimal 0.358938501052
szbea SNARC dot CD up 40 lctrl 0.421978343484
szbea SNARC dot CD up 25 lctrl 0.371970836741
szbea SNARC dot CD up 30 lctrl 0.330547614273
szbea SNARC dot CD down 10 num_decimal 0.434988981361
szbea SNARC dot CD up 35 lctrl 0.419450898377
szbea SNARC dot CD down 10 num_decimal 0.337096153853
szbea SNARC dot CD up 25 lctrl 0.294240175878
szbea SNARC dot CD down 5 num_decimal 0.303210121259
szbea SNARC dot CD down 10 num_decimal 0.401423516438
szbea SNARC dot CD up 15 num_decimal 0.357711174828
szbea SNARC dot CD up 20 lctrl 0.619447678702
szbea SNARC dot CD up 20 lctrl 0.321617914833
szbea SNARC dot CD up 30 lctrl 0.310650020945
szbea SNARC dot CD down 15 num_decimal 0.428829952499
szbea SNARC dot CD up 10 lctrl 0.377980430674
szbea SNARC dot CD up 25 lctrl 0.388532566491
szbea SNARC dot CD down 15 num_decimal 0.440051920764
szbea SNARC dot CD down 20 num_decimal 0.345642991904
szbea SNARC dot CD up 45 lctrl 0.460239984798
szbea SNARC dot CD up 20 lctrl 0.356081739157
szbea SNARC dot CD up 25 lctrl 0.373122920553
szbea SNARC dot CD down 5 num_decimal 0.450231694134
szbea SNARC dot CD up 30 lctrl 0.505660854103
szbea SNARC dot CD down 45 lctrl 0.294518047855
szbea SNARC dot CD down 20 num_decimal 0.545583777876
szbea SNARC dot CD down 10 num_decimal 0.345688487316
szbea SNARC dot CD up 45 lctrl 0.33307575931
szbea SNARC dot CD down 40 num_decimal 0.301338859976
szbea SNARC dot CD down 30 num_decimal 0.348810522459
szbea SNARC dot CD up 35 lctrl 0.436829795715
szbea SNARC dot CD down 35 lctrl 0.522568348982
szbea SNARC dot CD down 35 num_decimal 1.04288502505
szbea SNARC dot CD up 45 lctrl 0.567058312169
szbea SNARC dot CD up 25 lctrl 0.401551253556
szbea SNARC dot CD down 35 num_decimal 0.350215630754
szbea SNARC dot CD up 35 lctrl 0.340864223843
szbea SNARC dot CD down 30 num_decimal 0.355949802462
szbea SNARC dot CD up 20 lctrl 0.281411169684
szbea SNARC dot CD down 15 num_decimal 0.283591799767
szbea SNARC dot CD up 35 lctrl 0.270744595408
szbea SNARC dot CD down 30 num_decimal 0.287111044851
szbea SNARC dot CD down 20 num_decimal 0.431604122724
szbea SNARC dot CD up 20 lctrl 0.391502716951
szbea SNARC dot CD down 15 num_decimal 0.288654389205
szbea SNARC dot CD down 40 lctrl 0.259007479096
szbea SNARC dot CD down 25 num_decimal 0.389808537809
szbea SNARC dot CD up 20 num_decimal 0.437967530975
szbea SNARC dot CD up 10 lctrl 0.597063936102
szbea SNARC dot CD down 5 num_decimal 0.433090072866
szbea SNARC dot CD down 25 num_decimal 0.370018733611
szbea SNARC dot CD up 25 lctrl 0.434787751655
szbea SNARC dot CD down 30 num_decimal 0.35051135093
szbea SNARC dot CD down 15 num_decimal 0.373052577648
szbea SNARC dot CD down 30 num_decimal 0.359604833853
szbea SNARC dot CD down 45 num_decimal 0.341460563702
szbea SNARC dot CD up 20 num_decimal 0.290087144711
szbea SNARC dot CD up 5 lctrl 0.337223541006
szbea SNARC dot CD up 5 lctrl 0.317478882255
szbea SNARC dot CD down 45 num_decimal 0.434088522173
szbea SNARC dot CD down 5 num_decimal 0.325370236412
szbea SNARC dot CD up 5 lctrl 0.377464232732
szbea SNARC dot CD up 20 lctrl 0.345276228892
szbea SNARC dot CD up 25 lctrl 0.335690695593
szbea SNARC dot CD down 20 num_decimal 0.417343760882
szbea SNARC dot CD down 20 num_decimal 0.303989142695
szbea SNARC dot CD down 15 num_decimal 0.330871331626
szbea SNARC dot CD up 40 lctrl 0.372015632223
szbea SNARC dot CD down 15 num_decimal 0.474258870993
szbea SNARC dot CD up 5 lctrl 0.493008930049
szbea SNARC dot CD down 35 num_decimal 0.320274400327
szbea SNARC dot CD down 5 num_decimal 0.345363020139
szbea SNARC dot CD up 5 lctrl 0.479197572925
szbea SNARC dot CD up 30 lctrl 0.447458923768
szbea SNARC dot CD down 30 num_decimal 0.331979319886
szbea SNARC dot CD up 40 lctrl 0.365108728785
szbea SNARC dot CD down 40 num_decimal 0.317799099961
szbea SNARC dot CD up 45 lctrl 0.308771760368
szbea SNARC dot CD down 10 num_decimal 0.284873020556
szbea SNARC dot CD up 40 lctrl 0.337519261183
szbea SNARC dot CD up 35 num_decimal 0.295933655091
szbea SNARC dot CD up 15 lctrl 0.380869039357
szbea SNARC dot CD up 45 lctrl 0.344663090727
szbea SNARC dot CD up 35 lctrl 0.355726175015
szbea SNARC dot CD up 5 lctrl 0.306984140649
szbea SNARC dot CD up 5 lctrl 0.336564557464
szbea SNARC dot CD down 10 num_decimal 0.461138344198
szbea SNARC dot CD down 30 num_decimal 0.362521439713
szbea SNARC dot CD down 15 num_decimal 0.350878813872
szbea SNARC dot CD down 15 num_decimal 0.372307502788
szbea SNARC dot CD down 10 num_decimal 0.270351935007
szbea SNARC dot CD down 15 num_decimal 0.367055582445
szbea SNARC dot CD down 10 num_decimal 0.635122947851
szbea SNARC dot CD up 15 lctrl 0.455875574948
szbea SNARC dot CD down 5 num_decimal 0.487784306953
szbea SNARC dot CD down 30 num_decimal 0.341082951784
szbea SNARC dot CD down 40 num_decimal 0.356900306604
szbea SNARC dot CD down 30 num_decimal 0.286161940568
szbea SNARC dot CD down 40 num_decimal 0.32051482608
szbea SNARC dot CD down 40 num_decimal 0.42835260064
szbea SNARC dot CD down 30 num_decimal 0.35194585626
szbea SNARC dot CD up 20 lctrl 0.427261060722
szbea SNARC dot CD up 5 lctrl 0.349002653082
szbea SNARC dot CD up 20 lctrl 0.333942971851
szbea SNARC dot CD up 5 lctrl 0.320856741598
szbea SNARC dot CD up 15 lctrl 0.343656592233
szbea SNARC dot CD down 30 lctrl 0.332551162215
szbea SNARC dot CD down 25 num_decimal 0.485026235104
szbea SNARC dot CD down 15 num_decimal 0.484826405257
szbea SNARC dot CD up 40 lctrl 0.478939648936
szbea SNARC dot CD down 35 num_decimal 0.362156776489
szbea SNARC dot CD down 25 num_decimal 0.315280054007
szbea SNARC dot CD down 25 num_decimal 0.366383650209
szbea SNARC dot CD up 40 lctrl 0.446965823497
szbea SNARC dot CD up 20 lctrl 0.327294342366
szbea SNARC dot CD up 40 lctrl 0.353683780991
szbea SNARC dot CD down 40 num_decimal 0.378113767227
szbea SNARC dot CD up 20 lctrl 0.395183995694
szbea SNARC dot CD down 5 num_decimal 0.396902672365
szbea SNARC dot CD up 30 lctrl 0.328881782272
szbea SNARC dot CD down 10 num_decimal 0.29917957774
szbea SNARC dot CD up 25 num_decimal 0.38771224922
szbea SNARC dot CD up 10 lctrl 0.320698207586
szbea SNARC dot CD up 45 lctrl 0.348441309694
szbea SNARC dot CD up 25 lctrl 0.326356086989
szbea SNARC dot CD up 20 lctrl 0.366158272938
szbea SNARC dot CD down 40 num_decimal 0.435608768856
szbea SNARC dot CD up 35 lctrl 0.278798333188
szbea SNARC dot CD up 5 lctrl 0.306714317861
szbea SNARC dot CD down 35 num_decimal 0.331051913415
szbea SNARC dot CD down 40 num_decimal 0.41085751502
szbea SNARC dot CD down 10 num_decimal 0.369170419163
szbea SNARC dot CD up 40 lctrl 0.432705461654
szbea SNARC dot CD down 10 num_decimal 0.469394711543
szbea SNARC dot CD up 30 lctrl 0.386487022784
szbea SNARC dot CD down 25 lctrl 0.307089480026
szbea SNARC dot CD down 25 num_decimal 0.39275349081
szbea SNARC dot CD down 15 num_decimal 0.330277091555
szbea SNARC dot CD down 15 num_decimal 0.381619713652
szbea SNARC dot CD up 45 lctrl 0.443772395554
szbea SNARC dot CD up 45 lctrl 0.341442015573
szbea SNARC dot CD down 25 num_decimal 0.35322637712
szbea SNARC dot CD down 45 num_decimal 0.338276934771
szbea SNARC dot CD down 15 num_decimal 0.360581935312
szbea SNARC dot CD up 45 lctrl 0.495192709815
szbea SNARC dot CD down 40 num_decimal 0.461996807622
szbea SNARC dot CD up 35 lctrl 0.548648068842
szbea SNARC dot CD up 25 lctrl 0.300560888434
szbea SNARC dot CD down 10 num_decimal 0.370297305517
szbea SNARC dot CD up 35 lctrl 0.364041686396
szbea SNARC dot CD up 15 lctrl 0.464509904176
szbea SNARC dot CD up 45 lctrl 0.381176658334
szbea SNARC dot CD up 5 lctrl 0.37741943725
szbea SNARC dot CD up 30 lctrl 0.343703837468
szbea SNARC dot CD down 30 num_decimal 0.439524523952
szbea SNARC dot CD up 15 lctrl 0.291940557795
szbea SNARC dot CD down 30 num_decimal 0.441921082259
szbea SNARC dot CD up 5 lctrl 0.295823066244
szbea SNARC dot CD down 15 num_decimal 0.373648217577
szbea SNARC dot CD down 10 lctrl 0.299104335328
szbea SNARC dot CD up 35 lctrl 0.456927918819
szbea SNARC dot CD up 20 lctrl 0.347613993129
szbea SNARC dot CD up 15 lctrl 0.314923789936
szbea SNARC dot CD up 15 lctrl 0.328894031037
szbea SNARC dot CD down 10 num_decimal 0.444233999001
szbea SNARC dot CD down 40 num_decimal 0.355909556521
szbea SNARC dot CD down 30 num_decimal 0.341665293055
szbea SNARC dot CD down 30 num_decimal 0.419750468165
szbea SNARC dot CD down 20 num_decimal 0.34021923889
szbea SNARC dot CD down 35 num_decimal 0.367536083986
szbea SNARC dot CD up 30 lctrl 0.505484121926
szbea SNARC dot CD down 45 num_decimal 0.394817582647
szbea SNARC dot CD down 35 num_decimal 0.33081288752
szbea SNARC dot CD down 15 num_decimal 0.349023650965
szbea SNARC dot CD up 5 lctrl 0.431765106489
szbea SNARC dot CD down 45 num_decimal 0.344013556233
szbea SNARC dot CD up 5 num_decimal 0.329040666249
szbea SNARC dot CD up 30 num_decimal 0.456055456807
szbea SNARC dot CD up 25 lctrl 0.340251085678
szbea SNARC dot CD up 25 lctrl 0.337316281653
szbea SNARC dot CD down 10 num_decimal 0.437816346221
szbea SNARC dot CD up 35 lctrl 0.455603652372
szbea SNARC dot CD up 40 lctrl 0.325221501412
szbea SNARC dot CD up 20 lctrl 0.332936473357
szbea SNARC dot CD up 10 lctrl 0.336686695147
szbea SNARC dot CD up 5 lctrl 0.333798086463
szbea SNARC dot CD down 35 num_decimal 0.412154134256
szbea SNARC dot CD down 45 num_decimal 0.406849019276
szbea SNARC dot CD up 5 lctrl 0.361271715747
szbea SNARC dot CD up 35 lctrl 0.36888239821
szbea SNARC dot CD up 30 lctrl 0.347736480776
szbea SNARC dot CD down 35 num_decimal 0.422551935637
szbea SNARC dot CD up 35 lctrl 0.335113603793
szbea SNARC dot CD up 10 num_decimal 0.257637017307
szbea SNARC dot CD up 15 lctrl 0.298070189621
szbea SNARC dot CD up 40 lctrl 0.32848527226
szbea SNARC dot CD up 25 lctrl 0.329650304767
szbea SNARC dot CD up 25 lctrl 0.267347488006
szbea SNARC dot CD up 40 lctrl 0.358645930558
szbea SNARC dot CD up 20 lctrl 0.292695431666
szbea SNARC dot CD down 25 num_decimal 0.401436465133
szbea SNARC dot CD up 35 lctrl 0.316171064148
szbea SNARC dot CD down 45 lctrl 0.291011751465
szbea SNARC dot CD down 45 num_decimal 0.429429092076
szbea SNARC dot CD down 35 num_decimal 0.337285134794
szbea SNARC dot CD down 20 num_decimal 0.324233201082
szbea SNARC dot CD up 40 lctrl 0.339875573548
szbea SNARC dot CD up 30 lctrl 0.383203303947
szbea SNARC dot CD up 20 lctrl 0.335050260181
szbea SNARC dot CD down 40 num_decimal 0.421670724507
szbea SNARC dot CD down 40 num_decimal 0.400577651744
szbea SNARC dot CD up 25 lctrl 0.384116361865
szbea SNARC dot CD up 35 lctrl 0.325004523294
szbea SNARC dot CD up 25 lctrl 0.395769836612
szbea SNARC dot CD down 45 num_decimal 0.358368758511
szbea SNARC dot CD up 45 lctrl 0.347658788611
szbea SNARC dot CD down 15 lctrl 0.360077286206
szbea SNARC dot CD down 30 num_decimal 0.443662506636
szbea SNARC dot CD up 15 lctrl 0.42413762572
szbea SNARC dot CD down 30 num_decimal 0.311909193958
szbea SNARC dot CD down 10 lctrl 0.275144351692
szbea SNARC dot CD down 30 num_decimal 0.322132362951
szbea SNARC dot CD down 30 num_decimal 0.330699498956
szbea SNARC dot CD up 35 lctrl 0.494748954568
szbea SNARC dot CD up 35 lctrl 0.378185859956
szbea SNARC dot CD up 15 lctrl 0.36366197469
szbea SNARC dot CD down 45 num_decimal 0.457061605337
szbea SNARC dot CD down 15 lctrl 0.298339662445
szbea SNARC dot CD up 45 lctrl 0.42499503925
szbea SNARC dot CD down 40 lctrl 0.539875153591
szbea SNARC dot CD up 5 lctrl 0.319363792162
szbea SNARC dot CD down 45 num_decimal 0.464536501494
szbea SNARC dot CD down 25 num_decimal 0.342271781891
szbea SNARC dot CD up 10 lctrl 0.526896712467
szbea SNARC dot CD down 5 lctrl 0.410236327666
szbea SNARC dot CD down 20 num_decimal 0.432911590866
szbea SNARC dot CD down 15 num_decimal 0.325208902682
szbea SNARC dot CD down 40 num_decimal 0.334593206275
szbea SNARC dot CD down 5 num_decimal 0.336713292464
szbea SNARC dot CD up 45 lctrl 0.525385214901
szbea SNARC dot CD up 30 lctrl 0.380476028992
szbea SNARC dot CD up 10 lctrl 0.383958527782
szbea SNARC dot CD down 10 num_decimal 0.47412483451
szbea SNARC dot CD down 30 num_decimal 0.430876896065
szbea SNARC dot CD down 35 num_decimal 0.398361675225
szbea SNARC dot CD down 45 num_decimal 0.352211129508
szbea SNARC dot CD down 40 num_decimal 0.353859463273
szbea SNARC dot CD down 40 num_decimal 0.315637018007
szbea SNARC dot CD down 15 num_decimal 0.313878095394
szbea SNARC dot CD down 30 num_decimal 0.333995816522
szbea SNARC dot CD down 15 num_decimal 0.293119588889
szbea SNARC dot CD up 20 lctrl 0.446812188991
szbea SNARC dot CD up 10 lctrl 0.548530480701
szbea SNARC dot CD up 40 lctrl 0.407656737818
szbea SNARC dot CD down 10 num_decimal 0.400841875097
szbea SNARC dot CD up 35 lctrl 0.432050327724
szbea SNARC dot CD down 35 num_decimal 0.44842657618
szbea SNARC dot CD down 40 num_decimal 0.37371611073
szbea SNARC dot CD down 35 num_decimal 0.365232616291
szbea SNARC dot CD down 15 num_decimal 0.337950067736
szbea SNARC dot CD up 15 num_decimal 0.345153391281
szbea SNARC dot CD down 5 num_decimal 0.355872110298
szbea SNARC dot CD down 10 num_decimal 0.360351658535
szbea SNARC dot CD down 30 num_decimal 0.355254422591
szbea SNARC dot CD down 5 num_decimal 0.336616352241
szbea SNARC dot CD down 45 num_decimal 0.483804508315
szbea SNARC dot CD up 30 num_decimal 0.347513553258
szbea SNARC dot CD down 10 num_decimal 0.414529344716
szbea SNARC dot CD up 25 lctrl 0.411027947831
szbea SNARC dot CD down 5 num_decimal 0.422835057084
szbea SNARC dot CD up 20 lctrl 0.314773305112
szbea SNARC dot CD up 20 lctrl 0.357168029604
szbea SNARC dot CD down 40 num_decimal 0.357309065381
szbea SNARC dot CD down 45 num_decimal 0.316526978254
szbea SNARC dot CD down 45 num_decimal 0.315270254995
szbea SNARC dot CD down 20 num_decimal 0.313409492653
szbea SNARC dot CD up 25 lctrl 0.461872570151
szbea SNARC dot CD up 35 lctrl 0.381304395452
szbea SNARC dot CD up 25 lctrl 0.3612979631
szbea SNARC dot CD up 5 lctrl 0.282687840931
szbea SNARC dot CD down 40 num_decimal 0.437150013421
szbea SNARC dot CD down 5 num_decimal 0.330263442932
szbea SNARC dot CD up 10 lctrl 0.38214606057
szbea SNARC dot CD up 35 lctrl 0.415680028669
szbea SNARC dot CD down 10 num_decimal 0.405668238358
szbea SNARC dot CD up 5 lctrl 0.437536024492
szbea SNARC dot CD up 5 lctrl 0.37947338011
szbea SNARC dot CD down 45 num_decimal 0.377328446426
szbea SNARC dot CD down 40 num_decimal 0.344664840551
szbea SNARC dot CD up 5 lctrl 0.287947810463
szbea SNARC dot CD down 30 num_decimal 0.405524402864
szbea SNARC dot CD down 20 num_decimal 0.431075676018
szbea SNARC dot CD down 20 num_decimal 0.377411388061
{'participant': u'szbea', 'notation': u'arabic', 'response_buttons': u'CD', 'range_in_instr': True, 'dateStr': u'04_01_1556', 'autopilot': False, 'exp_id': u'SNARC'}
szbea SNARC arabic CD up 2 lctrl 1.07332460521
szbea SNARC arabic CD down 4 lctrl 0.842298904156
szbea SNARC arabic CD up 4 lctrl 0.470361314061
szbea SNARC arabic CD up 8 lctrl 0.367784208963
szbea SNARC arabic CD down 8 num_decimal 0.547407793924
szbea SNARC arabic CD up 1 num_decimal 0.465766627436
szbea SNARC arabic CD up 7 num_decimal 0.519574750886
szbea SNARC arabic CD up 5 lctrl 0.344189938445
szbea SNARC arabic CD up 9 lctrl 0.339870674043
szbea SNARC arabic CD up 2 lctrl 0.359118732876
szbea SNARC arabic CD up 6 lctrl 0.333700096345
szbea SNARC arabic CD down 6 num_decimal 0.416908754752
szbea SNARC arabic CD up 8 num_decimal 0.53071482741
szbea SNARC arabic CD up 6 lctrl 0.405800175052
szbea SNARC arabic CD up 2 lctrl 0.293899310255
szbea SNARC arabic CD up 1 lctrl 0.339165145195
szbea SNARC arabic CD down 7 num_decimal 0.362812610348
szbea SNARC arabic CD down 4 num_decimal 0.363177273572
szbea SNARC arabic CD up 4 lctrl 0.339795081666
szbea SNARC arabic CD down 9 num_decimal 0.353266973026
szbea SNARC arabic CD up 9 lctrl 0.288736980875
szbea SNARC arabic CD up 6 lctrl 0.305260564472
szbea SNARC arabic CD down 7 num_decimal 0.402987858674
szbea SNARC arabic CD up 3 lctrl 0.278969815894
szbea SNARC arabic CD up 6 lctrl 0.308846652815
szbea SNARC arabic CD down 9 num_decimal 0.392138952787
szbea SNARC arabic CD up 3 lctrl 0.299042391575
szbea SNARC arabic CD up 9 lctrl 0.381410084793
szbea SNARC arabic CD down 7 lctrl 0.318659313208
szbea SNARC arabic CD up 8 lctrl 0.341189341055
szbea SNARC arabic CD down 4 num_decimal 0.397131899248
szbea SNARC arabic CD up 6 lctrl 0.427934742781
szbea SNARC arabic CD down 8 lctrl 0.346960609023
szbea SNARC arabic CD down 7 num_decimal 0.472760322122
szbea SNARC arabic CD down 9 num_decimal 0.326870535107
szbea SNARC arabic CD down 4 num_decimal 0.335597255017
szbea SNARC arabic CD down 1 num_decimal 0.330337285485
szbea SNARC arabic CD down 7 num_decimal 0.329386431378
szbea SNARC arabic CD down 8 num_decimal 0.328102760837
szbea SNARC arabic CD up 6 lctrl 0.524926761136
szbea SNARC arabic CD up 2 lctrl 0.317768653031
szbea SNARC arabic CD up 9 lctrl 0.342253233761
szbea SNARC arabic CD up 3 lctrl 0.353361113532
szbea SNARC arabic CD down 2 num_decimal 0.432313501183
szbea SNARC arabic CD up 7 lctrl 0.449735094216
szbea SNARC arabic CD down 8 num_decimal 0.311854249499
szbea SNARC arabic CD up 6 lctrl 0.268688552759
szbea SNARC arabic CD up 5 lctrl 0.311011184522
szbea SNARC arabic CD up 1 lctrl 0.406528101641
szbea SNARC arabic CD down 5 lctrl 0.294640885467
szbea SNARC arabic CD down 1 num_decimal 0.420430449589
szbea SNARC arabic CD up 7 num_decimal 0.292901910842
szbea SNARC arabic CD down 8 num_decimal 0.611159814533
szbea SNARC arabic CD down 1 num_decimal 0.353310368649
szbea SNARC arabic CD up 7 lctrl 0.416431052928
szbea SNARC arabic CD up 4 lctrl 0.417852609564
szbea SNARC arabic CD up 9 num_decimal 0.622386682303
szbea SNARC arabic CD up 1 lctrl 0.46572603153
szbea SNARC arabic CD down 7 num_decimal 0.552821397962
szbea SNARC arabic CD down 3 num_decimal 0.385596012642
szbea SNARC arabic CD down 5 num_decimal 0.375883442155
szbea SNARC arabic CD down 6 num_decimal 0.431426340654
szbea SNARC arabic CD up 6 num_decimal 0.336777336006
szbea SNARC arabic CD down 4 num_decimal 0.363342456913
szbea SNARC arabic CD down 1 num_decimal 0.326681204201
szbea SNARC arabic CD up 8 lctrl 0.461708436704
szbea SNARC arabic CD down 3 num_decimal 0.445513819931
szbea SNARC arabic CD up 6 lctrl 0.419439349542
szbea SNARC arabic CD down 4 num_decimal 0.339676093666
szbea SNARC arabic CD down 1 num_decimal 0.409359666078
szbea SNARC arabic CD down 5 num_decimal 0.391326684704
szbea SNARC arabic CD down 8 num_decimal 0.512029511824
szbea SNARC arabic CD up 5 lctrl 0.395177696329
szbea SNARC arabic CD up 8 lctrl 0.34142171762
szbea SNARC arabic CD up 5 lctrl 0.348280325929
szbea SNARC arabic CD down 5 num_decimal 0.356621734698
szbea SNARC arabic CD up 3 num_decimal 0.34282577602
szbea SNARC arabic CD down 6 num_decimal 0.309299857109
szbea SNARC arabic CD down 5 num_decimal 0.363383052819
szbea SNARC arabic CD up 4 lctrl 0.443612111719
szbea SNARC arabic CD up 1 lctrl 0.342980460421
szbea SNARC arabic CD down 4 num_decimal 0.336871126547
szbea SNARC arabic CD up 8 lctrl 0.291863215595
szbea SNARC arabic CD down 7 num_decimal 0.309289008204
szbea SNARC arabic CD down 2 lctrl 0.296356062491
szbea SNARC arabic CD up 6 num_decimal 0.355078390344
szbea SNARC arabic CD down 6 num_decimal 0.451801635805
szbea SNARC arabic CD down 2 num_decimal 0.368433043528
szbea SNARC arabic CD down 9 num_decimal 0.558558019424
szbea SNARC arabic CD down 9 num_decimal 0.357457450416
szbea SNARC arabic CD down 5 num_decimal 0.353510198496
szbea SNARC arabic CD up 2 lctrl 0.445008470896
szbea SNARC arabic CD up 1 lctrl 0.40070083932
szbea SNARC arabic CD down 1 num_decimal 0.413204028374
szbea SNARC arabic CD up 2 num_decimal 0.419175476153
szbea SNARC arabic CD up 8 lctrl 0.522919363582
szbea SNARC arabic CD down 3 num_decimal 0.462556401187
szbea SNARC arabic CD up 5 lctrl 0.377895039285
szbea SNARC arabic CD up 2 num_decimal 0.269674053372
szbea SNARC arabic CD up 2 lctrl 0.475085837593
szbea SNARC arabic CD down 8 num_decimal 0.485955391399
szbea SNARC arabic CD up 1 lctrl 0.408027700406
szbea SNARC arabic CD up 6 lctrl 0.343189739315
szbea SNARC arabic CD down 8 num_decimal 0.402043653897
szbea SNARC arabic CD up 9 lctrl 0.290833969394
szbea SNARC arabic CD up 4 lctrl 0.303771464648
szbea SNARC arabic CD down 9 num_decimal 0.429490685864
szbea SNARC arabic CD down 6 lctrl 0.244473794818
szbea SNARC arabic CD up 4 lctrl 0.46804769739
szbea SNARC arabic CD down 6 num_decimal 0.302875205036
szbea SNARC arabic CD down 8 num_decimal 0.427352051546
szbea SNARC arabic CD down 8 num_decimal 0.365812507809
szbea SNARC arabic CD up 8 lctrl 0.299852909834
szbea SNARC arabic CD down 1 lctrl 0.3255805652
szbea SNARC arabic CD down 7 num_decimal 0.486345252081
szbea SNARC arabic CD down 9 num_decimal 0.367369850751
szbea SNARC arabic CD up 9 num_decimal 0.320833293962
szbea SNARC arabic CD down 9 num_decimal 0.35275637452
szbea SNARC arabic CD down 8 num_decimal 0.435261953832
szbea SNARC arabic CD down 8 num_decimal 0.437145813845
szbea SNARC arabic CD up 8 num_decimal 0.356368710216
szbea SNARC arabic CD down 1 num_decimal 0.399649545343
szbea SNARC arabic CD down 3 num_decimal 0.321942332116
szbea SNARC arabic CD down 4 num_decimal 0.360356208076
szbea SNARC arabic CD down 5 num_decimal 0.351949005943
szbea SNARC arabic CD down 4 num_decimal 0.363556285349
szbea SNARC arabic CD up 7 lctrl 0.524518002359
szbea SNARC arabic CD down 4 num_decimal 0.37948527891
szbea SNARC arabic CD down 7 num_decimal 0.426061031745
szbea SNARC arabic CD down 2 num_decimal 0.364494190761
szbea SNARC arabic CD down 2 num_decimal 0.384495023677
szbea SNARC arabic CD down 3 num_decimal 0.31796638309
szbea SNARC arabic CD up 6 lctrl 0.483148674456
szbea SNARC arabic CD up 9 lctrl 0.392329683551
szbea SNARC arabic CD down 2 num_decimal 0.453101754688
szbea SNARC arabic CD up 8 lctrl 0.534495496129
szbea SNARC arabic CD down 4 num_decimal 0.331008167826
szbea SNARC arabic CD down 6 num_decimal 0.362114080795
szbea SNARC arabic CD up 4 lctrl 0.452602705017
szbea SNARC arabic CD up 5 lctrl 0.336456068406
szbea SNARC arabic CD up 1 lctrl 0.387617408784
szbea SNARC arabic CD up 5 lctrl 0.349341418918
szbea SNARC arabic CD up 6 lctrl 0.314095423477
szbea SNARC arabic CD up 9 lctrl 0.313744758841
szbea SNARC arabic CD up 8 lctrl 0.338174395112
szbea SNARC arabic CD up 7 lctrl 0.50668835048
szbea SNARC arabic CD down 7 num_decimal 0.476089886335
szbea SNARC arabic CD up 3 lctrl 0.485677169457
szbea SNARC arabic CD down 1 num_decimal 0.452605504735
szbea SNARC arabic CD down 1 num_decimal 0.397461566001
szbea SNARC arabic CD down 6 num_decimal 0.372122371459
szbea SNARC arabic CD down 8 num_decimal 0.339768834313
szbea SNARC arabic CD down 7 num_decimal 0.381244551487
szbea SNARC arabic CD up 1 lctrl 0.441553619317
szbea SNARC arabic CD down 7 lctrl 0.320445883033
szbea SNARC arabic CD down 7 num_decimal 0.49486584278
szbea SNARC arabic CD down 4 num_decimal 0.858263244152
szbea SNARC arabic CD up 6 lctrl 0.463286777528
szbea SNARC arabic CD up 9 lctrl 0.322731852493
szbea SNARC arabic CD down 5 num_decimal 0.418687975318
szbea SNARC arabic CD down 2 num_decimal 0.353683081061
szbea SNARC arabic CD up 5 lctrl 0.317553074772
szbea SNARC arabic CD up 3 lctrl 0.455238989148
szbea SNARC arabic CD up 7 lctrl 0.438260451433
szbea SNARC arabic CD down 5 num_decimal 0.380682158204
szbea SNARC arabic CD down 5 num_decimal 0.399640446261
szbea SNARC arabic CD up 6 lctrl 0.416000946305
szbea SNARC arabic CD down 9 num_decimal 0.351376113719
szbea SNARC arabic CD up 1 lctrl 0.290883664382
szbea SNARC arabic CD up 7 lctrl 0.378575720639
szbea SNARC arabic CD up 6 lctrl 0.372767356412
szbea SNARC arabic CD down 6 num_decimal 0.392154351234
szbea SNARC arabic CD up 6 num_decimal 0.366835454644
szbea SNARC arabic CD down 2 num_decimal 0.493721808156
szbea SNARC arabic CD down 1 num_decimal 0.889802763391
szbea SNARC arabic CD up 3 lctrl 0.312048479911
szbea SNARC arabic CD up 5 lctrl 0.378745453521
szbea SNARC arabic CD down 3 num_decimal 0.373779104377
szbea SNARC arabic CD up 9 lctrl 0.410087942631
szbea SNARC arabic CD down 3 num_decimal 0.3131095729
szbea SNARC arabic CD up 7 num_decimal 0.450877728981
szbea SNARC arabic CD down 8 num_decimal 0.300024042575
szbea SNARC arabic CD up 2 lctrl 0.300052039752
szbea SNARC arabic CD down 6 num_decimal 0.316708959901
szbea SNARC arabic CD down 5 lctrl 0.28343886519
szbea SNARC arabic CD down 7 num_decimal 0.599221468515
szbea SNARC arabic CD up 3 lctrl 0.469403810626
szbea SNARC arabic CD down 2 num_decimal 0.484624125657
szbea SNARC arabic CD down 9 num_decimal 0.323198705411
szbea SNARC arabic CD up 4 lctrl 0.46005870308
szbea SNARC arabic CD down 7 lctrl 0.372286154941
szbea SNARC arabic CD up 2 lctrl 0.335064958699
szbea SNARC arabic CD down 8 num_decimal 0.363116029748
szbea SNARC arabic CD up 2 lctrl 0.301540089682
szbea SNARC arabic CD up 7 lctrl 0.440603115176
szbea SNARC arabic CD down 4 num_decimal 0.34486782008
szbea SNARC arabic CD down 5 num_decimal 0.465481756165
szbea SNARC arabic CD up 6 lctrl 0.334334232393
szbea SNARC arabic CD up 4 lctrl 0.389451573809
szbea SNARC arabic CD up 1 lctrl 0.392402126246
szbea SNARC arabic CD down 1 num_decimal 0.357580637993
szbea SNARC arabic CD down 4 num_decimal 0.377953833356
szbea SNARC arabic CD up 3 lctrl 0.381539571734
szbea SNARC arabic CD down 7 num_decimal 0.443536519342
szbea SNARC arabic CD down 6 num_decimal 0.314600072583
szbea SNARC arabic CD up 7 lctrl 0.356062141133
szbea SNARC arabic CD up 2 lctrl 0.33499216604
szbea SNARC arabic CD down 8 num_decimal 0.344435963633
szbea SNARC arabic CD up 1 lctrl 0.472633984863
szbea SNARC arabic CD up 9 lctrl 0.283721636673
szbea SNARC arabic CD down 5 num_decimal 0.301817261729
szbea SNARC arabic CD down 6 num_decimal 0.370124772917
szbea SNARC arabic CD down 5 num_decimal 0.347561148458
szbea SNARC arabic CD up 3 lctrl 0.372475135883
szbea SNARC arabic CD up 6 lctrl 0.334316034228
szbea SNARC arabic CD down 3 num_decimal 0.319406487856
szbea SNARC arabic CD up 6 lctrl 0.442026071671
szbea SNARC arabic CD up 8 lctrl 0.373785753707
szbea SNARC arabic CD down 8 num_decimal 0.265190305558
szbea SNARC arabic CD down 1 lctrl 0.255113771776
szbea SNARC arabic CD down 4 num_decimal 0.668635568103
szbea SNARC arabic CD up 8 num_decimal 0.33990392069
szbea SNARC arabic CD up 1 lctrl 0.805089256748
szbea SNARC arabic CD up 2 lctrl 0.345721733963
szbea SNARC arabic CD down 8 num_decimal 0.414377809998
szbea SNARC arabic CD down 2 num_decimal 0.387594311114
szbea SNARC arabic CD up 3 num_decimal 0.382273097758
szbea SNARC arabic CD down 9 num_decimal 0.417612883741
szbea SNARC arabic CD up 8 lctrl 0.357039592557
szbea SNARC arabic CD up 6 num_decimal 0.325030070717
szbea SNARC arabic CD down 2 num_decimal 0.604575928518
szbea SNARC arabic CD down 4 num_decimal 0.517961763556
szbea SNARC arabic CD down 4 num_decimal 0.353719827355
szbea SNARC arabic CD up 8 lctrl 0.430950388653
szbea SNARC arabic CD down 1 num_decimal 0.407873365971
szbea SNARC arabic CD down 9 num_decimal 0.324403283929
szbea SNARC arabic CD down 9 num_decimal 0.31018561778
szbea SNARC arabic CD down 7 num_decimal 0.348961357247
szbea SNARC arabic CD up 8 num_decimal 0.327775893801
szbea SNARC arabic CD up 9 lctrl 0.527798571514
szbea SNARC arabic CD up 9 lctrl 0.367255062327
szbea SNARC arabic CD down 3 num_decimal 0.430669366994
szbea SNARC arabic CD down 5 num_decimal 0.364297510596
szbea SNARC arabic CD up 2 num_decimal 0.327552616319
szbea SNARC arabic CD down 5 num_decimal 0.366760912162
szbea SNARC arabic CD up 3 lctrl 0.517476012544
szbea SNARC arabic CD down 9 num_decimal 0.382693755335
szbea SNARC arabic CD up 7 num_decimal 0.443789543824
szbea SNARC arabic CD down 3 num_decimal 0.369582677587
szbea SNARC arabic CD down 3 num_decimal 0.422261814896
szbea SNARC arabic CD down 7 num_decimal 0.35144680659
szbea SNARC arabic CD up 4 lctrl 0.527950806161
szbea SNARC arabic CD up 3 lctrl 0.778687219394
szbea SNARC arabic CD up 7 lctrl 0.363230468207
szbea SNARC arabic CD up 8 lctrl 0.3260029726
szbea SNARC arabic CD up 1 lctrl 0.335215093558
szbea SNARC arabic CD down 9 num_decimal 0.543085379839
szbea SNARC arabic CD up 8 lctrl 0.43751432668
szbea SNARC arabic CD down 2 num_decimal 0.437066371856
szbea SNARC arabic CD down 6 num_decimal 0.393263039422
szbea SNARC arabic CD up 1 lctrl 0.366981039962
szbea SNARC arabic CD up 8 lctrl 0.401130945944
szbea SNARC arabic CD up 1 lctrl 0.361564286242
szbea SNARC arabic CD down 7 num_decimal 0.414252172668
szbea SNARC arabic CD down 3 num_decimal 0.345355320916
szbea SNARC arabic CD down 1 num_decimal 0.371109223635
szbea SNARC arabic CD down 5 num_decimal 0.395387325188
szbea SNARC arabic CD down 5 num_decimal 0.355838513686
szbea SNARC arabic CD down 9 num_decimal 0.320584819021
szbea SNARC arabic CD down 3 num_decimal 0.330746044261
szbea SNARC arabic CD up 1 num_decimal 0.36781745561
szbea SNARC arabic CD down 6 num_decimal 0.377357143532
szbea SNARC arabic CD up 4 lctrl 0.536510592907
szbea SNARC arabic CD down 2 num_decimal 0.432568625454
szbea SNARC arabic CD down 5 num_decimal 0.333449171651
szbea SNARC arabic CD up 3 lctrl 0.515384273496
szbea SNARC arabic CD up 3 lctrl 0.350921159601
szbea SNARC arabic CD up 9 lctrl 0.376327547367
szbea SNARC arabic CD down 2 num_decimal 0.452399725488
szbea SNARC arabic CD up 5 lctrl 0.505545015785
szbea SNARC arabic CD up 5 lctrl 0.399295731026
szbea SNARC arabic CD up 2 lctrl 0.387580312525
szbea SNARC arabic CD up 2 lctrl 0.405163589252
szbea SNARC arabic CD down 2 num_decimal 0.620149707902
szbea SNARC arabic CD up 1 lctrl 0.418137480835
szbea SNARC arabic CD up 5 lctrl 0.32417580687
szbea SNARC arabic CD up 4 lctrl 0.324104764035
szbea SNARC arabic CD down 3 num_decimal 0.42008468446
szbea SNARC arabic CD up 1 lctrl 0.480039588008
szbea SNARC arabic CD down 6 num_decimal 0.377499579167
szbea SNARC arabic CD up 2 lctrl 0.299971197905
szbea SNARC arabic CD up 4 lctrl 0.326054767377
szbea SNARC arabic CD down 2 num_decimal 0.378017526932
szbea SNARC arabic CD down 8 num_decimal 0.354028846191
szbea SNARC arabic CD down 3 num_decimal 0.347149589964
szbea SNARC arabic CD up 2 lctrl 0.50950976594
szbea SNARC arabic CD down 3 num_decimal 0.404077648769
szbea SNARC arabic CD down 3 num_decimal 0.334804934922
szbea SNARC arabic CD up 3 lctrl 0.304475593636
szbea SNARC arabic CD up 7 lctrl 0.329738145908
szbea SNARC arabic CD down 5 num_decimal 0.282886970849
szbea SNARC arabic CD down 9 num_decimal 0.271864832432
szbea SNARC arabic CD down 9 num_decimal 0.342869871573
szbea SNARC arabic CD up 7 num_decimal 0.307553183261
szbea SNARC arabic CD down 8 num_decimal 0.369325803493
szbea SNARC arabic CD down 4 num_decimal 0.369750660646
szbea SNARC arabic CD down 3 num_decimal 0.337448218347
szbea SNARC arabic CD down 1 num_decimal 0.374504231248
szbea SNARC arabic CD up 5 lctrl 0.391869129998
szbea SNARC arabic CD down 9 num_decimal 0.410194681866
szbea SNARC arabic CD up 4 num_decimal 0.434625368032
szbea SNARC arabic CD down 9 num_decimal 0.3251522084
szbea SNARC arabic CD down 7 num_decimal 0.363689621902
szbea SNARC arabic CD up 7 lctrl 0.283662142673
szbea SNARC arabic CD down 7 num_decimal 0.283234485802
szbea SNARC arabic CD down 1 num_decimal 0.395371576776
szbea SNARC arabic CD up 8 lctrl 0.29830956548
szbea SNARC arabic CD down 3 num_decimal 0.385060566642
szbea SNARC arabic CD up 3 lctrl 0.265392935122
szbea SNARC arabic CD down 3 num_decimal 0.317167413666
szbea SNARC arabic CD up 7 lctrl 0.227185188374
szbea SNARC arabic CD down 4 num_decimal 0.260806297685
szbea SNARC arabic CD down 4 lctrl 0.218966967181
szbea SNARC arabic CD up 6 lctrl 0.652747520413
szbea SNARC arabic CD up 9 lctrl 0.377697659191
szbea SNARC arabic CD down 2 num_decimal 0.39705840666
szbea SNARC arabic CD up 2 num_decimal 0.314376095171
szbea SNARC arabic CD up 9 num_decimal 0.549653517443
szbea SNARC arabic CD down 5 lctrl 0.371509233294
szbea SNARC arabic CD down 1 num_decimal 0.576619697903
szbea SNARC arabic CD up 5 lctrl 0.405693435817
szbea SNARC arabic CD up 3 lctrl 0.340286082149
szbea SNARC arabic CD down 9 num_decimal 0.392315334998
szbea SNARC arabic CD up 2 lctrl 0.649629684846
szbea SNARC arabic CD down 6 num_decimal 0.294784021031
szbea SNARC arabic CD down 1 num_decimal 0.43266871536
szbea SNARC arabic CD up 4 lctrl 0.319771501044
szbea SNARC arabic CD down 2 num_decimal 0.373266756048
szbea SNARC arabic CD down 9 lctrl 0.267486074029
szbea SNARC arabic CD up 4 lctrl 0.48049559202
szbea SNARC arabic CD down 5 num_decimal 0.339829378207
szbea SNARC arabic CD down 6 lctrl 0.319248303809
szbea SNARC arabic CD down 3 num_decimal 0.632256036979
szbea SNARC arabic CD up 5 num_decimal 0.344545502586
szbea SNARC arabic CD down 7 num_decimal 0.398167094848
szbea SNARC arabic CD down 1 num_decimal 0.387387481972
szbea SNARC arabic CD up 4 lctrl 0.380744101957
szbea SNARC arabic CD down 9 num_decimal 0.456898171819
szbea SNARC arabic CD down 2 num_decimal 0.349510451871
szbea SNARC arabic CD up 7 lctrl 0.327506071013
szbea SNARC arabic CD down 2 num_decimal 0.554033325739
szbea SNARC arabic CD down 4 num_decimal 0.334506065063
szbea SNARC arabic CD down 1 num_decimal 0.319116717079
szbea SNARC arabic CD up 4 lctrl 0.47800069363
szbea SNARC arabic CD down 3 num_decimal 0.418453498965
szbea SNARC arabic CD up 5 num_decimal 0.363251816054
szbea SNARC arabic CD up 6 lctrl 0.514331229695
szbea SNARC arabic CD down 5 lctrl 0.368013435845
szbea SNARC arabic CD down 4 num_decimal 0.374735207954
szbea SNARC arabic CD up 5 lctrl 0.425172821321
