{'participant': u'sziluett', 'notation': u'arabic', 'response_buttons': u'DC', 'range_in_instr': True, 'dateStr': u'04_01_1802', 'autopilot': False, 'exp_id': u'SNARC'}
sziluett SNARC arabic DC up 6 num_delete 2.91669893265
sziluett SNARC arabic DC down 8 lctrl 0.686486959457
sziluett SNARC arabic DC up 1 num_delete 0.61479306221
sziluett SNARC arabic DC down 3 lctrl 0.455086946487
sziluett SNARC arabic DC down 4 lctrl 0.423627853394
sziluett SNARC arabic DC down 3 lctrl 0.463742017746
sziluett SNARC arabic DC up 1 num_delete 0.432159900665
sziluett SNARC arabic DC up 3 num_delete 0.532405853271
sziluett SNARC arabic DC up 7 num_delete 0.481416940689
sziluett SNARC arabic DC down 1 lctrl 0.454927921295
sziluett SNARC arabic DC up 4 num_delete 0.500061988831
sziluett SNARC arabic DC up 8 num_delete 0.45700097084
sziluett SNARC arabic DC up 9 num_delete 0.578855037689
sziluett SNARC arabic DC down 9 lctrl 0.545912981033
sziluett SNARC arabic DC down 9 lctrl 0.469349145889
sziluett SNARC arabic DC down 6 lctrl 0.421191215515
sziluett SNARC arabic DC up 5 num_delete 0.729683160782
sziluett SNARC arabic DC down 5 lctrl 0.661644935608
sziluett SNARC arabic DC up 9 num_delete 0.506871938705
sziluett SNARC arabic DC down 8 lctrl 0.502155065536
sziluett SNARC arabic DC down 2 lctrl 0.574074029922
sziluett SNARC arabic DC up 7 num_delete 0.5025639534
sziluett SNARC arabic DC down 3 lctrl 0.421082019806
sziluett SNARC arabic DC up 4 num_delete 0.461266040802
sziluett SNARC arabic DC down 5 lctrl 0.429834842682
sziluett SNARC arabic DC up 8 num_delete 0.470045089722
sziluett SNARC arabic DC up 2 num_delete 0.498620033264
sziluett SNARC arabic DC down 7 lctrl 0.417260885239
sziluett SNARC arabic DC down 7 lctrl 0.380687952042
sziluett SNARC arabic DC down 2 lctrl 0.432512044907
sziluett SNARC arabic DC down 4 lctrl 0.417867898941
sziluett SNARC arabic DC down 5 lctrl 0.41953587532
sziluett SNARC arabic DC down 7 lctrl 0.383060932159
sziluett SNARC arabic DC down 2 lctrl 0.379806995392
sziluett SNARC arabic DC up 6 num_delete 0.39337682724
sziluett SNARC arabic DC down 4 lctrl 0.390321016312
sziluett SNARC arabic DC down 3 lctrl 0.425420999527
sziluett SNARC arabic DC up 1 num_delete 0.503853082657
sziluett SNARC arabic DC up 3 num_delete 0.460829019547
sziluett SNARC arabic DC down 9 lctrl 0.467758178711
sziluett SNARC arabic DC up 9 num_delete 0.419567108154
sziluett SNARC arabic DC up 3 num_delete 0.421499013901
sziluett SNARC arabic DC up 5 num_delete 0.385075092316
sziluett SNARC arabic DC down 1 lctrl 0.381903886795
sziluett SNARC arabic DC up 1 num_delete 0.378838062286
sziluett SNARC arabic DC up 1 num_delete 0.417699098587
sziluett SNARC arabic DC up 6 num_delete 0.44495010376
sziluett SNARC arabic DC up 9 num_delete 0.43017578125
sziluett SNARC arabic DC down 2 lctrl 0.430854082108
sziluett SNARC arabic DC up 4 num_delete 0.417289018631
sziluett SNARC arabic DC down 8 lctrl 0.419207811356
sziluett SNARC arabic DC up 3 num_delete 0.382740974426
sziluett SNARC arabic DC down 5 lctrl 0.41800904274
sziluett SNARC arabic DC down 6 lctrl 0.419804811478
sziluett SNARC arabic DC up 4 num_delete 0.421669006348
sziluett SNARC arabic DC down 7 lctrl 0.538552999496
sziluett SNARC arabic DC up 2 num_delete 0.347167015076
sziluett SNARC arabic DC down 3 lctrl 0.470746994019
sziluett SNARC arabic DC down 8 lctrl 0.767543077469
sziluett SNARC arabic DC down 6 lctrl 2.45085096359
sziluett SNARC arabic DC up 6 num_delete 0.415556192398
sziluett SNARC arabic DC up 9 num_delete 0.379148006439
sziluett SNARC arabic DC up 5 num_delete 0.507688045502
sziluett SNARC arabic DC up 4 num_delete 0.426259040833
sziluett SNARC arabic DC up 4 num_delete 0.41522693634
sziluett SNARC arabic DC up 3 num_delete 0.532151937485
sziluett SNARC arabic DC up 3 num_delete 0.379146814346
sziluett SNARC arabic DC down 5 lctrl 0.545959949493
sziluett SNARC arabic DC down 5 lctrl 0.426651954651
sziluett SNARC arabic DC down 6 lctrl 0.385625839233
sziluett SNARC arabic DC down 5 lctrl 0.267511129379
sziluett SNARC arabic DC down 4 lctrl 0.342620849609
sziluett SNARC arabic DC up 2 num_delete 0.46604514122
sziluett SNARC arabic DC down 8 lctrl 0.417989015579
sziluett SNARC arabic DC up 4 num_delete 0.343235969543
sziluett SNARC arabic DC down 3 lctrl 0.4284760952
sziluett SNARC arabic DC up 1 num_delete 0.430251836777
sziluett SNARC arabic DC down 7 lctrl 0.393780946732
sziluett SNARC arabic DC up 6 num_delete 0.352366924286
sziluett SNARC arabic DC up 2 num_delete 0.420873165131
sziluett SNARC arabic DC up 9 num_delete 0.346068143845
sziluett SNARC arabic DC up 4 num_delete 0.316259145737
sziluett SNARC arabic DC down 7 lctrl 0.456442832947
sziluett SNARC arabic DC up 2 num_delete 0.386668920517
sziluett SNARC arabic DC up 7 num_delete 0.34531211853
sziluett SNARC arabic DC down 7 lctrl 0.39209985733
sziluett SNARC arabic DC down 4 lctrl 0.31226682663
sziluett SNARC arabic DC down 8 lctrl 0.469087839127
sziluett SNARC arabic DC up 3 num_delete 0.382569074631
sziluett SNARC arabic DC up 8 num_delete 0.456145048141
sziluett SNARC arabic DC up 7 num_delete 0.462956190109
sziluett SNARC arabic DC up 3 num_delete 0.431511163712
sziluett SNARC arabic DC up 1 num_delete 0.340193033218
sziluett SNARC arabic DC up 2 num_delete 0.387057065964
sziluett SNARC arabic DC up 6 num_delete 0.307182073593
sziluett SNARC arabic DC up 8 num_delete 0.310757875443
sziluett SNARC arabic DC up 9 num_delete 0.377948999405
sziluett SNARC arabic DC down 2 lctrl 0.429802179337
sziluett SNARC arabic DC down 8 lctrl 0.393275022507
sziluett SNARC arabic DC down 5 lctrl 0.313451051712
sziluett SNARC arabic DC down 2 lctrl 0.240355968475
sziluett SNARC arabic DC up 4 num_delete 0.387146234512
sziluett SNARC arabic DC up 5 num_delete 0.345730066299
sziluett SNARC arabic DC down 3 lctrl 0.967461109161
sziluett SNARC arabic DC up 4 num_delete 0.381179094315
sziluett SNARC arabic DC up 1 num_delete 0.394661903381
sziluett SNARC arabic DC up 9 num_delete 0.391520023346
sziluett SNARC arabic DC down 8 lctrl 0.3884100914
sziluett SNARC arabic DC down 1 lctrl 0.423537015915
sziluett SNARC arabic DC up 4 num_delete 0.502022981644
sziluett SNARC arabic DC down 8 lctrl 0.458920001984
sziluett SNARC arabic DC up 7 lctrl 0.350870132446
sziluett SNARC arabic DC up 2 num_delete 0.419263124466
sziluett SNARC arabic DC up 3 num_delete 0.459465026855
sziluett SNARC arabic DC down 6 lctrl 0.428001880646
sziluett SNARC arabic DC up 7 num_delete 0.391537189484
sziluett SNARC arabic DC down 1 lctrl 0.350103139877
sziluett SNARC arabic DC down 2 lctrl 0.529020786285
sziluett SNARC arabic DC down 7 lctrl 0.354287147522
sziluett SNARC arabic DC down 4 lctrl 0.346130132675
sziluett SNARC arabic DC down 4 lctrl 0.316383838654
sziluett SNARC arabic DC down 9 lctrl 0.379835128784
sziluett SNARC arabic DC up 8 num_delete 0.580348014832
sziluett SNARC arabic DC down 9 lctrl 0.777292013168
sziluett SNARC arabic DC up 1 num_delete 0.467580080032
sziluett SNARC arabic DC up 7 num_delete 0.572736978531
sziluett SNARC arabic DC up 7 num_delete 0.42471408844
sziluett SNARC arabic DC down 1 lctrl 0.64350605011
sziluett SNARC arabic DC up 7 num_delete 0.50540304184
sziluett SNARC arabic DC down 9 lctrl 0.385779857635
sziluett SNARC arabic DC up 8 num_delete 0.420869112015
sziluett SNARC arabic DC up 1 num_delete 0.461043119431
sziluett SNARC arabic DC down 4 lctrl 0.454982995987
sziluett SNARC arabic DC down 3 lctrl 0.384999036789
sziluett SNARC arabic DC up 9 num_delete 0.496817111969
sziluett SNARC arabic DC down 6 lctrl 0.393712997437
sziluett SNARC arabic DC down 8 lctrl 0.352158069611
sziluett SNARC arabic DC down 9 lctrl 0.344021081924
sziluett SNARC arabic DC down 9 lctrl 0.347897052765
sziluett SNARC arabic DC down 2 lctrl 0.394590854645
sziluett SNARC arabic DC up 3 num_delete 0.429655075073
sziluett SNARC arabic DC up 4 num_delete 0.431497097015
sziluett SNARC arabic DC down 4 lctrl 0.33997797966
sziluett SNARC arabic DC down 4 lctrl 0.348489046097
sziluett SNARC arabic DC up 6 num_delete 0.378652095795
sziluett SNARC arabic DC up 7 num_delete 0.392095088959
sziluett SNARC arabic DC up 3 num_delete 0.388974905014
sziluett SNARC arabic DC up 2 num_delete 0.424278020859
sziluett SNARC arabic DC up 3 num_delete 0.426110029221
sziluett SNARC arabic DC down 3 lctrl 0.389617919922
sziluett SNARC arabic DC up 2 num_delete 0.420180082321
sziluett SNARC arabic DC up 5 num_delete 0.345403909683
sziluett SNARC arabic DC down 5 lctrl 0.353950023651
sziluett SNARC arabic DC down 2 lctrl 0.384109973907
sziluett SNARC arabic DC down 3 lctrl 0.342644929886
sziluett SNARC arabic DC down 7 lctrl 0.427656173706
sziluett SNARC arabic DC up 6 num_delete 0.429636955261
sziluett SNARC arabic DC down 9 lctrl 0.418391942978
sziluett SNARC arabic DC down 7 lctrl 0.381884098053
sziluett SNARC arabic DC down 7 lctrl 0.340402126312
sziluett SNARC arabic DC up 7 num_delete 0.38719701767
sziluett SNARC arabic DC up 3 num_delete 0.384042024612
sziluett SNARC arabic DC up 9 num_delete 0.342642068863
sziluett SNARC arabic DC up 4 num_delete 0.312842845917
sziluett SNARC arabic DC up 2 num_delete 0.354658126831
sziluett SNARC arabic DC up 5 num_delete 0.346596002579
sziluett SNARC arabic DC down 9 lctrl 0.355003833771
sziluett SNARC arabic DC up 1 num_delete 0.461820840836
sziluett SNARC arabic DC up 3 num_delete 0.392043113708
sziluett SNARC arabic DC down 6 lctrl 0.384477138519
sziluett SNARC arabic DC down 9 lctrl 0.419526815414
sziluett SNARC arabic DC up 8 num_delete 0.42142701149
sziluett SNARC arabic DC up 6 num_delete 0.42326593399
sziluett SNARC arabic DC up 2 num_delete 0.425190210342
sziluett SNARC arabic DC down 6 lctrl 0.388806819916
sziluett SNARC arabic DC down 6 lctrl 0.423967838287
sziluett SNARC arabic DC down 9 lctrl 0.387485027313
sziluett SNARC arabic DC up 8 num_delete 0.307624101639
sziluett SNARC arabic DC down 7 lctrl 0.349514961243
sziluett SNARC arabic DC down 8 lctrl 0.413503170013
sziluett SNARC arabic DC up 4 num_delete 0.389102935791
sziluett SNARC arabic DC down 1 lctrl 0.564656972885
sziluett SNARC arabic DC up 8 num_delete 0.739823102951
sziluett SNARC arabic DC down 8 lctrl 0.425232172012
sziluett SNARC arabic DC up 1 num_delete 0.350383996964
sziluett SNARC arabic DC down 3 lctrl 0.418837785721
sziluett SNARC arabic DC up 2 num_delete 0.382380962372
sziluett SNARC arabic DC down 9 lctrl 0.379209041595
sziluett SNARC arabic DC up 5 num_delete 0.392684936523
sziluett SNARC arabic DC up 5 num_delete 0.38961482048
sziluett SNARC arabic DC down 4 lctrl 0.38645195961
sziluett SNARC arabic DC down 6 lctrl 0.344967842102
sziluett SNARC arabic DC up 8 num_delete 0.391878128052
sziluett SNARC arabic DC up 1 num_delete 0.400980949402
sziluett SNARC arabic DC up 2 num_delete 0.496243000031
sziluett SNARC arabic DC up 1 num_delete 0.469942808151
sziluett SNARC arabic DC down 6 lctrl 0.408777952194
sziluett SNARC arabic DC up 3 num_delete 0.542147159576
sziluett SNARC arabic DC down 4 lctrl 0.350767850876
sziluett SNARC arabic DC up 6 num_delete 0.419280052185
sziluett SNARC arabic DC up 7 num_delete 0.459452152252
sziluett SNARC arabic DC down 4 lctrl 0.466464042664
sziluett SNARC arabic DC up 5 num_delete 0.418240070343
sziluett SNARC arabic DC up 7 num_delete 0.38174700737
sziluett SNARC arabic DC up 1 num_delete 0.378595113754
sziluett SNARC arabic DC down 1 lctrl 0.39218211174
sziluett SNARC arabic DC up 3 num_delete 0.384418964386
sziluett SNARC arabic DC up 9 num_delete 0.381262779236
sziluett SNARC arabic DC down 6 lctrl 0.394867181778
sziluett SNARC arabic DC up 1 num_delete 0.583301782608
sziluett SNARC arabic DC up 5 lctrl 0.41882610321
sziluett SNARC arabic DC down 2 lctrl 0.458762168884
sziluett SNARC arabic DC down 3 lctrl 0.695590019226
sziluett SNARC arabic DC up 4 num_delete 0.584152936935
sziluett SNARC arabic DC down 9 lctrl 0.419476032257
sziluett SNARC arabic DC down 6 num_delete 0.382994890213
sziluett SNARC arabic DC down 6 lctrl 0.494866847992
sziluett SNARC arabic DC down 6 lctrl 0.430109977722
sziluett SNARC arabic DC up 9 num_delete 0.431988954544
sziluett SNARC arabic DC down 7 lctrl 0.834303855896
sziluett SNARC arabic DC down 1 lctrl 0.496216058731
sziluett SNARC arabic DC up 8 num_delete 0.431365013123
sziluett SNARC arabic DC up 6 num_delete 0.471534013748
sziluett SNARC arabic DC down 6 lctrl 0.615092992783
sziluett SNARC arabic DC up 7 num_delete 0.412407159805
sziluett SNARC arabic DC down 5 lctrl 0.43107509613
sziluett SNARC arabic DC up 1 num_delete 0.35613489151
sziluett SNARC arabic DC down 3 lctrl 0.348037958145
sziluett SNARC arabic DC up 5 num_delete 0.433217048645
sziluett SNARC arabic DC down 6 lctrl 0.341713905334
sziluett SNARC arabic DC down 4 lctrl 0.503529787064
sziluett SNARC arabic DC down 2 lctrl 0.422093868256
sziluett SNARC arabic DC down 8 lctrl 0.462275981903
sziluett SNARC arabic DC down 5 lctrl 0.584077119827
sziluett SNARC arabic DC down 3 lctrl 0.419341087341
sziluett SNARC arabic DC down 4 lctrl 0.344477176666
sziluett SNARC arabic DC up 4 num_delete 0.391227960587
sziluett SNARC arabic DC down 1 lctrl 0.464818000793
sziluett SNARC arabic DC up 6 num_delete 0.416651964188
sziluett SNARC arabic DC down 6 lctrl 0.456898927689
sziluett SNARC arabic DC up 8 num_delete 0.348719120026
sziluett SNARC arabic DC down 1 lctrl 0.374344110489
sziluett SNARC arabic DC up 7 num_delete 0.426180839539
sziluett SNARC arabic DC down 1 lctrl 0.351447105408
sziluett SNARC arabic DC down 2 num_delete 0.343259096146
sziluett SNARC arabic DC up 9 num_delete 0.351773023605
sziluett SNARC arabic DC down 6 lctrl 0.420466899872
sziluett SNARC arabic DC down 7 lctrl 0.460583925247
sziluett SNARC arabic DC up 3 num_delete 0.467375993729
sziluett SNARC arabic DC down 9 lctrl 0.419323205948
sziluett SNARC arabic DC down 3 lctrl 0.804461956024
sziluett SNARC arabic DC up 9 num_delete 1.18961286545
sziluett SNARC arabic DC down 9 lctrl 0.501791000366
sziluett SNARC arabic DC down 9 lctrl 0.420341968536
sziluett SNARC arabic DC up 5 num_delete 0.383840799332
sziluett SNARC arabic DC down 9 lctrl 0.380856990814
sziluett SNARC arabic DC down 8 lctrl 0.509277105331
sziluett SNARC arabic DC down 8 lctrl 0.384932041168
sziluett SNARC arabic DC down 8 lctrl 0.420137882233
sziluett SNARC arabic DC down 4 lctrl 0.498686790466
sziluett SNARC arabic DC down 4 lctrl 0.34051990509
sziluett SNARC arabic DC down 5 lctrl 0.387381076813
sziluett SNARC arabic DC up 5 num_delete 0.499135971069
sziluett SNARC arabic DC down 6 lctrl 0.417706012726
sziluett SNARC arabic DC up 3 num_delete 0.534659862518
sziluett SNARC arabic DC up 2 num_delete 0.496515035629
sziluett SNARC arabic DC down 1 lctrl 0.393385887146
sziluett SNARC arabic DC up 1 lctrl 0.423972129822
sziluett SNARC arabic DC down 6 lctrl 0.349129199982
sziluett SNARC arabic DC down 7 lctrl 0.566316127777
sziluett SNARC arabic DC down 4 lctrl 0.494874954224
sziluett SNARC arabic DC up 4 num_delete 0.430091142654
sziluett SNARC arabic DC up 2 num_delete 0.533899068832
sziluett SNARC arabic DC up 7 num_delete 0.457661151886
sziluett SNARC arabic DC down 8 lctrl 0.464376926422
sziluett SNARC arabic DC up 2 num_delete 0.496552944183
sziluett SNARC arabic DC down 9 lctrl 0.39345407486
sziluett SNARC arabic DC up 2 num_delete 0.352046966553
sziluett SNARC arabic DC down 5 lctrl 0.458853006363
sziluett SNARC arabic DC down 8 lctrl 0.810657978058
sziluett SNARC arabic DC up 9 num_delete 0.390919923782
sziluett SNARC arabic DC down 1 lctrl 0.451439857483
sziluett SNARC arabic DC down 1 lctrl 0.573343038559
sziluett SNARC arabic DC up 7 num_delete 0.310173034668
sziluett SNARC arabic DC up 4 num_delete 0.428681135178
sziluett SNARC arabic DC up 2 num_delete 0.430580854416
sziluett SNARC arabic DC up 5 num_delete 0.355848073959
sziluett SNARC arabic DC up 3 num_delete 0.309361934662
sziluett SNARC arabic DC up 5 num_delete 0.504496097565
sziluett SNARC arabic DC down 1 lctrl 0.384803056717
sziluett SNARC arabic DC up 6 num_delete 0.611541032791
sziluett SNARC arabic DC down 5 lctrl 0.50691986084
sziluett SNARC arabic DC up 6 num_delete 0.425366163254
sziluett SNARC arabic DC down 8 lctrl 0.427237987518
sziluett SNARC arabic DC up 2 num_delete 0.424491167068
sziluett SNARC arabic DC up 7 num_delete 0.426321983337
sziluett SNARC arabic DC up 1 num_delete 0.389929056168
sziluett SNARC arabic DC down 8 lctrl 0.501787900925
sziluett SNARC arabic DC down 3 lctrl 0.535197019577
sziluett SNARC arabic DC up 6 num_delete 0.573731184006
sziluett SNARC arabic DC up 6 num_delete 0.425749063492
sziluett SNARC arabic DC up 2 num_delete 0.350924968719
sziluett SNARC arabic DC up 6 num_delete 0.342882156372
sziluett SNARC arabic DC up 9 num_delete 0.389736175537
sziluett SNARC arabic DC down 2 lctrl 0.424983978271
sziluett SNARC arabic DC down 5 lctrl 0.465175867081
sziluett SNARC arabic DC down 4 lctrl 0.570320129395
sziluett SNARC arabic DC down 1 lctrl 0.422241210938
sziluett SNARC arabic DC up 5 num_delete 0.385744094849
sziluett SNARC arabic DC up 5 num_delete 0.459323883057
sziluett SNARC arabic DC up 7 num_delete 0.466159105301
sziluett SNARC arabic DC up 5 num_delete 0.417996883392
sziluett SNARC arabic DC down 5 num_delete 0.343247175217
sziluett SNARC arabic DC down 1 lctrl 0.543390989304
sziluett SNARC arabic DC up 8 num_delete 0.428627967834
sziluett SNARC arabic DC up 1 num_delete 0.392222881317
sziluett SNARC arabic DC down 8 lctrl 0.427383184433
sziluett SNARC arabic DC up 3 num_delete 0.467593193054
sziluett SNARC arabic DC down 3 lctrl 0.381201028824
sziluett SNARC arabic DC up 5 num_delete 0.466684103012
sziluett SNARC arabic DC down 3 lctrl 0.418576955795
sziluett SNARC arabic DC down 4 lctrl 0.49253988266
sziluett SNARC arabic DC up 7 num_delete 0.389386892319
sziluett SNARC arabic DC down 9 lctrl 0.386192083359
sziluett SNARC arabic DC down 6 lctrl 0.45968413353
sziluett SNARC arabic DC down 8 lctrl 0.389894962311
sziluett SNARC arabic DC up 2 num_delete 0.501683950424
sziluett SNARC arabic DC up 7 num_delete 0.458663225174
sziluett SNARC arabic DC down 9 lctrl 0.465458869934
sziluett SNARC arabic DC up 4 num_delete 0.417289018631
sziluett SNARC arabic DC up 9 num_delete 0.380855083466
sziluett SNARC arabic DC down 8 lctrl 0.394364833832
sziluett SNARC arabic DC down 7 lctrl 0.544505119324
sziluett SNARC arabic DC down 5 lctrl 0.468086004257
sziluett SNARC arabic DC up 5 num_delete 0.496556043625
sziluett SNARC arabic DC down 3 lctrl 0.968333005905
sziluett SNARC arabic DC up 2 num_delete 0.420497894287
sziluett SNARC arabic DC down 1 lctrl 0.383985042572
sziluett SNARC arabic DC down 8 lctrl 0.610812902451
sziluett SNARC arabic DC up 7 num_delete 0.352720975876
sziluett SNARC arabic DC down 8 lctrl 0.523262023926
sziluett SNARC arabic DC down 5 lctrl 0.53559422493
sziluett SNARC arabic DC down 8 lctrl 0.416211128235
sziluett SNARC arabic DC up 2 num_delete 0.341401100159
sziluett SNARC arabic DC up 3 num_delete 0.426581144333
sziluett SNARC arabic DC up 7 num_delete 0.453930854797
sziluett SNARC arabic DC up 9 num_delete 0.422448158264
sziluett SNARC arabic DC up 5 num_delete 0.449656963348
sziluett SNARC arabic DC down 1 num_delete 0.341627120972
sziluett SNARC arabic DC down 4 lctrl 0.503482103348
sziluett SNARC arabic DC up 1 num_delete 0.421993970871
sziluett SNARC arabic DC up 2 num_delete 0.48751783371
sziluett SNARC arabic DC down 7 lctrl 0.461162090302
sziluett SNARC arabic DC up 5 num_delete 0.3913230896
sziluett SNARC arabic DC up 2 num_delete 0.464906930923
sziluett SNARC arabic DC up 2 num_delete 0.416769981384
sziluett SNARC arabic DC down 8 lctrl 0.495388031006
sziluett SNARC arabic DC up 2 num_delete 0.315479040146
sziluett SNARC arabic DC up 9 num_delete 0.417371988297
sziluett SNARC arabic DC up 6 num_delete 0.380836963654
{'participant': u'sziluett', 'notation': u'dot', 'response_buttons': u'DC', 'range_in_instr': True, 'dateStr': u'04_01_1811', 'autopilot': False, 'exp_id': u'SNARC'}
sziluett SNARC dot DC down 15 lctrl 0.904461145401
sziluett SNARC dot DC up 5 num_delete 0.676373004913
sziluett SNARC dot DC up 30 num_delete 0.718259096146
sziluett SNARC dot DC down 25 lctrl 0.441891908646
sziluett SNARC dot DC down 10 lctrl 0.465427160263
sziluett SNARC dot DC up 20 num_delete 0.339099884033
sziluett SNARC dot DC up 10 num_delete 0.540674209595
sziluett SNARC dot DC up 40 num_delete 0.447540044785
sziluett SNARC dot DC up 35 num_delete 0.377748012543
sziluett SNARC dot DC up 35 num_delete 0.412938117981
sziluett SNARC dot DC up 5 num_delete 0.316526889801
sziluett SNARC dot DC up 15 num_delete 0.378545045853
sziluett SNARC dot DC down 10 lctrl 0.355158090591
sziluett SNARC dot DC up 35 num_delete 0.330276966095
sziluett SNARC dot DC up 40 num_delete 0.375602006912
sziluett SNARC dot DC down 20 lctrl 0.450604915619
sziluett SNARC dot DC up 20 num_delete 0.302639007568
sziluett SNARC dot DC up 40 num_delete 0.329278945923
sziluett SNARC dot DC up 5 num_delete 0.354439020157
sziluett SNARC dot DC down 30 lctrl 0.482882022858
sziluett SNARC dot DC down 5 num_delete 0.494709968567
sziluett SNARC dot DC up 20 num_delete 0.336621999741
sziluett SNARC dot DC down 5 lctrl 0.421788930893
sziluett SNARC dot DC down 15 lctrl 0.345459938049
sziluett SNARC dot DC down 20 lctrl 0.377077102661
sziluett SNARC dot DC up 45 num_delete 0.487354040146
sziluett SNARC dot DC up 5 num_delete 0.385744810104
sziluett SNARC dot DC up 20 num_delete 0.381175994873
sziluett SNARC dot DC up 40 num_delete 0.362828969955
sziluett SNARC dot DC down 25 lctrl 0.376345872879
sziluett SNARC dot DC up 35 num_delete 0.373146057129
sziluett SNARC dot DC up 35 num_delete 0.408390045166
sziluett SNARC dot DC down 30 lctrl 0.371976852417
sziluett SNARC dot DC up 15 num_delete 0.422347068787
sziluett SNARC dot DC down 25 lctrl 0.408921003342
sziluett SNARC dot DC down 40 lctrl 0.410804033279
sziluett SNARC dot DC up 5 num_delete 0.390974998474
sziluett SNARC dot DC down 20 lctrl 0.424715042114
sziluett SNARC dot DC up 5 num_delete 0.351366996765
sziluett SNARC dot DC down 5 lctrl 0.381552934647
sziluett SNARC dot DC down 25 lctrl 0.399962186813
sziluett SNARC dot DC up 25 num_delete 0.401817798615
sziluett SNARC dot DC down 30 lctrl 0.32702589035
sziluett SNARC dot DC down 25 lctrl 0.412160158157
sziluett SNARC dot DC up 30 num_delete 0.337341070175
sziluett SNARC dot DC up 15 num_delete 0.574367046356
sziluett SNARC dot DC down 15 lctrl 0.38801908493
sziluett SNARC dot DC down 45 lctrl 0.406450986862
sziluett SNARC dot DC down 10 lctrl 0.426401853561
sziluett SNARC dot DC down 25 lctrl 0.411535978317
sziluett SNARC dot DC up 45 num_delete 0.335259914398
sziluett SNARC dot DC up 30 num_delete 0.353890895844
sziluett SNARC dot DC down 30 lctrl 0.354387998581
sziluett SNARC dot DC up 15 num_delete 0.42143702507
sziluett SNARC dot DC down 40 lctrl 0.407986879349
sziluett SNARC dot DC down 20 lctrl 0.540025949478
sziluett SNARC dot DC down 10 lctrl 0.465044975281
sziluett SNARC dot DC up 10 num_delete 0.455147981644
sziluett SNARC dot DC down 15 lctrl 0.652134180069
sziluett SNARC dot DC down 45 lctrl 0.476110935211
sziluett SNARC dot DC up 40 num_delete 0.449589967728
sziluett SNARC dot DC down 5 lctrl 0.342980146408
sziluett SNARC dot DC up 35 num_delete 0.449669122696
sziluett SNARC dot DC down 45 lctrl 0.246808052063
sziluett SNARC dot DC up 15 num_delete 0.530205011368
sziluett SNARC dot DC down 25 lctrl 0.400166034698
sziluett SNARC dot DC up 35 num_delete 0.4402821064
sziluett SNARC dot DC up 25 num_delete 0.395847082138
sziluett SNARC dot DC up 45 num_delete 0.412857055664
sziluett SNARC dot DC up 45 num_delete 0.414683103561
sziluett SNARC dot DC down 20 lctrl 0.493209123611
sziluett SNARC dot DC up 20 num_delete 0.413171052933
sziluett SNARC dot DC up 30 num_delete 0.415009975433
sziluett SNARC dot DC down 30 lctrl 0.400096893311
sziluett SNARC dot DC up 15 num_delete 0.417181968689
sziluett SNARC dot DC up 40 num_delete 0.365462064743
sziluett SNARC dot DC down 15 lctrl 0.37758898735
sziluett SNARC dot DC down 25 lctrl 0.490792036057
sziluett SNARC dot DC up 40 num_delete 0.370985984802
sziluett SNARC dot DC up 35 num_delete 0.354794025421
sziluett SNARC dot DC up 45 num_delete 0.366930961609
sziluett SNARC dot DC down 10 lctrl 0.496958017349
sziluett SNARC dot DC down 5 lctrl 0.432084083557
sziluett SNARC dot DC down 30 lctrl 0.3238530159
sziluett SNARC dot DC up 15 num_delete 0.385918140411
sziluett SNARC dot DC down 40 lctrl 0.520791053772
sziluett SNARC dot DC down 25 lctrl 0.367608070374
sziluett SNARC dot DC up 35 num_delete 0.364456892014
sziluett SNARC dot DC up 25 num_delete 0.454622030258
sziluett SNARC dot DC down 40 lctrl 0.789751052856
sziluett SNARC dot DC up 40 num_delete 0.600040912628
sziluett SNARC dot DC down 45 lctrl 0.323831796646
sziluett SNARC dot DC up 5 num_delete 0.3121778965
sziluett SNARC dot DC up 35 num_delete 0.528928995132
sziluett SNARC dot DC up 40 num_delete 0.412746906281
sziluett SNARC dot DC up 20 num_delete 0.416120052338
sziluett SNARC dot DC down 10 lctrl 0.379637002945
sziluett SNARC dot DC up 20 num_delete 0.414775133133
sziluett SNARC dot DC down 30 lctrl 0.438309907913
sziluett SNARC dot DC up 35 num_delete 0.593836069107
sziluett SNARC dot DC down 35 lctrl 0.374094009399
sziluett SNARC dot DC up 20 num_delete 0.347798109055
sziluett SNARC dot DC down 5 lctrl 0.302799940109
sziluett SNARC dot DC down 20 lctrl 0.419795036316
sziluett SNARC dot DC down 45 lctrl 0.366615056992
sziluett SNARC dot DC up 25 num_delete 0.32653093338
sziluett SNARC dot DC up 5 num_delete 0.428529024124
sziluett SNARC dot DC down 35 lctrl 0.566905021667
sziluett SNARC dot DC up 10 num_delete 0.495446920395
sziluett SNARC dot DC up 10 num_delete 0.430624008179
sziluett SNARC dot DC down 5 lctrl 0.317533016205
sziluett SNARC dot DC up 15 num_delete 0.341244935989
sziluett SNARC dot DC down 30 lctrl 0.334479808807
sziluett SNARC dot DC down 45 lctrl 0.478188991547
sziluett SNARC dot DC down 20 lctrl 0.371890068054
sziluett SNARC dot DC down 10 lctrl 0.423671960831
sziluett SNARC dot DC up 35 num_delete 0.408764839172
sziluett SNARC dot DC up 30 num_delete 0.410627841949
sziluett SNARC dot DC up 20 num_delete 0.412472963333
sziluett SNARC dot DC down 45 lctrl 0.523301839828
sziluett SNARC dot DC up 10 num_delete 0.422077894211
sziluett SNARC dot DC down 25 lctrl 0.483896017075
sziluett SNARC dot DC up 5 num_delete 0.380748987198
sziluett SNARC dot DC down 35 lctrl 0.454236030579
sziluett SNARC dot DC down 30 lctrl 0.406033992767
sziluett SNARC dot DC down 20 lctrl 1.03631901741
sziluett SNARC dot DC up 35 num_delete 0.521378040314
sziluett SNARC dot DC up 30 num_delete 0.444897174835
sziluett SNARC dot DC up 5 num_delete 0.391844034195
sziluett SNARC dot DC down 30 lctrl 0.372014045715
sziluett SNARC dot DC down 20 lctrl 0.422359228134
sziluett SNARC dot DC down 30 lctrl 0.447343111038
sziluett SNARC dot DC down 40 lctrl 0.452611923218
sziluett SNARC dot DC up 30 num_delete 0.444214820862
sziluett SNARC dot DC up 30 num_delete 0.336126089096
sziluett SNARC dot DC down 45 lctrl 0.403178930283
sziluett SNARC dot DC down 30 lctrl 0.368113040924
sziluett SNARC dot DC up 10 num_delete 0.419862031937
sziluett SNARC dot DC down 40 lctrl 0.405044078827
sziluett SNARC dot DC down 20 lctrl 0.383790016174
sziluett SNARC dot DC down 15 lctrl 0.342246055603
sziluett SNARC dot DC down 45 lctrl 0.372242927551
sziluett SNARC dot DC down 40 lctrl 0.40886092186
sziluett SNARC dot DC up 35 num_delete 0.372354984283
sziluett SNARC dot DC down 30 lctrl 0.407488822937
sziluett SNARC dot DC down 5 lctrl 0.464339017868
sziluett SNARC dot DC down 15 lctrl 0.508017063141
sziluett SNARC dot DC up 5 num_delete 0.35125207901
sziluett SNARC dot DC down 35 lctrl 0.288105964661
sziluett SNARC dot DC down 25 lctrl 0.329907894135
sziluett SNARC dot DC up 25 num_delete 0.402057886124
sziluett SNARC dot DC up 35 lctrl 0.327183008194
sziluett SNARC dot DC down 5 lctrl 0.347798109055
sziluett SNARC dot DC down 10 lctrl 0.394608974457
sziluett SNARC dot DC down 30 num_delete 0.527958154678
sziluett SNARC dot DC up 25 num_delete 0.336553096771
sziluett SNARC dot DC up 35 num_delete 0.635023832321
sziluett SNARC dot DC up 15 num_delete 0.572141885757
sziluett SNARC dot DC up 10 num_delete 0.387223958969
sziluett SNARC dot DC down 25 lctrl 0.444017887115
sziluett SNARC dot DC up 45 num_delete 0.589638948441
sziluett SNARC dot DC down 40 lctrl 0.371385097504
sziluett SNARC dot DC down 5 lctrl 0.614835977554
sziluett SNARC dot DC down 35 lctrl 0.32346701622
sziluett SNARC dot DC down 10 lctrl 0.578451871872
sziluett SNARC dot DC up 20 num_delete 0.375263929367
sziluett SNARC dot DC down 20 lctrl 0.349132061005
sziluett SNARC dot DC down 45 lctrl 0.477382898331
sziluett SNARC dot DC down 45 lctrl 0.41255402565
sziluett SNARC dot DC down 15 lctrl 0.546015977859
sziluett SNARC dot DC down 35 lctrl 0.492619991302
sziluett SNARC dot DC down 30 lctrl 0.334516048431
sziluett SNARC dot DC down 20 lctrl 0.418188095093
sziluett SNARC dot DC down 25 lctrl 0.328099966049
sziluett SNARC dot DC down 45 lctrl 0.373378992081
sziluett SNARC dot DC up 35 num_delete 0.486587047577
sziluett SNARC dot DC down 10 lctrl 0.383516073227
sziluett SNARC dot DC down 40 lctrl 0.40189909935
sziluett SNARC dot DC down 45 lctrl 0.363924026489
sziluett SNARC dot DC down 40 lctrl 0.36221909523
sziluett SNARC dot DC up 15 num_delete 0.659242868423
sziluett SNARC dot DC down 40 lctrl 0.641126155853
sziluett SNARC dot DC down 25 lctrl 0.679356813431
sziluett SNARC dot DC up 40 num_delete 1.17973303795
sziluett SNARC dot DC up 30 num_delete 1.58809614182
sziluett SNARC dot DC down 40 lctrl 0.407169103622
sziluett SNARC dot DC up 15 num_delete 0.457928180695
sziluett SNARC dot DC up 15 num_delete 0.41345500946
sziluett SNARC dot DC up 45 num_delete 0.385581970215
sziluett SNARC dot DC up 5 num_delete 0.307219982147
sziluett SNARC dot DC down 25 lctrl 0.524026870728
sziluett SNARC dot DC down 15 lctrl 0.386121988297
sziluett SNARC dot DC up 20 num_delete 0.421217918396
sziluett SNARC dot DC up 35 num_delete 0.331168889999
sziluett SNARC dot DC up 20 num_delete 0.377991914749
sziluett SNARC dot DC up 25 num_delete 0.374868154526
sziluett SNARC dot DC up 5 num_delete 0.41406083107
sziluett SNARC dot DC up 10 lctrl 0.547255039215
sziluett SNARC dot DC up 5 num_delete 0.432418107986
sziluett SNARC dot DC up 15 num_delete 0.416188955307
sziluett SNARC dot DC up 45 num_delete 0.363064050674
sziluett SNARC dot DC up 35 num_delete 0.339610815048
sziluett SNARC dot DC up 25 num_delete 0.318526983261
sziluett SNARC dot DC down 40 lctrl 0.480328083038
sziluett SNARC dot DC down 20 lctrl 1.10539388657
sziluett SNARC dot DC down 15 lctrl 0.346004962921
sziluett SNARC dot DC up 10 num_delete 0.432601928711
sziluett SNARC dot DC up 10 num_delete 0.379516124725
sziluett SNARC dot DC down 5 lctrl 0.388409852982
sziluett SNARC dot DC down 25 lctrl 0.368590116501
sziluett SNARC dot DC up 30 num_delete 0.441995859146
sziluett SNARC dot DC down 20 lctrl 0.387382984161
sziluett SNARC dot DC down 30 lctrl 0.369009971619
sziluett SNARC dot DC up 30 num_delete 0.365853071213
sziluett SNARC dot DC down 15 lctrl 0.339578866959
sziluett SNARC dot DC down 25 lctrl 0.371114969254
sziluett SNARC dot DC down 30 lctrl 0.367914199829
sziluett SNARC dot DC up 5 num_delete 0.445020198822
sziluett SNARC dot DC down 30 lctrl 0.413461923599
sziluett SNARC dot DC down 35 lctrl 0.415254116058
sziluett SNARC dot DC up 5 num_delete 0.417127132416
sziluett SNARC dot DC down 45 lctrl 0.362421989441
sziluett SNARC dot DC up 45 num_delete 0.337550163269
sziluett SNARC dot DC down 45 lctrl 0.40601682663
sziluett SNARC dot DC up 35 num_delete 0.447549819946
sziluett SNARC dot DC up 5 num_delete 0.586130142212
sziluett SNARC dot DC up 45 num_delete 0.901460170746
sziluett SNARC dot DC down 5 lctrl 0.383290052414
sziluett SNARC dot DC down 5 lctrl 0.494986057281
sziluett SNARC dot DC up 5 num_delete 0.387269020081
sziluett SNARC dot DC up 45 num_delete 0.404285907745
sziluett SNARC dot DC down 25 lctrl 0.403016090393
sziluett SNARC dot DC down 40 lctrl 0.476870059967
sziluett SNARC dot DC down 45 lctrl 0.487186193466
sziluett SNARC dot DC down 10 lctrl 0.423849105835
sziluett SNARC dot DC up 25 num_delete 1.0222029686
sziluett SNARC dot DC up 20 num_delete 0.307917118073
sziluett SNARC dot DC down 45 lctrl 0.294623851776
sziluett SNARC dot DC up 5 num_delete 0.277918815613
sziluett SNARC dot DC down 45 lctrl 0.258180141449
sziluett SNARC dot DC down 15 num_delete 0.273357152939
sziluett SNARC dot DC up 25 num_delete 0.448395967484
sziluett SNARC dot DC down 10 lctrl 0.378443956375
sziluett SNARC dot DC down 30 lctrl 0.451843976974
sziluett SNARC dot DC down 15 lctrl 0.414383172989
sziluett SNARC dot DC down 5 lctrl 0.379296064377
sziluett SNARC dot DC up 20 num_delete 0.376009941101
sziluett SNARC dot DC up 15 num_delete 0.349762916565
sziluett SNARC dot DC down 40 lctrl 0.441311836243
sziluett SNARC dot DC up 20 num_delete 0.373741149902
sziluett SNARC dot DC down 45 lctrl 0.370573043823
sziluett SNARC dot DC down 15 lctrl 0.385408878326
sziluett SNARC dot DC up 25 num_delete 0.365567207336
sziluett SNARC dot DC down 45 lctrl 0.360906124115
sziluett SNARC dot DC up 10 num_delete 0.392544031143
sziluett SNARC dot DC up 10 num_delete 0.427752017975
sziluett SNARC dot DC down 35 lctrl 0.489543914795
sziluett SNARC dot DC up 5 num_delete 0.309836864471
sziluett SNARC dot DC up 10 num_delete 0.428234100342
sziluett SNARC dot DC up 30 lctrl 0.298485040665
sziluett SNARC dot DC down 30 lctrl 0.361902952194
sziluett SNARC dot DC down 30 lctrl 0.337035894394
sziluett SNARC dot DC up 5 num_delete 0.422158956528
sziluett SNARC dot DC down 25 lctrl 0.470970153809
sziluett SNARC dot DC down 25 lctrl 0.40621805191
sziluett SNARC dot DC up 20 num_delete 0.423161029816
sziluett SNARC dot DC down 40 lctrl 0.333095788956
sziluett SNARC dot DC down 35 lctrl 0.363310813904
sziluett SNARC dot DC up 45 num_delete 0.375255823135
sziluett SNARC dot DC down 20 lctrl 0.375796079636
sziluett SNARC dot DC down 25 lctrl 0.335693120956
sziluett SNARC dot DC up 10 num_delete 0.30587387085
sziluett SNARC dot DC up 25 num_delete 0.432965993881
sziluett SNARC dot DC up 40 num_delete 0.401527166367
sziluett SNARC dot DC down 40 num_delete 0.403278112411
sziluett SNARC dot DC down 45 lctrl 0.552469015121
sziluett SNARC dot DC up 10 num_delete 0.384149074554
sziluett SNARC dot DC down 10 lctrl 0.380985975266
sziluett SNARC dot DC up 5 num_delete 0.351567029953
sziluett SNARC dot DC up 10 num_delete 0.420067071915
sziluett SNARC dot DC up 40 num_delete 0.366876125336
sziluett SNARC dot DC down 15 lctrl 0.367439985275
sziluett SNARC dot DC up 15 num_delete 0.379512071609
sziluett SNARC dot DC up 35 num_delete 0.49272608757
sziluett SNARC dot DC down 10 lctrl 0.389624118805
sziluett SNARC dot DC up 25 num_delete 0.331486940384
sziluett SNARC dot DC up 40 num_delete 0.323318004608
sziluett SNARC dot DC up 10 num_delete 0.38690495491
sziluett SNARC dot DC down 35 lctrl 0.405357837677
sziluett SNARC dot DC up 30 num_delete 0.330513000488
sziluett SNARC dot DC up 45 num_delete 0.337592124939
sziluett SNARC dot DC up 40 num_delete 0.330878019333
sziluett SNARC dot DC up 35 num_delete 0.416007041931
sziluett SNARC dot DC down 15 lctrl 0.416492938995
sziluett SNARC dot DC down 35 num_delete 0.288059949875
sziluett SNARC dot DC up 35 num_delete 0.280025005341
sziluett SNARC dot DC up 5 num_delete 0.470267057419
sziluett SNARC dot DC up 40 num_delete 0.405375957489
sziluett SNARC dot DC down 10 lctrl 0.34726190567
sziluett SNARC dot DC down 20 lctrl 0.415673017502
sziluett SNARC dot DC up 20 num_delete 0.301099061966
sziluett SNARC dot DC down 15 lctrl 0.342964172363
sziluett SNARC dot DC down 10 lctrl 0.424923181534
sziluett SNARC dot DC down 25 lctrl 0.448433160782
sziluett SNARC dot DC down 40 lctrl 0.361831903458
sziluett SNARC dot DC down 10 lctrl 0.46873998642
sziluett SNARC dot DC down 45 lctrl 0.364046812057
sziluett SNARC dot DC up 30 num_delete 0.362273931503
sziluett SNARC dot DC up 5 num_delete 0.354072809219
sziluett SNARC dot DC down 35 lctrl 0.40588593483
sziluett SNARC dot DC up 35 num_delete 0.369385004044
sziluett SNARC dot DC down 25 lctrl 0.327939033508
sziluett SNARC dot DC down 40 lctrl 0.373265028
sziluett SNARC dot DC up 10 lctrl 0.388260126114
sziluett SNARC dot DC up 40 num_delete 0.368438005447
sziluett SNARC dot DC down 15 lctrl 0.380539894104
sziluett SNARC dot DC down 30 lctrl 0.822035074234
sziluett SNARC dot DC down 15 lctrl 0.499213933945
sziluett SNARC dot DC down 45 lctrl 0.362653970718
sziluett SNARC dot DC up 15 num_delete 0.392920970917
sziluett SNARC dot DC up 15 num_delete 0.351469039917
sziluett SNARC dot DC down 30 num_delete 0.404712915421
sziluett SNARC dot DC down 20 lctrl 0.421779155731
sziluett SNARC dot DC down 15 lctrl 0.42357301712
sziluett SNARC dot DC down 35 lctrl 0.448413133621
sziluett SNARC dot DC up 30 num_delete 0.476858139038
sziluett SNARC dot DC up 45 num_delete 0.487243890762
sziluett SNARC dot DC down 20 lctrl 0.409476995468
sziluett SNARC dot DC up 10 num_delete 0.416414022446
sziluett SNARC dot DC down 5 lctrl 0.37991809845
sziluett SNARC dot DC up 5 num_delete 0.355093955994
sziluett SNARC dot DC up 20 num_delete 0.422119855881
sziluett SNARC dot DC up 20 num_delete 0.42400097847
sziluett SNARC dot DC down 15 lctrl 0.540766954422
sziluett SNARC dot DC down 45 lctrl 0.332648038864
sziluett SNARC dot DC down 20 lctrl 0.877663135529
sziluett SNARC dot DC down 35 lctrl 0.376085042953
sziluett SNARC dot DC up 15 num_delete 0.389631032944
sziluett SNARC dot DC down 10 lctrl 0.386474132538
sziluett SNARC dot DC down 20 lctrl 0.458516120911
sziluett SNARC dot DC down 10 lctrl 0.313453912735
sziluett SNARC dot DC up 40 num_delete 1.52529382706
sziluett SNARC dot DC up 25 num_delete 0.488865852356
sziluett SNARC dot DC up 45 num_delete 0.406024932861
sziluett SNARC dot DC down 25 lctrl 0.44766497612
sziluett SNARC dot DC down 25 lctrl 0.492840051651
sziluett SNARC dot DC down 40 lctrl 0.411254882812
sziluett SNARC dot DC down 20 lctrl 0.413195133209
sziluett SNARC dot DC down 10 lctrl 0.354990005493
sziluett SNARC dot DC up 40 num_delete 0.713334083557
sziluett SNARC dot DC down 40 lctrl 0.375465869904
sziluett SNARC dot DC down 45 lctrl 0.448929071426
sziluett SNARC dot DC down 10 lctrl 1.45374298096
sziluett SNARC dot DC down 25 lctrl 1.40239810944
sziluett SNARC dot DC up 35 num_delete 0.366237878799
sziluett SNARC dot DC down 30 lctrl 0.478194952011
sziluett SNARC dot DC down 30 num_delete 0.336642980576
sziluett SNARC dot DC down 35 lctrl 0.405203104019
sziluett SNARC dot DC down 15 lctrl 0.345716953278
sziluett SNARC dot DC down 40 lctrl 0.337414979935
{'participant': u'sziluett', 'notation': u'arabic', 'response_buttons': u'CD', 'range_in_instr': True, 'dateStr': u'04_01_1819', 'autopilot': False, 'exp_id': u'SNARC'}
sziluett SNARC arabic CD down 6 num_delete 0.925673961639
sziluett SNARC arabic CD up 1 lctrl 0.504500865936
sziluett SNARC arabic CD down 6 num_delete 0.422945976257
sziluett SNARC arabic CD up 3 lctrl 0.53983092308
sziluett SNARC arabic CD up 3 lctrl 0.578217983246
sziluett SNARC arabic CD up 6 lctrl 0.430104017258
sziluett SNARC arabic CD down 1 num_delete 0.431796073914
sziluett SNARC arabic CD up 6 lctrl 0.417102813721
sziluett SNARC arabic CD up 6 lctrl 0.457061052322
sziluett SNARC arabic CD up 9 lctrl 0.50230884552
sziluett SNARC arabic CD up 6 lctrl 0.497298002243
sziluett SNARC arabic CD up 9 lctrl 0.394093036652
sziluett SNARC arabic CD down 9 num_delete 0.467598199844
sziluett SNARC arabic CD up 4 lctrl 0.496285915375
sziluett SNARC arabic CD down 3 num_delete 0.507874011993
sziluett SNARC arabic CD up 7 lctrl 0.464781045914
sziluett SNARC arabic CD down 5 num_delete 0.37819814682
sziluett SNARC arabic CD down 3 num_delete 0.506619215012
sziluett SNARC arabic CD down 7 num_delete 0.412191152573
sziluett SNARC arabic CD down 7 num_delete 0.430678844452
sziluett SNARC arabic CD up 5 lctrl 0.470888853073
sziluett SNARC arabic CD down 7 num_delete 0.537786960602
sziluett SNARC arabic CD down 9 num_delete 0.537791967392
sziluett SNARC arabic CD up 2 lctrl 0.423175096512
sziluett SNARC arabic CD up 2 lctrl 0.463171958923
sziluett SNARC arabic CD down 9 num_delete 0.469935894012
sziluett SNARC arabic CD up 1 lctrl 0.498490095139
sziluett SNARC arabic CD up 9 lctrl 0.49356007576
sziluett SNARC arabic CD up 4 lctrl 0.428746938705
sziluett SNARC arabic CD down 2 num_delete 0.392174005508
sziluett SNARC arabic CD up 4 lctrl 0.504100084305
sziluett SNARC arabic CD down 6 num_delete 0.652484893799
sziluett SNARC arabic CD down 8 num_delete 0.459344863892
sziluett SNARC arabic CD up 2 lctrl 0.427982091904
sziluett SNARC arabic CD down 3 num_delete 0.608302116394
sziluett SNARC arabic CD up 1 lctrl 0.311935186386
sziluett SNARC arabic CD up 1 lctrl 0.545217990875
sziluett SNARC arabic CD down 2 num_delete 0.468716859818
sziluett SNARC arabic CD down 8 num_delete 0.497338056564
sziluett SNARC arabic CD down 9 num_delete 0.585714101791
sziluett SNARC arabic CD down 8 num_delete 0.574258089066
sziluett SNARC arabic CD down 5 num_delete 0.617755889893
sziluett SNARC arabic CD up 2 lctrl 0.611296892166
sziluett SNARC arabic CD up 4 lctrl 3.57245111465
sziluett SNARC arabic CD down 7 num_delete 0.425295114517
sziluett SNARC arabic CD up 2 lctrl 0.963644981384
sziluett SNARC arabic CD down 2 num_delete 0.968797922134
sziluett SNARC arabic CD down 6 num_delete 0.535799980164
sziluett SNARC arabic CD down 8 num_delete 0.497632980347
sziluett SNARC arabic CD down 4 num_delete 0.509371042252
sziluett SNARC arabic CD down 1 num_delete 0.46622300148
sziluett SNARC arabic CD down 1 num_delete 0.456433057785
sziluett SNARC arabic CD up 5 lctrl 0.539821863174
sziluett SNARC arabic CD up 5 lctrl 0.463326931
sziluett SNARC arabic CD down 4 num_delete 0.50839805603
sziluett SNARC arabic CD up 1 lctrl 0.426887989044
sziluett SNARC arabic CD down 9 num_delete 0.377461910248
sziluett SNARC arabic CD up 9 lctrl 0.697520971298
sziluett SNARC arabic CD up 1 lctrl 0.432705163956
sziluett SNARC arabic CD down 8 num_delete 0.379549980164
sziluett SNARC arabic CD down 7 num_delete 0.469659090042
sziluett SNARC arabic CD up 2 lctrl 0.383244991302
sziluett SNARC arabic CD up 2 lctrl 0.341701030731
sziluett SNARC arabic CD down 7 num_delete 0.350120067596
sziluett SNARC arabic CD down 9 num_delete 0.457000017166
sziluett SNARC arabic CD up 4 lctrl 0.42555308342
sziluett SNARC arabic CD down 6 num_delete 0.465618133545
sziluett SNARC arabic CD down 8 num_delete 0.379137992859
sziluett SNARC arabic CD down 2 lctrl 0.622611999512
sziluett SNARC arabic CD down 5 num_delete 0.462745904922
sziluett SNARC arabic CD up 6 lctrl 0.392932891846
sziluett SNARC arabic CD up 6 lctrl 0.389685869217
sziluett SNARC arabic CD down 4 num_delete 0.381849050522
sziluett SNARC arabic CD down 4 num_delete 0.34033703804
sziluett SNARC arabic CD down 8 num_delete 0.387210130692
sziluett SNARC arabic CD down 6 num_delete 0.307281017303
sziluett SNARC arabic CD down 5 num_delete 0.349138021469
sziluett SNARC arabic CD down 5 num_delete 0.379338026047
sziluett SNARC arabic CD up 2 lctrl 0.469375133514
sziluett SNARC arabic CD down 4 num_delete 0.382891893387
sziluett SNARC arabic CD up 5 lctrl 0.647977113724
sziluett SNARC arabic CD down 5 num_delete 0.509740114212
sziluett SNARC arabic CD down 4 num_delete 0.466583967209
sziluett SNARC arabic CD up 7 lctrl 0.456864118576
sziluett SNARC arabic CD up 8 lctrl 0.578631877899
sziluett SNARC arabic CD up 7 lctrl 0.583733081818
sziluett SNARC arabic CD up 1 lctrl 0.375967025757
sziluett SNARC arabic CD up 8 lctrl 0.542656183243
sziluett SNARC arabic CD up 2 lctrl 0.466231107712
sziluett SNARC arabic CD up 3 lctrl 0.418056964874
sziluett SNARC arabic CD up 8 lctrl 0.573185920715
sziluett SNARC arabic CD down 5 num_delete 0.61662197113
sziluett SNARC arabic CD down 5 num_delete 0.840178012848
sziluett SNARC arabic CD up 6 lctrl 0.387140035629
sziluett SNARC arabic CD up 6 lctrl 0.460462093353
sziluett SNARC arabic CD up 5 lctrl 0.467261075974
sziluett SNARC arabic CD up 1 lctrl 0.534013986588
sziluett SNARC arabic CD up 8 lctrl 0.419152975082
sziluett SNARC arabic CD up 4 lctrl 0.689282894135
sziluett SNARC arabic CD down 2 num_delete 0.462814092636
sziluett SNARC arabic CD up 8 lctrl 0.431356906891
sziluett SNARC arabic CD up 7 lctrl 0.509883165359
sziluett SNARC arabic CD up 1 lctrl 0.504957914352
sziluett SNARC arabic CD up 2 lctrl 0.461808919907
sziluett SNARC arabic CD down 3 num_delete 0.506927967072
sziluett SNARC arabic CD down 5 num_delete 0.617130041122
sziluett SNARC arabic CD down 7 num_delete 0.572645902634
sziluett SNARC arabic CD up 8 lctrl 0.500836133957
sziluett SNARC arabic CD up 4 lctrl 0.687630176544
sziluett SNARC arabic CD up 8 lctrl 0.346225976944
sziluett SNARC arabic CD up 8 lctrl 0.354743003845
sziluett SNARC arabic CD down 2 num_delete 0.461432218552
sziluett SNARC arabic CD up 7 lctrl 0.507003068924
sziluett SNARC arabic CD up 5 lctrl 0.420907974243
sziluett SNARC arabic CD up 7 lctrl 0.422749996185
sziluett SNARC arabic CD up 2 lctrl 0.41990685463
sziluett SNARC arabic CD down 6 num_delete 0.4600918293
sziluett SNARC arabic CD up 3 lctrl 0.390229940414
sziluett SNARC arabic CD up 8 lctrl 0.387056112289
sziluett SNARC arabic CD down 6 num_delete 0.498862981796
sziluett SNARC arabic CD down 2 num_delete 0.340722084045
sziluett SNARC arabic CD up 7 lctrl 0.540820837021
sziluett SNARC arabic CD up 2 lctrl 0.426017999649
sziluett SNARC arabic CD up 7 lctrl 0.466183900833
sziluett SNARC arabic CD up 2 lctrl 0.417941093445
sziluett SNARC arabic CD down 3 num_delete 0.458065032959
sziluett SNARC arabic CD down 1 num_delete 0.427121162415
sziluett SNARC arabic CD down 9 num_delete 0.390582084656
sziluett SNARC arabic CD down 8 num_delete 0.375072956085
sziluett SNARC arabic CD down 7 num_delete 0.388501167297
sziluett SNARC arabic CD down 8 num_delete 0.347006797791
sziluett SNARC arabic CD down 3 num_delete 0.419201850891
sziluett SNARC arabic CD down 4 num_delete 0.344426870346
sziluett SNARC arabic CD up 6 lctrl 0.429568052292
sziluett SNARC arabic CD down 9 num_delete 0.431409835815
sziluett SNARC arabic CD up 3 lctrl 0.339902877808
sziluett SNARC arabic CD up 3 lctrl 0.348355054855
sziluett SNARC arabic CD up 6 lctrl 0.450644016266
sziluett SNARC arabic CD up 1 lctrl 0.419053077698
sziluett SNARC arabic CD down 9 num_delete 1.60892391205
sziluett SNARC arabic CD up 8 lctrl 0.351222991943
sziluett SNARC arabic CD down 2 num_delete 0.419564962387
sziluett SNARC arabic CD up 3 lctrl 0.370105981827
sziluett SNARC arabic CD down 7 num_delete 0.306892871857
sziluett SNARC arabic CD down 4 lctrl 0.297345161438
sziluett SNARC arabic CD up 1 lctrl 0.35126209259
sziluett SNARC arabic CD up 4 lctrl 0.645175933838
sziluett SNARC arabic CD down 6 num_delete 0.391965866089
sziluett SNARC arabic CD up 9 lctrl 0.465409994125
sziluett SNARC arabic CD down 1 num_delete 0.336019039154
sziluett SNARC arabic CD down 8 num_delete 0.536194086075
sziluett SNARC arabic CD up 3 num_delete 0.459678888321
sziluett SNARC arabic CD down 7 num_delete 0.466485977173
sziluett SNARC arabic CD down 9 num_delete 0.495038986206
sziluett SNARC arabic CD up 1 lctrl 0.502269983292
sziluett SNARC arabic CD up 6 lctrl 1.14906001091
sziluett SNARC arabic CD up 2 lctrl 0.379342079163
sziluett SNARC arabic CD up 4 lctrl 0.431128978729
sziluett SNARC arabic CD up 7 lctrl 0.432926177979
sziluett SNARC arabic CD down 2 num_delete 0.341429948807
sziluett SNARC arabic CD down 4 num_delete 0.848118066788
sziluett SNARC arabic CD up 3 lctrl 0.417428016663
sziluett SNARC arabic CD up 7 lctrl 0.419157981873
sziluett SNARC arabic CD down 6 num_delete 0.535897016525
sziluett SNARC arabic CD down 2 num_delete 0.421200990677
sziluett SNARC arabic CD down 9 num_delete 0.422919034958
sziluett SNARC arabic CD down 2 num_delete 0.42481303215
sziluett SNARC arabic CD down 1 num_delete 0.349968910217
sziluett SNARC arabic CD down 4 num_delete 0.341818809509
sziluett SNARC arabic CD up 9 lctrl 0.465967178345
sziluett SNARC arabic CD down 3 num_delete 0.455907821655
sziluett SNARC arabic CD up 1 lctrl 0.731121063232
sziluett SNARC arabic CD down 8 num_delete 0.432953119278
sziluett SNARC arabic CD up 4 lctrl 0.380462884903
sziluett SNARC arabic CD down 5 num_delete 0.46589589119
sziluett SNARC arabic CD down 5 num_delete 0.609409093857
sziluett SNARC arabic CD down 4 num_delete 0.581238031387
sziluett SNARC arabic CD down 5 num_delete 0.433156013489
sziluett SNARC arabic CD down 1 num_delete 0.495010137558
sziluett SNARC arabic CD down 8 num_delete 0.621767997742
sziluett SNARC arabic CD down 7 num_delete 0.908933877945
sziluett SNARC arabic CD up 2 lctrl 0.42763710022
sziluett SNARC arabic CD up 1 lctrl 0.889467000961
sziluett SNARC arabic CD down 3 num_delete 0.80782699585
sziluett SNARC arabic CD down 5 num_delete 0.848054885864
sziluett SNARC arabic CD up 6 lctrl 0.518687009811
sziluett SNARC arabic CD down 8 num_delete 0.382200956345
sziluett SNARC arabic CD down 5 num_delete 0.570644855499
sziluett SNARC arabic CD up 2 lctrl 0.460858821869
sziluett SNARC arabic CD down 5 num_delete 0.620948076248
sziluett SNARC arabic CD up 6 lctrl 0.614412069321
sziluett SNARC arabic CD down 8 num_delete 0.433043956757
sziluett SNARC arabic CD down 9 num_delete 0.686397075653
sziluett SNARC arabic CD down 6 num_delete 0.536592006683
sziluett SNARC arabic CD up 5 lctrl 0.460623025894
sziluett SNARC arabic CD down 9 num_delete 0.697286128998
sziluett SNARC arabic CD down 4 num_delete 0.688216924667
sziluett SNARC arabic CD up 5 lctrl 0.576761007309
sziluett SNARC arabic CD down 5 num_delete 0.60723900795
sziluett SNARC arabic CD up 5 lctrl 0.540767908096
sziluett SNARC arabic CD down 3 num_delete 0.50254201889
sziluett SNARC arabic CD up 8 lctrl 0.80424785614
sziluett SNARC arabic CD down 4 num_delete 0.461097002029
sziluett SNARC arabic CD down 1 lctrl 0.50630903244
sziluett SNARC arabic CD up 2 lctrl 0.616361856461
sziluett SNARC arabic CD down 1 num_delete 0.456488132477
sziluett SNARC arabic CD down 2 num_delete 0.846854925156
sziluett SNARC arabic CD up 1 lctrl 0.35547208786
sziluett SNARC arabic CD up 1 lctrl 0.462244033813
sziluett SNARC arabic CD down 7 num_delete 0.430732965469
sziluett SNARC arabic CD up 5 lctrl 0.432444810867
sziluett SNARC arabic CD down 2 num_delete 0.379221916199
sziluett SNARC arabic CD up 7 lctrl 1.31249809265
sziluett SNARC arabic CD up 1 lctrl 0.431221008301
sziluett SNARC arabic CD down 4 num_delete 0.356326818466
sziluett SNARC arabic CD up 8 lctrl 0.450093984604
sziluett SNARC arabic CD down 9 num_delete 0.571881055832
sziluett SNARC arabic CD up 5 lctrl 0.347117185593
sziluett SNARC arabic CD down 8 num_delete 0.393867969513
sziluett SNARC arabic CD down 3 lctrl 0.582312107086
sziluett SNARC arabic CD up 7 lctrl 0.302572011948
sziluett SNARC arabic CD down 9 num_delete 0.382513999939
sziluett SNARC arabic CD down 3 num_delete 0.341074943542
sziluett SNARC arabic CD down 3 num_delete 0.374866962433
sziluett SNARC arabic CD up 9 lctrl 0.618340015411
sziluett SNARC arabic CD down 7 lctrl 0.458505153656
sziluett SNARC arabic CD up 6 lctrl 0.311970949173
sziluett SNARC arabic CD down 6 num_delete 0.622015953064
sziluett SNARC arabic CD up 8 lctrl 0.347728013992
sziluett SNARC arabic CD up 5 lctrl 0.43283700943
sziluett SNARC arabic CD up 7 lctrl 0.647855997086
sziluett SNARC arabic CD down 3 num_delete 0.816326141357
sziluett SNARC arabic CD up 5 lctrl 0.456554889679
sziluett SNARC arabic CD down 7 num_delete 0.42493891716
sziluett SNARC arabic CD up 8 lctrl 0.46520781517
sziluett SNARC arabic CD up 4 lctrl 0.416856050491
sziluett SNARC arabic CD down 6 num_delete 0.380403995514
sziluett SNARC arabic CD up 4 lctrl 0.662591934204
sziluett SNARC arabic CD down 1 num_delete 0.469383001328
sziluett SNARC arabic CD up 5 lctrl 0.459542989731
sziluett SNARC arabic CD up 6 lctrl 0.427953958511
sziluett SNARC arabic CD down 4 num_delete 0.468043804169
sziluett SNARC arabic CD up 1 lctrl 0.419913053513
sziluett SNARC arabic CD down 9 num_delete 0.536625862122
sziluett SNARC arabic CD down 5 num_delete 0.383505105972
sziluett SNARC arabic CD down 4 num_delete 0.610314130783
sziluett SNARC arabic CD up 4 lctrl 0.543758153915
sziluett SNARC arabic CD up 9 lctrl 0.620497941971
sziluett SNARC arabic CD down 5 num_delete 0.422383069992
sziluett SNARC arabic CD down 7 num_delete 0.807462930679
sziluett SNARC arabic CD down 6 num_delete 0.464427947998
sziluett SNARC arabic CD up 3 lctrl 0.586199045181
sziluett SNARC arabic CD up 3 lctrl 0.612997055054
sziluett SNARC arabic CD up 7 lctrl 0.43150806427
sziluett SNARC arabic CD up 6 lctrl 0.53168296814
sziluett SNARC arabic CD up 2 lctrl 0.838279008865
sziluett SNARC arabic CD down 1 num_delete 0.461856842041
sziluett SNARC arabic CD up 3 lctrl 0.392065048218
sziluett SNARC arabic CD up 6 lctrl 0.618797063828
sziluett SNARC arabic CD up 1 lctrl 0.458964109421
sziluett SNARC arabic CD down 4 num_delete 0.50400185585
sziluett SNARC arabic CD down 2 lctrl 0.537464857101
sziluett SNARC arabic CD down 4 num_delete 0.499194860458
sziluett SNARC arabic CD up 3 lctrl 0.724458932877
sziluett SNARC arabic CD down 1 num_delete 0.502864837646
sziluett SNARC arabic CD up 6 lctrl 0.421365022659
sziluett SNARC arabic CD up 8 lctrl 0.495192050934
sziluett SNARC arabic CD up 9 lctrl 0.468608856201
sziluett SNARC arabic CD up 6 lctrl 0.535351037979
sziluett SNARC arabic CD down 9 num_delete 0.458850860596
sziluett SNARC arabic CD up 1 lctrl 0.618891000748
sziluett SNARC arabic CD down 5 num_delete 0.420757055283
sziluett SNARC arabic CD down 8 num_delete 0.422590017319
sziluett SNARC arabic CD down 6 num_delete 0.385987043381
sziluett SNARC arabic CD up 1 lctrl 0.421081066132
sziluett SNARC arabic CD down 8 num_delete 0.461161136627
sziluett SNARC arabic CD down 8 num_delete 0.736279010773
sziluett SNARC arabic CD up 9 lctrl 0.383232831955
sziluett SNARC arabic CD up 1 lctrl 0.380038976669
sziluett SNARC arabic CD down 3 num_delete 0.661692857742
sziluett SNARC arabic CD up 3 lctrl 0.545221805573
sziluett SNARC arabic CD down 6 num_delete 0.507050037384
sziluett SNARC arabic CD down 3 lctrl 0.604134082794
sziluett SNARC arabic CD up 5 lctrl 0.724659204483
sziluett SNARC arabic CD down 8 num_delete 0.498566865921
sziluett SNARC arabic CD down 7 num_delete 0.493788003922
sziluett SNARC arabic CD up 9 lctrl 0.454774856567
sziluett SNARC arabic CD up 8 lctrl 0.538269996643
sziluett SNARC arabic CD up 3 lctrl 0.576630830765
sziluett SNARC arabic CD up 9 lctrl 0.428462028503
sziluett SNARC arabic CD down 7 num_delete 0.468590021133
sziluett SNARC arabic CD down 9 num_delete 0.803598880768
sziluett SNARC arabic CD up 5 lctrl 0.422241926193
sziluett SNARC arabic CD up 1 lctrl 0.309580087662
sziluett SNARC arabic CD up 7 lctrl 0.346821069717
sziluett SNARC arabic CD down 7 num_delete 0.508564949036
sziluett SNARC arabic CD down 1 num_delete 0.542463064194
sziluett SNARC arabic CD up 4 lctrl 0.580986976624
sziluett SNARC arabic CD down 9 num_delete 0.432798147202
sziluett SNARC arabic CD up 2 lctrl 0.494704008102
sziluett SNARC arabic CD up 6 lctrl 0.540118932724
sziluett SNARC arabic CD up 9 lctrl 0.57856798172
sziluett SNARC arabic CD up 6 lctrl 0.583647012711
sziluett SNARC arabic CD down 3 num_delete 0.572176218033
sziluett SNARC arabic CD down 3 num_delete 0.577781200409
sziluett SNARC arabic CD down 7 lctrl 0.276356935501
sziluett SNARC arabic CD down 2 num_delete 0.491721153259
sziluett SNARC arabic CD down 1 num_delete 0.452223062515
sziluett SNARC arabic CD up 4 lctrl 0.459044933319
sziluett SNARC arabic CD up 3 lctrl 0.389104127884
sziluett SNARC arabic CD down 2 num_delete 0.462510108948
sziluett SNARC arabic CD up 2 num_delete 0.469320058823
sziluett SNARC arabic CD down 8 num_delete 0.497763872147
sziluett SNARC arabic CD down 9 num_delete 0.394554853439
sziluett SNARC arabic CD up 8 lctrl 0.468033790588
sziluett SNARC arabic CD up 3 lctrl 0.419833183289
sziluett SNARC arabic CD up 2 lctrl 0.344923973083
sziluett SNARC arabic CD up 4 lctrl 0.468355178833
sziluett SNARC arabic CD down 5 num_delete 0.458446979523
sziluett SNARC arabic CD down 4 num_delete 0.426930904388
sziluett SNARC arabic CD down 6 num_delete 0.492333889008
sziluett SNARC arabic CD down 7 num_delete 0.504196166992
sziluett SNARC arabic CD down 5 num_delete 0.575950860977
sziluett SNARC arabic CD down 7 num_delete 0.428287029266
sziluett SNARC arabic CD up 3 lctrl 0.507289886475
sziluett SNARC arabic CD down 1 num_delete 0.617298841476
sziluett SNARC arabic CD down 3 num_delete 0.53426194191
sziluett SNARC arabic CD up 5 lctrl 0.45773100853
sziluett SNARC arabic CD up 5 lctrl 1.07768201828
sziluett SNARC arabic CD up 7 lctrl 0.50629401207
sziluett SNARC arabic CD up 9 lctrl 0.424772977829
sziluett SNARC arabic CD up 2 lctrl 0.5369181633
sziluett SNARC arabic CD up 9 lctrl 0.42202091217
sziluett SNARC arabic CD up 2 lctrl 0.385394096375
sziluett SNARC arabic CD up 4 lctrl 0.497177124023
sziluett SNARC arabic CD down 3 num_delete 0.585608005524
sziluett SNARC arabic CD down 4 num_delete 0.38242816925
sziluett SNARC arabic CD up 8 lctrl 0.455893039703
sziluett SNARC arabic CD up 7 lctrl 0.424300909042
sziluett SNARC arabic CD up 5 lctrl 0.536530017853
sziluett SNARC arabic CD up 8 lctrl 0.378732919693
sziluett SNARC arabic CD down 9 num_delete 0.54545712471
sziluett SNARC arabic CD up 4 lctrl 0.46901011467
sziluett SNARC arabic CD up 9 lctrl 0.569561004639
sziluett SNARC arabic CD down 2 num_delete 0.536372900009
sziluett SNARC arabic CD down 1 num_delete 0.408537149429
sziluett SNARC arabic CD down 9 num_delete 0.388766050339
sziluett SNARC arabic CD down 4 num_delete 0.500490903854
sziluett SNARC arabic CD down 9 num_delete 1.18554282188
sziluett SNARC arabic CD up 4 lctrl 0.484587907791
sziluett SNARC arabic CD up 8 lctrl 0.496354818344
sziluett SNARC arabic CD down 1 num_delete 0.278219938278
sziluett SNARC arabic CD down 3 num_delete 0.353288888931
sziluett SNARC arabic CD up 6 lctrl 0.306884050369
sziluett SNARC arabic CD up 7 lctrl 0.501822948456
sziluett SNARC arabic CD down 7 num_delete 0.6502161026
sziluett SNARC arabic CD down 3 num_delete 0.801998853683
sziluett SNARC arabic CD up 3 lctrl 0.30565905571
sziluett SNARC arabic CD down 9 num_delete 0.50067281723
sziluett SNARC arabic CD down 6 lctrl 0.380909204483
{'participant': u'sziluett', 'notation': u'dot', 'response_buttons': u'CD', 'range_in_instr': True, 'dateStr': u'04_01_1827', 'autopilot': False, 'exp_id': u'SNARC'}
sziluett SNARC dot CD down 5 num_delete 0.565320968628
sziluett SNARC dot CD down 20 num_delete 0.402053117752
sziluett SNARC dot CD down 5 num_delete 0.292528152466
sziluett SNARC dot CD down 10 num_delete 0.312664985657
sziluett SNARC dot CD up 15 lctrl 0.429625988007
sziluett SNARC dot CD up 40 lctrl 0.414680957794
sziluett SNARC dot CD up 5 lctrl 0.341300010681
sziluett SNARC dot CD down 25 num_delete 0.409664869308
sziluett SNARC dot CD up 20 lctrl 0.350069046021
sziluett SNARC dot CD up 25 lctrl 0.441542863846
sziluett SNARC dot CD down 35 num_delete 0.371622800827
sziluett SNARC dot CD up 35 lctrl 0.330070972443
sziluett SNARC dot CD down 30 num_delete 0.338485002518
sziluett SNARC dot CD up 10 lctrl 0.346998929977
sziluett SNARC dot CD down 5 num_delete 0.432106971741
sziluett SNARC dot CD down 15 num_delete 0.377423048019
sziluett SNARC dot CD down 40 num_delete 0.335850954056
sziluett SNARC dot CD down 10 num_delete 0.460776090622
sziluett SNARC dot CD up 15 lctrl 0.376482963562
sziluett SNARC dot CD up 25 lctrl 0.45130109787
sziluett SNARC dot CD down 25 num_delete 0.326411962509
sziluett SNARC dot CD down 10 num_delete 0.389895915985
sziluett SNARC dot CD up 30 lctrl 0.446623086929
sziluett SNARC dot CD up 45 lctrl 0.49023103714
sziluett SNARC dot CD up 30 lctrl 0.563573122025
sziluett SNARC dot CD up 40 lctrl 0.413741111755
sziluett SNARC dot CD down 5 num_delete 0.493673086166
sziluett SNARC dot CD down 35 num_delete 0.488801956177
sziluett SNARC dot CD up 45 lctrl 0.329170942307
sziluett SNARC dot CD down 40 num_delete 0.414266824722
sziluett SNARC dot CD up 10 lctrl 0.494198083878
sziluett SNARC dot CD up 45 lctrl 0.487778902054
sziluett SNARC dot CD up 15 lctrl 0.384641885757
sziluett SNARC dot CD down 5 num_delete 0.497786045074
sziluett SNARC dot CD up 20 lctrl 0.377975940704
sziluett SNARC dot CD up 25 lctrl 0.413022041321
sziluett SNARC dot CD up 20 lctrl 0.44846701622
sziluett SNARC dot CD up 25 lctrl 0.438550949097
sziluett SNARC dot CD down 45 num_delete 0.405539035797
sziluett SNARC dot CD down 40 num_delete 0.395792007446
sziluett SNARC dot CD up 15 lctrl 0.391148090363
sziluett SNARC dot CD up 10 lctrl 0.465990781784
sziluett SNARC dot CD up 15 lctrl 0.799525976181
sziluett SNARC dot CD down 40 num_delete 0.556083917618
sziluett SNARC dot CD up 35 lctrl 0.599590063095
sziluett SNARC dot CD down 45 num_delete 0.348620891571
sziluett SNARC dot CD down 40 num_delete 0.440166950226
sziluett SNARC dot CD down 35 num_delete 0.472301959991
sziluett SNARC dot CD up 45 lctrl 0.367797851562
sziluett SNARC dot CD up 5 lctrl 0.65086889267
sziluett SNARC dot CD up 5 lctrl 0.572562932968
sziluett SNARC dot CD down 20 num_delete 0.422931909561
sziluett SNARC dot CD down 5 num_delete 0.349522829056
sziluett SNARC dot CD down 10 num_delete 0.341339826584
sziluett SNARC dot CD up 10 lctrl 0.503035068512
sziluett SNARC dot CD down 25 num_delete 0.404819965363
sziluett SNARC dot CD up 40 lctrl 0.214989900589
sziluett SNARC dot CD down 10 num_delete 0.340054988861
sziluett SNARC dot CD up 20 lctrl 0.308710098267
sziluett SNARC dot CD up 25 lctrl 0.450218915939
sziluett SNARC dot CD down 35 num_delete 0.325312137604
sziluett SNARC dot CD up 40 lctrl 0.333812952042
sziluett SNARC dot CD down 40 num_delete 0.325584888458
sziluett SNARC dot CD down 45 num_delete 0.524230957031
sziluett SNARC dot CD down 45 num_delete 0.447684049606
sziluett SNARC dot CD up 35 lctrl 0.439280986786
sziluett SNARC dot CD down 15 num_delete 0.384689092636
sziluett SNARC dot CD down 30 num_delete 0.557875156403
sziluett SNARC dot CD down 10 num_delete 0.503096103668
sziluett SNARC dot CD up 25 lctrl 0.481528043747
sziluett SNARC dot CD up 40 lctrl 0.438297986984
sziluett SNARC dot CD down 15 num_delete 0.307058811188
sziluett SNARC dot CD down 20 num_delete 0.425453901291
sziluett SNARC dot CD up 5 lctrl 0.275343179703
sziluett SNARC dot CD down 45 num_delete 0.408857107162
sziluett SNARC dot CD up 35 lctrl 0.335513114929
sziluett SNARC dot CD up 40 lctrl 0.48055100441
sziluett SNARC dot CD down 30 num_delete 0.338960886002
sziluett SNARC dot CD down 15 num_delete 0.499274969101
sziluett SNARC dot CD down 35 num_delete 0.402534008026
sziluett SNARC dot CD up 40 lctrl 0.442646980286
sziluett SNARC dot CD down 45 num_delete 0.409622192383
sziluett SNARC dot CD up 20 lctrl 0.489477872849
sziluett SNARC dot CD down 10 num_delete 0.501263856888
sziluett SNARC dot CD up 45 lctrl 0.363327980042
sziluett SNARC dot CD down 10 num_delete 0.339903116226
sziluett SNARC dot CD down 15 num_delete 0.46183681488
sziluett SNARC dot CD up 20 lctrl 0.300185918808
sziluett SNARC dot CD up 5 lctrl 0.495286941528
sziluett SNARC dot CD up 20 lctrl 0.758583068848
sziluett SNARC dot CD up 25 lctrl 0.487030982971
sziluett SNARC dot CD up 35 lctrl 0.328807830811
sziluett SNARC dot CD down 35 num_delete 0.41387295723
sziluett SNARC dot CD down 20 num_delete 0.377304077148
sziluett SNARC dot CD up 30 lctrl 0.412389993668
sziluett SNARC dot CD down 35 num_delete 0.299139976501
sziluett SNARC dot CD up 5 lctrl 0.340991973877
sziluett SNARC dot CD up 40 lctrl 0.443063020706
sziluett SNARC dot CD down 35 num_delete 0.296571969986
sziluett SNARC dot CD up 10 lctrl 0.393309116364
sziluett SNARC dot CD up 20 lctrl 0.350344896317
sziluett SNARC dot CD down 20 num_delete 0.457015991211
sziluett SNARC dot CD down 40 num_delete 0.448638916016
sziluett SNARC dot CD up 10 lctrl 0.378812789917
sziluett SNARC dot CD up 30 lctrl 0.337192058563
sziluett SNARC dot CD up 5 lctrl 0.494380950928
sziluett SNARC dot CD down 40 lctrl 0.258116960526
sziluett SNARC dot CD up 30 lctrl 0.372822999954
sziluett SNARC dot CD down 30 num_delete 0.407912969589
sziluett SNARC dot CD down 10 num_delete 0.349772930145
sziluett SNARC dot CD down 30 num_delete 0.516454935074
sziluett SNARC dot CD down 10 num_delete 0.38005399704
sziluett SNARC dot CD down 15 num_delete 0.315348148346
sziluett SNARC dot CD down 40 num_delete 0.363584041595
sziluett SNARC dot CD down 30 num_delete 0.338740110397
sziluett SNARC dot CD up 20 lctrl 0.537398815155
sziluett SNARC dot CD up 15 num_delete 0.460844039917
sziluett SNARC dot CD down 40 num_delete 0.450914144516
sziluett SNARC dot CD down 20 num_delete 0.457796096802
sziluett SNARC dot CD up 25 lctrl 0.359673976898
sziluett SNARC dot CD up 25 lctrl 0.373095035553
sziluett SNARC dot CD up 45 lctrl 0.368163108826
sziluett SNARC dot CD up 35 lctrl 0.328218221664
sziluett SNARC dot CD down 45 num_delete 0.411782979965
sziluett SNARC dot CD up 35 lctrl 0.415057182312
sziluett SNARC dot CD up 20 lctrl 0.45365691185
sziluett SNARC dot CD down 20 num_delete 0.345458984375
sziluett SNARC dot CD down 5 num_delete 0.470350980759
sziluett SNARC dot CD up 20 lctrl 0.344091892242
sziluett SNARC dot CD up 5 lctrl 0.464330196381
sziluett SNARC dot CD up 5 lctrl 0.317795038223
sziluett SNARC dot CD down 10 num_delete 0.342906951904
sziluett SNARC dot CD up 5 lctrl 0.389647960663
sziluett SNARC dot CD up 45 lctrl 0.44486784935
sziluett SNARC dot CD up 30 lctrl 0.376499891281
sziluett SNARC dot CD down 5 num_delete 0.466547966003
sziluett SNARC dot CD up 10 lctrl 0.418349981308
sziluett SNARC dot CD up 45 lctrl 0.36359500885
sziluett SNARC dot CD down 10 num_delete 0.34021282196
sziluett SNARC dot CD up 5 lctrl 0.348566055298
sziluett SNARC dot CD down 20 num_delete 0.415493965149
sziluett SNARC dot CD up 15 lctrl 0.340670108795
sziluett SNARC dot CD up 25 lctrl 0.448824882507
sziluett SNARC dot CD up 35 lctrl 0.400523900986
sziluett SNARC dot CD up 45 lctrl 0.439163923264
sziluett SNARC dot CD down 15 num_delete 1.95717310905
sziluett SNARC dot CD down 10 num_delete 0.695846796036
sziluett SNARC dot CD down 30 num_delete 0.64436006546
sziluett SNARC dot CD down 35 num_delete 0.33620595932
sziluett SNARC dot CD down 5 num_delete 0.30632019043
sziluett SNARC dot CD down 5 num_delete 0.386383056641
sziluett SNARC dot CD down 10 num_delete 0.306576967239
sziluett SNARC dot CD up 5 lctrl 0.539962053299
sziluett SNARC dot CD up 30 lctrl 0.293418884277
sziluett SNARC dot CD up 40 lctrl 0.367438077927
sziluett SNARC dot CD down 20 num_delete 0.419203042984
sziluett SNARC dot CD down 10 num_delete 0.345769166946
sziluett SNARC dot CD up 45 lctrl 0.451056957245
sziluett SNARC dot CD down 20 num_delete 0.419511079788
sziluett SNARC dot CD up 25 lctrl 0.367747068405
sziluett SNARC dot CD up 30 lctrl 0.364435911179
sziluett SNARC dot CD up 30 lctrl 0.531108856201
sziluett SNARC dot CD down 30 num_delete 0.377950906754
sziluett SNARC dot CD up 20 lctrl 0.41304898262
sziluett SNARC dot CD down 30 num_delete 0.338124990463
sziluett SNARC dot CD down 40 lctrl 0.21487402916
sziluett SNARC dot CD up 15 lctrl 0.530194997787
sziluett SNARC dot CD down 40 num_delete 0.361685037613
sziluett SNARC dot CD up 30 lctrl 0.336801052094
sziluett SNARC dot CD up 30 lctrl 0.481767177582
sziluett SNARC dot CD up 35 lctrl 0.285305976868
sziluett SNARC dot CD down 15 lctrl 0.418846130371
sziluett SNARC dot CD up 5 lctrl 0.34542798996
sziluett SNARC dot CD down 20 num_delete 0.409154176712
sziluett SNARC dot CD down 35 lctrl 0.219322919846
sziluett SNARC dot CD down 5 num_delete 0.416447162628
sziluett SNARC dot CD down 40 num_delete 0.363161087036
sziluett SNARC dot CD up 45 lctrl 0.643488168716
sziluett SNARC dot CD down 25 num_delete 0.336741924286
sziluett SNARC dot CD down 20 num_delete 0.497071027756
sziluett SNARC dot CD down 45 num_delete 0.360543966293
sziluett SNARC dot CD up 20 lctrl 0.452037811279
sziluett SNARC dot CD up 25 lctrl 0.365498065948
sziluett SNARC dot CD down 35 lctrl 0.362249135971
sziluett SNARC dot CD up 30 lctrl 1.14403891563
sziluett SNARC dot CD down 35 num_delete 0.591297864914
sziluett SNARC dot CD down 40 num_delete 0.486448049545
sziluett SNARC dot CD down 45 num_delete 0.365190029144
sziluett SNARC dot CD down 40 num_delete 0.401784181595
sziluett SNARC dot CD down 40 num_delete 0.365269899368
sziluett SNARC dot CD down 25 num_delete 0.323705911636
sziluett SNARC dot CD up 10 lctrl 0.540761947632
sziluett SNARC dot CD down 35 num_delete 0.562210798264
sziluett SNARC dot CD up 5 lctrl 0.430750846863
sziluett SNARC dot CD down 20 num_delete 0.339108943939
sziluett SNARC dot CD down 40 num_delete 0.3692278862
sziluett SNARC dot CD down 25 num_delete 0.314733028412
sziluett SNARC dot CD down 15 num_delete 0.278387069702
sziluett SNARC dot CD up 20 lctrl 0.4915599823
sziluett SNARC dot CD up 10 lctrl 0.464993000031
sziluett SNARC dot CD down 30 num_delete 0.361757993698
sziluett SNARC dot CD up 30 lctrl 0.451843976974
sziluett SNARC dot CD down 15 num_delete 0.367517948151
sziluett SNARC dot CD up 40 lctrl 0.365732908249
sziluett SNARC dot CD up 15 lctrl 0.41609287262
sziluett SNARC dot CD up 5 lctrl 0.380956172943
sziluett SNARC dot CD down 30 num_delete 0.377639055252
sziluett SNARC dot CD up 10 lctrl 0.39111495018
sziluett SNARC dot CD down 45 num_delete 0.369673013687
sziluett SNARC dot CD down 20 lctrl 0.26828289032
sziluett SNARC dot CD up 45 lctrl 0.4415371418
sziluett SNARC dot CD up 30 lctrl 0.33477306366
sziluett SNARC dot CD up 10 lctrl 0.534816980362
sziluett SNARC dot CD down 15 num_delete 0.380172014236
sziluett SNARC dot CD down 25 num_delete 0.438441038132
sziluett SNARC dot CD up 45 lctrl 0.405446052551
sziluett SNARC dot CD up 25 lctrl 0.485347032547
sziluett SNARC dot CD up 40 lctrl 0.32713508606
sziluett SNARC dot CD up 35 lctrl 0.412217140198
sziluett SNARC dot CD up 10 lctrl 0.315651893616
sziluett SNARC dot CD up 30 lctrl 0.324090003967
sziluett SNARC dot CD down 20 num_delete 0.424391031265
sziluett SNARC dot CD up 45 lctrl 0.43478012085
sziluett SNARC dot CD up 25 lctrl 0.366475105286
sziluett SNARC dot CD down 25 num_delete 0.363188028336
sziluett SNARC dot CD down 5 num_delete 0.418645143509
sziluett SNARC dot CD up 10 lctrl 0.45875787735
sziluett SNARC dot CD up 30 lctrl 0.487173080444
sziluett SNARC dot CD down 35 num_delete 0.405556917191
sziluett SNARC dot CD up 45 lctrl 0.405954122543
sziluett SNARC dot CD down 10 num_delete 0.310867071152
sziluett SNARC dot CD down 15 num_delete 0.389529943466
sziluett SNARC dot CD down 10 num_delete 0.426059007645
sziluett SNARC dot CD down 45 num_delete 0.371361017227
sziluett SNARC dot CD down 40 num_delete 0.369554042816
sziluett SNARC dot CD up 25 lctrl 0.558007001877
sziluett SNARC dot CD down 25 num_delete 0.333104133606
sziluett SNARC dot CD up 10 lctrl 0.494848966599
sziluett SNARC dot CD up 20 num_delete 0.221698045731
sziluett SNARC dot CD up 20 lctrl 0.536916971207
sziluett SNARC dot CD down 20 num_delete 0.383702993393
sziluett SNARC dot CD up 15 lctrl 0.380480051041
sziluett SNARC dot CD up 45 lctrl 0.513784885406
sziluett SNARC dot CD down 25 num_delete 0.4770860672
sziluett SNARC dot CD up 40 lctrl 0.436080932617
sziluett SNARC dot CD up 20 num_delete 0.34451007843
sziluett SNARC dot CD up 40 lctrl 0.438282012939
sziluett SNARC dot CD up 5 lctrl 0.501430988312
sziluett SNARC dot CD down 35 num_delete 0.518147945404
sziluett SNARC dot CD up 25 lctrl 0.595013141632
sziluett SNARC dot CD up 10 lctrl 0.348937988281
sziluett SNARC dot CD down 15 num_delete 0.607469081879
sziluett SNARC dot CD up 25 lctrl 0.372447967529
sziluett SNARC dot CD down 15 num_delete 0.537658929825
sziluett SNARC dot CD down 25 num_delete 0.484205961227
sziluett SNARC dot CD down 35 num_delete 0.555931806564
sziluett SNARC dot CD up 10 lctrl 0.462732076645
sziluett SNARC dot CD down 45 num_delete 0.489784002304
sziluett SNARC dot CD up 5 lctrl 0.503187179565
sziluett SNARC dot CD down 5 num_delete 0.536638975143
sziluett SNARC dot CD up 10 lctrl 0.99690079689
sziluett SNARC dot CD down 40 num_delete 0.370974063873
sziluett SNARC dot CD up 15 lctrl 0.767663955688
sziluett SNARC dot CD up 40 lctrl 0.749228954315
sziluett SNARC dot CD up 15 lctrl 0.416379928589
sziluett SNARC dot CD down 35 num_delete 0.326221942902
sziluett SNARC dot CD down 45 num_delete 0.409868001938
sziluett SNARC dot CD up 10 lctrl 0.429782152176
sziluett SNARC dot CD up 5 num_delete 0.393222808838
sziluett SNARC dot CD up 20 lctrl 0.388559103012
sziluett SNARC dot CD up 5 lctrl 0.501775979996
sziluett SNARC dot CD down 30 num_delete 0.437258958817
sziluett SNARC dot CD down 25 num_delete 0.55899310112
sziluett SNARC dot CD up 25 lctrl 0.525798082352
sziluett SNARC dot CD down 35 num_delete 0.449173927307
sziluett SNARC dot CD up 35 lctrl 0.439564943314
sziluett SNARC dot CD down 25 num_delete 0.407728910446
sziluett SNARC dot CD down 5 num_delete 0.681479930878
sziluett SNARC dot CD up 15 lctrl 0.376962900162
sziluett SNARC dot CD down 15 num_delete 0.275382995605
sziluett SNARC dot CD up 10 num_delete 0.466881990433
sziluett SNARC dot CD down 30 num_delete 0.516929864883
sziluett SNARC dot CD up 35 lctrl 0.325435876846
sziluett SNARC dot CD up 20 lctrl 0.46400308609
sziluett SNARC dot CD down 15 num_delete 0.339081048965
sziluett SNARC dot CD up 35 lctrl 0.447226047516
sziluett SNARC dot CD down 20 num_delete 0.339028120041
sziluett SNARC dot CD up 45 lctrl 0.392961978912
sziluett SNARC dot CD up 25 lctrl 0.369913101196
sziluett SNARC dot CD down 5 num_delete 0.459974050522
sziluett SNARC dot CD up 5 lctrl 0.390064001083
sziluett SNARC dot CD up 15 num_delete 0.270411968231
sziluett SNARC dot CD up 30 lctrl 0.393831014633
sziluett SNARC dot CD up 20 lctrl 0.488845825195
sziluett SNARC dot CD up 40 lctrl 0.368937015533
sziluett SNARC dot CD down 25 num_delete 0.480695962906
sziluett SNARC dot CD up 30 lctrl 0.377423048019
sziluett SNARC dot CD up 10 lctrl 0.390902042389
sziluett SNARC dot CD up 30 lctrl 0.332569122314
sziluett SNARC dot CD up 45 lctrl 0.284497976303
sziluett SNARC dot CD up 40 lctrl 0.327654838562
sziluett SNARC dot CD up 45 lctrl 0.257953882217
sziluett SNARC dot CD up 30 lctrl 0.372701883316
sziluett SNARC dot CD up 5 lctrl 0.266660928726
sziluett SNARC dot CD up 15 lctrl 0.30192899704
sziluett SNARC dot CD down 45 num_delete 0.441832065582
sziluett SNARC dot CD down 30 num_delete 0.373379945755
sziluett SNARC dot CD up 45 lctrl 0.445369958878
sziluett SNARC dot CD up 30 lctrl 0.376839876175
sziluett SNARC dot CD up 30 lctrl 0.296984910965
sziluett SNARC dot CD up 40 lctrl 0.337098121643
sziluett SNARC dot CD up 5 lctrl 0.308723211288
sziluett SNARC dot CD up 15 lctrl 0.34890294075
sziluett SNARC dot CD down 45 num_delete 0.400549888611
sziluett SNARC dot CD down 30 num_delete 0.40380692482
sziluett SNARC dot CD up 40 lctrl 0.482189893723
sziluett SNARC dot CD up 35 lctrl 0.362279176712
sziluett SNARC dot CD down 45 num_delete 0.450911045074
sziluett SNARC dot CD down 35 num_delete 0.365808010101
sziluett SNARC dot CD up 25 lctrl 0.400845050812
sziluett SNARC dot CD down 15 lctrl 0.336591959
sziluett SNARC dot CD down 15 num_delete 0.523656845093
sziluett SNARC dot CD up 35 lctrl 0.410163879395
sziluett SNARC dot CD up 20 num_delete 0.312109947205
sziluett SNARC dot CD down 15 num_delete 0.315526008606
sziluett SNARC dot CD up 5 lctrl 0.342121124268
sziluett SNARC dot CD down 20 num_delete 0.425689935684
sziluett SNARC dot CD up 10 lctrl 0.467159032822
sziluett SNARC dot CD up 10 lctrl 0.648857116699
sziluett SNARC dot CD down 30 num_delete 0.400635004044
sziluett SNARC dot CD up 35 lctrl 0.517384052277
sziluett SNARC dot CD down 5 num_delete 0.342584133148
sziluett SNARC dot CD down 40 num_delete 0.410896062851
sziluett SNARC dot CD down 40 num_delete 0.411253929138
sziluett SNARC dot CD up 45 lctrl 0.413042068481
sziluett SNARC dot CD down 15 num_delete 0.239904165268
sziluett SNARC dot CD down 5 num_delete 0.388024091721
sziluett SNARC dot CD down 25 num_delete 0.828054904938
sziluett SNARC dot CD down 15 num_delete 0.390175819397
sziluett SNARC dot CD up 45 lctrl 0.408629894257
sziluett SNARC dot CD up 25 lctrl 0.373507022858
sziluett SNARC dot CD down 25 num_delete 0.331887960434
sziluett SNARC dot CD up 30 lctrl 0.476891040802
sziluett SNARC dot CD down 25 num_delete 0.488714933395
sziluett SNARC dot CD up 35 lctrl 0.292159080505
sziluett SNARC dot CD down 30 num_delete 0.410552978516
sziluett SNARC dot CD up 10 lctrl 0.352370977402
sziluett SNARC dot CD down 35 num_delete 0.365717172623
sziluett SNARC dot CD up 45 lctrl 0.360991001129
sziluett SNARC dot CD up 25 lctrl 0.644192934036
sziluett SNARC dot CD up 35 lctrl 0.565941095352
sziluett SNARC dot CD down 15 num_delete 0.377921104431
sziluett SNARC dot CD down 25 num_delete 0.426805973053
sziluett SNARC dot CD down 35 num_delete 0.373495101929
sziluett SNARC dot CD down 15 num_delete 0.27059006691
sziluett SNARC dot CD down 45 num_delete 0.367273807526
sziluett SNARC dot CD down 35 num_delete 0.365488052368
sziluett SNARC dot CD down 15 num_delete 0.364539861679
sziluett SNARC dot CD up 40 lctrl 0.401145935059
sziluett SNARC dot CD up 20 lctrl 0.418021917343
