{'participant': u'szitakoto', 'notation': u'dot', 'response_buttons': u'CD', 'range_in_instr': True, 'dateStr': u'04_01_1511', 'autopilot': False, 'exp_id': u'SNARC'}
szitakoto SNARC dot CD down 15 num_delete 7.07113003731
szitakoto SNARC dot CD up 35 lctrl 0.774883985519
szitakoto SNARC dot CD down 40 num_delete 0.601427078247
szitakoto SNARC dot CD down 45 num_delete 0.631510972977
szitakoto SNARC dot CD down 10 num_delete 0.634852170944
szitakoto SNARC dot CD down 15 num_delete 0.482019901276
szitakoto SNARC dot CD up 15 lctrl 0.533272027969
szitakoto SNARC dot CD down 15 num_delete 0.416801929474
szitakoto SNARC dot CD down 5 num_delete 0.458116054535
szitakoto SNARC dot CD up 30 lctrl 0.831084012985
szitakoto SNARC dot CD up 20 lctrl 0.569357872009
szitakoto SNARC dot CD down 15 num_delete 0.574218034744
szitakoto SNARC dot CD down 10 num_delete 0.425812959671
szitakoto SNARC dot CD down 45 num_delete 0.626110076904
szitakoto SNARC dot CD up 35 lctrl 0.680691957474
szitakoto SNARC dot CD up 5 lctrl 0.432333946228
szitakoto SNARC dot CD up 35 lctrl 0.395901918411
szitakoto SNARC dot CD up 20 lctrl 0.375746011734
szitakoto SNARC dot CD down 5 num_delete 0.465529918671
szitakoto SNARC dot CD up 5 lctrl 0.532087087631
szitakoto SNARC dot CD down 35 num_delete 0.400259971619
szitakoto SNARC dot CD up 20 lctrl 0.455372810364
szitakoto SNARC dot CD down 40 num_delete 0.369951963425
szitakoto SNARC dot CD down 20 num_delete 0.420044898987
szitakoto SNARC dot CD down 5 num_delete 0.423060894012
szitakoto SNARC dot CD down 45 num_delete 0.444695949554
szitakoto SNARC dot CD down 15 num_delete 0.391274929047
szitakoto SNARC dot CD up 40 lctrl 0.487545013428
szitakoto SNARC dot CD up 30 lctrl 0.405827045441
szitakoto SNARC dot CD down 30 num_delete 0.445500850677
szitakoto SNARC dot CD down 5 num_delete 0.468743085861
szitakoto SNARC dot CD down 45 num_delete 0.389173030853
szitakoto SNARC dot CD down 45 num_delete 0.407358884811
szitakoto SNARC dot CD up 30 lctrl 0.640209913254
szitakoto SNARC dot CD up 45 lctrl 0.368670940399
szitakoto SNARC dot CD down 40 num_delete 0.519951820374
szitakoto SNARC dot CD down 35 num_delete 0.481482982635
szitakoto SNARC dot CD down 15 num_delete 0.454689979553
szitakoto SNARC dot CD up 25 lctrl 0.597849845886
szitakoto SNARC dot CD up 15 lctrl 0.469569921494
szitakoto SNARC dot CD up 5 lctrl 0.49916601181
szitakoto SNARC dot CD down 25 num_delete 0.553899049759
szitakoto SNARC dot CD down 20 num_delete 0.420776844025
szitakoto SNARC dot CD down 35 num_delete 0.56032705307
szitakoto SNARC dot CD down 40 num_delete 0.526850938797
szitakoto SNARC dot CD up 15 lctrl 0.652308940887
szitakoto SNARC dot CD down 10 num_delete 0.422028064728
szitakoto SNARC dot CD up 15 lctrl 0.346913814545
szitakoto SNARC dot CD down 15 num_delete 0.430222034454
szitakoto SNARC dot CD down 45 num_delete 0.360114097595
szitakoto SNARC dot CD down 45 num_delete 0.360306978226
szitakoto SNARC dot CD up 10 lctrl 0.53191280365
szitakoto SNARC dot CD down 30 num_delete 0.515094995499
szitakoto SNARC dot CD down 45 num_delete 0.436849832535
szitakoto SNARC dot CD down 25 num_delete 0.40659403801
szitakoto SNARC dot CD down 25 num_delete 0.408105134964
szitakoto SNARC dot CD down 40 num_delete 0.447933912277
szitakoto SNARC dot CD up 10 lctrl 0.624424934387
szitakoto SNARC dot CD up 15 lctrl 0.386224031448
szitakoto SNARC dot CD down 25 num_delete 0.405892133713
szitakoto SNARC dot CD up 10 lctrl 0.462445020676
szitakoto SNARC dot CD up 40 lctrl 0.565672159195
szitakoto SNARC dot CD down 35 num_delete 0.478715896606
szitakoto SNARC dot CD down 25 num_delete 0.400619983673
szitakoto SNARC dot CD down 10 num_delete 0.482429981232
szitakoto SNARC dot CD down 5 num_delete 0.340769052505
szitakoto SNARC dot CD down 30 num_delete 0.370605230331
szitakoto SNARC dot CD down 15 num_delete 0.344053983688
szitakoto SNARC dot CD down 45 num_delete 0.335547924042
szitakoto SNARC dot CD up 45 lctrl 0.442033052444
szitakoto SNARC dot CD up 25 lctrl 0.335047006607
szitakoto SNARC dot CD down 10 num_delete 0.458184957504
szitakoto SNARC dot CD down 30 num_delete 0.409662008286
szitakoto SNARC dot CD up 35 lctrl 0.449505090714
szitakoto SNARC dot CD up 10 lctrl 0.45606303215
szitakoto SNARC dot CD down 30 num_delete 0.52251791954
szitakoto SNARC dot CD down 15 num_delete 0.384344100952
szitakoto SNARC dot CD down 45 num_delete 0.32590007782
szitakoto SNARC dot CD down 15 num_delete 0.350867986679
szitakoto SNARC dot CD down 25 num_delete 0.544135093689
szitakoto SNARC dot CD up 35 lctrl 0.488960981369
szitakoto SNARC dot CD up 40 lctrl 0.40713596344
szitakoto SNARC dot CD down 10 num_delete 0.502002954483
szitakoto SNARC dot CD down 10 num_delete 0.343635082245
szitakoto SNARC dot CD down 5 num_delete 0.351810932159
szitakoto SNARC dot CD up 30 lctrl 0.479974985123
szitakoto SNARC dot CD down 5 lctrl 0.354978084564
szitakoto SNARC dot CD down 20 num_delete 0.536529779434
szitakoto SNARC dot CD up 40 lctrl 0.636077880859
szitakoto SNARC dot CD up 25 lctrl 0.442727088928
szitakoto SNARC dot CD down 15 num_delete 0.426135063171
szitakoto SNARC dot CD down 25 num_delete 0.374096155167
szitakoto SNARC dot CD up 45 lctrl 0.599124908447
szitakoto SNARC dot CD up 35 lctrl 0.363780975342
szitakoto SNARC dot CD down 35 num_delete 0.453564167023
szitakoto SNARC dot CD up 25 lctrl 0.48172211647
szitakoto SNARC dot CD down 15 num_delete 0.340062141418
szitakoto SNARC dot CD down 35 num_delete 0.408174991608
szitakoto SNARC dot CD down 30 num_delete 0.371339082718
szitakoto SNARC dot CD down 15 num_delete 0.34632897377
szitakoto SNARC dot CD up 40 lctrl 0.566302061081
szitakoto SNARC dot CD down 20 num_delete 0.571059942245
szitakoto SNARC dot CD up 40 lctrl 0.752264022827
szitakoto SNARC dot CD up 35 lctrl 0.403841972351
szitakoto SNARC dot CD up 5 lctrl 0.383754014969
szitakoto SNARC dot CD up 45 lctrl 0.438733816147
szitakoto SNARC dot CD up 20 lctrl 0.385288000107
szitakoto SNARC dot CD down 25 num_delete 0.481513977051
szitakoto SNARC dot CD up 35 lctrl 0.553017139435
szitakoto SNARC dot CD down 20 num_delete 0.458131074905
szitakoto SNARC dot CD up 5 lctrl 0.466048002243
szitakoto SNARC dot CD down 25 num_delete 0.286015033722
szitakoto SNARC dot CD down 40 num_delete 0.404143095016
szitakoto SNARC dot CD up 45 lctrl 0.365910053253
szitakoto SNARC dot CD up 45 lctrl 0.285786151886
szitakoto SNARC dot CD up 30 lctrl 0.328737020493
szitakoto SNARC dot CD up 35 lctrl 0.33691906929
szitakoto SNARC dot CD down 10 num_delete 0.532208919525
szitakoto SNARC dot CD down 10 num_delete 0.378815174103
szitakoto SNARC dot CD down 25 num_delete 0.375384092331
szitakoto SNARC dot CD down 15 num_delete 0.388600826263
szitakoto SNARC dot CD down 25 num_delete 0.368551015854
szitakoto SNARC dot CD up 40 lctrl 0.518351078033
szitakoto SNARC dot CD up 45 lctrl 0.325101137161
szitakoto SNARC dot CD up 10 lctrl 0.385194063187
szitakoto SNARC dot CD up 35 lctrl 0.326735973358
szitakoto SNARC dot CD down 35 num_delete 0.411588907242
szitakoto SNARC dot CD down 10 num_delete 0.353186130524
szitakoto SNARC dot CD up 45 lctrl 0.403143882751
szitakoto SNARC dot CD down 5 num_delete 0.422931909561
szitakoto SNARC dot CD down 20 num_delete 0.346285820007
szitakoto SNARC dot CD down 5 num_delete 0.355979919434
szitakoto SNARC dot CD up 15 lctrl 0.500804901123
szitakoto SNARC dot CD up 45 lctrl 0.362538099289
szitakoto SNARC dot CD up 10 lctrl 0.470474004745
szitakoto SNARC dot CD up 10 lctrl 0.383647918701
szitakoto SNARC dot CD up 20 lctrl 0.378687858582
szitakoto SNARC dot CD up 15 lctrl 0.353672981262
szitakoto SNARC dot CD down 30 num_delete 0.559816122055
szitakoto SNARC dot CD up 10 lctrl 0.428016901016
szitakoto SNARC dot CD down 45 num_delete 0.360136985779
szitakoto SNARC dot CD up 25 lctrl 0.374783992767
szitakoto SNARC dot CD down 35 num_delete 0.486233949661
szitakoto SNARC dot CD down 35 num_delete 0.40443110466
szitakoto SNARC dot CD up 30 lctrl 0.520934104919
szitakoto SNARC dot CD down 5 num_delete 0.345903158188
szitakoto SNARC dot CD down 25 num_delete 0.337381124496
szitakoto SNARC dot CD up 15 lctrl 0.498893976212
szitakoto SNARC dot CD up 20 lctrl 0.415637969971
szitakoto SNARC dot CD up 20 lctrl 0.378820180893
szitakoto SNARC dot CD down 15 num_delete 0.430241107941
szitakoto SNARC dot CD up 25 lctrl 0.501886129379
szitakoto SNARC dot CD up 30 lctrl 0.441664934158
szitakoto SNARC dot CD up 35 lctrl 0.333248138428
szitakoto SNARC dot CD down 45 num_delete 0.438221931458
szitakoto SNARC dot CD down 35 num_delete 0.356601953506
szitakoto SNARC dot CD up 40 lctrl 0.446393013
szitakoto SNARC dot CD down 5 num_delete 0.392999887466
szitakoto SNARC dot CD down 40 num_delete 0.526098012924
szitakoto SNARC dot CD up 40 lctrl 0.487627029419
szitakoto SNARC dot CD up 5 lctrl 0.499150037766
szitakoto SNARC dot CD down 30 num_delete 0.438957214355
szitakoto SNARC dot CD up 25 lctrl 0.330549955368
szitakoto SNARC dot CD up 35 lctrl 0.377036094666
szitakoto SNARC dot CD up 40 lctrl 0.410348892212
szitakoto SNARC dot CD down 35 num_delete 0.413337945938
szitakoto SNARC dot CD down 35 num_delete 0.440243005753
szitakoto SNARC dot CD down 45 num_delete 0.368654966354
szitakoto SNARC dot CD up 30 lctrl 0.520024061203
szitakoto SNARC dot CD down 25 num_delete 0.366537809372
szitakoto SNARC dot CD up 5 lctrl 0.571421861649
szitakoto SNARC dot CD down 20 num_delete 0.383198022842
szitakoto SNARC dot CD up 35 lctrl 0.364492177963
szitakoto SNARC dot CD down 35 num_delete 0.334794998169
szitakoto SNARC dot CD down 35 num_delete 0.441321849823
szitakoto SNARC dot CD up 30 lctrl 0.404988050461
szitakoto SNARC dot CD down 35 num_delete 0.329920053482
szitakoto SNARC dot CD down 10 num_delete 0.316522121429
szitakoto SNARC dot CD up 25 lctrl 0.401327133179
szitakoto SNARC dot CD up 20 lctrl 0.30313205719
szitakoto SNARC dot CD down 20 num_delete 0.638175010681
szitakoto SNARC dot CD up 30 lctrl 0.446236848831
szitakoto SNARC dot CD up 10 lctrl 0.431136846542
szitakoto SNARC dot CD down 15 num_delete 0.431172132492
szitakoto SNARC dot CD up 40 lctrl 0.324223995209
szitakoto SNARC dot CD down 30 num_delete 0.447346925735
szitakoto SNARC dot CD down 20 num_delete 0.402560949326
szitakoto SNARC dot CD down 45 num_delete 0.364359140396
szitakoto SNARC dot CD up 10 lctrl 0.455702066422
szitakoto SNARC dot CD down 5 lctrl 0.347419023514
szitakoto SNARC dot CD up 45 lctrl 0.63928604126
szitakoto SNARC dot CD down 20 num_delete 0.347602128983
szitakoto SNARC dot CD up 5 lctrl 0.455570936203
szitakoto SNARC dot CD up 15 lctrl 0.462093114853
szitakoto SNARC dot CD up 30 lctrl 0.370748996735
szitakoto SNARC dot CD up 5 lctrl 0.345573186874
szitakoto SNARC dot CD down 35 num_delete 0.477350950241
szitakoto SNARC dot CD up 10 lctrl 0.577641010284
szitakoto SNARC dot CD down 25 num_delete 0.335835933685
szitakoto SNARC dot CD up 40 lctrl 0.825419902802
szitakoto SNARC dot CD down 30 num_delete 0.372159004211
szitakoto SNARC dot CD up 30 lctrl 0.330394029617
szitakoto SNARC dot CD up 20 lctrl 0.453529834747
szitakoto SNARC dot CD down 40 num_delete 0.404999017715
szitakoto SNARC dot CD up 30 lctrl 0.444926023483
szitakoto SNARC dot CD down 15 num_delete 0.428391933441
szitakoto SNARC dot CD down 25 num_delete 0.453040122986
szitakoto SNARC dot CD up 20 lctrl 0.419851064682
szitakoto SNARC dot CD up 10 lctrl 0.384460926056
szitakoto SNARC dot CD down 35 num_delete 0.440932035446
szitakoto SNARC dot CD up 20 lctrl 0.386069059372
szitakoto SNARC dot CD down 45 num_delete 0.365940093994
szitakoto SNARC dot CD up 10 lctrl 0.418972015381
szitakoto SNARC dot CD down 20 num_delete 0.342415809631
szitakoto SNARC dot CD down 10 num_delete 0.428718805313
szitakoto SNARC dot CD up 5 lctrl 0.468559026718
szitakoto SNARC dot CD down 25 num_delete 0.313794136047
szitakoto SNARC dot CD down 10 num_delete 0.393666028976
szitakoto SNARC dot CD up 5 lctrl 0.466899871826
szitakoto SNARC dot CD up 20 lctrl 0.378694057465
szitakoto SNARC dot CD up 40 lctrl 0.375163078308
szitakoto SNARC dot CD down 45 num_delete 0.716463088989
szitakoto SNARC dot CD up 25 lctrl 0.44122505188
szitakoto SNARC dot CD down 10 num_delete 0.349503993988
szitakoto SNARC dot CD down 40 num_delete 0.401006937027
szitakoto SNARC dot CD up 35 lctrl 0.402597904205
szitakoto SNARC dot CD up 10 lctrl 0.382466077805
szitakoto SNARC dot CD up 40 lctrl 0.40057015419
szitakoto SNARC dot CD down 40 num_delete 0.427430152893
szitakoto SNARC dot CD up 40 lctrl 0.525832891464
szitakoto SNARC dot CD up 45 lctrl 0.410665988922
szitakoto SNARC dot CD down 45 num_delete 0.450562953949
szitakoto SNARC dot CD up 15 lctrl 0.418842077255
szitakoto SNARC dot CD up 5 lctrl 0.383498191833
szitakoto SNARC dot CD up 40 lctrl 0.401623010635
szitakoto SNARC dot CD down 5 num_delete 0.458126068115
szitakoto SNARC dot CD down 20 num_delete 0.424931049347
szitakoto SNARC dot CD down 15 num_delete 0.389630794525
szitakoto SNARC dot CD down 10 num_delete 0.386133909225
szitakoto SNARC dot CD up 25 lctrl 0.46796298027
szitakoto SNARC dot CD up 40 lctrl 0.364531040192
szitakoto SNARC dot CD down 25 num_delete 0.454351186752
szitakoto SNARC dot CD down 35 num_delete 0.367606878281
szitakoto SNARC dot CD down 40 num_delete 0.364211082458
szitakoto SNARC dot CD up 25 lctrl 0.530694007874
szitakoto SNARC dot CD down 15 num_delete 0.315873861313
szitakoto SNARC dot CD up 25 lctrl 0.3637778759
szitakoto SNARC dot CD up 20 lctrl 0.37698507309
szitakoto SNARC dot CD down 5 num_delete 0.351821899414
szitakoto SNARC dot CD down 25 num_delete 0.365148067474
szitakoto SNARC dot CD down 35 num_delete 0.361658096313
szitakoto SNARC dot CD down 10 num_delete 0.429955005646
szitakoto SNARC dot CD down 45 num_delete 0.375056028366
szitakoto SNARC dot CD down 20 num_delete 0.311665773392
szitakoto SNARC dot CD up 30 lctrl 0.376337051392
szitakoto SNARC dot CD up 30 lctrl 0.372995138168
szitakoto SNARC dot CD down 5 num_delete 0.386121988297
szitakoto SNARC dot CD down 15 num_delete 0.342885971069
szitakoto SNARC dot CD down 5 num_delete 0.54412484169
szitakoto SNARC dot CD down 15 num_delete 0.350975990295
szitakoto SNARC dot CD down 20 num_delete 0.342578887939
szitakoto SNARC dot CD up 5 lctrl 0.39060997963
szitakoto SNARC dot CD down 40 num_delete 0.370421171188
szitakoto SNARC dot CD up 45 lctrl 0.288921833038
szitakoto SNARC dot CD up 40 lctrl 0.408583164215
szitakoto SNARC dot CD up 15 lctrl 0.388391017914
szitakoto SNARC dot CD down 25 num_delete 0.444900989532
szitakoto SNARC dot CD down 35 num_delete 0.374779939651
szitakoto SNARC dot CD up 15 lctrl 0.386568069458
szitakoto SNARC dot CD down 15 num_delete 0.46114397049
szitakoto SNARC dot CD up 35 lctrl 0.336103916168
szitakoto SNARC dot CD down 15 num_delete 0.305948972702
szitakoto SNARC dot CD up 20 lctrl 0.307744979858
szitakoto SNARC dot CD up 20 lctrl 0.387546062469
szitakoto SNARC dot CD up 40 lctrl 0.330452919006
szitakoto SNARC dot CD up 20 lctrl 0.300354003906
szitakoto SNARC dot CD down 15 num_delete 0.378736019135
szitakoto SNARC dot CD up 45 num_delete 0.336930036545
szitakoto SNARC dot CD down 40 num_delete 0.406545877457
szitakoto SNARC dot CD down 40 num_delete 0.408139944077
szitakoto SNARC dot CD up 45 lctrl 0.331614017487
szitakoto SNARC dot CD down 10 num_delete 0.379559993744
szitakoto SNARC dot CD down 5 num_delete 0.469455003738
szitakoto SNARC dot CD up 5 lctrl 0.344369888306
szitakoto SNARC dot CD down 25 num_delete 0.374176025391
szitakoto SNARC dot CD down 25 num_delete 0.409041881561
szitakoto SNARC dot CD down 10 num_delete 0.465643882751
szitakoto SNARC dot CD down 20 num_delete 0.798921108246
szitakoto SNARC dot CD up 35 lctrl 0.55530500412
szitakoto SNARC dot CD down 45 num_delete 0.362486839294
szitakoto SNARC dot CD down 45 num_delete 0.988825082779
szitakoto SNARC dot CD up 40 lctrl 0.332055807114
szitakoto SNARC dot CD down 25 num_delete 0.323611974716
szitakoto SNARC dot CD up 30 lctrl 0.318844795227
szitakoto SNARC dot CD up 30 lctrl 0.403661966324
szitakoto SNARC dot CD up 45 lctrl 0.327050209045
szitakoto SNARC dot CD up 40 lctrl 0.335316896439
szitakoto SNARC dot CD down 40 num_delete 0.366567850113
szitakoto SNARC dot CD down 15 num_delete 0.303155183792
szitakoto SNARC dot CD down 15 num_delete 0.344794988632
szitakoto SNARC dot CD down 30 num_delete 0.412920951843
szitakoto SNARC dot CD down 30 num_delete 0.376155853271
szitakoto SNARC dot CD down 35 num_delete 0.372668981552
szitakoto SNARC dot CD down 45 num_delete 0.367776870728
szitakoto SNARC dot CD down 10 num_delete 0.459131002426
szitakoto SNARC dot CD up 10 lctrl 0.542289018631
szitakoto SNARC dot CD up 30 lctrl 0.563812017441
szitakoto SNARC dot CD up 20 lctrl 0.568623065948
szitakoto SNARC dot CD down 30 num_delete 0.403542041779
szitakoto SNARC dot CD up 5 lctrl 0.421774864197
szitakoto SNARC dot CD up 35 lctrl 0.406597137451
szitakoto SNARC dot CD down 20 num_delete 0.423310995102
szitakoto SNARC dot CD up 5 lctrl 0.503009080887
szitakoto SNARC dot CD up 30 lctrl 0.442800998688
szitakoto SNARC dot CD up 5 lctrl 0.312817811966
szitakoto SNARC dot CD up 35 lctrl 0.486294031143
szitakoto SNARC dot CD down 10 num_delete 0.382857084274
szitakoto SNARC dot CD up 20 lctrl 0.377948999405
szitakoto SNARC dot CD down 40 num_delete 0.374425888062
szitakoto SNARC dot CD down 5 num_delete 0.35084104538
szitakoto SNARC dot CD up 30 lctrl 0.440731048584
szitakoto SNARC dot CD down 25 num_delete 0.293943166733
szitakoto SNARC dot CD down 20 num_delete 0.680418968201
szitakoto SNARC dot CD down 10 num_delete 0.393691062927
szitakoto SNARC dot CD up 45 lctrl 0.333702087402
szitakoto SNARC dot CD up 30 lctrl 0.365047931671
szitakoto SNARC dot CD up 5 lctrl 0.301653862
szitakoto SNARC dot CD up 35 lctrl 0.364747047424
szitakoto SNARC dot CD down 25 num_delete 0.552829027176
szitakoto SNARC dot CD down 10 num_delete 0.44649887085
szitakoto SNARC dot CD up 25 lctrl 0.49134683609
szitakoto SNARC dot CD down 15 num_delete 0.309900045395
szitakoto SNARC dot CD up 5 lctrl 0.386648893356
szitakoto SNARC dot CD up 30 lctrl 0.404789924622
szitakoto SNARC dot CD down 25 num_delete 0.43169593811
szitakoto SNARC dot CD up 40 lctrl 0.399938821793
szitakoto SNARC dot CD down 10 num_delete 0.30318903923
szitakoto SNARC dot CD up 10 lctrl 0.268098115921
szitakoto SNARC dot CD up 30 lctrl 0.402904033661
szitakoto SNARC dot CD down 30 lctrl 0.327819108963
szitakoto SNARC dot CD up 30 lctrl 0.554809093475
szitakoto SNARC dot CD up 25 lctrl 0.406388044357
szitakoto SNARC dot CD down 10 num_delete 0.424674034119
szitakoto SNARC dot CD up 45 lctrl 0.293078184128
szitakoto SNARC dot CD up 5 lctrl 0.391128063202
szitakoto SNARC dot CD up 20 lctrl 0.386250019073
szitakoto SNARC dot CD down 20 num_delete 0.344408988953
szitakoto SNARC dot CD up 15 lctrl 0.314352989197
szitakoto SNARC dot CD down 30 num_delete 0.285716056824
szitakoto SNARC dot CD down 20 num_delete 0.444497108459
szitakoto SNARC dot CD up 20 lctrl 0.452431201935
szitakoto SNARC dot CD up 40 lctrl 0.403980016708
szitakoto SNARC dot CD down 25 num_delete 0.32891201973
szitakoto SNARC dot CD down 5 num_delete 0.315588951111
szitakoto SNARC dot CD down 40 num_delete 0.400417089462
szitakoto SNARC dot CD down 45 num_delete 0.323939800262
szitakoto SNARC dot CD up 5 lctrl 0.426894187927
szitakoto SNARC dot CD up 45 lctrl 0.333647966385
szitakoto SNARC dot CD up 30 lctrl 0.364959955215
szitakoto SNARC dot CD up 20 lctrl 0.300304174423
{'participant': u'szitakoto', 'notation': u'arabic', 'response_buttons': u'CD', 'range_in_instr': True, 'dateStr': u'04_01_1520', 'autopilot': False, 'exp_id': u'SNARC'}
szitakoto SNARC arabic CD up 3 lctrl 1.04190921783
szitakoto SNARC arabic CD up 6 lctrl 0.464038848877
szitakoto SNARC arabic CD up 2 lctrl 0.493611097336
szitakoto SNARC arabic CD down 6 num_delete 0.466787099838
szitakoto SNARC arabic CD down 9 num_delete 0.495048999786
szitakoto SNARC arabic CD up 6 lctrl 0.391639947891
szitakoto SNARC arabic CD down 4 num_delete 0.349853992462
szitakoto SNARC arabic CD up 9 lctrl 0.418030023575
szitakoto SNARC arabic CD up 6 lctrl 0.38129401207
szitakoto SNARC arabic CD down 8 num_delete 0.394541025162
szitakoto SNARC arabic CD down 2 num_delete 0.467699050903
szitakoto SNARC arabic CD up 1 lctrl 0.419286966324
szitakoto SNARC arabic CD up 4 lctrl 0.382463932037
szitakoto SNARC arabic CD up 4 lctrl 0.34071803093
szitakoto SNARC arabic CD up 7 lctrl 0.349057912827
szitakoto SNARC arabic CD up 2 lctrl 0.378821134567
szitakoto SNARC arabic CD up 7 lctrl 0.315358877182
szitakoto SNARC arabic CD up 4 lctrl 0.3402531147
szitakoto SNARC arabic CD up 9 lctrl 0.348485946655
szitakoto SNARC arabic CD down 1 num_delete 0.340047836304
szitakoto SNARC arabic CD up 2 lctrl 0.501507997513
szitakoto SNARC arabic CD down 8 num_delete 0.266616106033
szitakoto SNARC arabic CD down 3 num_delete 0.341369867325
szitakoto SNARC arabic CD up 2 lctrl 0.426321983337
szitakoto SNARC arabic CD down 8 num_delete 0.274611949921
szitakoto SNARC arabic CD down 6 num_delete 0.311187028885
szitakoto SNARC arabic CD down 5 num_delete 0.314496994019
szitakoto SNARC arabic CD down 4 num_delete 0.304652929306
szitakoto SNARC arabic CD down 9 num_delete 0.346268892288
szitakoto SNARC arabic CD down 3 num_delete 0.354540109634
szitakoto SNARC arabic CD up 4 lctrl 0.422811985016
szitakoto SNARC arabic CD down 9 num_delete 0.309401988983
szitakoto SNARC arabic CD down 9 num_delete 0.350935220718
szitakoto SNARC arabic CD down 6 num_delete 0.342553853989
szitakoto SNARC arabic CD up 7 lctrl 0.389093160629
szitakoto SNARC arabic CD up 8 lctrl 0.419396162033
szitakoto SNARC arabic CD up 7 lctrl 0.30601811409
szitakoto SNARC arabic CD down 5 lctrl 0.309201955795
szitakoto SNARC arabic CD down 1 num_delete 0.695719957352
szitakoto SNARC arabic CD up 4 lctrl 0.852119207382
szitakoto SNARC arabic CD down 8 num_delete 0.30094408989
szitakoto SNARC arabic CD down 6 num_delete 0.329524040222
szitakoto SNARC arabic CD down 6 num_delete 0.316043138504
szitakoto SNARC arabic CD up 6 num_delete 0.379359006882
szitakoto SNARC arabic CD up 9 lctrl 0.584182024002
szitakoto SNARC arabic CD down 4 num_delete 0.495678901672
szitakoto SNARC arabic CD up 3 lctrl 0.353917121887
szitakoto SNARC arabic CD up 8 lctrl 0.383908033371
szitakoto SNARC arabic CD down 3 num_delete 0.38032913208
szitakoto SNARC arabic CD up 2 lctrl 0.470192909241
szitakoto SNARC arabic CD down 5 num_delete 0.345191001892
szitakoto SNARC arabic CD up 2 lctrl 0.315106868744
szitakoto SNARC arabic CD down 8 num_delete 0.263345956802
szitakoto SNARC arabic CD up 4 lctrl 0.278241872787
szitakoto SNARC arabic CD down 5 num_delete 0.276467084885
szitakoto SNARC arabic CD down 2 num_delete 0.619588851929
szitakoto SNARC arabic CD up 5 lctrl 0.689619064331
szitakoto SNARC arabic CD up 1 lctrl 0.539477825165
szitakoto SNARC arabic CD down 5 num_delete 0.347776889801
szitakoto SNARC arabic CD up 7 lctrl 0.841203927994
szitakoto SNARC arabic CD down 1 num_delete 0.387881040573
szitakoto SNARC arabic CD up 7 lctrl 0.461130857468
szitakoto SNARC arabic CD up 3 lctrl 0.429317951202
szitakoto SNARC arabic CD up 5 lctrl 0.315927028656
szitakoto SNARC arabic CD up 1 lctrl 0.340831041336
szitakoto SNARC arabic CD down 7 num_delete 0.425798892975
szitakoto SNARC arabic CD up 3 lctrl 0.427290916443
szitakoto SNARC arabic CD down 1 num_delete 0.352257966995
szitakoto SNARC arabic CD down 1 num_delete 0.382161140442
szitakoto SNARC arabic CD down 6 num_delete 0.34045290947
szitakoto SNARC arabic CD down 5 num_delete 0.310404062271
szitakoto SNARC arabic CD up 2 lctrl 0.581868886948
szitakoto SNARC arabic CD up 2 lctrl 0.493411064148
szitakoto SNARC arabic CD down 5 num_delete 0.351852178574
szitakoto SNARC arabic CD down 4 num_delete 0.343434810638
szitakoto SNARC arabic CD up 1 lctrl 0.466581821442
szitakoto SNARC arabic CD up 1 lctrl 0.341546058655
szitakoto SNARC arabic CD down 8 num_delete 0.311444044113
szitakoto SNARC arabic CD down 6 num_delete 0.352998971939
szitakoto SNARC arabic CD up 8 lctrl 0.459558963776
szitakoto SNARC arabic CD up 9 lctrl 0.351155996323
szitakoto SNARC arabic CD up 5 lctrl 0.414831876755
szitakoto SNARC arabic CD down 3 num_delete 0.45472407341
szitakoto SNARC arabic CD up 5 lctrl 0.346442937851
szitakoto SNARC arabic CD up 1 lctrl 0.392858028412
szitakoto SNARC arabic CD down 8 num_delete 0.312813043594
szitakoto SNARC arabic CD down 4 num_delete 0.316067934036
szitakoto SNARC arabic CD up 2 lctrl 0.494304895401
szitakoto SNARC arabic CD down 4 num_delete 0.352581977844
szitakoto SNARC arabic CD up 1 lctrl 0.305780887604
szitakoto SNARC arabic CD down 8 num_delete 0.309066057205
szitakoto SNARC arabic CD up 9 lctrl 0.273945093155
szitakoto SNARC arabic CD up 5 lctrl 0.387223005295
szitakoto SNARC arabic CD down 1 num_delete 0.3070499897
szitakoto SNARC arabic CD down 3 num_delete 0.310288906097
szitakoto SNARC arabic CD down 2 num_delete 0.313525915146
szitakoto SNARC arabic CD down 6 num_delete 0.31674695015
szitakoto SNARC arabic CD up 5 lctrl 0.456566095352
szitakoto SNARC arabic CD down 3 num_delete 0.271584033966
szitakoto SNARC arabic CD down 4 num_delete 0.38479590416
szitakoto SNARC arabic CD up 4 lctrl 0.419612169266
szitakoto SNARC arabic CD up 2 lctrl 0.497920036316
szitakoto SNARC arabic CD down 6 num_delete 0.279765844345
szitakoto SNARC arabic CD up 7 lctrl 0.392634153366
szitakoto SNARC arabic CD down 3 num_delete 0.235962867737
szitakoto SNARC arabic CD up 3 lctrl 0.382444858551
szitakoto SNARC arabic CD down 8 num_delete 0.264039039612
szitakoto SNARC arabic CD up 4 lctrl 0.279028892517
szitakoto SNARC arabic CD down 2 num_delete 0.353864192963
szitakoto SNARC arabic CD down 8 num_delete 0.536933898926
szitakoto SNARC arabic CD up 6 lctrl 0.345362901688
szitakoto SNARC arabic CD up 2 num_delete 0.276839017868
szitakoto SNARC arabic CD up 8 lctrl 0.658271789551
szitakoto SNARC arabic CD up 9 lctrl 0.311583042145
szitakoto SNARC arabic CD down 9 num_delete 0.353126049042
szitakoto SNARC arabic CD down 8 num_delete 0.383026123047
szitakoto SNARC arabic CD up 8 lctrl 0.341269016266
szitakoto SNARC arabic CD up 6 lctrl 0.387786865234
szitakoto SNARC arabic CD up 7 lctrl 0.384289979935
szitakoto SNARC arabic CD down 5 num_delete 0.687440872192
szitakoto SNARC arabic CD down 7 num_delete 0.384056806564
szitakoto SNARC arabic CD down 2 num_delete 0.342325925827
szitakoto SNARC arabic CD down 2 num_delete 0.312274932861
szitakoto SNARC arabic CD down 1 num_delete 0.392178058624
szitakoto SNARC arabic CD up 2 lctrl 0.618593931198
szitakoto SNARC arabic CD down 3 lctrl 0.420289039612
szitakoto SNARC arabic CD up 2 lctrl 0.383468866348
szitakoto SNARC arabic CD down 7 num_delete 0.418354034424
szitakoto SNARC arabic CD down 1 num_delete 0.420023918152
szitakoto SNARC arabic CD down 7 num_delete 0.421710968018
szitakoto SNARC arabic CD up 1 lctrl 0.729808092117
szitakoto SNARC arabic CD up 8 lctrl 0.316471815109
szitakoto SNARC arabic CD up 3 lctrl 0.379699230194
szitakoto SNARC arabic CD down 5 num_delete 0.316331863403
szitakoto SNARC arabic CD up 8 lctrl 0.532788991928
szitakoto SNARC arabic CD down 9 num_delete 0.302751064301
szitakoto SNARC arabic CD up 6 lctrl 0.650892019272
szitakoto SNARC arabic CD up 9 lctrl 0.38094997406
szitakoto SNARC arabic CD up 6 lctrl 0.355789899826
szitakoto SNARC arabic CD up 3 lctrl 0.347311019897
szitakoto SNARC arabic CD down 8 num_delete 0.470464944839
szitakoto SNARC arabic CD down 4 num_delete 0.422117948532
szitakoto SNARC arabic CD down 8 num_delete 0.34706902504
szitakoto SNARC arabic CD up 6 lctrl 0.431986093521
szitakoto SNARC arabic CD up 7 lctrl 0.455153226852
szitakoto SNARC arabic CD up 6 lctrl 0.342224836349
szitakoto SNARC arabic CD up 1 lctrl 0.312229156494
szitakoto SNARC arabic CD down 2 num_delete 0.315349817276
szitakoto SNARC arabic CD down 7 num_delete 0.340229034424
szitakoto SNARC arabic CD up 7 lctrl 0.463414907455
szitakoto SNARC arabic CD up 1 lctrl 0.393337011337
szitakoto SNARC arabic CD up 4 lctrl 0.351585149765
szitakoto SNARC arabic CD up 6 lctrl 0.343167066574
szitakoto SNARC arabic CD down 9 num_delete 0.351285934448
szitakoto SNARC arabic CD up 7 lctrl 0.457875013351
szitakoto SNARC arabic CD down 9 num_delete 0.268314838409
szitakoto SNARC arabic CD down 6 num_delete 0.419806003571
szitakoto SNARC arabic CD up 1 lctrl 0.378524065018
szitakoto SNARC arabic CD down 8 num_delete 0.272294044495
szitakoto SNARC arabic CD up 7 lctrl 0.423802852631
szitakoto SNARC arabic CD down 2 num_delete 0.272140979767
szitakoto SNARC arabic CD up 3 lctrl 0.270395040512
szitakoto SNARC arabic CD up 3 lctrl 0.417326927185
szitakoto SNARC arabic CD down 1 num_delete 0.303958177567
szitakoto SNARC arabic CD down 3 num_delete 0.383988857269
szitakoto SNARC arabic CD down 5 num_delete 0.290951013565
szitakoto SNARC arabic CD up 3 lctrl 0.349117040634
szitakoto SNARC arabic CD down 5 num_delete 0.30237197876
szitakoto SNARC arabic CD up 4 lctrl 0.267314910889
szitakoto SNARC arabic CD down 5 num_delete 0.265581130981
szitakoto SNARC arabic CD down 3 num_delete 0.570369958878
szitakoto SNARC arabic CD up 1 lctrl 0.294105052948
szitakoto SNARC arabic CD down 8 lctrl 0.390571117401
szitakoto SNARC arabic CD up 4 lctrl 0.540515899658
szitakoto SNARC arabic CD down 5 num_delete 0.34872508049
szitakoto SNARC arabic CD down 4 num_delete 0.340297937393
szitakoto SNARC arabic CD up 9 lctrl 0.540148973465
szitakoto SNARC arabic CD up 3 num_delete 0.539962053299
szitakoto SNARC arabic CD up 7 lctrl 0.846525907516
szitakoto SNARC arabic CD up 3 lctrl 0.354851961136
szitakoto SNARC arabic CD up 3 lctrl 0.346361875534
szitakoto SNARC arabic CD up 2 num_delete 0.354541063309
szitakoto SNARC arabic CD up 7 lctrl 0.486575126648
szitakoto SNARC arabic CD up 8 lctrl 0.421341896057
szitakoto SNARC arabic CD down 4 num_delete 0.49954199791
szitakoto SNARC arabic CD up 5 lctrl 0.379482984543
szitakoto SNARC arabic CD down 9 num_delete 0.545909881592
szitakoto SNARC arabic CD up 8 lctrl 0.392498970032
szitakoto SNARC arabic CD up 2 lctrl 0.389152050018
szitakoto SNARC arabic CD up 1 lctrl 0.270628929138
szitakoto SNARC arabic CD up 4 lctrl 0.302610874176
szitakoto SNARC arabic CD down 9 num_delete 0.459148168564
szitakoto SNARC arabic CD up 4 lctrl 0.427339076996
szitakoto SNARC arabic CD down 5 num_delete 0.428880929947
szitakoto SNARC arabic CD down 8 num_delete 0.455852985382
szitakoto SNARC arabic CD up 7 lctrl 0.385680913925
szitakoto SNARC arabic CD down 7 lctrl 0.38222694397
szitakoto SNARC arabic CD up 3 lctrl 0.455358028412
szitakoto SNARC arabic CD down 2 num_delete 0.346991062164
szitakoto SNARC arabic CD up 2 lctrl 0.776690006256
szitakoto SNARC arabic CD up 2 lctrl 0.428390979767
szitakoto SNARC arabic CD up 6 lctrl 0.391555786133
szitakoto SNARC arabic CD up 5 lctrl 0.349770069122
szitakoto SNARC arabic CD up 3 lctrl 0.413408994675
szitakoto SNARC arabic CD down 1 num_delete 0.354879140854
szitakoto SNARC arabic CD down 3 num_delete 0.371835947037
szitakoto SNARC arabic CD down 2 num_delete 0.372087955475
szitakoto SNARC arabic CD down 3 num_delete 0.385325908661
szitakoto SNARC arabic CD up 4 lctrl 0.38191986084
szitakoto SNARC arabic CD down 9 num_delete 0.416861057281
szitakoto SNARC arabic CD down 4 num_delete 0.494992017746
szitakoto SNARC arabic CD up 2 lctrl 0.468209981918
szitakoto SNARC arabic CD up 8 lctrl 0.419857978821
szitakoto SNARC arabic CD down 3 num_delete 0.421355962753
szitakoto SNARC arabic CD down 4 num_delete 0.371606826782
szitakoto SNARC arabic CD up 9 lctrl 0.384769916534
szitakoto SNARC arabic CD up 7 lctrl 0.343018054962
szitakoto SNARC arabic CD down 8 num_delete 0.427882909775
szitakoto SNARC arabic CD down 6 num_delete 0.352901935577
szitakoto SNARC arabic CD down 7 num_delete 0.344455003738
szitakoto SNARC arabic CD up 6 lctrl 0.582510948181
szitakoto SNARC arabic CD up 2 lctrl 0.417505979538
szitakoto SNARC arabic CD up 7 lctrl 0.34240603447
szitakoto SNARC arabic CD down 1 num_delete 0.350629091263
szitakoto SNARC arabic CD up 9 lctrl 0.457148075104
szitakoto SNARC arabic CD up 2 lctrl 0.425352096558
szitakoto SNARC arabic CD up 5 lctrl 0.350239992142
szitakoto SNARC arabic CD up 7 lctrl 0.341901063919
szitakoto SNARC arabic CD up 6 lctrl 0.311722993851
szitakoto SNARC arabic CD down 3 num_delete 0.41688990593
szitakoto SNARC arabic CD up 2 lctrl 0.380204916
szitakoto SNARC arabic CD down 7 num_delete 0.355097055435
szitakoto SNARC arabic CD down 7 num_delete 0.385016918182
szitakoto SNARC arabic CD down 2 num_delete 0.343302965164
szitakoto SNARC arabic CD up 4 lctrl 0.428225040436
szitakoto SNARC arabic CD up 6 lctrl 0.391407012939
szitakoto SNARC arabic CD up 3 lctrl 0.349730014801
szitakoto SNARC arabic CD down 5 num_delete 0.417850017548
szitakoto SNARC arabic CD up 4 lctrl 0.419602155685
szitakoto SNARC arabic CD down 2 num_delete 0.344423055649
szitakoto SNARC arabic CD down 4 num_delete 0.352643966675
szitakoto SNARC arabic CD up 5 lctrl 0.420792102814
szitakoto SNARC arabic CD down 4 num_delete 0.307376861572
szitakoto SNARC arabic CD down 1 num_delete 0.349039077759
szitakoto SNARC arabic CD up 7 lctrl 0.37890791893
szitakoto SNARC arabic CD up 1 lctrl 0.349323987961
szitakoto SNARC arabic CD down 3 num_delete 0.417366981506
szitakoto SNARC arabic CD down 6 num_delete 0.457298994064
szitakoto SNARC arabic CD up 5 lctrl 0.463932037354
szitakoto SNARC arabic CD down 8 num_delete 0.393815994263
szitakoto SNARC arabic CD down 9 num_delete 0.390339851379
szitakoto SNARC arabic CD up 9 lctrl 0.348631858826
szitakoto SNARC arabic CD down 2 num_delete 0.378518104553
szitakoto SNARC arabic CD up 2 lctrl 0.27684211731
szitakoto SNARC arabic CD up 4 lctrl 0.390074968338
szitakoto SNARC arabic CD up 5 lctrl 0.348242044449
szitakoto SNARC arabic CD down 1 num_delete 0.339807033539
szitakoto SNARC arabic CD up 3 num_delete 0.386408805847
szitakoto SNARC arabic CD up 3 lctrl 0.536276102066
szitakoto SNARC arabic CD down 9 num_delete 0.497845888138
szitakoto SNARC arabic CD up 5 lctrl 0.356073856354
szitakoto SNARC arabic CD up 9 lctrl 0.309305906296
szitakoto SNARC arabic CD up 6 lctrl 0.350875139236
szitakoto SNARC arabic CD down 7 num_delete 0.419140100479
szitakoto SNARC arabic CD up 6 lctrl 0.382307767868
szitakoto SNARC arabic CD up 3 lctrl 0.378919124603
szitakoto SNARC arabic CD down 9 num_delete 0.392116069794
szitakoto SNARC arabic CD down 1 num_delete 0.541952848434
szitakoto SNARC arabic CD up 9 lctrl 0.350297927856
szitakoto SNARC arabic CD down 8 num_delete 0.303537130356
szitakoto SNARC arabic CD down 5 num_delete 0.460036039352
szitakoto SNARC arabic CD down 1 num_delete 0.389985799789
szitakoto SNARC arabic CD down 6 num_delete 0.348278999329
szitakoto SNARC arabic CD down 8 num_delete 0.339825153351
szitakoto SNARC arabic CD up 1 lctrl 0.45851111412
szitakoto SNARC arabic CD up 8 lctrl 0.465096950531
szitakoto SNARC arabic CD up 8 lctrl 0.608196973801
szitakoto SNARC arabic CD down 5 num_delete 0.426456928253
szitakoto SNARC arabic CD up 7 lctrl 0.734519004822
szitakoto SNARC arabic CD up 6 lctrl 0.381197929382
szitakoto SNARC arabic CD down 4 num_delete 0.466500043869
szitakoto SNARC arabic CD up 4 lctrl 0.456456899643
szitakoto SNARC arabic CD down 1 lctrl 0.386252164841
szitakoto SNARC arabic CD down 7 num_delete 0.651020050049
szitakoto SNARC arabic CD up 6 lctrl 0.419315814972
szitakoto SNARC arabic CD down 9 num_delete 0.804085016251
szitakoto SNARC arabic CD down 5 num_delete 0.384196043015
szitakoto SNARC arabic CD down 6 num_delete 0.342444896698
szitakoto SNARC arabic CD up 6 lctrl 0.350739955902
szitakoto SNARC arabic CD up 6 lctrl 0.342268228531
szitakoto SNARC arabic CD down 9 num_delete 0.388879060745
szitakoto SNARC arabic CD down 3 num_delete 0.347041845322
szitakoto SNARC arabic CD down 7 num_delete 0.355341911316
szitakoto SNARC arabic CD down 9 num_delete 0.372235059738
szitakoto SNARC arabic CD up 9 lctrl 0.347151041031
szitakoto SNARC arabic CD down 2 num_delete 0.393651008606
szitakoto SNARC arabic CD up 8 lctrl 0.390223026276
szitakoto SNARC arabic CD up 8 lctrl 0.310168027878
szitakoto SNARC arabic CD down 2 num_delete 0.504893064499
szitakoto SNARC arabic CD down 3 num_delete 0.38489484787
szitakoto SNARC arabic CD up 5 lctrl 0.611476898193
szitakoto SNARC arabic CD down 9 num_delete 0.429646968842
szitakoto SNARC arabic CD up 4 lctrl 0.303309202194
szitakoto SNARC arabic CD down 1 num_delete 0.459759950638
szitakoto SNARC arabic CD down 7 num_delete 0.428037166595
szitakoto SNARC arabic CD up 1 lctrl 0.429556846619
szitakoto SNARC arabic CD down 1 num_delete 0.316166162491
szitakoto SNARC arabic CD up 1 lctrl 0.379395961761
szitakoto SNARC arabic CD down 5 num_delete 0.430970191956
szitakoto SNARC arabic CD down 9 num_delete 0.394157886505
szitakoto SNARC arabic CD down 7 num_delete 0.352429866791
szitakoto SNARC arabic CD up 3 lctrl 0.305683851242
szitakoto SNARC arabic CD up 2 lctrl 0.385547161102
szitakoto SNARC arabic CD up 6 lctrl 0.343772888184
szitakoto SNARC arabic CD down 8 num_delete 0.351938009262
szitakoto SNARC arabic CD down 5 num_delete 0.381814002991
szitakoto SNARC arabic CD down 5 num_delete 0.340116977692
szitakoto SNARC arabic CD down 4 num_delete 0.348426818848
szitakoto SNARC arabic CD down 8 num_delete 0.339949846268
szitakoto SNARC arabic CD up 5 lctrl 0.348254919052
szitakoto SNARC arabic CD down 4 num_delete 0.41647195816
szitakoto SNARC arabic CD up 7 lctrl 0.264752864838
szitakoto SNARC arabic CD up 6 lctrl 0.432903051376
szitakoto SNARC arabic CD up 5 lctrl 0.302879095078
szitakoto SNARC arabic CD down 1 num_delete 0.421057939529
szitakoto SNARC arabic CD up 2 lctrl 0.269361019135
szitakoto SNARC arabic CD down 8 num_delete 0.344295024872
szitakoto SNARC arabic CD down 1 num_delete 0.390827894211
szitakoto SNARC arabic CD up 2 lctrl 0.387362003326
szitakoto SNARC arabic CD down 4 num_delete 0.307330131531
szitakoto SNARC arabic CD up 7 lctrl 0.272195100784
szitakoto SNARC arabic CD up 4 lctrl 0.30420088768
szitakoto SNARC arabic CD up 9 lctrl 0.307416200638
szitakoto SNARC arabic CD up 9 lctrl 0.272264957428
szitakoto SNARC arabic CD up 8 lctrl 0.423737049103
szitakoto SNARC arabic CD up 9 lctrl 0.348742008209
szitakoto SNARC arabic CD up 7 lctrl 0.340345859528
szitakoto SNARC arabic CD up 5 lctrl 0.310125112534
szitakoto SNARC arabic CD down 9 num_delete 0.428331136703
szitakoto SNARC arabic CD up 1 lctrl 0.386965036392
szitakoto SNARC arabic CD down 7 num_delete 0.306921958923
szitakoto SNARC arabic CD down 8 num_delete 0.412137031555
szitakoto SNARC arabic CD down 5 num_delete 0.353754997253
szitakoto SNARC arabic CD down 9 num_delete 0.294071912766
szitakoto SNARC arabic CD up 1 lctrl 0.352389097214
szitakoto SNARC arabic CD up 9 lctrl 0.343897104263
szitakoto SNARC arabic CD down 3 num_delete 0.377413034439
szitakoto SNARC arabic CD down 6 num_delete 0.352288007736
szitakoto SNARC arabic CD up 1 lctrl 0.292599916458
szitakoto SNARC arabic CD down 6 lctrl 0.312452077866
szitakoto SNARC arabic CD down 7 num_delete 0.583874940872
szitakoto SNARC arabic CD down 3 num_delete 0.367583036423
szitakoto SNARC arabic CD up 5 lctrl 0.534084796906
szitakoto SNARC arabic CD up 4 lctrl 0.419049024582
szitakoto SNARC arabic CD up 9 lctrl 0.382350921631
szitakoto SNARC arabic CD up 8 lctrl 0.455415010452
szitakoto SNARC arabic CD up 7 lctrl 0.347123146057
szitakoto SNARC arabic CD up 4 lctrl 0.316901922226
szitakoto SNARC arabic CD up 3 lctrl 0.303400039673
szitakoto SNARC arabic CD up 6 lctrl 0.306605815887
{'participant': u'szitakoto', 'notation': u'dot', 'response_buttons': u'DC', 'range_in_instr': True, 'dateStr': u'04_01_1527', 'autopilot': False, 'exp_id': u'SNARC'}
szitakoto SNARC dot DC up 35 num_delete 0.713403940201
szitakoto SNARC dot DC down 40 lctrl 0.513458967209
szitakoto SNARC dot DC up 30 num_delete 0.300184011459
szitakoto SNARC dot DC up 15 num_delete 0.455313920975
szitakoto SNARC dot DC up 40 num_delete 0.33173584938
szitakoto SNARC dot DC down 40 lctrl 0.361653089523
szitakoto SNARC dot DC up 40 num_delete 0.411808013916
szitakoto SNARC dot DC down 40 lctrl 0.370527982712
szitakoto SNARC dot DC up 10 num_delete 0.270300865173
szitakoto SNARC dot DC down 35 lctrl 0.405118942261
szitakoto SNARC dot DC down 25 lctrl 0.406695842743
szitakoto SNARC dot DC up 45 num_delete 0.330124139786
szitakoto SNARC dot DC up 45 num_delete 0.360091924667
szitakoto SNARC dot DC up 35 num_delete 0.336462974548
szitakoto SNARC dot DC up 30 num_delete 0.328096866608
szitakoto SNARC dot DC down 25 lctrl 0.489654064178
szitakoto SNARC dot DC down 10 lctrl 0.34335899353
szitakoto SNARC dot DC up 25 num_delete 0.373239040375
szitakoto SNARC dot DC up 30 num_delete 0.369866847992
szitakoto SNARC dot DC down 30 lctrl 0.366446971893
szitakoto SNARC dot DC down 35 lctrl 0.324656009674
szitakoto SNARC dot DC up 10 num_delete 0.349571943283
szitakoto SNARC dot DC up 10 num_delete 0.34123301506
szitakoto SNARC dot DC down 10 lctrl 0.349435806274
szitakoto SNARC dot DC up 45 num_delete 0.322844028473
szitakoto SNARC dot DC down 15 lctrl 0.309494972229
szitakoto SNARC dot DC down 40 lctrl 0.372646093369
szitakoto SNARC dot DC up 10 num_delete 0.272380113602
szitakoto SNARC dot DC up 30 num_delete 0.330623865128
szitakoto SNARC dot DC down 45 lctrl 0.299096822739
szitakoto SNARC dot DC down 45 num_delete 0.362322092056
szitakoto SNARC dot DC down 35 lctrl 0.379265785217
szitakoto SNARC dot DC down 40 lctrl 0.374414205551
szitakoto SNARC dot DC up 20 num_delete 0.540997028351
szitakoto SNARC dot DC up 25 num_delete 0.372384786606
szitakoto SNARC dot DC up 25 num_delete 0.330677986145
szitakoto SNARC dot DC down 10 lctrl 0.432287931442
szitakoto SNARC dot DC down 30 lctrl 0.323928833008
szitakoto SNARC dot DC up 40 num_delete 0.332111120224
szitakoto SNARC dot DC up 5 num_delete 0.302112102509
szitakoto SNARC dot DC down 45 lctrl 0.402194976807
szitakoto SNARC dot DC up 40 num_delete 0.327173948288
szitakoto SNARC dot DC down 10 lctrl 0.506824016571
szitakoto SNARC dot DC up 10 num_delete 0.348509073257
szitakoto SNARC dot DC down 35 lctrl 0.285290002823
szitakoto SNARC dot DC down 45 lctrl 0.401820898056
szitakoto SNARC dot DC down 25 lctrl 0.366530895233
szitakoto SNARC dot DC up 10 num_delete 0.264821052551
szitakoto SNARC dot DC up 40 num_delete 0.514603853226
szitakoto SNARC dot DC up 25 num_delete 0.323050022125
szitakoto SNARC dot DC down 20 lctrl 0.269901990891
szitakoto SNARC dot DC down 15 lctrl 0.268176078796
szitakoto SNARC dot DC down 35 lctrl 0.327816963196
szitakoto SNARC dot DC up 40 num_delete 0.334604978561
szitakoto SNARC dot DC down 35 num_delete 0.327685117722
szitakoto SNARC dot DC down 20 lctrl 0.450911045074
szitakoto SNARC dot DC down 30 lctrl 0.287567853928
szitakoto SNARC dot DC down 15 lctrl 0.267774820328
szitakoto SNARC dot DC down 10 lctrl 0.305748939514
szitakoto SNARC dot DC up 5 num_delete 0.423945188522
szitakoto SNARC dot DC down 20 lctrl 0.462371826172
szitakoto SNARC dot DC up 30 num_delete 0.338644981384
szitakoto SNARC dot DC up 35 num_delete 0.368638038635
szitakoto SNARC dot DC up 15 num_delete 0.303852081299
szitakoto SNARC dot DC down 40 num_delete 0.291915178299
szitakoto SNARC dot DC down 20 lctrl 0.463631868362
szitakoto SNARC dot DC up 45 num_delete 0.398494005203
szitakoto SNARC dot DC down 20 lctrl 0.263504981995
szitakoto SNARC dot DC up 20 num_delete 0.376758098602
szitakoto SNARC dot DC down 40 lctrl 0.258362054825
szitakoto SNARC dot DC down 25 lctrl 0.449644088745
szitakoto SNARC dot DC up 20 num_delete 0.416521072388
szitakoto SNARC dot DC down 20 lctrl 0.303140163422
szitakoto SNARC dot DC up 45 num_delete 0.481261968613
szitakoto SNARC dot DC up 15 num_delete 0.492963075638
szitakoto SNARC dot DC up 30 num_delete 0.374340057373
szitakoto SNARC dot DC up 45 num_delete 0.292870044708
szitakoto SNARC dot DC up 20 num_delete 0.33594584465
szitakoto SNARC dot DC down 45 lctrl 0.402724981308
szitakoto SNARC dot DC down 40 lctrl 0.367423057556
szitakoto SNARC dot DC up 25 num_delete 0.364076137543
szitakoto SNARC dot DC down 25 lctrl 0.415639162064
szitakoto SNARC dot DC up 5 num_delete 0.263996124268
szitakoto SNARC dot DC down 35 lctrl 0.300570964813
szitakoto SNARC dot DC up 5 num_delete 0.265514135361
szitakoto SNARC dot DC up 40 num_delete 0.361973047256
szitakoto SNARC dot DC down 45 lctrl 0.373824834824
szitakoto SNARC dot DC up 5 num_delete 0.298891067505
szitakoto SNARC dot DC up 40 num_delete 0.362069129944
szitakoto SNARC dot DC up 30 num_delete 0.298765897751
szitakoto SNARC dot DC down 20 lctrl 0.4154920578
szitakoto SNARC dot DC down 10 lctrl 0.380308151245
szitakoto SNARC dot DC down 35 lctrl 0.491705179214
szitakoto SNARC dot DC up 45 num_delete 0.331794023514
szitakoto SNARC dot DC down 20 lctrl 0.45508313179
szitakoto SNARC dot DC up 5 num_delete 0.233244895935
szitakoto SNARC dot DC down 45 lctrl 0.246650934219
szitakoto SNARC dot DC down 20 lctrl 0.338232040405
szitakoto SNARC dot DC up 30 num_delete 0.471515893936
szitakoto SNARC dot DC up 35 num_delete 0.406455993652
szitakoto SNARC dot DC up 10 num_delete 0.38639998436
szitakoto SNARC dot DC up 5 num_delete 0.306400060654
szitakoto SNARC dot DC up 20 num_delete 0.308281898499
szitakoto SNARC dot DC down 25 lctrl 0.449641942978
szitakoto SNARC dot DC down 25 lctrl 0.286257982254
szitakoto SNARC dot DC down 5 lctrl 0.267858028412
szitakoto SNARC dot DC down 35 lctrl 0.24946308136
szitakoto SNARC dot DC down 10 lctrl 0.226058959961
szitakoto SNARC dot DC up 30 lctrl 0.257586956024
szitakoto SNARC dot DC down 35 lctrl 0.409101963043
szitakoto SNARC dot DC down 25 lctrl 0.329717159271
szitakoto SNARC dot DC down 30 lctrl 0.299493074417
szitakoto SNARC dot DC down 20 lctrl 0.339684963226
szitakoto SNARC dot DC down 45 lctrl 0.331182003021
szitakoto SNARC dot DC down 20 lctrl 0.33948802948
szitakoto SNARC dot DC up 5 num_delete 0.425843000412
szitakoto SNARC dot DC up 45 num_delete 0.383402109146
szitakoto SNARC dot DC up 15 num_delete 0.265069007874
szitakoto SNARC dot DC up 15 num_delete 0.301671028137
szitakoto SNARC dot DC down 30 num_delete 0.328069925308
szitakoto SNARC dot DC up 25 num_delete 0.298064947128
szitakoto SNARC dot DC down 15 lctrl 0.393210887909
szitakoto SNARC dot DC down 35 lctrl 0.259680986404
szitakoto SNARC dot DC down 35 lctrl 0.334555864334
szitakoto SNARC dot DC down 30 lctrl 0.326118946075
szitakoto SNARC dot DC up 25 num_delete 0.372699975967
szitakoto SNARC dot DC down 35 num_delete 0.318002223969
szitakoto SNARC dot DC down 15 lctrl 0.418169021606
szitakoto SNARC dot DC up 25 num_delete 0.366229772568
szitakoto SNARC dot DC up 15 num_delete 0.378080129623
szitakoto SNARC dot DC up 40 num_delete 0.374609947205
szitakoto SNARC dot DC down 10 lctrl 0.351068973541
szitakoto SNARC dot DC up 25 num_delete 0.325982093811
szitakoto SNARC dot DC down 10 lctrl 0.274242162704
szitakoto SNARC dot DC down 10 lctrl 0.502404928207
szitakoto SNARC dot DC up 40 num_delete 0.364223957062
szitakoto SNARC dot DC up 45 num_delete 0.437462091446
szitakoto SNARC dot DC down 25 lctrl 0.253880977631
szitakoto SNARC dot DC up 35 num_delete 0.252149105072
szitakoto SNARC dot DC up 5 lctrl 0.267205953598
szitakoto SNARC dot DC down 30 lctrl 0.363546133041
szitakoto SNARC dot DC down 25 lctrl 0.415160894394
szitakoto SNARC dot DC up 15 lctrl 0.338623046875
szitakoto SNARC dot DC up 35 num_delete 0.518656015396
szitakoto SNARC dot DC down 45 lctrl 0.440485954285
szitakoto SNARC dot DC down 15 lctrl 0.463657855988
szitakoto SNARC dot DC down 5 lctrl 0.297222852707
szitakoto SNARC dot DC down 15 lctrl 0.354012012482
szitakoto SNARC dot DC up 45 num_delete 0.443760871887
szitakoto SNARC dot DC down 10 lctrl 0.463947057724
szitakoto SNARC dot DC up 35 num_delete 0.415493011475
szitakoto SNARC dot DC up 30 num_delete 0.438802957535
szitakoto SNARC dot DC up 35 num_delete 0.407038927078
szitakoto SNARC dot DC up 5 num_delete 0.310399055481
szitakoto SNARC dot DC up 45 num_delete 0.356924057007
szitakoto SNARC dot DC up 45 num_delete 0.33041882515
szitakoto SNARC dot DC up 40 num_delete 0.321998119354
szitakoto SNARC dot DC down 30 lctrl 0.40848493576
szitakoto SNARC dot DC up 20 num_delete 0.386838197708
szitakoto SNARC dot DC down 35 lctrl 0.325312137604
szitakoto SNARC dot DC up 30 num_delete 0.256953001022
szitakoto SNARC dot DC up 25 num_delete 0.408504009247
szitakoto SNARC dot DC up 30 num_delete 0.256865024567
szitakoto SNARC dot DC up 40 num_delete 0.293455123901
szitakoto SNARC dot DC down 30 lctrl 0.449971914291
szitakoto SNARC dot DC up 5 num_delete 0.303344964981
szitakoto SNARC dot DC up 5 num_delete 0.38326883316
szitakoto SNARC dot DC up 30 num_delete 0.286578893661
szitakoto SNARC dot DC up 5 num_delete 0.268256902695
szitakoto SNARC dot DC down 35 lctrl 0.364725828171
szitakoto SNARC dot DC up 15 num_delete 0.261697053909
szitakoto SNARC dot DC down 40 lctrl 0.476881980896
szitakoto SNARC dot DC down 30 num_delete 0.221652030945
szitakoto SNARC dot DC up 35 num_delete 0.55978512764
szitakoto SNARC dot DC down 10 lctrl 0.31318116188
szitakoto SNARC dot DC up 35 num_delete 0.299699068069
szitakoto SNARC dot DC up 35 num_delete 0.362972974777
szitakoto SNARC dot DC down 15 lctrl 0.314917087555
szitakoto SNARC dot DC up 10 num_delete 0.34122800827
szitakoto SNARC dot DC down 10 lctrl 0.311207056046
szitakoto SNARC dot DC down 20 num_delete 0.259426116943
szitakoto SNARC dot DC down 30 lctrl 0.487606048584
szitakoto SNARC dot DC up 15 num_delete 0.421157121658
szitakoto SNARC dot DC down 45 lctrl 0.406085014343
szitakoto SNARC dot DC up 30 num_delete 0.294198989868
szitakoto SNARC dot DC up 5 num_delete 0.390826940536
szitakoto SNARC dot DC up 35 num_delete 0.357813835144
szitakoto SNARC dot DC up 5 num_delete 0.349538803101
szitakoto SNARC dot DC up 15 num_delete 0.339661121368
szitakoto SNARC dot DC up 5 num_delete 0.349488973618
szitakoto SNARC dot DC up 15 num_delete 0.378000020981
szitakoto SNARC dot DC up 20 num_delete 0.337682962418
szitakoto SNARC dot DC up 10 num_delete 0.307730913162
szitakoto SNARC dot DC up 15 num_delete 0.296627044678
szitakoto SNARC dot DC up 5 num_delete 0.318030834198
szitakoto SNARC dot DC down 15 lctrl 0.375281095505
szitakoto SNARC dot DC down 25 lctrl 0.373365879059
szitakoto SNARC dot DC up 20 lctrl 0.270238161087
szitakoto SNARC dot DC down 10 lctrl 0.499816894531
szitakoto SNARC dot DC down 40 lctrl 0.3247590065
szitakoto SNARC dot DC up 30 num_delete 0.44807100296
szitakoto SNARC dot DC down 15 lctrl 0.338265895844
szitakoto SNARC dot DC up 30 num_delete 0.29296708107
szitakoto SNARC dot DC up 20 num_delete 0.426477909088
szitakoto SNARC dot DC up 5 num_delete 0.352946043015
szitakoto SNARC dot DC down 25 lctrl 0.366252183914
szitakoto SNARC dot DC down 15 lctrl 0.339721918106
szitakoto SNARC dot DC down 20 lctrl 0.386275053024
szitakoto SNARC dot DC down 20 lctrl 0.306239128113
szitakoto SNARC dot DC down 35 lctrl 0.33261680603
szitakoto SNARC dot DC up 15 num_delete 0.416079998016
szitakoto SNARC dot DC down 5 lctrl 0.380836009979
szitakoto SNARC dot DC up 40 num_delete 0.260948896408
szitakoto SNARC dot DC down 15 lctrl 0.314241886139
szitakoto SNARC dot DC down 35 lctrl 0.362198829651
szitakoto SNARC dot DC down 45 lctrl 0.297373056412
szitakoto SNARC dot DC down 30 lctrl 0.362041950226
szitakoto SNARC dot DC up 20 num_delete 0.45193195343
szitakoto SNARC dot DC up 40 num_delete 0.403650999069
szitakoto SNARC dot DC up 45 num_delete 0.365451812744
szitakoto SNARC dot DC up 10 num_delete 0.341903924942
szitakoto SNARC dot DC down 30 lctrl 0.44851398468
szitakoto SNARC dot DC up 40 num_delete 0.32349395752
szitakoto SNARC dot DC down 10 lctrl 0.271816968918
szitakoto SNARC dot DC down 35 lctrl 0.406693935394
szitakoto SNARC dot DC down 10 lctrl 0.458674907684
szitakoto SNARC dot DC up 45 num_delete 0.409045934677
szitakoto SNARC dot DC down 10 lctrl 0.3519718647
szitakoto SNARC dot DC down 5 lctrl 0.381847858429
szitakoto SNARC dot DC up 45 num_delete 0.398574113846
szitakoto SNARC dot DC up 10 num_delete 0.341722011566
szitakoto SNARC dot DC up 15 num_delete 0.38689994812
szitakoto SNARC dot DC down 20 lctrl 0.383460998535
szitakoto SNARC dot DC up 10 num_delete 0.419839143753
szitakoto SNARC dot DC up 45 num_delete 0.326689958572
szitakoto SNARC dot DC up 15 num_delete 0.274993181229
szitakoto SNARC dot DC up 5 num_delete 0.313110113144
szitakoto SNARC dot DC up 25 num_delete 0.338032960892
szitakoto SNARC dot DC down 40 lctrl 0.48147892952
szitakoto SNARC dot DC up 10 num_delete 0.379557847977
szitakoto SNARC dot DC down 5 lctrl 0.392836809158
szitakoto SNARC dot DC down 10 lctrl 0.351125955582
szitakoto SNARC dot DC down 45 lctrl 0.286281108856
szitakoto SNARC dot DC down 30 lctrl 0.290982961655
szitakoto SNARC dot DC up 40 num_delete 0.409180879593
szitakoto SNARC dot DC up 15 num_delete 0.374787092209
szitakoto SNARC dot DC down 5 lctrl 0.274555921555
szitakoto SNARC dot DC up 35 num_delete 0.409353971481
szitakoto SNARC dot DC up 45 num_delete 0.371132135391
szitakoto SNARC dot DC up 45 num_delete 0.291164875031
szitakoto SNARC dot DC down 15 lctrl 0.272794008255
szitakoto SNARC dot DC up 45 num_delete 0.369333982468
szitakoto SNARC dot DC up 25 num_delete 0.329094171524
szitakoto SNARC dot DC down 20 lctrl 0.375697135925
szitakoto SNARC dot DC down 35 lctrl 0.372246026993
szitakoto SNARC dot DC up 40 num_delete 0.522118091583
szitakoto SNARC dot DC up 30 num_delete 0.407161951065
szitakoto SNARC dot DC down 5 lctrl 0.387154102325
szitakoto SNARC dot DC up 35 num_delete 0.328687906265
szitakoto SNARC dot DC down 35 lctrl 0.298736095428
szitakoto SNARC dot DC up 20 lctrl 0.338860034943
szitakoto SNARC dot DC down 30 lctrl 0.449070930481
szitakoto SNARC dot DC down 40 num_delete 0.28565120697
szitakoto SNARC dot DC down 45 lctrl 0.555712938309
szitakoto SNARC dot DC down 15 lctrl 0.347424983978
szitakoto SNARC dot DC up 45 num_delete 0.36065196991
szitakoto SNARC dot DC down 20 lctrl 0.375405073166
szitakoto SNARC dot DC up 20 num_delete 0.272243976593
szitakoto SNARC dot DC down 15 lctrl 0.27063202858
szitakoto SNARC dot DC down 15 lctrl 0.383830070496
szitakoto SNARC dot DC up 40 num_delete 0.312443971634
szitakoto SNARC dot DC up 45 num_delete 0.322188138962
szitakoto SNARC dot DC down 5 num_delete 0.347320079803
szitakoto SNARC dot DC down 45 lctrl 0.452333927155
szitakoto SNARC dot DC down 45 lctrl 0.288969993591
szitakoto SNARC dot DC up 30 num_delete 0.447021007538
szitakoto SNARC dot DC down 45 lctrl 0.322007894516
szitakoto SNARC dot DC down 25 lctrl 0.368541002274
szitakoto SNARC dot DC up 15 num_delete 0.381851911545
szitakoto SNARC dot DC up 25 num_delete 0.285087823868
szitakoto SNARC dot DC up 40 num_delete 0.326657056808
szitakoto SNARC dot DC up 5 num_delete 0.351673841476
szitakoto SNARC dot DC up 25 num_delete 0.326627969742
szitakoto SNARC dot DC up 20 num_delete 0.334900140762
szitakoto SNARC dot DC down 5 lctrl 0.343197822571
szitakoto SNARC dot DC up 10 num_delete 0.428054094315
szitakoto SNARC dot DC up 25 num_delete 0.438308000565
szitakoto SNARC dot DC down 25 lctrl 0.278656005859
szitakoto SNARC dot DC up 40 lctrl 0.335436820984
szitakoto SNARC dot DC down 40 lctrl 0.405095100403
szitakoto SNARC dot DC up 5 num_delete 0.346719026566
szitakoto SNARC dot DC up 20 num_delete 0.414926052094
szitakoto SNARC dot DC up 5 num_delete 0.3399310112
szitakoto SNARC dot DC up 5 num_delete 0.309872865677
szitakoto SNARC dot DC down 45 lctrl 0.294979095459
szitakoto SNARC dot DC up 20 num_delete 0.261420965195
szitakoto SNARC dot DC down 5 lctrl 0.263411998749
szitakoto SNARC dot DC down 35 lctrl 0.414854049683
szitakoto SNARC dot DC up 45 num_delete 0.438103914261
szitakoto SNARC dot DC down 40 lctrl 0.331232070923
szitakoto SNARC dot DC down 30 num_delete 0.262820959091
szitakoto SNARC dot DC down 15 lctrl 0.429681062698
szitakoto SNARC dot DC up 15 num_delete 0.392897129059
szitakoto SNARC dot DC down 10 lctrl 0.339720964432
szitakoto SNARC dot DC down 30 lctrl 0.29292011261
szitakoto SNARC dot DC up 25 num_delete 0.374355077744
szitakoto SNARC dot DC up 5 num_delete 0.336360931396
szitakoto SNARC dot DC down 25 num_delete 0.174700021744
szitakoto SNARC dot DC up 40 num_delete 3.85818600655
szitakoto SNARC dot DC down 40 lctrl 0.334314107895
szitakoto SNARC dot DC down 10 lctrl 0.380872011185
szitakoto SNARC dot DC up 15 num_delete 0.316095113754
szitakoto SNARC dot DC down 20 lctrl 0.341020822525
szitakoto SNARC dot DC up 30 num_delete 0.372313022614
szitakoto SNARC dot DC down 25 lctrl 0.292265892029
szitakoto SNARC dot DC up 20 num_delete 0.310752153397
szitakoto SNARC dot DC up 40 num_delete 0.373939037323
szitakoto SNARC dot DC down 5 lctrl 0.299112081528
szitakoto SNARC dot DC down 5 lctrl 0.378957986832
szitakoto SNARC dot DC down 30 lctrl 0.413805007935
szitakoto SNARC dot DC up 20 num_delete 0.415423154831
szitakoto SNARC dot DC down 10 lctrl 0.455334186554
szitakoto SNARC dot DC down 40 lctrl 0.367147922516
szitakoto SNARC dot DC down 25 lctrl 0.326826095581
szitakoto SNARC dot DC up 45 num_delete 0.367385149002
szitakoto SNARC dot DC down 25 lctrl 0.250488996506
szitakoto SNARC dot DC down 20 lctrl 0.302227973938
szitakoto SNARC dot DC up 25 num_delete 0.36688709259
szitakoto SNARC dot DC up 20 num_delete 0.302152872086
szitakoto SNARC dot DC up 5 num_delete 0.293928861618
szitakoto SNARC dot DC up 25 num_delete 0.373803853989
szitakoto SNARC dot DC down 20 num_delete 0.347338914871
szitakoto SNARC dot DC down 25 lctrl 0.364336013794
szitakoto SNARC dot DC down 10 lctrl 0.317754983902
szitakoto SNARC dot DC down 30 lctrl 0.36412191391
szitakoto SNARC dot DC up 15 num_delete 0.354287147522
szitakoto SNARC dot DC up 20 num_delete 0.307561159134
szitakoto SNARC dot DC down 15 lctrl 0.427222013474
szitakoto SNARC dot DC down 10 lctrl 0.313873052597
szitakoto SNARC dot DC up 20 num_delete 0.30041384697
szitakoto SNARC dot DC down 10 lctrl 0.380280017853
szitakoto SNARC dot DC up 15 num_delete 0.238868951797
szitakoto SNARC dot DC up 5 num_delete 0.348571062088
szitakoto SNARC dot DC up 25 num_delete 0.361842870712
szitakoto SNARC dot DC down 35 lctrl 0.260098218918
szitakoto SNARC dot DC up 10 num_delete 0.275074005127
szitakoto SNARC dot DC up 40 num_delete 0.371611833572
szitakoto SNARC dot DC down 5 lctrl 0.193361997604
szitakoto SNARC dot DC down 25 lctrl 0.373123168945
szitakoto SNARC dot DC up 40 num_delete 0.254739999771
szitakoto SNARC dot DC up 30 num_delete 0.329721927643
szitakoto SNARC dot DC down 5 lctrl 0.265081167221
szitakoto SNARC dot DC up 35 num_delete 0.284916877747
szitakoto SNARC dot DC down 25 lctrl 0.249898910522
szitakoto SNARC dot DC down 35 num_delete 0.24816608429
szitakoto SNARC dot DC up 10 num_delete 0.37810087204
szitakoto SNARC dot DC up 15 lctrl 0.236625909805
szitakoto SNARC dot DC down 35 num_delete 0.329541921616
szitakoto SNARC dot DC up 35 num_delete 0.414469003677
szitakoto SNARC dot DC up 30 lctrl 0.224487066269
{'participant': u'szitakoto', 'notation': u'arabic', 'response_buttons': u'DC', 'range_in_instr': True, 'dateStr': u'04_01_1534', 'autopilot': False, 'exp_id': u'SNARC'}
szitakoto SNARC arabic DC up 2 num_delete 1.34515810013
szitakoto SNARC arabic DC down 4 lctrl 0.505848169327
szitakoto SNARC arabic DC up 1 num_delete 0.348864078522
szitakoto SNARC arabic DC down 4 lctrl 0.340465068817
szitakoto SNARC arabic DC up 3 num_delete 0.272144079208
szitakoto SNARC arabic DC up 1 num_delete 0.347114086151
szitakoto SNARC arabic DC down 7 lctrl 0.278921127319
szitakoto SNARC arabic DC down 9 lctrl 0.277204990387
szitakoto SNARC arabic DC down 8 lctrl 0.312210083008
szitakoto SNARC arabic DC down 3 lctrl 0.356663942337
szitakoto SNARC arabic DC down 8 lctrl 0.309971094131
szitakoto SNARC arabic DC up 7 num_delete 0.313205957413
szitakoto SNARC arabic DC down 1 lctrl 0.239862918854
szitakoto SNARC arabic DC up 4 lctrl 0.424837112427
szitakoto SNARC arabic DC up 8 num_delete 0.460125207901
szitakoto SNARC arabic DC down 4 lctrl 0.351778030396
szitakoto SNARC arabic DC down 1 num_delete 0.228417158127
szitakoto SNARC arabic DC up 6 num_delete 0.46834397316
szitakoto SNARC arabic DC down 5 lctrl 0.266767024994
szitakoto SNARC arabic DC down 3 lctrl 0.341665029526
szitakoto SNARC arabic DC up 2 num_delete 0.273215055466
szitakoto SNARC arabic DC up 7 num_delete 0.348233938217
szitakoto SNARC arabic DC up 2 num_delete 0.263182878494
szitakoto SNARC arabic DC up 9 num_delete 0.546339035034
szitakoto SNARC arabic DC down 3 num_delete 0.31637597084
szitakoto SNARC arabic DC down 9 lctrl 0.494597911835
szitakoto SNARC arabic DC up 3 num_delete 0.314628124237
szitakoto SNARC arabic DC up 1 num_delete 0.471138000488
szitakoto SNARC arabic DC down 8 lctrl 0.486423969269
szitakoto SNARC arabic DC down 2 lctrl 0.306458950043
szitakoto SNARC arabic DC down 4 lctrl 0.343580007553
szitakoto SNARC arabic DC down 8 lctrl 0.351753950119
szitakoto SNARC arabic DC up 7 num_delete 0.343311071396
szitakoto SNARC arabic DC up 7 num_delete 0.27510881424
szitakoto SNARC arabic DC down 3 lctrl 0.38822889328
szitakoto SNARC arabic DC up 9 num_delete 0.384839057922
szitakoto SNARC arabic DC up 9 num_delete 0.3814868927
szitakoto SNARC arabic DC down 8 lctrl 0.301423788071
szitakoto SNARC arabic DC down 7 lctrl 0.381327152252
szitakoto SNARC arabic DC down 5 lctrl 0.394670963287
szitakoto SNARC arabic DC up 6 num_delete 0.352863788605
szitakoto SNARC arabic DC down 2 lctrl 0.42111992836
szitakoto SNARC arabic DC up 4 num_delete 0.269434928894
szitakoto SNARC arabic DC down 9 lctrl 0.306041002274
szitakoto SNARC arabic DC up 5 num_delete 0.30921292305
szitakoto SNARC arabic DC up 7 num_delete 0.389142990112
szitakoto SNARC arabic DC down 4 lctrl 0.296200037003
szitakoto SNARC arabic DC down 6 lctrl 0.354358196259
szitakoto SNARC arabic DC down 4 lctrl 0.346069812775
szitakoto SNARC arabic DC up 5 num_delete 0.430843114853
szitakoto SNARC arabic DC up 7 lctrl 0.317466974258
szitakoto SNARC arabic DC down 2 lctrl 0.457364082336
szitakoto SNARC arabic DC up 6 lctrl 0.387289047241
szitakoto SNARC arabic DC down 3 lctrl 0.498804092407
szitakoto SNARC arabic DC down 8 lctrl 0.417121887207
szitakoto SNARC arabic DC down 3 num_delete 0.299122810364
szitakoto SNARC arabic DC up 5 num_delete 0.647289037704
szitakoto SNARC arabic DC down 2 lctrl 0.509032011032
szitakoto SNARC arabic DC down 2 lctrl 0.42728805542
szitakoto SNARC arabic DC down 4 lctrl 0.313804149628
szitakoto SNARC arabic DC up 6 num_delete 0.470376968384
szitakoto SNARC arabic DC up 1 num_delete 0.307109832764
szitakoto SNARC arabic DC up 8 num_delete 0.310372114182
szitakoto SNARC arabic DC down 6 num_delete 0.313777923584
szitakoto SNARC arabic DC down 5 lctrl 0.431864023209
szitakoto SNARC arabic DC up 8 num_delete 0.416828870773
szitakoto SNARC arabic DC up 7 num_delete 0.418446063995
szitakoto SNARC arabic DC down 3 lctrl 0.343371152878
szitakoto SNARC arabic DC up 8 num_delete 0.415251016617
szitakoto SNARC arabic DC up 2 num_delete 0.378500938416
szitakoto SNARC arabic DC up 4 num_delete 0.430128097534
szitakoto SNARC arabic DC up 3 num_delete 0.316781997681
szitakoto SNARC arabic DC down 1 lctrl 0.303420066833
szitakoto SNARC arabic DC up 5 num_delete 0.30669593811
szitakoto SNARC arabic DC down 2 lctrl 0.386633872986
szitakoto SNARC arabic DC down 6 lctrl 0.421636104584
szitakoto SNARC arabic DC down 1 lctrl 0.346524953842
szitakoto SNARC arabic DC down 2 lctrl 0.350196123123
szitakoto SNARC arabic DC up 5 num_delete 0.341876029968
szitakoto SNARC arabic DC down 1 lctrl 0.388448953629
szitakoto SNARC arabic DC down 6 lctrl 0.38502407074
szitakoto SNARC arabic DC down 3 lctrl 0.34335398674
szitakoto SNARC arabic DC up 5 num_delete 0.428228855133
szitakoto SNARC arabic DC down 6 lctrl 0.429853916168
szitakoto SNARC arabic DC up 7 num_delete 0.431473970413
szitakoto SNARC arabic DC down 9 lctrl 0.263089895248
szitakoto SNARC arabic DC up 3 num_delete 0.43131685257
szitakoto SNARC arabic DC up 3 num_delete 0.432884931564
szitakoto SNARC arabic DC up 5 num_delete 0.302949905396
szitakoto SNARC arabic DC down 7 lctrl 0.306217908859
szitakoto SNARC arabic DC up 9 num_delete 0.373180150986
szitakoto SNARC arabic DC up 8 num_delete 0.309808969498
szitakoto SNARC arabic DC down 4 lctrl 0.543043136597
szitakoto SNARC arabic DC down 9 lctrl 0.389728069305
szitakoto SNARC arabic DC down 9 lctrl 0.309729099274
szitakoto SNARC arabic DC up 5 num_delete 0.414931058884
szitakoto SNARC arabic DC down 2 lctrl 0.454904079437
szitakoto SNARC arabic DC down 7 lctrl 0.499913930893
szitakoto SNARC arabic DC up 5 num_delete 0.571439981461
szitakoto SNARC arabic DC up 3 num_delete 0.38470697403
szitakoto SNARC arabic DC down 3 lctrl 0.304802179337
szitakoto SNARC arabic DC down 9 lctrl 0.307996988297
szitakoto SNARC arabic DC up 3 num_delete 0.413350820541
szitakoto SNARC arabic DC up 3 num_delete 0.393193006516
szitakoto SNARC arabic DC down 8 lctrl 0.428120136261
szitakoto SNARC arabic DC up 9 num_delete 0.353053092957
szitakoto SNARC arabic DC up 9 num_delete 0.383032083511
szitakoto SNARC arabic DC up 7 num_delete 0.418026924133
szitakoto SNARC arabic DC down 1 lctrl 0.457912921906
szitakoto SNARC arabic DC down 5 lctrl 0.426241874695
szitakoto SNARC arabic DC up 9 lctrl 0.31285905838
szitakoto SNARC arabic DC up 3 num_delete 0.431124925613
szitakoto SNARC arabic DC up 8 num_delete 0.35605597496
szitakoto SNARC arabic DC down 3 lctrl 0.462646007538
szitakoto SNARC arabic DC up 5 num_delete 0.277630090714
szitakoto SNARC arabic DC down 7 lctrl 0.275965929031
szitakoto SNARC arabic DC up 1 num_delete 0.27418088913
szitakoto SNARC arabic DC up 7 num_delete 0.425812005997
szitakoto SNARC arabic DC up 9 num_delete 0.350867986679
szitakoto SNARC arabic DC down 4 lctrl 0.337931156158
szitakoto SNARC arabic DC down 9 lctrl 0.384696006775
szitakoto SNARC arabic DC down 4 lctrl 0.304495811462
szitakoto SNARC arabic DC down 2 lctrl 0.422731161118
szitakoto SNARC arabic DC down 5 lctrl 0.30929684639
szitakoto SNARC arabic DC down 4 lctrl 0.350911140442
szitakoto SNARC arabic DC up 2 lctrl 0.342510938644
szitakoto SNARC arabic DC down 6 lctrl 0.312567949295
szitakoto SNARC arabic DC up 8 num_delete 0.392322063446
szitakoto SNARC arabic DC up 8 num_delete 0.376024007797
szitakoto SNARC arabic DC up 4 num_delete 0.389379024506
szitakoto SNARC arabic DC up 5 num_delete 0.334668874741
szitakoto SNARC arabic DC down 7 lctrl 0.291699886322
szitakoto SNARC arabic DC up 2 num_delete 0.383651971817
szitakoto SNARC arabic DC up 1 num_delete 0.380358934402
szitakoto SNARC arabic DC up 2 num_delete 0.355311870575
szitakoto SNARC arabic DC up 4 num_delete 0.334029197693
szitakoto SNARC arabic DC up 8 num_delete 0.26566696167
szitakoto SNARC arabic DC down 9 lctrl 0.455543041229
szitakoto SNARC arabic DC up 3 num_delete 0.347291946411
szitakoto SNARC arabic DC up 9 num_delete 0.355558872223
szitakoto SNARC arabic DC down 3 lctrl 0.347162008286
szitakoto SNARC arabic DC up 1 num_delete 0.355396986008
szitakoto SNARC arabic DC up 4 num_delete 0.500295877457
szitakoto SNARC arabic DC down 2 lctrl 0.37579703331
szitakoto SNARC arabic DC down 7 lctrl 0.503985881805
szitakoto SNARC arabic DC down 9 lctrl 0.3839199543
szitakoto SNARC arabic DC up 4 num_delete 0.418778181076
szitakoto SNARC arabic DC down 8 lctrl 0.420533180237
szitakoto SNARC arabic DC up 5 num_delete 0.383728981018
szitakoto SNARC arabic DC up 3 num_delete 0.342023849487
szitakoto SNARC arabic DC up 2 num_delete 0.337293863297
szitakoto SNARC arabic DC down 1 lctrl 0.460563182831
szitakoto SNARC arabic DC down 8 lctrl 0.390530824661
szitakoto SNARC arabic DC down 7 lctrl 0.34877705574
szitakoto SNARC arabic DC down 1 lctrl 0.34032702446
szitakoto SNARC arabic DC down 6 lctrl 0.310279846191
szitakoto SNARC arabic DC down 8 lctrl 0.313660144806
szitakoto SNARC arabic DC up 5 num_delete 0.388922929764
szitakoto SNARC arabic DC up 7 num_delete 0.385582923889
szitakoto SNARC arabic DC down 4 lctrl 0.458816051483
szitakoto SNARC arabic DC down 9 lctrl 0.350446939468
szitakoto SNARC arabic DC up 6 num_delete 0.452409982681
szitakoto SNARC arabic DC up 2 num_delete 0.344075918198
szitakoto SNARC arabic DC up 1 num_delete 0.428967952728
szitakoto SNARC arabic DC up 1 num_delete 0.315738916397
szitakoto SNARC arabic DC down 6 lctrl 0.417281150818
szitakoto SNARC arabic DC up 8 num_delete 0.452613115311
szitakoto SNARC arabic DC down 7 lctrl 0.267625808716
szitakoto SNARC arabic DC up 2 lctrl 0.342487096786
szitakoto SNARC arabic DC down 4 lctrl 0.274103164673
szitakoto SNARC arabic DC up 8 num_delete 0.425694942474
szitakoto SNARC arabic DC up 5 num_delete 0.350663900375
szitakoto SNARC arabic DC up 1 num_delete 0.30401301384
szitakoto SNARC arabic DC down 3 lctrl 0.460649967194
szitakoto SNARC arabic DC down 6 lctrl 0.429024934769
szitakoto SNARC arabic DC up 3 num_delete 0.392199039459
szitakoto SNARC arabic DC down 2 lctrl 0.388873100281
szitakoto SNARC arabic DC down 1 lctrl 0.347169160843
szitakoto SNARC arabic DC down 6 lctrl 0.317147016525
szitakoto SNARC arabic DC up 1 num_delete 0.418648958206
szitakoto SNARC arabic DC down 6 lctrl 0.535314083099
szitakoto SNARC arabic DC down 2 lctrl 0.497041940689
szitakoto SNARC arabic DC up 9 lctrl 0.35524892807
szitakoto SNARC arabic DC down 3 lctrl 0.308630943298
szitakoto SNARC arabic DC up 7 num_delete 0.388391017914
szitakoto SNARC arabic DC up 7 num_delete 0.346736907959
szitakoto SNARC arabic DC up 5 num_delete 0.316730976105
szitakoto SNARC arabic DC up 8 num_delete 0.30332493782
szitakoto SNARC arabic DC down 4 lctrl 0.459904909134
szitakoto SNARC arabic DC up 9 num_delete 0.313227891922
szitakoto SNARC arabic DC down 5 lctrl 0.354851007462
szitakoto SNARC arabic DC up 5 num_delete 0.269811153412
szitakoto SNARC arabic DC down 4 lctrl 0.306523799896
szitakoto SNARC arabic DC up 5 num_delete 0.233011007309
szitakoto SNARC arabic DC down 5 num_delete 0.341338157654
szitakoto SNARC arabic DC down 6 lctrl 0.541189193726
szitakoto SNARC arabic DC down 3 lctrl 0.340363025665
szitakoto SNARC arabic DC up 3 num_delete 0.463582992554
szitakoto SNARC arabic DC down 8 lctrl 0.316927909851
szitakoto SNARC arabic DC down 6 lctrl 0.380136966705
szitakoto SNARC arabic DC down 7 lctrl 0.316717863083
szitakoto SNARC arabic DC up 4 num_delete 0.38001704216
szitakoto SNARC arabic DC down 1 lctrl 0.355089902878
szitakoto SNARC arabic DC up 8 num_delete 0.3082280159
szitakoto SNARC arabic DC up 3 num_delete 0.42645406723
szitakoto SNARC arabic DC down 3 lctrl 0.274832963943
szitakoto SNARC arabic DC down 6 num_delete 0.311463117599
szitakoto SNARC arabic DC down 8 lctrl 0.35468006134
szitakoto SNARC arabic DC up 6 num_delete 0.384588956833
szitakoto SNARC arabic DC up 6 num_delete 0.291604995728
szitakoto SNARC arabic DC up 2 num_delete 0.311643123627
szitakoto SNARC arabic DC up 1 num_delete 0.314849853516
szitakoto SNARC arabic DC down 3 lctrl 0.339819908142
szitakoto SNARC arabic DC down 7 lctrl 0.348115921021
szitakoto SNARC arabic DC down 7 lctrl 0.301404953003
szitakoto SNARC arabic DC up 1 num_delete 0.457916975021
szitakoto SNARC arabic DC up 6 num_delete 0.311473846436
szitakoto SNARC arabic DC down 1 lctrl 0.429565906525
szitakoto SNARC arabic DC down 8 lctrl 0.277811050415
szitakoto SNARC arabic DC down 6 lctrl 0.314496994019
szitakoto SNARC arabic DC down 4 lctrl 0.355982065201
szitakoto SNARC arabic DC up 4 num_delete 0.424195051193
szitakoto SNARC arabic DC up 4 num_delete 0.310970067978
szitakoto SNARC arabic DC down 7 lctrl 0.429187774658
szitakoto SNARC arabic DC down 5 lctrl 0.315890073776
szitakoto SNARC arabic DC down 6 lctrl 0.264227867126
szitakoto SNARC arabic DC down 8 lctrl 0.279134988785
szitakoto SNARC arabic DC down 9 lctrl 0.27742600441
szitakoto SNARC arabic DC up 5 num_delete 0.390716075897
szitakoto SNARC arabic DC up 1 num_delete 0.310628890991
szitakoto SNARC arabic DC down 4 lctrl 0.505603075027
szitakoto SNARC arabic DC down 8 lctrl 0.347262144089
szitakoto SNARC arabic DC down 1 lctrl 0.317227840424
szitakoto SNARC arabic DC up 7 lctrl 0.303761959076
szitakoto SNARC arabic DC down 4 lctrl 0.268649101257
szitakoto SNARC arabic DC down 9 lctrl 0.305289983749
szitakoto SNARC arabic DC up 2 num_delete 0.385134935379
szitakoto SNARC arabic DC down 1 lctrl 0.381863117218
szitakoto SNARC arabic DC up 6 num_delete 0.186772108078
szitakoto SNARC arabic DC down 3 lctrl 0.306687116623
szitakoto SNARC arabic DC down 4 lctrl 0.386574029922
szitakoto SNARC arabic DC down 4 lctrl 0.306590795517
szitakoto SNARC arabic DC down 9 lctrl 0.309772968292
szitakoto SNARC arabic DC down 2 lctrl 0.274771928787
szitakoto SNARC arabic DC down 7 lctrl 0.27303481102
szitakoto SNARC arabic DC up 9 num_delete 0.462835073471
szitakoto SNARC arabic DC down 5 lctrl 0.4312748909
szitakoto SNARC arabic DC down 1 num_delete 0.27946305275
szitakoto SNARC arabic DC up 1 num_delete 0.469369888306
szitakoto SNARC arabic DC down 6 lctrl 0.267713069916
szitakoto SNARC arabic DC down 7 lctrl 0.38093996048
szitakoto SNARC arabic DC up 9 num_delete 0.470826864243
szitakoto SNARC arabic DC down 4 lctrl 0.26914191246
szitakoto SNARC arabic DC down 5 lctrl 0.34409403801
szitakoto SNARC arabic DC down 5 lctrl 0.424406051636
szitakoto SNARC arabic DC down 9 lctrl 0.272792816162
szitakoto SNARC arabic DC up 2 num_delete 0.347560882568
szitakoto SNARC arabic DC up 7 num_delete 0.470870018005
szitakoto SNARC arabic DC up 5 num_delete 0.422487974167
szitakoto SNARC arabic DC up 4 num_delete 0.334499835968
szitakoto SNARC arabic DC up 1 num_delete 0.304433822632
szitakoto SNARC arabic DC up 8 num_delete 0.346020936966
szitakoto SNARC arabic DC down 5 lctrl 0.277693033218
szitakoto SNARC arabic DC up 1 lctrl 0.314306020737
szitakoto SNARC arabic DC down 7 lctrl 0.432600975037
szitakoto SNARC arabic DC up 6 num_delete 0.264113903046
szitakoto SNARC arabic DC up 2 num_delete 0.342791080475
szitakoto SNARC arabic DC down 8 lctrl 0.389362096786
szitakoto SNARC arabic DC up 8 num_delete 0.270994901657
szitakoto SNARC arabic DC down 7 lctrl 0.371271133423
szitakoto SNARC arabic DC down 7 lctrl 0.499580144882
szitakoto SNARC arabic DC down 7 lctrl 0.302854061127
szitakoto SNARC arabic DC up 1 num_delete 0.421054124832
szitakoto SNARC arabic DC down 4 lctrl 0.422773122787
szitakoto SNARC arabic DC down 4 lctrl 0.347658157349
szitakoto SNARC arabic DC down 4 lctrl 0.355956792831
szitakoto SNARC arabic DC up 9 num_delete 0.309228181839
szitakoto SNARC arabic DC up 1 lctrl 0.346261024475
szitakoto SNARC arabic DC down 1 lctrl 0.392780065536
szitakoto SNARC arabic DC up 2 num_delete 0.312787055969
szitakoto SNARC arabic DC down 9 lctrl 0.277679920197
szitakoto SNARC arabic DC up 6 num_delete 0.314327001572
szitakoto SNARC arabic DC down 9 lctrl 0.279347896576
szitakoto SNARC arabic DC down 6 num_delete 0.302815914154
szitakoto SNARC arabic DC down 9 lctrl 0.421056985855
szitakoto SNARC arabic DC up 8 num_delete 0.422694921494
szitakoto SNARC arabic DC down 5 lctrl 0.232704877853
szitakoto SNARC arabic DC up 6 lctrl 0.379227161407
szitakoto SNARC arabic DC up 4 num_delete 0.737369775772
szitakoto SNARC arabic DC up 6 num_delete 0.345727920532
szitakoto SNARC arabic DC up 7 num_delete 0.315799951553
szitakoto SNARC arabic DC up 2 num_delete 0.302505970001
szitakoto SNARC arabic DC down 9 lctrl 0.382344007492
szitakoto SNARC arabic DC down 5 lctrl 0.302347183228
szitakoto SNARC arabic DC down 3 lctrl 0.305588006973
szitakoto SNARC arabic DC down 7 lctrl 0.385523080826
szitakoto SNARC arabic DC up 9 num_delete 0.420419931412
szitakoto SNARC arabic DC down 4 lctrl 0.230490922928
szitakoto SNARC arabic DC down 3 lctrl 0.470299959183
szitakoto SNARC arabic DC down 3 lctrl 0.383632898331
szitakoto SNARC arabic DC up 8 num_delete 0.341979980469
szitakoto SNARC arabic DC down 5 num_delete 0.2736120224
szitakoto SNARC arabic DC up 1 num_delete 0.38692688942
szitakoto SNARC arabic DC up 8 num_delete 0.383576154709
szitakoto SNARC arabic DC down 5 lctrl 0.341898918152
szitakoto SNARC arabic DC down 2 lctrl 0.350111961365
szitakoto SNARC arabic DC up 2 num_delete 0.571663141251
szitakoto SNARC arabic DC up 9 num_delete 0.38503408432
szitakoto SNARC arabic DC up 7 num_delete 0.343410015106
szitakoto SNARC arabic DC up 8 num_delete 0.390069961548
szitakoto SNARC arabic DC up 8 num_delete 0.348307132721
szitakoto SNARC arabic DC up 9 num_delete 0.340195894241
szitakoto SNARC arabic DC down 4 lctrl 0.386587142944
szitakoto SNARC arabic DC down 3 lctrl 0.344892978668
szitakoto SNARC arabic DC down 5 lctrl 0.468115091324
szitakoto SNARC arabic DC down 1 lctrl 0.266489028931
szitakoto SNARC arabic DC down 1 lctrl 0.341409921646
szitakoto SNARC arabic DC up 7 num_delete 0.426290988922
szitakoto SNARC arabic DC up 6 num_delete 0.351294994354
szitakoto SNARC arabic DC down 7 lctrl 0.342925071716
szitakoto SNARC arabic DC down 6 lctrl 0.312840938568
szitakoto SNARC arabic DC up 1 num_delete 0.469331979752
szitakoto SNARC arabic DC up 6 num_delete 0.306069135666
szitakoto SNARC arabic DC up 4 num_delete 0.424371957779
szitakoto SNARC arabic DC up 9 num_delete 0.349408149719
szitakoto SNARC arabic DC down 2 lctrl 0.379333019257
szitakoto SNARC arabic DC down 1 lctrl 0.354351997375
szitakoto SNARC arabic DC up 6 num_delete 0.422693014145
szitakoto SNARC arabic DC down 2 num_delete 0.347549915314
szitakoto SNARC arabic DC up 2 num_delete 0.27920794487
szitakoto SNARC arabic DC down 6 lctrl 0.2775349617
szitakoto SNARC arabic DC up 1 num_delete 0.314125061035
szitakoto SNARC arabic DC down 7 lctrl 0.240788936615
szitakoto SNARC arabic DC up 4 num_delete 0.272390127182
szitakoto SNARC arabic DC down 3 lctrl 0.270766019821
szitakoto SNARC arabic DC down 8 num_delete 0.307326078415
szitakoto SNARC arabic DC down 9 lctrl 0.693969964981
szitakoto SNARC arabic DC down 3 lctrl 0.390544891357
szitakoto SNARC arabic DC down 8 lctrl 0.310508966446
szitakoto SNARC arabic DC down 2 lctrl 0.313795089722
szitakoto SNARC arabic DC up 5 num_delete 0.39372587204
szitakoto SNARC arabic DC down 9 lctrl 0.275432825089
szitakoto SNARC arabic DC up 2 num_delete 0.3503241539
szitakoto SNARC arabic DC down 6 lctrl 0.227041959763
szitakoto SNARC arabic DC down 5 lctrl 0.505166053772
szitakoto SNARC arabic DC up 2 num_delete 0.385201931
szitakoto SNARC arabic DC down 6 lctrl 0.266901016235
szitakoto SNARC arabic DC up 9 num_delete 0.265138864517
szitakoto SNARC arabic DC up 6 num_delete 0.416743040085
szitakoto SNARC arabic DC down 5 lctrl 0.265090942383
szitakoto SNARC arabic DC down 8 lctrl 0.339974880219
szitakoto SNARC arabic DC down 2 lctrl 0.348251104355
szitakoto SNARC arabic DC down 2 lctrl 0.301440954208
szitakoto SNARC arabic DC down 3 lctrl 0.304718017578
szitakoto SNARC arabic DC down 6 lctrl 0.269722938538
szitakoto SNARC arabic DC down 3 lctrl 0.267940044403
szitakoto SNARC arabic DC up 5 num_delete 0.457825899124
szitakoto SNARC arabic DC down 8 lctrl 0.34951210022
szitakoto SNARC arabic DC up 2 num_delete 0.341136932373
szitakoto SNARC arabic DC down 3 lctrl 0.234467983246
