{'participant': u'zsjuli', 'notation': u'arabic', 'response_buttons': u'DC', 'range_in_instr': True, 'dateStr': u'04_01_1404', 'autopilot': False, 'exp_id': u'SNARC'}
zsjuli SNARC arabic DC up 7 num_delete 1.3378329277
zsjuli SNARC arabic DC down 4 lctrl 0.497820138931
zsjuli SNARC arabic DC down 7 lctrl 0.646641016006
zsjuli SNARC arabic DC down 3 lctrl 0.814115047455
zsjuli SNARC arabic DC down 5 lctrl 0.470216989517
zsjuli SNARC arabic DC down 3 lctrl 0.344499111176
zsjuli SNARC arabic DC down 9 lctrl 0.347676992416
zsjuli SNARC arabic DC down 9 lctrl 0.470117807388
zsjuli SNARC arabic DC down 3 lctrl 0.306209087372
zsjuli SNARC arabic DC down 1 lctrl 0.423871994019
zsjuli SNARC arabic DC down 6 lctrl 0.348109960556
zsjuli SNARC arabic DC up 5 num_delete 0.530607938766
zsjuli SNARC arabic DC down 3 lctrl 0.354999065399
zsjuli SNARC arabic DC down 5 lctrl 0.46103310585
zsjuli SNARC arabic DC up 4 num_delete 0.466868877411
zsjuli SNARC arabic DC down 4 lctrl 0.72426700592
zsjuli SNARC arabic DC up 8 num_delete 0.770066022873
zsjuli SNARC arabic DC up 2 num_delete 0.459539175034
zsjuli SNARC arabic DC up 3 num_delete 0.414140939713
zsjuli SNARC arabic DC up 8 num_delete 0.355232954025
zsjuli SNARC arabic DC down 1 lctrl 0.422860860825
zsjuli SNARC arabic DC up 6 num_delete 0.385572910309
zsjuli SNARC arabic DC up 1 num_delete 0.458143949509
zsjuli SNARC arabic DC up 6 num_delete 0.425788879395
zsjuli SNARC arabic DC down 9 lctrl 0.46048283577
zsjuli SNARC arabic DC down 2 lctrl 0.389791965485
zsjuli SNARC arabic DC up 9 num_delete 0.424123048782
zsjuli SNARC arabic DC up 8 num_delete 0.386757850647
zsjuli SNARC arabic DC down 7 lctrl 0.344497919083
zsjuli SNARC arabic DC down 3 lctrl 0.347567081451
zsjuli SNARC arabic DC down 8 lctrl 0.355443954468
zsjuli SNARC arabic DC down 9 lctrl 0.303451061249
zsjuli SNARC arabic DC down 6 lctrl 0.306113004684
zsjuli SNARC arabic DC down 7 lctrl 0.347150087357
zsjuli SNARC arabic DC up 2 lctrl 0.316526174545
zsjuli SNARC arabic DC down 4 lctrl 0.723872900009
zsjuli SNARC arabic DC down 5 lctrl 0.386606931686
zsjuli SNARC arabic DC up 2 num_delete 0.420892953873
zsjuli SNARC arabic DC down 1 lctrl 0.460374832153
zsjuli SNARC arabic DC up 6 num_delete 0.389645814896
zsjuli SNARC arabic DC down 6 lctrl 0.538807868958
zsjuli SNARC arabic DC up 8 num_delete 0.423180818558
zsjuli SNARC arabic DC up 5 num_delete 0.42419719696
zsjuli SNARC arabic DC up 5 num_delete 0.310254812241
zsjuli SNARC arabic DC down 9 lctrl 0.427887916565
zsjuli SNARC arabic DC down 3 lctrl 0.505474090576
zsjuli SNARC arabic DC up 1 num_delete 0.384827852249
zsjuli SNARC arabic DC down 6 lctrl 0.342558145523
zsjuli SNARC arabic DC down 4 lctrl 0.388644933701
zsjuli SNARC arabic DC down 2 lctrl 0.346226930618
zsjuli SNARC arabic DC down 7 lctrl 0.579038143158
zsjuli SNARC arabic DC up 2 num_delete 0.468385219574
zsjuli SNARC arabic DC down 2 lctrl 0.342713117599
zsjuli SNARC arabic DC down 7 lctrl 0.384152173996
zsjuli SNARC arabic DC down 5 lctrl 0.456716060638
zsjuli SNARC arabic DC up 8 num_delete 0.42435002327
zsjuli SNARC arabic DC down 8 lctrl 0.540181875229
zsjuli SNARC arabic DC down 5 lctrl 0.424669981003
zsjuli SNARC arabic DC up 3 num_delete 0.459253072739
zsjuli SNARC arabic DC up 8 num_delete 0.541801929474
zsjuli SNARC arabic DC down 9 lctrl 0.349555969238
zsjuli SNARC arabic DC down 4 lctrl 0.493762969971
zsjuli SNARC arabic DC up 5 num_delete 0.428025007248
zsjuli SNARC arabic DC up 1 num_delete 0.543954133987
zsjuli SNARC arabic DC up 6 num_delete 0.390040874481
zsjuli SNARC arabic DC down 2 lctrl 0.654127120972
zsjuli SNARC arabic DC up 6 num_delete 0.383615016937
zsjuli SNARC arabic DC up 3 num_delete 0.379521131516
zsjuli SNARC arabic DC down 3 lctrl 0.353955984116
zsjuli SNARC arabic DC up 9 num_delete 0.459841012955
zsjuli SNARC arabic DC down 6 lctrl 0.427519083023
zsjuli SNARC arabic DC up 1 num_delete 0.428379058838
zsjuli SNARC arabic DC up 6 num_delete 0.506016016006
zsjuli SNARC arabic DC down 3 lctrl 0.372448921204
zsjuli SNARC arabic DC up 3 num_delete 0.385056018829
zsjuli SNARC arabic DC down 1 lctrl 0.342808008194
zsjuli SNARC arabic DC up 4 num_delete 0.350375890732
zsjuli SNARC arabic DC down 5 lctrl 0.341522932053
zsjuli SNARC arabic DC down 6 lctrl 0.425706148148
zsjuli SNARC arabic DC down 4 lctrl 0.464916944504
zsjuli SNARC arabic DC up 1 num_delete 0.41592001915
zsjuli SNARC arabic DC down 2 lctrl 0.378746032715
zsjuli SNARC arabic DC up 1 num_delete 0.429594039917
zsjuli SNARC arabic DC down 8 lctrl 0.353957176208
zsjuli SNARC arabic DC up 3 num_delete 0.498239040375
zsjuli SNARC arabic DC up 2 num_delete 0.454154014587
zsjuli SNARC arabic DC down 7 lctrl 0.421858072281
zsjuli SNARC arabic DC up 4 num_delete 0.537724971771
zsjuli SNARC arabic DC down 2 lctrl 0.409123182297
zsjuli SNARC arabic DC down 5 lctrl 0.422089099884
zsjuli SNARC arabic DC up 1 num_delete 0.423038005829
zsjuli SNARC arabic DC down 4 lctrl 0.538952112198
zsjuli SNARC arabic DC down 9 lctrl 0.423277854919
zsjuli SNARC arabic DC up 3 num_delete 0.424288988113
zsjuli SNARC arabic DC down 8 lctrl 0.425217866898
zsjuli SNARC arabic DC down 6 lctrl 0.426123857498
zsjuli SNARC arabic DC down 4 lctrl 0.49919295311
zsjuli SNARC arabic DC down 3 lctrl 0.378465175629
zsjuli SNARC arabic DC down 1 lctrl 0.391134023666
zsjuli SNARC arabic DC down 3 lctrl 0.348864078522
zsjuli SNARC arabic DC up 4 num_delete 0.44180893898
zsjuli SNARC arabic DC down 1 lctrl 0.349529981613
zsjuli SNARC arabic DC up 8 num_delete 0.455590963364
zsjuli SNARC arabic DC down 8 lctrl 0.380305051804
zsjuli SNARC arabic DC up 5 num_delete 0.507797002792
zsjuli SNARC arabic DC up 8 num_delete 0.527471780777
zsjuli SNARC arabic DC up 4 num_delete 0.390191793442
zsjuli SNARC arabic DC down 5 lctrl 0.34795999527
zsjuli SNARC arabic DC up 9 num_delete 0.427690982819
zsjuli SNARC arabic DC down 5 lctrl 0.773413896561
zsjuli SNARC arabic DC up 5 num_delete 0.654268980026
zsjuli SNARC arabic DC down 8 lctrl 0.498656988144
zsjuli SNARC arabic DC up 2 num_delete 0.492840051651
zsjuli SNARC arabic DC up 6 num_delete 0.427160024643
zsjuli SNARC arabic DC up 9 num_delete 0.351577043533
zsjuli SNARC arabic DC up 8 num_delete 0.342581987381
zsjuli SNARC arabic DC down 2 lctrl 0.42690205574
zsjuli SNARC arabic DC up 7 num_delete 0.389554023743
zsjuli SNARC arabic DC down 9 lctrl 0.462302923203
zsjuli SNARC arabic DC up 2 num_delete 0.468141078949
zsjuli SNARC arabic DC down 2 lctrl 0.457498073578
zsjuli SNARC arabic DC down 7 lctrl 0.386770009995
zsjuli SNARC arabic DC up 7 num_delete 0.382720947266
zsjuli SNARC arabic DC down 3 lctrl 0.531961202621
zsjuli SNARC arabic DC down 6 lctrl 0.60778093338
zsjuli SNARC arabic DC down 5 lctrl 0.540317058563
zsjuli SNARC arabic DC up 1 num_delete 0.50119304657
zsjuli SNARC arabic DC up 2 num_delete 0.495526790619
zsjuli SNARC arabic DC up 1 num_delete 0.493474960327
zsjuli SNARC arabic DC down 3 lctrl 0.427933931351
zsjuli SNARC arabic DC up 2 num_delete 0.390472173691
zsjuli SNARC arabic DC up 4 num_delete 0.501357078552
zsjuli SNARC arabic DC up 6 num_delete 0.419096946716
zsjuli SNARC arabic DC up 6 num_delete 0.381779909134
zsjuli SNARC arabic DC up 3 num_delete 0.416042089462
zsjuli SNARC arabic DC down 5 lctrl 0.327523946762
zsjuli SNARC arabic DC down 3 lctrl 0.428363084793
zsjuli SNARC arabic DC up 7 num_delete 0.429315090179
zsjuli SNARC arabic DC up 8 num_delete 0.430397033691
zsjuli SNARC arabic DC up 3 num_delete 0.418294906616
zsjuli SNARC arabic DC up 2 num_delete 0.457561969757
zsjuli SNARC arabic DC down 3 lctrl 0.34863615036
zsjuli SNARC arabic DC down 9 lctrl 0.492849111557
zsjuli SNARC arabic DC up 8 num_delete 0.422631978989
zsjuli SNARC arabic DC up 7 num_delete 0.346976041794
zsjuli SNARC arabic DC up 1 num_delete 0.393033027649
zsjuli SNARC arabic DC down 2 lctrl 0.389086008072
zsjuli SNARC arabic DC down 6 lctrl 0.423413038254
zsjuli SNARC arabic DC down 7 lctrl 0.61580991745
zsjuli SNARC arabic DC down 9 lctrl 0.455205917358
zsjuli SNARC arabic DC down 3 lctrl 0.499495983124
zsjuli SNARC arabic DC up 8 num_delete 0.340398073196
zsjuli SNARC arabic DC up 4 num_delete 0.501341104507
zsjuli SNARC arabic DC down 2 lctrl 0.572245121002
zsjuli SNARC arabic DC up 6 num_delete 0.448573112488
zsjuli SNARC arabic DC up 4 num_delete 0.479835987091
zsjuli SNARC arabic DC down 6 lctrl 0.392669916153
zsjuli SNARC arabic DC up 6 num_delete 1.03969812393
zsjuli SNARC arabic DC up 2 num_delete 0.462561845779
zsjuli SNARC arabic DC down 1 lctrl 0.621726989746
zsjuli SNARC arabic DC down 1 lctrl 0.499464988708
zsjuli SNARC arabic DC down 9 lctrl 0.455404043198
zsjuli SNARC arabic DC down 4 lctrl 0.537985086441
zsjuli SNARC arabic DC down 3 lctrl 0.460607051849
zsjuli SNARC arabic DC down 4 lctrl 0.500328063965
zsjuli SNARC arabic DC up 5 num_delete 0.418180942535
zsjuli SNARC arabic DC down 5 lctrl 0.419146060944
zsjuli SNARC arabic DC down 1 lctrl 0.496781110764
zsjuli SNARC arabic DC up 9 num_delete 0.354490041733
zsjuli SNARC arabic DC up 9 num_delete 0.422170162201
zsjuli SNARC arabic DC down 5 lctrl 0.384938955307
zsjuli SNARC arabic DC down 2 lctrl 0.457528829575
zsjuli SNARC arabic DC down 1 lctrl 0.655001878738
zsjuli SNARC arabic DC down 8 lctrl 0.422767877579
zsjuli SNARC arabic DC down 4 lctrl 0.385553836823
zsjuli SNARC arabic DC up 1 num_delete 0.458078145981
zsjuli SNARC arabic DC up 5 num_delete 0.349174022675
zsjuli SNARC arabic DC down 5 lctrl 0.378556013107
zsjuli SNARC arabic DC down 5 lctrl 0.468168020248
zsjuli SNARC arabic DC up 5 num_delete 0.405840158463
zsjuli SNARC arabic DC down 5 lctrl 0.385208845139
zsjuli SNARC arabic DC up 5 num_delete 0.5726749897
zsjuli SNARC arabic DC down 5 lctrl 0.419219017029
zsjuli SNARC arabic DC down 8 lctrl 0.726629018784
zsjuli SNARC arabic DC down 8 lctrl 0.538003921509
zsjuli SNARC arabic DC down 4 lctrl 0.498869895935
zsjuli SNARC arabic DC down 9 lctrl 0.531476020813
zsjuli SNARC arabic DC up 3 num_delete 0.415807962418
zsjuli SNARC arabic DC up 5 num_delete 0.723229169846
zsjuli SNARC arabic DC up 6 num_delete 0.462646961212
zsjuli SNARC arabic DC up 7 num_delete 0.468711137772
zsjuli SNARC arabic DC up 4 num_delete 0.381438970566
zsjuli SNARC arabic DC down 2 lctrl 0.454111099243
zsjuli SNARC arabic DC down 8 lctrl 0.574942827225
zsjuli SNARC arabic DC down 4 lctrl 0.464288949966
zsjuli SNARC arabic DC up 8 num_delete 0.393634080887
zsjuli SNARC arabic DC up 6 num_delete 0.542824983597
zsjuli SNARC arabic DC up 3 num_delete 0.350598812103
zsjuli SNARC arabic DC up 9 num_delete 0.341659069061
zsjuli SNARC arabic DC down 5 lctrl 0.38773393631
zsjuli SNARC arabic DC down 2 lctrl 0.460308074951
zsjuli SNARC arabic DC up 3 num_delete 0.385225057602
zsjuli SNARC arabic DC up 5 num_delete 0.419456958771
zsjuli SNARC arabic DC down 8 lctrl 0.343790769577
zsjuli SNARC arabic DC down 5 lctrl 0.423537969589
zsjuli SNARC arabic DC down 4 lctrl 1.03732204437
zsjuli SNARC arabic DC down 1 lctrl 0.42196393013
zsjuli SNARC arabic DC up 7 num_delete 0.384479045868
zsjuli SNARC arabic DC up 6 num_delete 0.38050198555
zsjuli SNARC arabic DC up 8 num_delete 0.342000007629
zsjuli SNARC arabic DC down 7 lctrl 0.349851846695
zsjuli SNARC arabic DC down 8 lctrl 0.723797082901
zsjuli SNARC arabic DC down 4 lctrl 0.539811849594
zsjuli SNARC arabic DC up 9 num_delete 0.654016017914
zsjuli SNARC arabic DC down 8 lctrl 0.421758890152
zsjuli SNARC arabic DC down 7 lctrl 0.422781229019
zsjuli SNARC arabic DC down 4 lctrl 0.385503053665
zsjuli SNARC arabic DC down 7 lctrl 0.496522188187
zsjuli SNARC arabic DC up 2 num_delete 0.392521858215
zsjuli SNARC arabic DC up 8 num_delete 0.656775951385
zsjuli SNARC arabic DC up 6 num_delete 0.769146203995
zsjuli SNARC arabic DC down 9 lctrl 0.382071971893
zsjuli SNARC arabic DC down 3 lctrl 0.492985963821
zsjuli SNARC arabic DC up 3 num_delete 0.389058828354
zsjuli SNARC arabic DC down 2 lctrl 0.500233888626
zsjuli SNARC arabic DC down 5 lctrl 0.379623174667
zsjuli SNARC arabic DC up 6 num_delete 0.353837013245
zsjuli SNARC arabic DC up 1 num_delete 0.49817609787
zsjuli SNARC arabic DC down 8 lctrl 0.377650976181
zsjuli SNARC arabic DC up 6 num_delete 0.39031791687
zsjuli SNARC arabic DC down 8 lctrl 0.501290798187
zsjuli SNARC arabic DC down 7 lctrl 0.648773908615
zsjuli SNARC arabic DC up 7 num_delete 0.79957985878
zsjuli SNARC arabic DC down 6 lctrl 0.494006872177
zsjuli SNARC arabic DC down 7 lctrl 0.504933834076
zsjuli SNARC arabic DC down 7 lctrl 0.384356975555
zsjuli SNARC arabic DC down 6 lctrl 0.456984996796
zsjuli SNARC arabic DC up 7 num_delete 0.654619932175
zsjuli SNARC arabic DC down 9 lctrl 0.42234992981
zsjuli SNARC arabic DC down 7 lctrl 0.500000953674
zsjuli SNARC arabic DC up 8 num_delete 0.609176874161
zsjuli SNARC arabic DC down 1 lctrl 0.427024126053
zsjuli SNARC arabic DC down 1 lctrl 0.389750957489
zsjuli SNARC arabic DC up 7 num_delete 0.424057006836
zsjuli SNARC arabic DC up 9 num_delete 0.386888980865
zsjuli SNARC arabic DC up 6 num_delete 0.30632686615
zsjuli SNARC arabic DC down 7 lctrl 0.385832071304
zsjuli SNARC arabic DC up 8 num_delete 0.458431959152
zsjuli SNARC arabic DC up 6 num_delete 0.502744913101
zsjuli SNARC arabic DC up 9 num_delete 0.535464048386
zsjuli SNARC arabic DC down 7 lctrl 0.415360927582
zsjuli SNARC arabic DC up 1 num_delete 0.378149986267
zsjuli SNARC arabic DC down 8 lctrl 0.46756196022
zsjuli SNARC arabic DC down 9 lctrl 0.418517112732
zsjuli SNARC arabic DC up 6 num_delete 0.381221055984
zsjuli SNARC arabic DC down 7 lctrl 0.508946895599
zsjuli SNARC arabic DC up 1 num_delete 0.464960098267
zsjuli SNARC arabic DC up 4 num_delete 0.416077852249
zsjuli SNARC arabic DC down 6 lctrl 0.378825902939
zsjuli SNARC arabic DC down 1 lctrl 0.353235006332
zsjuli SNARC arabic DC down 9 lctrl 0.382678031921
zsjuli SNARC arabic DC down 8 lctrl 0.378577947617
zsjuli SNARC arabic DC down 2 lctrl 0.429567098618
zsjuli SNARC arabic DC down 4 lctrl 0.354268074036
zsjuli SNARC arabic DC down 5 lctrl 0.417251110077
zsjuli SNARC arabic DC down 1 lctrl 0.379841089249
zsjuli SNARC arabic DC down 6 lctrl 0.392544984818
zsjuli SNARC arabic DC up 9 num_delete 0.465142011642
zsjuli SNARC arabic DC down 2 lctrl 0.441588878632
zsjuli SNARC arabic DC down 5 lctrl 0.421399116516
zsjuli SNARC arabic DC up 2 num_delete 0.447757005692
zsjuli SNARC arabic DC up 3 num_delete 0.623680114746
zsjuli SNARC arabic DC up 5 num_delete 0.386499166489
zsjuli SNARC arabic DC down 1 lctrl 0.344377040863
zsjuli SNARC arabic DC up 9 num_delete 0.352005004883
zsjuli SNARC arabic DC down 3 lctrl 0.458007097244
zsjuli SNARC arabic DC up 2 num_delete 0.425711870193
zsjuli SNARC arabic DC down 9 lctrl 0.465078115463
zsjuli SNARC arabic DC up 7 num_delete 0.301199197769
zsjuli SNARC arabic DC up 7 num_delete 0.45720410347
zsjuli SNARC arabic DC down 7 lctrl 0.463277101517
zsjuli SNARC arabic DC down 9 lctrl 0.660812854767
zsjuli SNARC arabic DC down 1 lctrl 0.390491008759
zsjuli SNARC arabic DC up 6 num_delete 0.450006008148
zsjuli SNARC arabic DC up 7 num_delete 0.494240999222
zsjuli SNARC arabic DC up 3 num_delete 0.505317926407
zsjuli SNARC arabic DC up 3 num_delete 0.384803056717
zsjuli SNARC arabic DC down 4 lctrl 0.38091301918
zsjuli SNARC arabic DC down 5 lctrl 0.431900978088
zsjuli SNARC arabic DC down 9 lctrl 0.373409986496
zsjuli SNARC arabic DC down 1 lctrl 0.4244120121
zsjuli SNARC arabic DC up 4 num_delete 0.425457000732
zsjuli SNARC arabic DC down 9 lctrl 0.383584022522
zsjuli SNARC arabic DC up 2 num_delete 0.53288602829
zsjuli SNARC arabic DC down 3 lctrl 0.379009008408
zsjuli SNARC arabic DC down 7 lctrl 0.430331945419
zsjuli SNARC arabic DC up 4 num_delete 0.431099176407
zsjuli SNARC arabic DC up 1 num_delete 0.534081935883
zsjuli SNARC arabic DC up 7 num_delete 0.367356061935
zsjuli SNARC arabic DC down 2 lctrl 0.418392896652
zsjuli SNARC arabic DC down 8 lctrl 0.45794916153
zsjuli SNARC arabic DC down 1 lctrl 0.387192964554
zsjuli SNARC arabic DC down 9 lctrl 0.459806919098
zsjuli SNARC arabic DC down 1 lctrl 0.499533176422
zsjuli SNARC arabic DC up 9 num_delete 0.378950119019
zsjuli SNARC arabic DC down 5 lctrl 0.353561162949
zsjuli SNARC arabic DC up 8 num_delete 0.421118021011
zsjuli SNARC arabic DC down 2 lctrl 0.460438966751
zsjuli SNARC arabic DC up 5 num_delete 0.504733800888
zsjuli SNARC arabic DC up 1 num_delete 0.42263507843
zsjuli SNARC arabic DC up 7 num_delete 0.346948862076
zsjuli SNARC arabic DC down 9 lctrl 0.39311003685
zsjuli SNARC arabic DC up 3 num_delete 0.427453994751
zsjuli SNARC arabic DC down 1 lctrl 0.351912021637
zsjuli SNARC arabic DC up 8 num_delete 0.266376972198
zsjuli SNARC arabic DC down 4 lctrl 0.519272089005
zsjuli SNARC arabic DC down 9 lctrl 0.420367002487
zsjuli SNARC arabic DC down 9 lctrl 0.38312792778
zsjuli SNARC arabic DC up 7 num_delete 0.379240036011
zsjuli SNARC arabic DC down 7 lctrl 0.608751058578
zsjuli SNARC arabic DC down 3 lctrl 0.388254880905
zsjuli SNARC arabic DC down 4 lctrl 0.422647953033
zsjuli SNARC arabic DC down 6 lctrl 0.308740854263
zsjuli SNARC arabic DC up 6 num_delete 0.388085126877
zsjuli SNARC arabic DC up 4 num_delete 0.499107122421
zsjuli SNARC arabic DC down 6 lctrl 0.378561973572
zsjuli SNARC arabic DC down 4 lctrl 0.467926025391
zsjuli SNARC arabic DC down 1 lctrl 0.380742073059
zsjuli SNARC arabic DC up 9 num_delete 0.393415927887
zsjuli SNARC arabic DC up 3 num_delete 0.389528036118
zsjuli SNARC arabic DC up 2 num_delete 0.347311973572
zsjuli SNARC arabic DC up 1 num_delete 0.431627988815
zsjuli SNARC arabic DC up 3 num_delete 0.416059970856
zsjuli SNARC arabic DC down 2 lctrl 0.417233943939
zsjuli SNARC arabic DC up 2 num_delete 0.418200016022
zsjuli SNARC arabic DC down 4 lctrl 0.380940198898
zsjuli SNARC arabic DC up 8 num_delete 0.393754005432
zsjuli SNARC arabic DC up 4 num_delete 0.504643917084
zsjuli SNARC arabic DC down 4 lctrl 0.460720062256
zsjuli SNARC arabic DC up 8 num_delete 0.390094995499
zsjuli SNARC arabic DC down 7 lctrl 0.501152992249
zsjuli SNARC arabic DC up 4 num_delete 0.495437860489
zsjuli SNARC arabic DC up 6 num_delete 0.544826030731
zsjuli SNARC arabic DC down 8 lctrl 0.390923023224
zsjuli SNARC arabic DC up 6 num_delete 0.425328969955
zsjuli SNARC arabic DC down 2 lctrl 0.426568031311
zsjuli SNARC arabic DC down 4 lctrl 0.389317035675
zsjuli SNARC arabic DC down 2 lctrl 0.423609972
zsjuli SNARC arabic DC down 9 lctrl 0.348032951355
zsjuli SNARC arabic DC up 7 num_delete 0.355717897415
zsjuli SNARC arabic DC down 4 lctrl 0.42339515686
zsjuli SNARC arabic DC up 2 num_delete 0.998960971832
zsjuli SNARC arabic DC down 5 lctrl 0.570115089417
zsjuli SNARC arabic DC up 1 num_delete 0.765843868256
zsjuli SNARC arabic DC down 9 lctrl 0.455458879471
zsjuli SNARC arabic DC up 7 num_delete 0.456799030304
zsjuli SNARC arabic DC down 3 lctrl 0.386223077774
zsjuli SNARC arabic DC up 2 num_delete 0.344063997269
zsjuli SNARC arabic DC down 3 lctrl 0.504990100861
zsjuli SNARC arabic DC up 5 num_delete 0.384393930435
{'participant': u'zsjuli', 'notation': u'dot', 'response_buttons': u'DC', 'range_in_instr': True, 'dateStr': u'04_01_1412', 'autopilot': False, 'exp_id': u'SNARC'}
zsjuli SNARC dot DC up 45 num_delete 1.72726297379
zsjuli SNARC dot DC up 35 num_delete 0.816998004913
zsjuli SNARC dot DC up 5 num_delete 0.379967212677
zsjuli SNARC dot DC down 10 lctrl 0.469341039658
zsjuli SNARC dot DC down 45 lctrl 1.85769581795
zsjuli SNARC dot DC down 45 lctrl 0.332674980164
zsjuli SNARC dot DC up 25 num_delete 0.440193891525
zsjuli SNARC dot DC down 5 lctrl 0.411633968353
zsjuli SNARC dot DC up 10 num_delete 0.578022956848
zsjuli SNARC dot DC up 40 num_delete 0.411045074463
zsjuli SNARC dot DC down 30 lctrl 0.451876878738
zsjuli SNARC dot DC up 30 num_delete 0.441179037094
zsjuli SNARC dot DC up 5 num_delete 0.412748098373
zsjuli SNARC dot DC up 35 num_delete 0.452089071274
zsjuli SNARC dot DC up 20 num_delete 0.367117881775
zsjuli SNARC dot DC up 35 num_delete 0.479608058929
zsjuli SNARC dot DC up 35 num_delete 0.299100875854
zsjuli SNARC dot DC up 30 num_delete 0.361967086792
zsjuli SNARC dot DC up 40 num_delete 0.296565055847
zsjuli SNARC dot DC down 40 lctrl 0.475721120834
zsjuli SNARC dot DC down 35 lctrl 0.448397159576
zsjuli SNARC dot DC up 10 num_delete 0.403190851212
zsjuli SNARC dot DC up 40 num_delete 0.365989208221
zsjuli SNARC dot DC up 15 num_delete 0.339019060135
zsjuli SNARC dot DC down 20 lctrl 0.461655855179
zsjuli SNARC dot DC down 30 lctrl 0.414204835892
zsjuli SNARC dot DC up 5 num_delete 0.431955099106
zsjuli SNARC dot DC up 15 num_delete 0.363610982895
zsjuli SNARC dot DC down 10 lctrl 0.416169881821
zsjuli SNARC dot DC up 15 num_delete 0.41580581665
zsjuli SNARC dot DC down 35 lctrl 0.401607036591
zsjuli SNARC dot DC up 5 num_delete 0.381053924561
zsjuli SNARC dot DC up 20 num_delete 0.3770840168
zsjuli SNARC dot DC down 20 lctrl 0.449808835983
zsjuli SNARC dot DC up 10 num_delete 0.379235982895
zsjuli SNARC dot DC up 5 num_delete 0.353740930557
zsjuli SNARC dot DC up 25 num_delete 0.366460084915
zsjuli SNARC dot DC up 30 num_delete 0.362632036209
zsjuli SNARC dot DC up 35 num_delete 0.375481843948
zsjuli SNARC dot DC down 40 lctrl 0.435314893723
zsjuli SNARC dot DC up 20 num_delete 0.379827976227
zsjuli SNARC dot DC down 15 lctrl 0.545951128006
zsjuli SNARC dot DC down 35 lctrl 0.606609106064
zsjuli SNARC dot DC down 35 lctrl 0.518026828766
zsjuli SNARC dot DC down 10 lctrl 0.534022092819
zsjuli SNARC dot DC down 25 lctrl 0.325203180313
zsjuli SNARC dot DC up 25 num_delete 0.409538984299
zsjuli SNARC dot DC down 10 lctrl 0.350703001022
zsjuli SNARC dot DC up 5 num_delete 0.456749916077
zsjuli SNARC dot DC down 15 lctrl 0.423020839691
zsjuli SNARC dot DC up 45 num_delete 0.445714950562
zsjuli SNARC dot DC up 20 num_delete 0.414960861206
zsjuli SNARC dot DC down 35 lctrl 0.399305820465
zsjuli SNARC dot DC up 45 num_delete 0.437244176865
zsjuli SNARC dot DC up 25 num_delete 0.559664011002
zsjuli SNARC dot DC down 25 lctrl 0.44460105896
zsjuli SNARC dot DC up 15 num_delete 0.312633991241
zsjuli SNARC dot DC up 25 num_delete 0.376850128174
zsjuli SNARC dot DC down 30 lctrl 0.41117310524
zsjuli SNARC dot DC up 20 num_delete 0.412240982056
zsjuli SNARC dot DC up 15 num_delete 0.351980924606
zsjuli SNARC dot DC down 40 lctrl 0.404420137405
zsjuli SNARC dot DC down 30 lctrl 0.482064962387
zsjuli SNARC dot DC down 5 lctrl 0.378246068954
zsjuli SNARC dot DC down 15 lctrl 0.504418849945
zsjuli SNARC dot DC down 20 lctrl 0.345589876175
zsjuli SNARC dot DC down 15 lctrl 0.353257894516
zsjuli SNARC dot DC up 35 num_delete 0.405616998672
zsjuli SNARC dot DC down 30 lctrl 0.406718969345
zsjuli SNARC dot DC up 25 num_delete 0.446115970612
zsjuli SNARC dot DC down 30 lctrl 0.490472078323
zsjuli SNARC dot DC down 30 lctrl 0.595171928406
zsjuli SNARC dot DC up 15 num_delete 0.42816901207
zsjuli SNARC dot DC down 40 lctrl 0.795587062836
zsjuli SNARC dot DC down 30 lctrl 0.414855003357
zsjuli SNARC dot DC up 30 num_delete 0.360968828201
zsjuli SNARC dot DC down 30 lctrl 0.373682022095
zsjuli SNARC dot DC down 15 lctrl 0.346687793732
zsjuli SNARC dot DC down 45 lctrl 0.512587070465
zsjuli SNARC dot DC down 30 lctrl 0.338488101959
zsjuli SNARC dot DC down 10 lctrl 0.269723176956
zsjuli SNARC dot DC down 5 lctrl 0.344063997269
zsjuli SNARC dot DC down 25 lctrl 0.373342037201
zsjuli SNARC dot DC down 35 lctrl 0.36935710907
zsjuli SNARC dot DC down 5 lctrl 0.382130861282
zsjuli SNARC dot DC up 35 num_delete 0.43813085556
zsjuli SNARC dot DC up 25 num_delete 0.316309928894
zsjuli SNARC dot DC up 15 num_delete 0.300992012024
zsjuli SNARC dot DC up 40 num_delete 0.288592100143
zsjuli SNARC dot DC down 45 lctrl 0.443188905716
zsjuli SNARC dot DC up 20 num_delete 0.374016046524
zsjuli SNARC dot DC up 35 num_delete 0.357115983963
zsjuli SNARC dot DC down 5 lctrl 0.424954891205
zsjuli SNARC dot DC up 10 num_delete 0.3110268116
zsjuli SNARC dot DC down 5 lctrl 0.428734064102
zsjuli SNARC dot DC down 20 lctrl 0.413149833679
zsjuli SNARC dot DC down 10 lctrl 0.354784011841
zsjuli SNARC dot DC down 5 lctrl 0.345901966095
zsjuli SNARC dot DC down 25 lctrl 0.375249147415
zsjuli SNARC dot DC up 15 num_delete 0.424863100052
zsjuli SNARC dot DC up 5 num_delete 0.504043102264
zsjuli SNARC dot DC up 5 num_delete 0.536733865738
zsjuli SNARC dot DC up 30 num_delete 0.366157054901
zsjuli SNARC dot DC up 20 num_delete 0.645574092865
zsjuli SNARC dot DC up 45 num_delete 0.336840867996
zsjuli SNARC dot DC down 20 lctrl 0.382915019989
zsjuli SNARC dot DC up 25 num_delete 0.402148008347
zsjuli SNARC dot DC down 20 lctrl 0.380161046982
zsjuli SNARC dot DC down 30 lctrl 0.360956192017
zsjuli SNARC dot DC down 40 lctrl 0.372276067734
zsjuli SNARC dot DC down 25 lctrl 0.331446886063
zsjuli SNARC dot DC up 45 num_delete 0.397675037384
zsjuli SNARC dot DC down 10 lctrl 0.404016971588
zsjuli SNARC dot DC up 15 num_delete 0.420269966125
zsjuli SNARC dot DC up 40 num_delete 0.329472064972
zsjuli SNARC dot DC down 40 lctrl 0.374089956284
zsjuli SNARC dot DC down 15 lctrl 0.348584890366
zsjuli SNARC dot DC up 15 num_delete 0.377905845642
zsjuli SNARC dot DC up 40 num_delete 0.373966932297
zsjuli SNARC dot DC down 45 lctrl 0.625144004822
zsjuli SNARC dot DC down 5 lctrl 0.427730083466
zsjuli SNARC dot DC down 40 lctrl 0.448921918869
zsjuli SNARC dot DC up 40 num_delete 0.401379108429
zsjuli SNARC dot DC up 35 num_delete 0.364176988602
zsjuli SNARC dot DC up 10 num_delete 0.355334997177
zsjuli SNARC dot DC up 45 num_delete 0.290028095245
zsjuli SNARC dot DC up 40 num_delete 0.294152021408
zsjuli SNARC dot DC up 20 num_delete 0.296962976456
zsjuli SNARC dot DC down 35 lctrl 0.376337051392
zsjuli SNARC dot DC down 5 lctrl 0.6954870224
zsjuli SNARC dot DC down 35 lctrl 0.451517105103
zsjuli SNARC dot DC up 25 num_delete 0.440914869308
zsjuli SNARC dot DC down 35 lctrl 0.753307104111
zsjuli SNARC dot DC up 5 num_delete 0.421164989471
zsjuli SNARC dot DC up 40 num_delete 0.443784952164
zsjuli SNARC dot DC up 35 num_delete 0.334980010986
zsjuli SNARC dot DC up 45 num_delete 0.324618816376
zsjuli SNARC dot DC up 35 num_delete 0.397421121597
zsjuli SNARC dot DC down 20 lctrl 0.41517496109
zsjuli SNARC dot DC up 45 num_delete 0.321455955505
zsjuli SNARC dot DC down 25 lctrl 0.445567846298
zsjuli SNARC dot DC down 25 lctrl 0.681422948837
zsjuli SNARC dot DC up 35 num_delete 0.399183988571
zsjuli SNARC dot DC down 35 lctrl 1.08961105347
zsjuli SNARC dot DC up 5 num_delete 0.424322128296
zsjuli SNARC dot DC up 15 num_delete 0.38547205925
zsjuli SNARC dot DC down 30 lctrl 0.404663085938
zsjuli SNARC dot DC up 5 num_delete 0.422415018082
zsjuli SNARC dot DC up 45 num_delete 0.443605899811
zsjuli SNARC dot DC up 30 num_delete 0.36164188385
zsjuli SNARC dot DC down 5 lctrl 0.390967845917
zsjuli SNARC dot DC up 10 num_delete 0.259150981903
zsjuli SNARC dot DC down 20 lctrl 0.348765134811
zsjuli SNARC dot DC down 45 lctrl 0.552922964096
zsjuli SNARC dot DC down 5 lctrl 0.379300832748
zsjuli SNARC dot DC up 30 num_delete 0.413650989532
zsjuli SNARC dot DC up 25 num_delete 0.338135004044
zsjuli SNARC dot DC down 25 lctrl 0.329241991043
zsjuli SNARC dot DC up 30 num_delete 0.490092039108
zsjuli SNARC dot DC up 5 num_delete 0.4245698452
zsjuli SNARC dot DC up 35 num_delete 0.408923864365
zsjuli SNARC dot DC up 20 num_delete 0.348608016968
zsjuli SNARC dot DC up 15 num_delete 0.339727878571
zsjuli SNARC dot DC down 10 lctrl 0.425602912903
zsjuli SNARC dot DC down 45 lctrl 0.408541917801
zsjuli SNARC dot DC up 40 num_delete 0.404897928238
zsjuli SNARC dot DC up 35 num_delete 0.752304792404
zsjuli SNARC dot DC up 15 num_delete 0.648555040359
zsjuli SNARC dot DC up 30 num_delete 0.362838029861
zsjuli SNARC dot DC down 20 lctrl 0.375598192215
zsjuli SNARC dot DC down 20 lctrl 0.38689994812
zsjuli SNARC dot DC up 45 num_delete 0.366301059723
zsjuli SNARC dot DC up 5 num_delete 0.380517959595
zsjuli SNARC dot DC down 45 lctrl 0.375190973282
zsjuli SNARC dot DC down 45 lctrl 0.409514904022
zsjuli SNARC dot DC down 40 lctrl 0.44894194603
zsjuli SNARC dot DC down 45 lctrl 0.39993596077
zsjuli SNARC dot DC up 35 num_delete 0.402461051941
zsjuli SNARC dot DC up 20 num_delete 0.303866863251
zsjuli SNARC dot DC up 25 num_delete 0.29141497612
zsjuli SNARC dot DC down 25 lctrl 0.409183979034
zsjuli SNARC dot DC up 35 num_delete 0.371895074844
zsjuli SNARC dot DC down 40 lctrl 0.36797785759
zsjuli SNARC dot DC up 20 num_delete 0.455911874771
zsjuli SNARC dot DC down 15 lctrl 0.347059011459
zsjuli SNARC dot DC down 45 num_delete 0.283231973648
zsjuli SNARC dot DC up 20 num_delete 0.57081413269
zsjuli SNARC dot DC down 20 lctrl 0.843303918839
zsjuli SNARC dot DC up 30 num_delete 0.374332904816
zsjuli SNARC dot DC down 40 lctrl 0.408715963364
zsjuli SNARC dot DC down 25 lctrl 0.366982936859
zsjuli SNARC dot DC up 25 num_delete 0.363077878952
zsjuli SNARC dot DC down 15 lctrl 0.429417133331
zsjuli SNARC dot DC down 30 lctrl 0.453613042831
zsjuli SNARC dot DC down 10 lctrl 0.459635972977
zsjuli SNARC dot DC down 20 lctrl 0.425823926926
zsjuli SNARC dot DC down 30 lctrl 0.411612987518
zsjuli SNARC dot DC up 40 num_delete 0.41117978096
zsjuli SNARC dot DC up 35 num_delete 0.413738965988
zsjuli SNARC dot DC up 5 num_delete 0.3549721241
zsjuli SNARC dot DC up 45 num_delete 0.40448307991
zsjuli SNARC dot DC up 20 num_delete 0.422308921814
zsjuli SNARC dot DC up 10 num_delete 0.348247051239
zsjuli SNARC dot DC up 10 num_delete 0.607513904572
zsjuli SNARC dot DC down 10 lctrl 0.425270080566
zsjuli SNARC dot DC down 25 lctrl 0.447983980179
zsjuli SNARC dot DC up 35 num_delete 0.377356052399
zsjuli SNARC dot DC up 30 num_delete 0.488404989243
zsjuli SNARC dot DC down 35 lctrl 0.482829093933
zsjuli SNARC dot DC up 10 num_delete 0.34073805809
zsjuli SNARC dot DC up 45 num_delete 0.406945943832
zsjuli SNARC dot DC up 45 num_delete 0.408071994781
zsjuli SNARC dot DC up 40 num_delete 0.372324943542
zsjuli SNARC dot DC down 10 lctrl 0.346842050552
zsjuli SNARC dot DC down 25 lctrl 0.376249074936
zsjuli SNARC dot DC down 25 lctrl 0.602117776871
zsjuli SNARC dot DC up 10 num_delete 0.381618022919
zsjuli SNARC dot DC down 40 lctrl 0.701168060303
zsjuli SNARC dot DC down 20 lctrl 0.340974092484
zsjuli SNARC dot DC up 20 num_delete 0.463706016541
zsjuli SNARC dot DC down 30 lctrl 1.8551170826
zsjuli SNARC dot DC down 25 lctrl 0.368287086487
zsjuli SNARC dot DC up 15 num_delete 0.417913198471
zsjuli SNARC dot DC down 45 lctrl 0.440632820129
zsjuli SNARC dot DC down 35 lctrl 0.371472835541
zsjuli SNARC dot DC down 20 lctrl 0.306229829788
zsjuli SNARC dot DC up 45 num_delete 0.407250881195
zsjuli SNARC dot DC down 15 lctrl 0.386701107025
zsjuli SNARC dot DC up 35 num_delete 0.367554187775
zsjuli SNARC dot DC down 25 lctrl 0.44039106369
zsjuli SNARC dot DC up 15 num_delete 0.423300981522
zsjuli SNARC dot DC up 45 num_delete 0.369432926178
zsjuli SNARC dot DC down 30 lctrl 0.405384063721
zsjuli SNARC dot DC down 15 lctrl 0.421761035919
zsjuli SNARC dot DC up 5 num_delete 0.424196958542
zsjuli SNARC dot DC up 35 num_delete 0.408657073975
zsjuli SNARC dot DC up 45 num_delete 0.331692934036
zsjuli SNARC dot DC up 35 num_delete 0.324363946915
zsjuli SNARC dot DC up 45 num_delete 0.368985891342
zsjuli SNARC dot DC down 25 lctrl 0.404927968979
zsjuli SNARC dot DC up 20 num_delete 0.421205997467
zsjuli SNARC dot DC up 10 num_delete 0.410835981369
zsjuli SNARC dot DC up 40 num_delete 0.601894140244
zsjuli SNARC dot DC up 15 num_delete 0.381562948227
zsjuli SNARC dot DC down 5 lctrl 0.417414903641
zsjuli SNARC dot DC up 10 num_delete 0.528832912445
zsjuli SNARC dot DC up 40 num_delete 0.450102090836
zsjuli SNARC dot DC up 15 num_delete 0.379700899124
zsjuli SNARC dot DC down 15 lctrl 0.430747032166
zsjuli SNARC dot DC up 30 num_delete 0.476511001587
zsjuli SNARC dot DC down 15 lctrl 0.54118013382
zsjuli SNARC dot DC up 30 num_delete 0.372050046921
zsjuli SNARC dot DC down 30 lctrl 0.597949981689
zsjuli SNARC dot DC down 40 lctrl 0.414494037628
zsjuli SNARC dot DC down 10 lctrl 0.340283870697
zsjuli SNARC dot DC down 20 lctrl 0.384833097458
zsjuli SNARC dot DC up 15 num_delete 0.45756483078
zsjuli SNARC dot DC up 25 num_delete 0.410145044327
zsjuli SNARC dot DC down 25 lctrl 0.526137113571
zsjuli SNARC dot DC up 5 num_delete 0.465537071228
zsjuli SNARC dot DC up 30 num_delete 0.438328027725
zsjuli SNARC dot DC up 25 num_delete 0.329450130463
zsjuli SNARC dot DC down 35 lctrl 0.375569820404
zsjuli SNARC dot DC up 25 num_delete 0.333338975906
zsjuli SNARC dot DC down 5 lctrl 0.456121921539
zsjuli SNARC dot DC up 40 num_delete 0.330542087555
zsjuli SNARC dot DC down 35 lctrl 0.683023929596
zsjuli SNARC dot DC down 15 lctrl 0.449812173843
zsjuli SNARC dot DC down 5 lctrl 0.380749940872
zsjuli SNARC dot DC down 5 lctrl 0.470069885254
zsjuli SNARC dot DC up 40 num_delete 0.519375085831
zsjuli SNARC dot DC up 25 num_delete 0.365616083145
zsjuli SNARC dot DC down 45 lctrl 0.39866900444
zsjuli SNARC dot DC up 40 num_delete 0.439554929733
zsjuli SNARC dot DC up 40 num_delete 0.369032144547
zsjuli SNARC dot DC down 10 lctrl 0.420181035995
zsjuli SNARC dot DC down 25 lctrl 0.404669046402
zsjuli SNARC dot DC up 10 num_delete 0.384150028229
zsjuli SNARC dot DC down 10 lctrl 0.418551921844
zsjuli SNARC dot DC up 5 num_delete 0.304781198502
zsjuli SNARC dot DC up 35 num_delete 0.367594003677
zsjuli SNARC dot DC up 10 num_delete 0.380455970764
zsjuli SNARC dot DC up 10 num_delete 0.354940891266
zsjuli SNARC dot DC down 30 lctrl 0.444326877594
zsjuli SNARC dot DC up 10 num_delete 0.50540304184
zsjuli SNARC dot DC up 40 num_delete 0.470155954361
zsjuli SNARC dot DC up 5 num_delete 0.344741106033
zsjuli SNARC dot DC up 40 num_delete 0.372699975967
zsjuli SNARC dot DC down 10 lctrl 0.38699388504
zsjuli SNARC dot DC up 20 num_delete 0.381665945053
zsjuli SNARC dot DC up 5 num_delete 0.417646169662
zsjuli SNARC dot DC down 10 lctrl 0.444115161896
zsjuli SNARC dot DC up 15 num_delete 0.35059595108
zsjuli SNARC dot DC down 5 lctrl 0.419789075851
zsjuli SNARC dot DC down 45 lctrl 0.479403018951
zsjuli SNARC dot DC down 20 lctrl 0.377096891403
zsjuli SNARC dot DC down 25 lctrl 0.373226881027
zsjuli SNARC dot DC down 45 lctrl 0.367907047272
zsjuli SNARC dot DC up 40 num_delete 0.442115068436
zsjuli SNARC dot DC down 10 lctrl 0.580170869827
zsjuli SNARC dot DC up 5 num_delete 0.431143045425
zsjuli SNARC dot DC up 35 num_delete 0.453873157501
zsjuli SNARC dot DC up 20 num_delete 0.458618879318
zsjuli SNARC dot DC down 45 lctrl 0.409810066223
zsjuli SNARC dot DC down 40 lctrl 0.410917043686
zsjuli SNARC dot DC up 10 num_delete 0.391904115677
zsjuli SNARC dot DC down 40 lctrl 0.409645080566
zsjuli SNARC dot DC up 10 num_delete 0.427412986755
zsjuli SNARC dot DC down 5 lctrl 0.466941833496
zsjuli SNARC dot DC down 30 lctrl 0.401386976242
zsjuli SNARC dot DC down 5 lctrl 0.380886077881
zsjuli SNARC dot DC down 15 lctrl 0.315628051758
zsjuli SNARC dot DC up 15 num_delete 0.416733026505
zsjuli SNARC dot DC down 45 lctrl 0.388150930405
zsjuli SNARC dot DC down 15 lctrl 0.42266201973
zsjuli SNARC dot DC up 35 num_delete 0.446814060211
zsjuli SNARC dot DC down 45 lctrl 0.45148396492
zsjuli SNARC dot DC down 30 lctrl 0.36579990387
zsjuli SNARC dot DC up 40 num_delete 0.400223970413
zsjuli SNARC dot DC up 35 num_delete 0.363140106201
zsjuli SNARC dot DC down 25 lctrl 0.375982999802
zsjuli SNARC dot DC up 20 num_delete 0.834025144577
zsjuli SNARC dot DC down 35 lctrl 0.403374910355
zsjuli SNARC dot DC down 10 lctrl 0.421222925186
zsjuli SNARC dot DC up 40 num_delete 0.405600070953
zsjuli SNARC dot DC up 30 num_delete 0.368403911591
zsjuli SNARC dot DC up 30 num_delete 0.364662885666
zsjuli SNARC dot DC down 30 lctrl 0.339122056961
zsjuli SNARC dot DC up 15 num_delete 0.345576047897
zsjuli SNARC dot DC down 40 lctrl 0.298380851746
zsjuli SNARC dot DC down 45 lctrl 0.361182928085
zsjuli SNARC dot DC up 10 num_delete 0.353808164597
zsjuli SNARC dot DC up 25 num_delete 0.391927957535
zsjuli SNARC dot DC up 30 num_delete 0.409813165665
zsjuli SNARC dot DC down 5 lctrl 0.384763002396
zsjuli SNARC dot DC up 15 num_delete 0.302830934525
zsjuli SNARC dot DC up 40 num_delete 0.367110967636
zsjuli SNARC dot DC down 25 lctrl 0.363284111023
zsjuli SNARC dot DC up 45 num_delete 0.298005104065
zsjuli SNARC dot DC up 45 num_delete 0.386192083359
zsjuli SNARC dot DC down 10 lctrl 0.307207107544
zsjuli SNARC dot DC down 20 lctrl 0.385137796402
zsjuli SNARC dot DC up 20 num_delete 0.406594991684
zsjuli SNARC dot DC down 20 lctrl 0.309501886368
zsjuli SNARC dot DC up 20 num_delete 0.335447072983
zsjuli SNARC dot DC down 20 lctrl 0.303551912308
zsjuli SNARC dot DC down 15 lctrl 0.421236038208
zsjuli SNARC dot DC down 25 lctrl 0.407157182693
zsjuli SNARC dot DC down 25 lctrl 0.44651889801
zsjuli SNARC dot DC down 30 lctrl 0.376023054123
zsjuli SNARC dot DC down 10 lctrl 0.346010923386
zsjuli SNARC dot DC down 15 lctrl 0.429023981094
zsjuli SNARC dot DC up 5 num_delete 0.431473016739
zsjuli SNARC dot DC up 10 num_delete 0.416059017181
zsjuli SNARC dot DC down 45 lctrl 0.39910697937
zsjuli SNARC dot DC down 45 lctrl 0.400315999985
zsjuli SNARC dot DC down 30 lctrl 0.326346874237
zsjuli SNARC dot DC down 20 lctrl 0.349333047867
zsjuli SNARC dot DC up 40 num_delete 0.401789903641
zsjuli SNARC dot DC up 15 num_delete 0.379925012589
{'participant': u'zsjuli', 'notation': u'arabic', 'response_buttons': u'CD', 'range_in_instr': True, 'dateStr': u'04_01_1419', 'autopilot': False, 'exp_id': u'SNARC'}
zsjuli SNARC arabic CD up 1 lctrl 0.661162853241
zsjuli SNARC arabic CD down 9 num_delete 0.54262804985
zsjuli SNARC arabic CD down 5 num_delete 0.453927993774
zsjuli SNARC arabic CD down 6 num_delete 0.447066783905
zsjuli SNARC arabic CD down 5 num_delete 0.354907035828
zsjuli SNARC arabic CD up 3 lctrl 0.384575843811
zsjuli SNARC arabic CD up 1 lctrl 0.303900957108
zsjuli SNARC arabic CD up 3 lctrl 0.344976902008
zsjuli SNARC arabic CD down 4 num_delete 0.352813005447
zsjuli SNARC arabic CD up 2 lctrl 0.343996047974
zsjuli SNARC arabic CD up 6 lctrl 0.390110015869
zsjuli SNARC arabic CD up 3 lctrl 0.309645175934
zsjuli SNARC arabic CD down 7 num_delete 0.350808858871
zsjuli SNARC arabic CD down 7 lctrl 0.265453100204
zsjuli SNARC arabic CD up 1 lctrl 0.378166913986
zsjuli SNARC arabic CD up 7 lctrl 0.429286003113
zsjuli SNARC arabic CD down 6 num_delete 0.392055988312
zsjuli SNARC arabic CD down 7 num_delete 0.426563978195
zsjuli SNARC arabic CD up 1 lctrl 0.427662849426
zsjuli SNARC arabic CD down 9 num_delete 0.54369187355
zsjuli SNARC arabic CD down 2 num_delete 0.453549146652
zsjuli SNARC arabic CD up 4 lctrl 0.497958898544
zsjuli SNARC arabic CD up 2 lctrl 0.624167203903
zsjuli SNARC arabic CD up 8 lctrl 0.425276041031
zsjuli SNARC arabic CD up 8 lctrl 0.311372995377
zsjuli SNARC arabic CD up 3 lctrl 0.467329978943
zsjuli SNARC arabic CD down 4 num_delete 0.380213022232
zsjuli SNARC arabic CD up 7 lctrl 0.354687929153
zsjuli SNARC arabic CD down 3 num_delete 0.422507047653
zsjuli SNARC arabic CD up 3 lctrl 0.34925198555
zsjuli SNARC arabic CD up 8 lctrl 0.493729829788
zsjuli SNARC arabic CD up 2 lctrl 0.543118953705
zsjuli SNARC arabic CD up 7 lctrl 0.504171133041
zsjuli SNARC arabic CD up 8 lctrl 0.494038105011
zsjuli SNARC arabic CD up 6 lctrl 0.275366067886
zsjuli SNARC arabic CD down 9 num_delete 0.413483858109
zsjuli SNARC arabic CD down 6 num_delete 0.546179056168
zsjuli SNARC arabic CD up 4 lctrl 0.392473936081
zsjuli SNARC arabic CD down 9 num_delete 0.350327968597
zsjuli SNARC arabic CD down 6 num_delete 0.456571102142
zsjuli SNARC arabic CD up 5 lctrl 0.419772148132
zsjuli SNARC arabic CD down 1 num_delete 0.382654190063
zsjuli SNARC arabic CD down 3 num_delete 0.340483903885
zsjuli SNARC arabic CD down 4 num_delete 0.42494893074
zsjuli SNARC arabic CD up 3 lctrl 0.387831926346
zsjuli SNARC arabic CD down 1 num_delete 0.460555076599
zsjuli SNARC arabic CD up 9 lctrl 0.351881980896
zsjuli SNARC arabic CD down 7 num_delete 0.381344079971
zsjuli SNARC arabic CD up 1 lctrl 0.431077003479
zsjuli SNARC arabic CD up 2 lctrl 0.531781196594
zsjuli SNARC arabic CD up 2 lctrl 0.378031015396
zsjuli SNARC arabic CD down 7 num_delete 0.390864133835
zsjuli SNARC arabic CD down 8 num_delete 0.540324926376
zsjuli SNARC arabic CD down 6 num_delete 0.463116884232
zsjuli SNARC arabic CD down 7 num_delete 0.392670154572
zsjuli SNARC arabic CD up 8 lctrl 0.350594043732
zsjuli SNARC arabic CD down 5 num_delete 0.380089044571
zsjuli SNARC arabic CD up 9 lctrl 0.431333065033
zsjuli SNARC arabic CD down 2 num_delete 0.623903989792
zsjuli SNARC arabic CD down 5 num_delete 0.501847982407
zsjuli SNARC arabic CD down 8 num_delete 0.5346159935
zsjuli SNARC arabic CD up 8 lctrl 0.457478046417
zsjuli SNARC arabic CD up 1 lctrl 0.50192117691
zsjuli SNARC arabic CD down 8 num_delete 0.419786930084
zsjuli SNARC arabic CD down 8 num_delete 0.344348192215
zsjuli SNARC arabic CD up 2 lctrl 0.352286100388
zsjuli SNARC arabic CD down 2 num_delete 0.420179128647
zsjuli SNARC arabic CD up 5 lctrl 0.382971048355
zsjuli SNARC arabic CD down 3 num_delete 0.608989953995
zsjuli SNARC arabic CD up 6 lctrl 0.426903009415
zsjuli SNARC arabic CD up 1 lctrl 0.619603872299
zsjuli SNARC arabic CD up 4 lctrl 0.305944919586
zsjuli SNARC arabic CD down 7 num_delete 0.385358095169
zsjuli SNARC arabic CD down 9 num_delete 0.381568193436
zsjuli SNARC arabic CD up 9 lctrl 0.403142929077
zsjuli SNARC arabic CD up 8 lctrl 0.420953989029
zsjuli SNARC arabic CD up 3 lctrl 0.379153966904
zsjuli SNARC arabic CD down 1 num_delete 0.430293083191
zsjuli SNARC arabic CD down 2 num_delete 0.469668149948
zsjuli SNARC arabic CD down 3 num_delete 0.421040058136
zsjuli SNARC arabic CD up 8 lctrl 0.345567941666
zsjuli SNARC arabic CD up 2 lctrl 0.430024862289
zsjuli SNARC arabic CD down 1 num_delete 0.4649310112
zsjuli SNARC arabic CD down 9 num_delete 0.454441070557
zsjuli SNARC arabic CD down 8 num_delete 0.422375917435
zsjuli SNARC arabic CD up 8 lctrl 0.346867799759
zsjuli SNARC arabic CD up 6 lctrl 0.469661951065
zsjuli SNARC arabic CD up 9 lctrl 0.344112873077
zsjuli SNARC arabic CD up 9 lctrl 0.313668012619
zsjuli SNARC arabic CD down 5 num_delete 0.431467056274
zsjuli SNARC arabic CD up 8 lctrl 0.416009902954
zsjuli SNARC arabic CD up 8 lctrl 0.378876924515
zsjuli SNARC arabic CD down 6 num_delete 0.391638994217
zsjuli SNARC arabic CD down 5 num_delete 0.464525938034
zsjuli SNARC arabic CD up 1 lctrl 0.355683088303
zsjuli SNARC arabic CD up 3 lctrl 0.385221004486
zsjuli SNARC arabic CD up 3 lctrl 0.343051195145
zsjuli SNARC arabic CD up 8 lctrl 0.350884914398
zsjuli SNARC arabic CD down 7 num_delete 0.41872215271
zsjuli SNARC arabic CD down 4 num_delete 0.419902086258
zsjuli SNARC arabic CD down 9 num_delete 0.52303481102
zsjuli SNARC arabic CD up 6 lctrl 0.385985851288
zsjuli SNARC arabic CD up 1 lctrl 0.458834886551
zsjuli SNARC arabic CD up 4 lctrl 0.426625967026
zsjuli SNARC arabic CD down 1 num_delete 0.504380941391
zsjuli SNARC arabic CD down 5 num_delete 0.422266960144
zsjuli SNARC arabic CD up 4 lctrl 0.461678028107
zsjuli SNARC arabic CD down 9 num_delete 2.84273481369
zsjuli SNARC arabic CD up 1 lctrl 0.73452091217
zsjuli SNARC arabic CD up 7 lctrl 0.41915512085
zsjuli SNARC arabic CD up 5 lctrl 0.420284986496
zsjuli SNARC arabic CD down 6 num_delete 0.574710130692
zsjuli SNARC arabic CD down 6 num_delete 0.61746096611
zsjuli SNARC arabic CD up 5 lctrl 1.10821413994
zsjuli SNARC arabic CD down 1 num_delete 0.502927064896
zsjuli SNARC arabic CD down 8 num_delete 0.880419969559
zsjuli SNARC arabic CD down 4 num_delete 0.431845903397
zsjuli SNARC arabic CD down 8 num_delete 0.339812040329
zsjuli SNARC arabic CD up 3 lctrl 0.424328804016
zsjuli SNARC arabic CD up 8 lctrl 0.387183904648
zsjuli SNARC arabic CD up 3 lctrl 0.345086097717
zsjuli SNARC arabic CD down 8 num_delete 0.391243934631
zsjuli SNARC arabic CD up 4 lctrl 0.425768136978
zsjuli SNARC arabic CD up 9 lctrl 0.695015907288
zsjuli SNARC arabic CD down 3 num_delete 0.391229152679
zsjuli SNARC arabic CD down 9 num_delete 0.349139928818
zsjuli SNARC arabic CD up 6 lctrl 0.378705024719
zsjuli SNARC arabic CD up 6 lctrl 0.353255987167
zsjuli SNARC arabic CD up 6 lctrl 0.382780075073
zsjuli SNARC arabic CD up 7 lctrl 0.302401065826
zsjuli SNARC arabic CD down 5 num_delete 0.458409070969
zsjuli SNARC arabic CD down 5 num_delete 0.374985933304
zsjuli SNARC arabic CD down 4 num_delete 0.924077987671
zsjuli SNARC arabic CD down 7 num_delete 0.463753938675
zsjuli SNARC arabic CD down 5 num_delete 0.393346071243
zsjuli SNARC arabic CD up 2 lctrl 0.351233005524
zsjuli SNARC arabic CD down 9 num_delete 0.38073515892
zsjuli SNARC arabic CD up 5 lctrl 0.623401880264
zsjuli SNARC arabic CD down 9 num_delete 0.65455198288
zsjuli SNARC arabic CD up 3 lctrl 0.42241692543
zsjuli SNARC arabic CD down 7 num_delete 0.385277032852
zsjuli SNARC arabic CD up 8 lctrl 0.45361495018
zsjuli SNARC arabic CD up 2 lctrl 1.18755888939
zsjuli SNARC arabic CD up 6 lctrl 0.460600852966
zsjuli SNARC arabic CD up 5 lctrl 0.462206840515
zsjuli SNARC arabic CD down 8 num_delete 0.544941902161
zsjuli SNARC arabic CD down 4 num_delete 0.391144990921
zsjuli SNARC arabic CD down 7 num_delete 0.310916900635
zsjuli SNARC arabic CD up 2 lctrl 0.390326023102
zsjuli SNARC arabic CD up 5 lctrl 0.386469125748
zsjuli SNARC arabic CD down 9 num_delete 0.561183929443
zsjuli SNARC arabic CD up 7 lctrl 0.352519035339
zsjuli SNARC arabic CD up 9 lctrl 0.573503017426
zsjuli SNARC arabic CD up 6 lctrl 0.458532094955
zsjuli SNARC arabic CD up 7 lctrl 0.311418056488
zsjuli SNARC arabic CD down 2 num_delete 0.429212093353
zsjuli SNARC arabic CD up 6 lctrl 0.468811035156
zsjuli SNARC arabic CD down 3 num_delete 0.419836997986
zsjuli SNARC arabic CD up 2 lctrl 0.382761001587
zsjuli SNARC arabic CD down 1 num_delete 0.493862867355
zsjuli SNARC arabic CD down 4 num_delete 0.428443908691
zsjuli SNARC arabic CD up 3 lctrl 0.391384124756
zsjuli SNARC arabic CD down 5 num_delete 0.387540102005
zsjuli SNARC arabic CD up 1 lctrl 0.345539808273
zsjuli SNARC arabic CD up 6 lctrl 0.391644954681
zsjuli SNARC arabic CD up 7 lctrl 0.383319139481
zsjuli SNARC arabic CD up 8 lctrl 0.302851915359
zsjuli SNARC arabic CD down 1 num_delete 0.382332086563
zsjuli SNARC arabic CD down 5 num_delete 0.36568903923
zsjuli SNARC arabic CD up 7 lctrl 0.378537893295
zsjuli SNARC arabic CD down 5 num_delete 0.544557094574
zsjuli SNARC arabic CD up 4 lctrl 0.42911696434
zsjuli SNARC arabic CD down 6 num_delete 0.621758937836
zsjuli SNARC arabic CD up 7 lctrl 1.15081501007
zsjuli SNARC arabic CD down 6 num_delete 0.533915042877
zsjuli SNARC arabic CD down 1 num_delete 0.648218870163
zsjuli SNARC arabic CD up 5 lctrl 0.364939212799
zsjuli SNARC arabic CD up 2 lctrl 1.17755508423
zsjuli SNARC arabic CD up 9 lctrl 0.352319955826
zsjuli SNARC arabic CD down 5 num_delete 0.381847858429
zsjuli SNARC arabic CD down 5 num_delete 0.339751958847
zsjuli SNARC arabic CD up 9 lctrl 0.386147975922
zsjuli SNARC arabic CD down 7 num_delete 0.382241010666
zsjuli SNARC arabic CD down 7 num_delete 0.480463027954
zsjuli SNARC arabic CD up 1 lctrl 0.393280029297
zsjuli SNARC arabic CD up 3 lctrl 0.466076850891
zsjuli SNARC arabic CD down 4 num_delete 0.417381048203
zsjuli SNARC arabic CD up 1 lctrl 0.418606996536
zsjuli SNARC arabic CD down 9 lctrl 0.419749975204
zsjuli SNARC arabic CD up 7 lctrl 0.612445116043
zsjuli SNARC arabic CD up 7 lctrl 0.3920378685
zsjuli SNARC arabic CD down 2 num_delete 0.464859962463
zsjuli SNARC arabic CD down 9 num_delete 0.49277806282
zsjuli SNARC arabic CD up 9 lctrl 0.797340869904
zsjuli SNARC arabic CD up 1 lctrl 0.700083971024
zsjuli SNARC arabic CD up 1 lctrl 0.341526031494
zsjuli SNARC arabic CD up 7 lctrl 0.349287986755
zsjuli SNARC arabic CD down 9 num_delete 0.378785848618
zsjuli SNARC arabic CD down 4 num_delete 0.468331098557
zsjuli SNARC arabic CD down 6 num_delete 0.419520139694
zsjuli SNARC arabic CD down 1 num_delete 0.72723698616
zsjuli SNARC arabic CD up 2 lctrl 0.3903028965
zsjuli SNARC arabic CD down 8 num_delete 0.577935934067
zsjuli SNARC arabic CD up 5 lctrl 0.607759952545
zsjuli SNARC arabic CD up 7 lctrl 0.425713777542
zsjuli SNARC arabic CD up 8 lctrl 0.580143928528
zsjuli SNARC arabic CD up 3 lctrl 0.431343078613
zsjuli SNARC arabic CD up 9 lctrl 1.69654083252
zsjuli SNARC arabic CD up 4 lctrl 0.388678789139
zsjuli SNARC arabic CD down 8 num_delete 0.384841918945
zsjuli SNARC arabic CD up 5 lctrl 0.457803010941
zsjuli SNARC arabic CD up 4 lctrl 0.387311935425
zsjuli SNARC arabic CD up 2 lctrl 0.383444070816
zsjuli SNARC arabic CD down 3 num_delete 0.379637956619
zsjuli SNARC arabic CD down 1 num_delete 0.507555961609
zsjuli SNARC arabic CD up 4 lctrl 0.387099981308
zsjuli SNARC arabic CD down 1 num_delete 0.383311033249
zsjuli SNARC arabic CD down 3 num_delete 0.379631996155
zsjuli SNARC arabic CD down 5 num_delete 0.354187965393
zsjuli SNARC arabic CD up 6 lctrl 0.422138929367
zsjuli SNARC arabic CD down 8 num_delete 0.423243999481
zsjuli SNARC arabic CD down 3 num_delete 0.424447059631
zsjuli SNARC arabic CD up 4 lctrl 0.450999975204
zsjuli SNARC arabic CD up 1 lctrl 0.495488882065
zsjuli SNARC arabic CD up 1 lctrl 0.353430986404
zsjuli SNARC arabic CD down 2 num_delete 0.421202898026
zsjuli SNARC arabic CD up 3 lctrl 0.422506093979
zsjuli SNARC arabic CD down 2 num_delete 0.806663990021
zsjuli SNARC arabic CD down 7 num_delete 0.424758911133
zsjuli SNARC arabic CD up 1 lctrl 0.387620925903
zsjuli SNARC arabic CD down 9 num_delete 0.345536231995
zsjuli SNARC arabic CD down 2 num_delete 0.430063009262
zsjuli SNARC arabic CD up 4 lctrl 0.546211004257
zsjuli SNARC arabic CD up 6 lctrl 0.430699110031
zsjuli SNARC arabic CD up 5 lctrl 0.355293989182
zsjuli SNARC arabic CD down 4 num_delete 0.410130977631
zsjuli SNARC arabic CD up 2 lctrl 0.428015947342
zsjuli SNARC arabic CD down 5 num_delete 0.582583904266
zsjuli SNARC arabic CD up 2 lctrl 0.340539932251
zsjuli SNARC arabic CD down 4 lctrl 0.386706113815
zsjuli SNARC arabic CD up 9 lctrl 0.497814893723
zsjuli SNARC arabic CD up 5 lctrl 0.394007205963
zsjuli SNARC arabic CD down 8 num_delete 0.46230006218
zsjuli SNARC arabic CD up 4 lctrl 0.545084953308
zsjuli SNARC arabic CD up 8 lctrl 0.851011037827
zsjuli SNARC arabic CD up 6 lctrl 0.533911943436
zsjuli SNARC arabic CD up 2 lctrl 0.495245933533
zsjuli SNARC arabic CD up 7 lctrl 0.463408946991
zsjuli SNARC arabic CD down 5 num_delete 0.431330919266
zsjuli SNARC arabic CD up 8 lctrl 0.739042043686
zsjuli SNARC arabic CD up 6 lctrl 0.53848195076
zsjuli SNARC arabic CD up 9 lctrl 0.418529987335
zsjuli SNARC arabic CD up 5 lctrl 0.381436109543
zsjuli SNARC arabic CD up 5 lctrl 0.339336872101
zsjuli SNARC arabic CD up 7 lctrl 0.347213029861
zsjuli SNARC arabic CD down 1 num_delete 0.393449783325
zsjuli SNARC arabic CD up 1 lctrl 0.389622926712
zsjuli SNARC arabic CD up 2 lctrl 0.883827924728
zsjuli SNARC arabic CD up 6 lctrl 0.418517112732
zsjuli SNARC arabic CD up 3 lctrl 0.381460189819
zsjuli SNARC arabic CD up 4 lctrl 0.377663135529
zsjuli SNARC arabic CD up 4 lctrl 0.352210044861
zsjuli SNARC arabic CD down 2 num_delete 0.458405017853
zsjuli SNARC arabic CD down 3 num_delete 0.464622974396
zsjuli SNARC arabic CD down 6 num_delete 0.470920085907
zsjuli SNARC arabic CD up 2 lctrl 0.498722076416
zsjuli SNARC arabic CD down 6 num_delete 0.416622877121
zsjuli SNARC arabic CD up 4 lctrl 0.532782077789
zsjuli SNARC arabic CD up 2 lctrl 0.455703020096
zsjuli SNARC arabic CD down 9 num_delete 0.500149965286
zsjuli SNARC arabic CD up 7 lctrl 0.609593153
zsjuli SNARC arabic CD down 8 num_delete 0.452853918076
zsjuli SNARC arabic CD down 1 num_delete 1.14859199524
zsjuli SNARC arabic CD down 4 num_delete 0.953045845032
zsjuli SNARC arabic CD up 6 lctrl 0.612557888031
zsjuli SNARC arabic CD up 6 lctrl 0.430516958237
zsjuli SNARC arabic CD up 6 lctrl 0.355089902878
zsjuli SNARC arabic CD down 3 num_delete 0.576125144958
zsjuli SNARC arabic CD down 5 num_delete 0.389127016068
zsjuli SNARC arabic CD up 6 lctrl 0.385340929031
zsjuli SNARC arabic CD up 1 lctrl 0.419886112213
zsjuli SNARC arabic CD down 8 num_delete 0.421055078506
zsjuli SNARC arabic CD down 7 num_delete 0.639250040054
zsjuli SNARC arabic CD down 8 num_delete 0.462052106857
zsjuli SNARC arabic CD down 6 num_delete 0.353333950043
zsjuli SNARC arabic CD up 2 lctrl 0.382990121841
zsjuli SNARC arabic CD down 4 num_delete 0.302543878555
zsjuli SNARC arabic CD down 6 num_delete 0.420445919037
zsjuli SNARC arabic CD down 3 num_delete 0.383394002914
zsjuli SNARC arabic CD down 4 num_delete 0.328311920166
zsjuli SNARC arabic CD up 5 lctrl 0.391150951385
zsjuli SNARC arabic CD up 7 lctrl 0.349152088165
zsjuli SNARC arabic CD up 3 lctrl 0.378644943237
zsjuli SNARC arabic CD up 4 lctrl 0.391442060471
zsjuli SNARC arabic CD up 9 lctrl 0.349269866943
zsjuli SNARC arabic CD up 1 lctrl 0.37886595726
zsjuli SNARC arabic CD up 3 lctrl 0.353392124176
zsjuli SNARC arabic CD down 6 num_delete 0.408293962479
zsjuli SNARC arabic CD down 4 num_delete 0.349504947662
zsjuli SNARC arabic CD up 3 lctrl 0.379111051559
zsjuli SNARC arabic CD up 8 lctrl 0.4596118927
zsjuli SNARC arabic CD down 5 num_delete 0.388957023621
zsjuli SNARC arabic CD down 8 num_delete 0.346932888031
zsjuli SNARC arabic CD up 2 lctrl 0.431463003159
zsjuli SNARC arabic CD up 7 lctrl 0.416013002396
zsjuli SNARC arabic CD down 9 num_delete 0.417225122452
zsjuli SNARC arabic CD down 2 num_delete 0.341828107834
zsjuli SNARC arabic CD up 1 lctrl 0.464694976807
zsjuli SNARC arabic CD down 1 num_delete 0.35587310791
zsjuli SNARC arabic CD up 9 lctrl 0.423879146576
zsjuli SNARC arabic CD down 7 num_delete 0.386682987213
zsjuli SNARC arabic CD down 8 num_delete 0.421202898026
zsjuli SNARC arabic CD up 9 lctrl 0.422413110733
zsjuli SNARC arabic CD down 6 num_delete 0.423653125763
zsjuli SNARC arabic CD down 7 num_delete 0.501446962357
zsjuli SNARC arabic CD down 4 num_delete 0.457747936249
zsjuli SNARC arabic CD up 5 lctrl 0.464033842087
zsjuli SNARC arabic CD down 5 num_delete 0.316977024078
zsjuli SNARC arabic CD up 4 lctrl 0.418227910995
zsjuli SNARC arabic CD down 4 num_delete 0.381083011627
zsjuli SNARC arabic CD up 6 lctrl 0.393999099731
zsjuli SNARC arabic CD down 9 num_delete 0.466848134995
zsjuli SNARC arabic CD up 5 lctrl 0.41807103157
zsjuli SNARC arabic CD down 9 num_delete 0.457577943802
zsjuli SNARC arabic CD up 6 lctrl 0.387153863907
zsjuli SNARC arabic CD down 9 num_delete 0.268445968628
zsjuli SNARC arabic CD up 1 lctrl 0.496340036392
zsjuli SNARC arabic CD down 4 num_delete 0.354303836823
zsjuli SNARC arabic CD up 9 lctrl 0.383761882782
zsjuli SNARC arabic CD up 2 lctrl 0.796797037125
zsjuli SNARC arabic CD down 9 num_delete 0.393064975739
zsjuli SNARC arabic CD down 7 num_delete 0.465991973877
zsjuli SNARC arabic CD down 3 num_delete 0.41721701622
zsjuli SNARC arabic CD up 8 lctrl 0.38015794754
zsjuli SNARC arabic CD down 5 num_delete 0.469616889954
zsjuli SNARC arabic CD down 3 num_delete 0.420881032944
zsjuli SNARC arabic CD up 8 lctrl 0.422102928162
zsjuli SNARC arabic CD down 3 num_delete 1.03618001938
zsjuli SNARC arabic CD up 3 lctrl 0.420972108841
zsjuli SNARC arabic CD down 2 num_delete 0.575405836105
zsjuli SNARC arabic CD down 2 num_delete 0.426742076874
zsjuli SNARC arabic CD up 4 lctrl 0.542851924896
zsjuli SNARC arabic CD up 2 lctrl 0.427453041077
zsjuli SNARC arabic CD down 3 num_delete 0.390333890915
zsjuli SNARC arabic CD down 9 num_delete 0.463207960129
zsjuli SNARC arabic CD up 4 lctrl 0.507783889771
zsjuli SNARC arabic CD down 2 num_delete 0.425673961639
zsjuli SNARC arabic CD down 5 num_delete 0.426933050156
zsjuli SNARC arabic CD down 4 num_delete 0.466484069824
zsjuli SNARC arabic CD up 7 lctrl 0.456092119217
zsjuli SNARC arabic CD down 1 num_delete 0.653743028641
zsjuli SNARC arabic CD up 2 lctrl 0.651592969894
zsjuli SNARC arabic CD up 7 lctrl 0.4578769207
zsjuli SNARC arabic CD down 3 num_delete 0.617290019989
zsjuli SNARC arabic CD down 7 num_delete 0.418720960617
zsjuli SNARC arabic CD down 8 num_delete 0.41984295845
zsjuli SNARC arabic CD down 3 num_delete 0.421082019806
zsjuli SNARC arabic CD up 2 lctrl 0.409417152405
zsjuli SNARC arabic CD down 1 num_delete 0.350672960281
zsjuli SNARC arabic CD up 3 lctrl 0.418533086777
{'participant': u'zsjuli', 'notation': u'dot', 'response_buttons': u'CD', 'range_in_instr': True, 'dateStr': u'04_01_1427', 'autopilot': False, 'exp_id': u'SNARC'}
zsjuli SNARC dot CD up 20 lctrl 1.19706010818
zsjuli SNARC dot CD down 5 num_delete 0.415332078934
zsjuli SNARC dot CD down 10 num_delete 0.416599988937
zsjuli SNARC dot CD up 10 lctrl 0.379462003708
zsjuli SNARC dot CD up 35 lctrl 0.4522960186
zsjuli SNARC dot CD up 20 lctrl 0.418803930283
zsjuli SNARC dot CD up 35 lctrl 0.40478014946
zsjuli SNARC dot CD down 30 num_delete 0.44434094429
zsjuli SNARC dot CD up 5 lctrl 0.543792963028
zsjuli SNARC dot CD down 35 num_delete 0.373384952545
zsjuli SNARC dot CD down 25 num_delete 0.561262130737
zsjuli SNARC dot CD down 10 num_delete 0.42923283577
zsjuli SNARC dot CD up 10 lctrl 0.392204046249
zsjuli SNARC dot CD up 30 lctrl 0.410242080688
zsjuli SNARC dot CD up 5 lctrl 0.542968988419
zsjuli SNARC dot CD down 25 num_delete 0.410932064056
zsjuli SNARC dot CD up 30 lctrl 0.335556983948
zsjuli SNARC dot CD up 20 lctrl 0.562847852707
zsjuli SNARC dot CD up 10 lctrl 0.355693101883
zsjuli SNARC dot CD up 45 lctrl 0.405373811722
zsjuli SNARC dot CD down 30 num_delete 0.471708059311
zsjuli SNARC dot CD up 30 lctrl 0.559557199478
zsjuli SNARC dot CD up 25 lctrl 0.410854101181
zsjuli SNARC dot CD down 40 num_delete 0.512581110001
zsjuli SNARC dot CD down 45 num_delete 0.528831005096
zsjuli SNARC dot CD up 45 lctrl 0.451782941818
zsjuli SNARC dot CD down 30 num_delete 0.442863941193
zsjuli SNARC dot CD up 10 lctrl 0.504059076309
zsjuli SNARC dot CD up 15 lctrl 0.420650005341
zsjuli SNARC dot CD down 15 num_delete 0.421836137772
zsjuli SNARC dot CD up 25 lctrl 0.446177959442
zsjuli SNARC dot CD up 40 lctrl 0.412609815598
zsjuli SNARC dot CD down 45 num_delete 0.370944023132
zsjuli SNARC dot CD up 25 lctrl 0.445348024368
zsjuli SNARC dot CD up 35 lctrl 0.370331048965
zsjuli SNARC dot CD down 35 num_delete 0.366518974304
zsjuli SNARC dot CD down 40 num_delete 0.439424991608
zsjuli SNARC dot CD down 15 num_delete 0.499320983887
zsjuli SNARC dot CD up 10 lctrl 0.380352020264
zsjuli SNARC dot CD down 10 num_delete 0.39321398735
zsjuli SNARC dot CD up 20 lctrl 0.732831001282
zsjuli SNARC dot CD up 30 lctrl 0.44064116478
zsjuli SNARC dot CD up 45 lctrl 0.368721008301
zsjuli SNARC dot CD up 20 lctrl 0.343446969986
zsjuli SNARC dot CD down 25 num_delete 0.374444007874
zsjuli SNARC dot CD up 5 lctrl 1.11518001556
zsjuli SNARC dot CD up 30 lctrl 0.429198026657
zsjuli SNARC dot CD up 40 lctrl 0.335604906082
zsjuli SNARC dot CD down 10 num_delete 0.42169713974
zsjuli SNARC dot CD down 10 num_delete 0.384592056274
zsjuli SNARC dot CD down 30 num_delete 0.364277124405
zsjuli SNARC dot CD up 30 lctrl 0.377171993256
zsjuli SNARC dot CD up 25 lctrl 0.565013170242
zsjuli SNARC dot CD down 15 num_delete 0.414880037308
zsjuli SNARC dot CD up 45 lctrl 0.399435997009
zsjuli SNARC dot CD up 25 lctrl 0.402134895325
zsjuli SNARC dot CD up 25 lctrl 0.365051984787
zsjuli SNARC dot CD up 30 lctrl 0.591094017029
zsjuli SNARC dot CD up 5 lctrl 0.383113861084
zsjuli SNARC dot CD down 25 num_delete 0.400809049606
zsjuli SNARC dot CD down 5 num_delete 0.380481004715
zsjuli SNARC dot CD up 40 lctrl 0.409080028534
zsjuli SNARC dot CD down 10 num_delete 0.849885940552
zsjuli SNARC dot CD down 20 num_delete 0.416483163834
zsjuli SNARC dot CD up 20 lctrl 0.37956905365
zsjuli SNARC dot CD up 20 lctrl 0.49213385582
zsjuli SNARC dot CD down 15 num_delete 0.387037992477
zsjuli SNARC dot CD up 25 num_delete 0.368096828461
zsjuli SNARC dot CD up 5 lctrl 0.687605142593
zsjuli SNARC dot CD down 45 num_delete 0.365752220154
zsjuli SNARC dot CD up 45 lctrl 0.43870806694
zsjuli SNARC dot CD down 10 num_delete 0.654666900635
zsjuli SNARC dot CD up 20 lctrl 0.727626085281
zsjuli SNARC dot CD down 5 num_delete 0.468728065491
zsjuli SNARC dot CD up 25 lctrl 0.441607952118
zsjuli SNARC dot CD up 15 lctrl 0.654630899429
zsjuli SNARC dot CD up 40 lctrl 0.36906003952
zsjuli SNARC dot CD down 40 num_delete 0.365300178528
zsjuli SNARC dot CD down 25 num_delete 0.514837026596
zsjuli SNARC dot CD up 25 lctrl 0.548130989075
zsjuli SNARC dot CD down 5 num_delete 0.722580909729
zsjuli SNARC dot CD down 45 num_delete 0.6739320755
zsjuli SNARC dot CD down 35 num_delete 0.371828079224
zsjuli SNARC dot CD down 15 num_delete 0.384844064713
zsjuli SNARC dot CD up 30 lctrl 0.436522960663
zsjuli SNARC dot CD up 25 lctrl 0.442744016647
zsjuli SNARC dot CD down 25 num_delete 0.372399091721
zsjuli SNARC dot CD up 35 lctrl 1.78607487679
zsjuli SNARC dot CD up 10 lctrl 0.416678190231
zsjuli SNARC dot CD down 20 num_delete 0.454689979553
zsjuli SNARC dot CD down 30 num_delete 0.48405790329
zsjuli SNARC dot CD up 30 lctrl 1.3597099781
zsjuli SNARC dot CD down 5 num_delete 0.427978992462
zsjuli SNARC dot CD up 10 lctrl 0.505930185318
zsjuli SNARC dot CD down 15 num_delete 0.385553121567
zsjuli SNARC dot CD down 25 num_delete 0.480052947998
zsjuli SNARC dot CD down 40 num_delete 0.413264036179
zsjuli SNARC dot CD up 20 lctrl 0.376305103302
zsjuli SNARC dot CD down 40 num_delete 0.755599975586
zsjuli SNARC dot CD down 5 num_delete 0.42518901825
zsjuli SNARC dot CD up 35 lctrl 0.601344108582
zsjuli SNARC dot CD up 5 lctrl 0.534260034561
zsjuli SNARC dot CD up 5 lctrl 0.342247009277
zsjuli SNARC dot CD down 20 num_delete 0.387115955353
zsjuli SNARC dot CD down 5 num_delete 0.384875059128
zsjuli SNARC dot CD up 40 lctrl 0.441002130508
zsjuli SNARC dot CD up 35 lctrl 0.408869028091
zsjuli SNARC dot CD down 45 num_delete 1.71117091179
zsjuli SNARC dot CD down 10 num_delete 1.08224797249
zsjuli SNARC dot CD down 40 num_delete 0.362070083618
zsjuli SNARC dot CD down 40 num_delete 0.450255870819
zsjuli SNARC dot CD down 35 num_delete 0.326429843903
zsjuli SNARC dot CD down 15 num_delete 0.426240921021
zsjuli SNARC dot CD down 25 num_delete 0.335667133331
zsjuli SNARC dot CD up 5 lctrl 0.420320034027
zsjuli SNARC dot CD up 35 lctrl 0.404807090759
zsjuli SNARC dot CD down 30 num_delete 0.406053066254
zsjuli SNARC dot CD down 45 num_delete 0.367559909821
zsjuli SNARC dot CD up 45 lctrl 0.325578927994
zsjuli SNARC dot CD down 20 num_delete 0.373249053955
zsjuli SNARC dot CD up 20 lctrl 0.384716033936
zsjuli SNARC dot CD down 10 lctrl 0.382431030273
zsjuli SNARC dot CD up 30 lctrl 0.362018108368
zsjuli SNARC dot CD up 30 num_delete 0.451508045197
zsjuli SNARC dot CD down 20 num_delete 0.571254014969
zsjuli SNARC dot CD down 40 num_delete 0.432683229446
zsjuli SNARC dot CD up 40 lctrl 0.400691986084
zsjuli SNARC dot CD down 40 num_delete 0.593456983566
zsjuli SNARC dot CD up 10 lctrl 0.504785060883
zsjuli SNARC dot CD down 35 num_delete 0.4826130867
zsjuli SNARC dot CD down 40 num_delete 0.515568971634
zsjuli SNARC dot CD up 15 lctrl 0.416947126389
zsjuli SNARC dot CD up 45 lctrl 0.400011777878
zsjuli SNARC dot CD up 15 lctrl 0.381107091904
zsjuli SNARC dot CD down 10 num_delete 0.432327032089
zsjuli SNARC dot CD down 45 num_delete 0.437144994736
zsjuli SNARC dot CD up 15 lctrl 0.383455038071
zsjuli SNARC dot CD up 45 lctrl 0.435193061829
zsjuli SNARC dot CD down 40 num_delete 0.404480934143
zsjuli SNARC dot CD up 5 lctrl 0.371182918549
zsjuli SNARC dot CD down 40 num_delete 0.401114940643
zsjuli SNARC dot CD up 40 lctrl 0.325939178467
zsjuli SNARC dot CD up 30 lctrl 0.448632001877
zsjuli SNARC dot CD up 5 lctrl 0.378328800201
zsjuli SNARC dot CD down 35 num_delete 0.451118946075
zsjuli SNARC dot CD down 30 num_delete 0.479084014893
zsjuli SNARC dot CD up 15 lctrl 0.415942907333
zsjuli SNARC dot CD down 35 num_delete 0.70841884613
zsjuli SNARC dot CD up 20 lctrl 0.412021160126
zsjuli SNARC dot CD up 15 lctrl 0.659742832184
zsjuli SNARC dot CD up 45 lctrl 0.60263800621
zsjuli SNARC dot CD up 5 lctrl 0.455808877945
zsjuli SNARC dot CD down 30 num_delete 0.445455789566
zsjuli SNARC dot CD down 25 num_delete 0.413348913193
zsjuli SNARC dot CD down 5 num_delete 0.584599018097
zsjuli SNARC dot CD up 40 lctrl 0.479136943817
zsjuli SNARC dot CD down 15 num_delete 0.467329025269
zsjuli SNARC dot CD up 40 lctrl 0.55660200119
zsjuli SNARC dot CD down 45 num_delete 0.483084917068
zsjuli SNARC dot CD up 15 lctrl 0.417851924896
zsjuli SNARC dot CD down 10 num_delete 0.420480966568
zsjuli SNARC dot CD down 5 num_delete 0.383502006531
zsjuli SNARC dot CD down 30 num_delete 0.388417959213
zsjuli SNARC dot CD up 35 lctrl 0.483037948608
zsjuli SNARC dot CD up 35 lctrl 0.400999069214
zsjuli SNARC dot CD up 35 lctrl 0.363945960999
zsjuli SNARC dot CD down 45 num_delete 0.451990842819
zsjuli SNARC dot CD up 25 lctrl 0.443127155304
zsjuli SNARC dot CD up 15 lctrl 0.464673042297
zsjuli SNARC dot CD up 45 lctrl 0.628947019577
zsjuli SNARC dot CD down 10 num_delete 0.508421897888
zsjuli SNARC dot CD down 15 num_delete 0.464727878571
zsjuli SNARC dot CD up 10 lctrl 0.37771987915
zsjuli SNARC dot CD up 25 lctrl 0.565484046936
zsjuli SNARC dot CD down 20 num_delete 0.49196100235
zsjuli SNARC dot CD down 40 num_delete 0.601526975632
zsjuli SNARC dot CD up 30 lctrl 0.480909109116
zsjuli SNARC dot CD down 35 num_delete 0.64541888237
zsjuli SNARC dot CD up 35 lctrl 0.605046987534
zsjuli SNARC dot CD down 15 num_delete 0.459972858429
zsjuli SNARC dot CD up 30 lctrl 0.489269971848
zsjuli SNARC dot CD down 20 num_delete 0.42248916626
zsjuli SNARC dot CD up 45 lctrl 0.713590145111
zsjuli SNARC dot CD up 30 lctrl 0.433516025543
zsjuli SNARC dot CD down 10 num_delete 0.405205965042
zsjuli SNARC dot CD down 35 num_delete 0.406486988068
zsjuli SNARC dot CD down 45 num_delete 0.406432151794
zsjuli SNARC dot CD up 40 lctrl 0.447453975677
zsjuli SNARC dot CD up 10 lctrl 0.508765935898
zsjuli SNARC dot CD up 15 lctrl 0.386996984482
zsjuli SNARC dot CD down 25 num_delete 0.483004808426
zsjuli SNARC dot CD up 30 lctrl 0.439321994781
zsjuli SNARC dot CD down 30 num_delete 0.522188901901
zsjuli SNARC dot CD up 10 lctrl 0.461899995804
zsjuli SNARC dot CD down 10 num_delete 0.4298620224
zsjuli SNARC dot CD up 5 lctrl 0.661057949066
zsjuli SNARC dot CD up 40 lctrl 0.449260950089
zsjuli SNARC dot CD up 40 lctrl 0.440252065659
zsjuli SNARC dot CD up 30 lctrl 0.36988902092
zsjuli SNARC dot CD up 10 lctrl 0.344527959824
zsjuli SNARC dot CD up 15 lctrl 0.351073980331
zsjuli SNARC dot CD down 25 num_delete 0.39914894104
zsjuli SNARC dot CD up 15 lctrl 0.340532064438
zsjuli SNARC dot CD down 35 num_delete 0.408367156982
zsjuli SNARC dot CD up 25 lctrl 0.448060035706
zsjuli SNARC dot CD up 15 lctrl 0.454222917557
zsjuli SNARC dot CD up 15 lctrl 0.497406005859
zsjuli SNARC dot CD up 15 lctrl 0.568525791168
zsjuli SNARC dot CD down 35 num_delete 0.442899942398
zsjuli SNARC dot CD up 35 lctrl 0.525887966156
zsjuli SNARC dot CD down 40 num_delete 0.41048002243
zsjuli SNARC dot CD down 25 num_delete 0.452737092972
zsjuli SNARC dot CD down 5 num_delete 0.420722961426
zsjuli SNARC dot CD down 35 num_delete 0.405318021774
zsjuli SNARC dot CD down 15 num_delete 0.308454990387
zsjuli SNARC dot CD up 20 lctrl 0.539846897125
zsjuli SNARC dot CD down 20 num_delete 0.521844863892
zsjuli SNARC dot CD down 35 num_delete 0.446288824081
zsjuli SNARC dot CD down 40 num_delete 0.361578941345
zsjuli SNARC dot CD down 10 num_delete 0.571235179901
zsjuli SNARC dot CD down 15 num_delete 0.34458899498
zsjuli SNARC dot CD down 15 num_delete 0.314338922501
zsjuli SNARC dot CD down 10 num_delete 0.340407848358
zsjuli SNARC dot CD down 10 num_delete 0.38871717453
zsjuli SNARC dot CD down 5 num_delete 0.385076999664
zsjuli SNARC dot CD up 5 lctrl 0.457993030548
zsjuli SNARC dot CD up 45 lctrl 0.522774934769
zsjuli SNARC dot CD down 20 num_delete 0.462379932404
zsjuli SNARC dot CD up 40 lctrl 0.452016830444
zsjuli SNARC dot CD down 45 num_delete 0.403513908386
zsjuli SNARC dot CD up 30 lctrl 0.674324989319
zsjuli SNARC dot CD down 25 num_delete 0.434400081635
zsjuli SNARC dot CD up 45 lctrl 0.439206123352
zsjuli SNARC dot CD down 25 num_delete 0.370332956314
zsjuli SNARC dot CD up 10 lctrl 0.421627998352
zsjuli SNARC dot CD up 45 lctrl 0.404883861542
zsjuli SNARC dot CD up 35 lctrl 0.445864200592
zsjuli SNARC dot CD down 15 num_delete 0.429084062576
zsjuli SNARC dot CD up 25 lctrl 0.300241947174
zsjuli SNARC dot CD down 15 num_delete 0.451908826828
zsjuli SNARC dot CD up 45 lctrl 0.47388792038
zsjuli SNARC dot CD down 45 num_delete 0.408520936966
zsjuli SNARC dot CD down 45 num_delete 0.486507892609
zsjuli SNARC dot CD up 5 lctrl 0.384423017502
zsjuli SNARC dot CD down 5 num_delete 0.495669841766
zsjuli SNARC dot CD down 20 num_delete 0.451918840408
zsjuli SNARC dot CD up 5 lctrl 0.381660938263
zsjuli SNARC dot CD up 25 lctrl 0.361354112625
zsjuli SNARC dot CD up 25 lctrl 0.374260187149
zsjuli SNARC dot CD down 15 num_delete 0.463903903961
zsjuli SNARC dot CD down 40 num_delete 0.413717985153
zsjuli SNARC dot CD up 10 lctrl 0.378296852112
zsjuli SNARC dot CD up 30 lctrl 0.412936925888
zsjuli SNARC dot CD up 15 lctrl 0.35279083252
zsjuli SNARC dot CD up 45 lctrl 0.327404022217
zsjuli SNARC dot CD down 20 num_delete 0.413485050201
zsjuli SNARC dot CD down 30 num_delete 0.414788007736
zsjuli SNARC dot CD down 20 num_delete 0.376405954361
zsjuli SNARC dot CD down 45 num_delete 0.372704982758
zsjuli SNARC dot CD down 15 num_delete 0.309170007706
zsjuli SNARC dot CD down 20 num_delete 0.335391044617
zsjuli SNARC dot CD up 15 lctrl 0.492079019547
zsjuli SNARC dot CD down 10 num_delete 0.465046882629
zsjuli SNARC dot CD up 10 lctrl 0.378128051758
zsjuli SNARC dot CD up 15 lctrl 0.46626496315
zsjuli SNARC dot CD down 35 num_delete 0.402345180511
zsjuli SNARC dot CD down 25 num_delete 0.442021131516
zsjuli SNARC dot CD up 30 lctrl 0.410064935684
zsjuli SNARC dot CD down 15 num_delete 0.388359069824
zsjuli SNARC dot CD down 20 num_delete 0.423009157181
zsjuli SNARC dot CD down 10 num_delete 0.349271059036
zsjuli SNARC dot CD up 40 lctrl 0.362113952637
zsjuli SNARC dot CD up 5 lctrl 0.391882896423
zsjuli SNARC dot CD up 25 lctrl 0.37153506279
zsjuli SNARC dot CD down 35 num_delete 0.393197059631
zsjuli SNARC dot CD up 20 lctrl 0.388072967529
zsjuli SNARC dot CD down 40 num_delete 0.484084844589
zsjuli SNARC dot CD up 25 lctrl 0.593747138977
zsjuli SNARC dot CD up 40 lctrl 0.525281906128
zsjuli SNARC dot CD up 45 lctrl 0.371690034866
zsjuli SNARC dot CD up 25 lctrl 0.364991903305
zsjuli SNARC dot CD down 25 num_delete 0.476192951202
zsjuli SNARC dot CD down 20 num_delete 0.426110029221
zsjuli SNARC dot CD up 20 lctrl 0.37397480011
zsjuli SNARC dot CD down 10 num_delete 0.425258874893
zsjuli SNARC dot CD down 30 num_delete 0.486600875854
zsjuli SNARC dot CD down 30 num_delete 0.366328954697
zsjuli SNARC dot CD up 45 lctrl 0.361326932907
zsjuli SNARC dot CD up 25 lctrl 0.452357053757
zsjuli SNARC dot CD down 35 num_delete 0.40371799469
zsjuli SNARC dot CD up 20 lctrl 0.382104158401
zsjuli SNARC dot CD up 45 lctrl 0.395327091217
zsjuli SNARC dot CD down 45 num_delete 0.413347005844
zsjuli SNARC dot CD down 45 num_delete 0.551247835159
zsjuli SNARC dot CD down 20 num_delete 0.419327020645
zsjuli SNARC dot CD up 15 lctrl 0.383828163147
zsjuli SNARC dot CD down 10 num_delete 0.648396015167
zsjuli SNARC dot CD up 10 lctrl 0.493139028549
zsjuli SNARC dot CD down 40 num_delete 0.411110877991
zsjuli SNARC dot CD up 35 lctrl 0.374177932739
zsjuli SNARC dot CD up 30 lctrl 0.447170972824
zsjuli SNARC dot CD up 20 lctrl 0.338515996933
zsjuli SNARC dot CD up 45 lctrl 0.323815107346
zsjuli SNARC dot CD up 35 lctrl 0.333271026611
zsjuli SNARC dot CD down 15 num_delete 0.378260135651
zsjuli SNARC dot CD down 30 num_delete 0.452605962753
zsjuli SNARC dot CD down 20 num_delete 0.380892038345
zsjuli SNARC dot CD down 5 num_delete 0.302176952362
zsjuli SNARC dot CD down 5 num_delete 0.458512067795
zsjuli SNARC dot CD up 10 lctrl 0.426487922668
zsjuli SNARC dot CD down 35 num_delete 0.487802028656
zsjuli SNARC dot CD down 35 num_delete 0.431115150452
zsjuli SNARC dot CD down 15 num_delete 0.431137084961
zsjuli SNARC dot CD up 5 lctrl 0.442688941956
zsjuli SNARC dot CD down 30 num_delete 0.602210044861
zsjuli SNARC dot CD down 5 num_delete 0.42032790184
zsjuli SNARC dot CD down 40 num_delete 0.328386068344
zsjuli SNARC dot CD up 35 lctrl 0.413066148758
zsjuli SNARC dot CD up 25 lctrl 0.452777147293
zsjuli SNARC dot CD down 25 num_delete 0.404084920883
zsjuli SNARC dot CD down 20 num_delete 0.4207239151
zsjuli SNARC dot CD down 45 num_delete 0.443746805191
zsjuli SNARC dot CD down 20 num_delete 0.375063896179
zsjuli SNARC dot CD up 5 lctrl 0.464735984802
zsjuli SNARC dot CD down 40 num_delete 0.476010799408
zsjuli SNARC dot CD up 25 lctrl 0.563986063004
zsjuli SNARC dot CD up 40 lctrl 0.56715798378
zsjuli SNARC dot CD down 20 num_delete 0.418641090393
zsjuli SNARC dot CD down 5 num_delete 0.459815979004
zsjuli SNARC dot CD up 25 lctrl 0.41114115715
zsjuli SNARC dot CD down 35 num_delete 0.412482976913
zsjuli SNARC dot CD up 15 lctrl 0.352452993393
zsjuli SNARC dot CD down 10 num_delete 0.383666992188
zsjuli SNARC dot CD down 35 num_delete 0.478281974792
zsjuli SNARC dot CD down 35 num_delete 0.413054943085
zsjuli SNARC dot CD down 5 num_delete 0.392900943756
zsjuli SNARC dot CD up 20 lctrl 0.387860059738
zsjuli SNARC dot CD down 30 num_delete 0.402704954147
zsjuli SNARC dot CD up 35 lctrl 0.480756998062
zsjuli SNARC dot CD up 5 lctrl 0.355527877808
zsjuli SNARC dot CD up 20 lctrl 0.345449924469
zsjuli SNARC dot CD up 40 lctrl 0.29852604866
zsjuli SNARC dot CD down 5 num_delete 0.417989969254
zsjuli SNARC dot CD up 40 lctrl 0.402680873871
zsjuli SNARC dot CD down 35 num_delete 0.429303884506
zsjuli SNARC dot CD down 45 num_delete 0.412557840347
zsjuli SNARC dot CD up 5 lctrl 0.355511188507
zsjuli SNARC dot CD down 40 num_delete 0.406759977341
zsjuli SNARC dot CD down 45 num_delete 0.393698215485
zsjuli SNARC dot CD down 30 num_delete 0.374967813492
zsjuli SNARC dot CD down 5 num_delete 0.349721908569
zsjuli SNARC dot CD up 30 lctrl 0.362751960754
zsjuli SNARC dot CD up 40 lctrl 0.408029079437
zsjuli SNARC dot CD down 30 num_delete 0.449141025543
zsjuli SNARC dot CD down 35 num_delete 0.400470972061
zsjuli SNARC dot CD down 45 num_delete 0.502350091934
zsjuli SNARC dot CD up 20 lctrl 0.382143974304
zsjuli SNARC dot CD down 5 num_delete 0.37996006012
zsjuli SNARC dot CD up 10 lctrl 0.469594955444
zsjuli SNARC dot CD up 20 lctrl 0.419526100159
