{'task': 'line', 'participant': 'jakab', 'dateStr': '06_01_1047', 'notation': 'dot', 'response_buttons': 'DC', 'range_in_instr': True, 'interactive_setting': False, 'autopilot': False, 'exp_id': 'SNARC'}
jakab SNARC dot DC down 5 lctrl 3.2080655162
jakab SNARC dot DC down 45 lctrl 1.78090320097
jakab SNARC dot DC down 15 lctrl 0.390320097446
jakab SNARC dot DC up 20 num_decimal 0.613053648965
jakab SNARC dot DC down 5 lctrl 0.511070626788
jakab SNARC dot DC down 25 lctrl 0.432409177418
jakab SNARC dot DC up 40 num_decimal 0.59942993999
jakab SNARC dot DC up 40 num_decimal 0.366902730544
jakab SNARC dot DC up 5 num_decimal 0.272613167414
jakab SNARC dot DC down 15 lctrl 0.485447430867
jakab SNARC dot DC down 20 num_decimal 0.513793914462
jakab SNARC dot DC up 30 num_decimal 1.6851450809
jakab SNARC dot DC down 35 lctrl 0.453772531822
jakab SNARC dot DC down 15 lctrl 0.77007291466
jakab SNARC dot DC down 5 lctrl 0.416540723178
jakab SNARC dot DC down 35 lctrl 0.391978959553
jakab SNARC dot DC up 45 num_decimal 0.517600444728
jakab SNARC dot DC down 45 num_decimal 0.633904676419
jakab SNARC dot DC up 5 num_decimal 1.26010734064
jakab SNARC dot DC down 45 lctrl 0.383600829635
jakab SNARC dot DC down 40 lctrl 0.498978767078
jakab SNARC dot DC down 40 lctrl 0.377726602135
jakab SNARC dot DC up 10 num_decimal 0.863792845281
jakab SNARC dot DC up 30 num_decimal 0.479092094814
jakab SNARC dot DC down 40 lctrl 0.573185365647
jakab SNARC dot DC up 35 num_decimal 0.344579725061
jakab SNARC dot DC up 15 num_decimal 0.355414715479
jakab SNARC dot DC down 25 lctrl 0.428133085254
jakab SNARC dot DC up 40 num_decimal 0.342657429399
jakab SNARC dot DC down 35 num_decimal 0.379487672937
jakab SNARC dot DC up 15 num_decimal 2.21617080411
jakab SNARC dot DC down 5 lctrl 0.592652083724
jakab SNARC dot DC up 20 num_decimal 0.509197511012
jakab SNARC dot DC down 25 lctrl 0.537919900846
jakab SNARC dot DC up 5 num_decimal 0.435401458293
jakab SNARC dot DC up 15 num_decimal 0.507953043794
jakab SNARC dot DC up 10 num_decimal 0.518754677381
jakab SNARC dot DC up 25 num_decimal 0.536702375626
jakab SNARC dot DC down 10 lctrl 0.391871618805
jakab SNARC dot DC up 40 num_decimal 0.589175700792
jakab SNARC dot DC down 30 lctrl 0.452747877687
jakab SNARC dot DC down 25 lctrl 0.555794898188
jakab SNARC dot DC up 10 num_decimal 0.523663266911
jakab SNARC dot DC up 40 lctrl 0.52059956803
jakab SNARC dot DC down 30 lctrl 0.664334680419
jakab SNARC dot DC down 30 lctrl 0.851685162517
jakab SNARC dot DC up 45 num_decimal 0.572135052411
jakab SNARC dot DC down 5 num_decimal 0.597110783216
jakab SNARC dot DC down 25 lctrl 1.17978574627
jakab SNARC dot DC up 30 num_decimal 0.890979536809
jakab SNARC dot DC up 20 num_decimal 1.00632796634
jakab SNARC dot DC up 40 num_decimal 0.417394744232
jakab SNARC dot DC down 35 lctrl 0.583668826264
jakab SNARC dot DC up 20 num_decimal 0.518837641925
jakab SNARC dot DC up 25 num_decimal 0.380424658419
jakab SNARC dot DC down 20 lctrl 0.524043877143
jakab SNARC dot DC down 30 lctrl 0.651111253654
jakab SNARC dot DC up 25 num_decimal 0.593536040396
jakab SNARC dot DC up 35 num_decimal 0.510260653915
jakab SNARC dot DC up 20 num_decimal 0.399551820708
jakab SNARC dot DC down 25 lctrl 0.511547030997
jakab SNARC dot DC up 45 num_decimal 0.433817863115
jakab SNARC dot DC down 10 lctrl 0.476589903235
jakab SNARC dot DC up 45 num_decimal 0.451031282777
jakab SNARC dot DC up 5 num_decimal 0.49983407103
jakab SNARC dot DC up 20 num_decimal 0.436532597756
jakab SNARC dot DC down 20 lctrl 0.543131267768
jakab SNARC dot DC down 20 lctrl 0.434792481945
jakab SNARC dot DC down 5 lctrl 0.360059871338
jakab SNARC dot DC down 45 lctrl 0.386747492827
jakab SNARC dot DC up 40 lctrl 0.345108302892
jakab SNARC dot DC down 30 lctrl 0.591564992443
jakab SNARC dot DC down 45 lctrl 0.495069600409
jakab SNARC dot DC down 25 lctrl 0.512018731213
jakab SNARC dot DC up 35 num_decimal 0.358142279903
jakab SNARC dot DC down 40 lctrl 0.647061817115
jakab SNARC dot DC down 30 lctrl 0.516777642304
jakab SNARC dot DC up 20 num_decimal 0.459267859813
jakab SNARC dot DC down 10 lctrl 0.39263668831
jakab SNARC dot DC down 10 lctrl 0.469231295516
jakab SNARC dot DC down 40 lctrl 0.393589069252
jakab SNARC dot DC down 30 lctrl 0.423036328983
jakab SNARC dot DC up 40 num_decimal 0.507558320998
jakab SNARC dot DC up 45 num_decimal 0.633462056518
jakab SNARC dot DC up 35 num_decimal 0.485498321475
jakab SNARC dot DC up 40 num_decimal 0.383322428213
jakab SNARC dot DC up 35 num_decimal 0.318447195692
jakab SNARC dot DC down 25 lctrl 0.506903158268
jakab SNARC dot DC up 10 num_decimal 0.55838005431
jakab SNARC dot DC down 30 lctrl 0.418127739569
jakab SNARC dot DC down 40 lctrl 0.468824170879
jakab SNARC dot DC up 25 num_decimal 0.563283084193
jakab SNARC dot DC up 35 num_decimal 0.647270083544
jakab SNARC dot DC up 30 num_decimal 0.373979087803
jakab SNARC dot DC down 15 lctrl 0.514122778899
jakab SNARC dot DC down 35 lctrl 0.441016528755
jakab SNARC dot DC up 20 num_decimal 0.555952274008
jakab SNARC dot DC up 40 num_decimal 0.540394295123
jakab SNARC dot DC down 45 lctrl 0.456923471647
jakab SNARC dot DC up 5 num_decimal 0.519417965668
jakab SNARC dot DC up 5 num_decimal 0.349990805378
jakab SNARC dot DC up 10 num_decimal 0.375909508904
jakab SNARC dot DC up 5 num_decimal 0.617498663603
jakab SNARC dot DC up 45 num_decimal 0.435345008271
jakab SNARC dot DC up 20 num_decimal 0.344028481632
jakab SNARC dot DC up 35 num_decimal 0.426044005319
jakab SNARC dot DC down 45 lctrl 0.425297325011
jakab SNARC dot DC down 45 lctrl 0.362930271309
jakab SNARC dot DC up 25 num_decimal 0.485169029445
jakab SNARC dot DC down 20 lctrl 0.416796459118
jakab SNARC dot DC up 10 num_decimal 0.532289862516
jakab SNARC dot DC up 10 num_decimal 0.481634913478
jakab SNARC dot DC up 45 num_decimal 0.579001432634
jakab SNARC dot DC up 35 num_decimal 0.457632091013
jakab SNARC dot DC down 10 num_decimal 0.591228857986
jakab SNARC dot DC down 5 lctrl 0.643165052286
jakab SNARC dot DC up 10 num_decimal 0.723749224911
jakab SNARC dot DC up 40 num_decimal 0.452282164828
jakab SNARC dot DC up 45 num_decimal 0.443932687631
jakab SNARC dot DC down 35 lctrl 0.581121731084
jakab SNARC dot DC up 40 num_decimal 0.768414907972
jakab SNARC dot DC down 10 lctrl 0.673196484684
jakab SNARC dot DC down 15 lctrl 0.375349712325
jakab SNARC dot DC up 40 num_decimal 0.508920820197
jakab SNARC dot DC up 35 num_decimal 0.562874676543
jakab SNARC dot DC up 10 num_decimal 0.409884320106
jakab SNARC dot DC down 10 lctrl 0.460334423813
jakab SNARC dot DC down 45 lctrl 0.347632304765
jakab SNARC dot DC up 5 num_decimal 0.469153462909
jakab SNARC dot DC up 20 num_decimal 0.551071054302
jakab SNARC dot DC up 35 num_decimal 0.536848632619
jakab SNARC dot DC up 30 num_decimal 0.42600337835
jakab SNARC dot DC up 35 num_decimal 0.376345286262
jakab SNARC dot DC up 5 num_decimal 0.332562704454
jakab SNARC dot DC down 35 lctrl 0.558991168975
jakab SNARC dot DC up 45 num_decimal 0.645504736225
jakab SNARC dot DC up 40 num_decimal 0.582945239148
jakab SNARC dot DC down 5 lctrl 0.666742361034
jakab SNARC dot DC up 45 num_decimal 0.526826608577
jakab SNARC dot DC down 15 lctrl 0.524247439462
jakab SNARC dot DC down 20 lctrl 0.383265550481
jakab SNARC dot DC down 20 lctrl 0.365933671128
jakab SNARC dot DC up 25 num_decimal 0.453205037746
jakab SNARC dot DC down 45 lctrl 0.531674043625
jakab SNARC dot DC down 10 lctrl 1.15100818954
jakab SNARC dot DC down 20 lctrl 0.432421579375
jakab SNARC dot DC up 35 num_decimal 0.583091923734
jakab SNARC dot DC up 25 num_decimal 0.410196078359
jakab SNARC dot DC down 40 lctrl 0.602575320168
jakab SNARC dot DC down 35 lctrl 0.454570530448
jakab SNARC dot DC down 10 lctrl 0.403630337678
jakab SNARC dot DC up 15 num_decimal 0.537751833559
jakab SNARC dot DC down 10 lctrl 0.622253298294
jakab SNARC dot DC down 10 lctrl 0.427738790167
jakab SNARC dot DC up 45 num_decimal 0.493527487386
jakab SNARC dot DC down 25 lctrl 0.559867427917
jakab SNARC dot DC up 25 num_decimal 0.314656061004
jakab SNARC dot DC up 15 num_decimal 0.399220818072
jakab SNARC dot DC up 25 num_decimal 0.385104026296
jakab SNARC dot DC down 25 lctrl 0.487474501249
jakab SNARC dot DC up 45 num_decimal 1.36180212547
jakab SNARC dot DC up 20 num_decimal 0.501297496026
jakab SNARC dot DC down 20 lctrl 0.525590694277
jakab SNARC dot DC down 15 lctrl 0.492218872299
jakab SNARC dot DC down 45 lctrl 0.543114589411
jakab SNARC dot DC down 20 lctrl 0.440426796675
jakab SNARC dot DC down 10 lctrl 0.425389697775
jakab SNARC dot DC up 5 num_decimal 0.558680266025
jakab SNARC dot DC up 15 num_decimal 0.542725426028
jakab SNARC dot DC up 20 num_decimal 0.342905467609
jakab SNARC dot DC up 10 num_decimal 0.475996749825
jakab SNARC dot DC up 15 num_decimal 0.326336091734
jakab SNARC dot DC up 15 num_decimal 0.299656595453
jakab SNARC dot DC up 25 num_decimal 0.379281544592
jakab SNARC dot DC up 20 num_decimal 0.358794021537
jakab SNARC dot DC up 15 num_decimal 0.351032993407
jakab SNARC dot DC up 15 num_decimal 0.335467744269
jakab SNARC dot DC down 5 lctrl 0.477978916722
jakab SNARC dot DC up 30 num_decimal 0.742990570259
jakab SNARC dot DC up 5 num_decimal 0.356117347721
jakab SNARC dot DC down 45 lctrl 0.610575833358
jakab SNARC dot DC down 30 lctrl 0.455822267802
jakab SNARC dot DC down 40 lctrl 0.386786409304
jakab SNARC dot DC down 25 lctrl 0.388947762316
jakab SNARC dot DC down 10 lctrl 0.353092137608
jakab SNARC dot DC down 30 lctrl 0.412968118559
jakab SNARC dot DC down 30 lctrl 0.456483845366
jakab SNARC dot DC up 30 num_decimal 0.529658519896
jakab SNARC dot DC down 45 lctrl 1.31734470883
jakab SNARC dot DC down 20 lctrl 0.356901233783
jakab SNARC dot DC up 35 num_decimal 0.744052002439
jakab SNARC dot DC up 35 num_decimal 0.610412470298
jakab SNARC dot DC up 25 num_decimal 0.444184146938
jakab SNARC dot DC down 40 lctrl 0.526503731264
jakab SNARC dot DC down 25 lctrl 0.548743344727
jakab SNARC dot DC down 35 lctrl 0.356033955584
jakab SNARC dot DC down 40 lctrl 0.32838411699
jakab SNARC dot DC down 20 lctrl 0.348800222389
jakab SNARC dot DC up 5 num_decimal 0.50897983613
jakab SNARC dot DC up 5 num_decimal 0.284109735512
jakab SNARC dot DC up 40 num_decimal 0.295522911474
jakab SNARC dot DC up 40 num_decimal 0.272154296865
jakab SNARC dot DC down 35 num_decimal 0.251518378383
jakab SNARC dot DC down 25 lctrl 0.95444907737
jakab SNARC dot DC up 10 num_decimal 0.614762973972
jakab SNARC dot DC down 40 lctrl 0.521999272984
jakab SNARC dot DC up 30 num_decimal 0.672744884272
jakab SNARC dot DC up 15 num_decimal 0.61390424869
jakab SNARC dot DC up 20 num_decimal 0.395295828232
jakab SNARC dot DC up 45 num_decimal 0.363129129517
jakab SNARC dot DC down 20 lctrl 0.504933393211
jakab SNARC dot DC down 45 lctrl 0.396711356356
jakab SNARC dot DC up 35 num_decimal 0.569286890328
jakab SNARC dot DC down 45 lctrl 0.381534415181
jakab SNARC dot DC up 30 num_decimal 0.586402805406
jakab SNARC dot DC up 10 num_decimal 0.39860286098
jakab SNARC dot DC up 10 num_decimal 0.290057091508
jakab SNARC dot DC down 40 lctrl 0.592213740456
jakab SNARC dot DC down 5 lctrl 0.340766352369
jakab SNARC dot DC up 15 num_decimal 0.783801398356
jakab SNARC dot DC down 15 lctrl 0.538536574924
jakab SNARC dot DC down 10 lctrl 0.343112451141
jakab SNARC dot DC up 15 num_decimal 0.620460581151
jakab SNARC dot DC up 30 num_decimal 0.48144674662
jakab SNARC dot DC up 40 num_decimal 0.362412384828
jakab SNARC dot DC up 25 num_decimal 0.308518827427
jakab SNARC dot DC up 10 num_decimal 0.363085936755
jakab SNARC dot DC down 30 lctrl 0.435745290481
jakab SNARC dot DC up 45 num_decimal 0.741748668952
jakab SNARC dot DC down 30 lctrl 0.665934954188
jakab SNARC dot DC up 25 num_decimal 0.574641948449
jakab SNARC dot DC up 10 num_decimal 0.355135458754
jakab SNARC dot DC down 20 lctrl 0.564389419858
jakab SNARC dot DC up 35 num_decimal 0.478005858837
jakab SNARC dot DC up 30 num_decimal 0.553949579829
jakab SNARC dot DC up 20 num_decimal 0.366570872604
jakab SNARC dot DC down 35 lctrl 0.510251245461
jakab SNARC dot DC down 5 lctrl 0.404019500944
jakab SNARC dot DC up 40 num_decimal 0.49919131014
jakab SNARC dot DC up 5 num_decimal 0.815577223198
jakab SNARC dot DC up 5 num_decimal 0.375050783623
jakab SNARC dot DC up 10 num_decimal 0.421539974748
jakab SNARC dot DC up 20 num_decimal 0.415093976539
jakab SNARC dot DC up 10 num_decimal 0.371749738115
jakab SNARC dot DC up 45 num_decimal 0.49607287196
jakab SNARC dot DC down 20 lctrl 0.482760493527
jakab SNARC dot DC down 45 lctrl 0.428773707943
jakab SNARC dot DC down 15 lctrl 0.37006607221
jakab SNARC dot DC up 40 num_decimal 0.524733252008
jakab SNARC dot DC down 20 lctrl 0.626964312512
jakab SNARC dot DC up 35 num_decimal 0.930430859327
jakab SNARC dot DC down 30 lctrl 0.563674385776
jakab SNARC dot DC up 35 num_decimal 0.360696217511
jakab SNARC dot DC down 30 lctrl 0.452730344026
jakab SNARC dot DC up 15 num_decimal 0.304308166029
jakab SNARC dot DC down 30 lctrl 0.403875809861
jakab SNARC dot DC up 5 num_decimal 0.398138003307
jakab SNARC dot DC up 30 num_decimal 0.571570124244
jakab SNARC dot DC up 5 num_decimal 0.337898090598
jakab SNARC dot DC down 40 lctrl 0.64300254453
jakab SNARC dot DC up 35 num_decimal 0.449430153705
jakab SNARC dot DC up 25 num_decimal 0.490975687979
jakab SNARC dot DC up 15 num_decimal 0.40776231105
jakab SNARC dot DC down 30 lctrl 0.444381722133
jakab SNARC dot DC down 40 lctrl 0.321879958152
jakab SNARC dot DC up 15 num_decimal 0.528821177315
jakab SNARC dot DC up 15 num_decimal 0.407645134372
jakab SNARC dot DC down 15 lctrl 0.528263519052
jakab SNARC dot DC up 25 num_decimal 0.497631235747
jakab SNARC dot DC down 40 lctrl 0.502875104197
jakab SNARC dot DC down 45 lctrl 0.453673744225
jakab SNARC dot DC up 35 num_decimal 0.541403553798
jakab SNARC dot DC down 45 lctrl 0.29886287346
jakab SNARC dot DC down 35 num_decimal 0.350947035244
jakab SNARC dot DC down 45 lctrl 0.471681741416
jakab SNARC dot DC up 20 num_decimal 0.72307011357
jakab SNARC dot DC down 25 lctrl 0.460027369671
jakab SNARC dot DC up 40 num_decimal 0.622366626048
jakab SNARC dot DC up 5 num_decimal 0.859100220259
jakab SNARC dot DC down 5 lctrl 0.745829324122
jakab SNARC dot DC up 20 num_decimal 0.568542348221
jakab SNARC dot DC up 25 num_decimal 0.653667757171
jakab SNARC dot DC up 30 num_decimal 0.723657707334
jakab SNARC dot DC up 5 num_decimal 0.391953300452
jakab SNARC dot DC down 40 lctrl 0.507004939369
jakab SNARC dot DC down 45 lctrl 0.332850086503
jakab SNARC dot DC up 5 lctrl 0.313598905224
jakab SNARC dot DC up 25 num_decimal 0.597791177453
jakab SNARC dot DC up 35 num_decimal 0.608709987719
jakab SNARC dot DC down 25 lctrl 0.637974212645
jakab SNARC dot DC up 15 num_decimal 0.602006543078
jakab SNARC dot DC up 35 num_decimal 0.375972801237
jakab SNARC dot DC up 15 num_decimal 0.401189727825
jakab SNARC dot DC down 35 lctrl 0.627282913192
jakab SNARC dot DC down 15 lctrl 0.426035452285
jakab SNARC dot DC up 20 num_decimal 0.935054204892
jakab SNARC dot DC up 15 num_decimal 0.658174781362
jakab SNARC dot DC up 30 num_decimal 0.350756730186
jakab SNARC dot DC down 40 lctrl 0.537602155353
jakab SNARC dot DC down 20 lctrl 0.363103042706
jakab SNARC dot DC down 10 lctrl 0.439185750554
jakab SNARC dot DC down 30 lctrl 0.507754613296
jakab SNARC dot DC down 5 lctrl 0.407447986887
jakab SNARC dot DC up 10 num_decimal 0.424651570502
jakab SNARC dot DC up 10 num_decimal 0.37742596271
jakab SNARC dot DC up 45 num_decimal 0.353581799078
jakab SNARC dot DC up 30 num_decimal 0.350064361584
jakab SNARC dot DC up 15 num_decimal 0.437147561344
jakab SNARC dot DC down 30 lctrl 0.615573802032
jakab SNARC dot DC down 5 lctrl 0.334902815986
jakab SNARC dot DC up 5 num_decimal 0.571126649156
jakab SNARC dot DC down 30 lctrl 0.562909743981
jakab SNARC dot DC down 10 lctrl 0.412891568849
jakab SNARC dot DC down 35 lctrl 0.457158252597
jakab SNARC dot DC up 40 num_decimal 0.533988068579
jakab SNARC dot DC up 15 num_decimal 0.417325892253
jakab SNARC dot DC up 5 num_decimal 0.350751170772
jakab SNARC dot DC up 20 num_decimal 0.435752132908
jakab SNARC dot DC down 25 lctrl 0.491777535412
jakab SNARC dot DC up 25 num_decimal 0.528741206392
jakab SNARC dot DC down 45 lctrl 0.561292364262
jakab SNARC dot DC up 30 num_decimal 0.623215942876
jakab SNARC dot DC down 30 lctrl 0.369282186264
jakab SNARC dot DC down 5 lctrl 0.429612761247
jakab SNARC dot DC up 10 num_decimal 0.518579340191
jakab SNARC dot DC down 30 lctrl 0.424601107603
jakab SNARC dot DC down 15 lctrl 0.407401800388
jakab SNARC dot DC down 5 lctrl 0.340823657694
jakab SNARC dot DC up 45 num_decimal 0.676087839645
jakab SNARC dot DC up 30 num_decimal 0.466846280498
jakab SNARC dot DC down 25 lctrl 0.567801227444
jakab SNARC dot DC up 15 num_decimal 0.531680886168
jakab SNARC dot DC down 10 lctrl 0.694096264429
jakab SNARC dot DC up 15 num_decimal 0.960598712787
jakab SNARC dot DC up 35 num_decimal 0.435381358606
jakab SNARC dot DC up 35 num_decimal 0.355618277914
jakab SNARC dot DC down 25 lctrl 0.485820343369
jakab SNARC dot DC down 20 lctrl 0.2999161802
jakab SNARC dot DC up 45 num_decimal 0.534142450895
jakab SNARC dot DC down 45 lctrl 0.40522205818
jakab SNARC dot DC down 35 lctrl 0.556425684714
jakab SNARC dot DC down 20 lctrl 0.393728911411
jakab SNARC dot DC down 15 lctrl 0.430603630841
jakab SNARC dot DC up 15 num_decimal 0.501532276976
jakab SNARC dot DC down 5 lctrl 0.57873970957
jakab SNARC dot DC down 25 lctrl 0.439906344283
jakab SNARC dot DC down 25 lctrl 0.342784442008
jakab SNARC dot DC up 5 num_decimal 0.517608997761
jakab SNARC dot DC down 10 lctrl 0.607159321662
jakab SNARC dot DC down 10 lctrl 0.365231039003
jakab SNARC dot DC down 30 lctrl 0.331628712476
jakab SNARC dot DC down 25 lctrl 0.319872132153
jakab SNARC dot DC down 40 lctrl 0.346778283827
jakab SNARC dot DC down 25 lctrl 0.316583488369
jakab SNARC dot DC down 15 lctrl 0.337893814081
jakab SNARC dot DC down 40 lctrl 0.340750101604
jakab SNARC dot DC down 35 lctrl 0.398820108268
jakab SNARC dot DC up 15 num_decimal 0.493516368442
jakab SNARC dot DC up 20 num_decimal 0.377970791422
jakab SNARC dot DC up 10 num_decimal 0.360277973814
{'task': 'line', 'participant': 'jakab', 'dateStr': '06_01_1056', 'notation': 'arabic', 'response_buttons': 'DC', 'range_in_instr': True, 'interactive_setting': False, 'autopilot': False, 'exp_id': 'SNARC'}
jakab SNARC arabic DC up 4 num_decimal 2.69998417678
jakab SNARC arabic DC down 8 lctrl 0.620688947383
jakab SNARC arabic DC up 3 num_decimal 0.881085808389
jakab SNARC arabic DC up 1 num_decimal 0.585285350797
jakab SNARC arabic DC down 5 lctrl 0.593490281608
jakab SNARC arabic DC down 8 lctrl 1.07003741956
jakab SNARC arabic DC down 6 lctrl 0.702716017608
jakab SNARC arabic DC up 3 num_decimal 0.424852139316
jakab SNARC arabic DC down 8 lctrl 0.5447285478
jakab SNARC arabic DC down 1 lctrl 0.596432954771
jakab SNARC arabic DC up 1 num_decimal 0.490330361179
jakab SNARC arabic DC down 2 lctrl 0.436921333428
jakab SNARC arabic DC up 5 num_decimal 0.395616994938
jakab SNARC arabic DC up 1 num_decimal 0.558718754677
jakab SNARC arabic DC up 1 num_decimal 0.419396583107
jakab SNARC arabic DC down 9 lctrl 0.600905339234
jakab SNARC arabic DC up 2 num_decimal 0.400118459598
jakab SNARC arabic DC down 1 lctrl 0.531883165473
jakab SNARC arabic DC up 3 num_decimal 0.446635020431
jakab SNARC arabic DC up 8 num_decimal 0.77906386985
jakab SNARC arabic DC up 2 num_decimal 0.496341009741
jakab SNARC arabic DC down 3 lctrl 0.483670537011
jakab SNARC arabic DC up 3 num_decimal 0.315734599135
jakab SNARC arabic DC up 8 num_decimal 0.609368144302
jakab SNARC arabic DC down 3 lctrl 0.39984561759
jakab SNARC arabic DC up 9 num_decimal 0.407810208038
jakab SNARC arabic DC up 9 num_decimal 0.35477152688
jakab SNARC arabic DC up 3 num_decimal 0.360595291597
jakab SNARC arabic DC down 6 lctrl 0.424401821801
jakab SNARC arabic DC down 3 lctrl 0.51415185933
jakab SNARC arabic DC up 3 num_decimal 0.56647208496
jakab SNARC arabic DC down 7 lctrl 0.524078089162
jakab SNARC arabic DC down 6 lctrl 0.511323796702
jakab SNARC arabic DC up 6 num_decimal 0.537034233566
jakab SNARC arabic DC up 1 num_decimal 0.534282293054
jakab SNARC arabic DC up 3 num_decimal 0.411751448642
jakab SNARC arabic DC up 7 num_decimal 0.458179913228
jakab SNARC arabic DC up 5 num_decimal 0.33016015566
jakab SNARC arabic DC up 5 num_decimal 0.369693159708
jakab SNARC arabic DC up 2 num_decimal 0.361751662451
jakab SNARC arabic DC up 9 num_decimal 0.342231487972
jakab SNARC arabic DC down 4 lctrl 0.421320161666
jakab SNARC arabic DC down 8 lctrl 0.351166420733
jakab SNARC arabic DC up 9 num_decimal 0.517620544415
jakab SNARC arabic DC up 5 num_decimal 0.673875596025
jakab SNARC arabic DC up 7 num_decimal 0.395248786546
jakab SNARC arabic DC up 4 num_decimal 0.385602240916
jakab SNARC arabic DC up 4 num_decimal 0.377987042186
jakab SNARC arabic DC up 1 num_decimal 0.375992473215
jakab SNARC arabic DC down 8 lctrl 0.480165501242
jakab SNARC arabic DC up 8 num_decimal 0.581400987809
jakab SNARC arabic DC up 9 num_decimal 0.567749481415
jakab SNARC arabic DC up 3 num_decimal 0.443447730271
jakab SNARC arabic DC down 6 lctrl 0.47840186453
jakab SNARC arabic DC down 5 lctrl 0.390703273588
jakab SNARC arabic DC up 4 num_decimal 0.44104304316
jakab SNARC arabic DC up 5 num_decimal 0.497351551312
jakab SNARC arabic DC up 2 num_decimal 0.398123890744
jakab SNARC arabic DC up 4 num_decimal 0.375011439668
jakab SNARC arabic DC up 8 num_decimal 0.490598071367
jakab SNARC arabic DC down 1 lctrl 0.377973784925
jakab SNARC arabic DC up 3 num_decimal 0.442208394757
jakab SNARC arabic DC down 3 lctrl 0.412001197343
jakab SNARC arabic DC up 1 num_decimal 0.505338807241
jakab SNARC arabic DC down 7 lctrl 0.373479162692
jakab SNARC arabic DC up 4 num_decimal 0.481008831062
jakab SNARC arabic DC up 6 num_decimal 0.50384330831
jakab SNARC arabic DC up 1 num_decimal 0.514643659
jakab SNARC arabic DC down 3 lctrl 0.507530095987
jakab SNARC arabic DC up 9 num_decimal 0.396135736839
jakab SNARC arabic DC up 7 num_decimal 0.476565099321
jakab SNARC arabic DC down 8 lctrl 0.503246306092
jakab SNARC arabic DC down 2 lctrl 0.52868646686
jakab SNARC arabic DC up 7 num_decimal 0.410498428391
jakab SNARC arabic DC down 5 lctrl 0.377905360656
jakab SNARC arabic DC up 9 num_decimal 0.54455321061
jakab SNARC arabic DC up 4 num_decimal 0.516707079834
jakab SNARC arabic DC up 3 num_decimal 0.53883978026
jakab SNARC arabic DC up 4 num_decimal 0.437186905299
jakab SNARC arabic DC down 3 lctrl 0.558201723383
jakab SNARC arabic DC up 3 num_decimal 0.66501379176
jakab SNARC arabic DC down 8 lctrl 0.611093292246
jakab SNARC arabic DC down 8 lctrl 0.490967990248
jakab SNARC arabic DC up 7 num_decimal 0.467359035276
jakab SNARC arabic DC up 6 num_decimal 0.421213676338
jakab SNARC arabic DC up 6 num_decimal 0.403751363163
jakab SNARC arabic DC down 3 lctrl 0.47376568953
jakab SNARC arabic DC up 5 num_decimal 0.359383753501
jakab SNARC arabic DC down 9 lctrl 0.510007056175
jakab SNARC arabic DC down 4 lctrl 0.493837535032
jakab SNARC arabic DC up 8 num_decimal 0.441327004111
jakab SNARC arabic DC down 1 lctrl 0.45037355402
jakab SNARC arabic DC down 8 lctrl 1.29941368918
jakab SNARC arabic DC down 8 lctrl 0.394733893569
jakab SNARC arabic DC up 9 num_decimal 0.457254046691
jakab SNARC arabic DC down 6 lctrl 0.493981653708
jakab SNARC arabic DC down 8 lctrl 0.52895246644
jakab SNARC arabic DC up 4 num_decimal 0.387933799531
jakab SNARC arabic DC down 1 lctrl 0.439874270349
jakab SNARC arabic DC down 7 lctrl 0.485376012977
jakab SNARC arabic DC down 3 lctrl 0.447407787549
jakab SNARC arabic DC down 5 lctrl 0.444771313109
jakab SNARC arabic DC down 6 lctrl 0.401145679643
jakab SNARC arabic DC down 4 lctrl 0.423254003981
jakab SNARC arabic DC up 8 num_decimal 0.520294224611
jakab SNARC arabic DC down 2 lctrl 0.705610366305
jakab SNARC arabic DC down 1 lctrl 0.612978382153
jakab SNARC arabic DC up 3 num_decimal 0.489423311199
jakab SNARC arabic DC down 3 lctrl 0.488168580341
jakab SNARC arabic DC up 3 num_decimal 0.531919088215
jakab SNARC arabic DC up 5 num_decimal 0.576134881354
jakab SNARC arabic DC up 9 num_decimal 0.637752688839
jakab SNARC arabic DC down 2 lctrl 0.522141681053
jakab SNARC arabic DC down 7 lctrl 0.415329185082
jakab SNARC arabic DC up 5 num_decimal 0.494527337607
jakab SNARC arabic DC down 5 lctrl 0.540075266734
jakab SNARC arabic DC up 4 num_decimal 0.43392306543
jakab SNARC arabic DC down 2 lctrl 0.450707122567
jakab SNARC arabic DC down 4 lctrl 0.620973335928
jakab SNARC arabic DC down 1 lctrl 0.399528727517
jakab SNARC arabic DC down 7 lctrl 0.458956956863
jakab SNARC arabic DC up 6 lctrl 0.39852673898
jakab SNARC arabic DC up 2 num_decimal 0.5825098895
jakab SNARC arabic DC down 6 lctrl 0.599680116284
jakab SNARC arabic DC down 9 lctrl 0.527015203028
jakab SNARC arabic DC down 7 lctrl 0.432097419165
jakab SNARC arabic DC up 8 num_decimal 0.64431158721
jakab SNARC arabic DC down 2 lctrl 0.591608612915
jakab SNARC arabic DC up 9 num_decimal 0.379510338535
jakab SNARC arabic DC up 8 num_decimal 0.388237860054
jakab SNARC arabic DC down 8 lctrl 0.519128873013
jakab SNARC arabic DC down 7 lctrl 0.521981739323
jakab SNARC arabic DC up 5 num_decimal 0.362414950621
jakab SNARC arabic DC up 4 num_decimal 0.331973827677
jakab SNARC arabic DC down 9 lctrl 0.625562469242
jakab SNARC arabic DC down 2 lctrl 0.487676352961
jakab SNARC arabic DC up 2 num_decimal 0.6437419547
jakab SNARC arabic DC up 3 num_decimal 0.570598498918
jakab SNARC arabic DC down 9 lctrl 0.670217033359
jakab SNARC arabic DC up 5 num_decimal 0.697147561237
jakab SNARC arabic DC down 7 lctrl 1.29742639046
jakab SNARC arabic DC up 1 num_decimal 0.448715974926
jakab SNARC arabic DC down 6 lctrl 0.558071289561
jakab SNARC arabic DC up 7 num_decimal 0.355624264921
jakab SNARC arabic DC down 2 lctrl 0.468015480903
jakab SNARC arabic DC up 4 num_decimal 0.391600487521
jakab SNARC arabic DC down 4 lctrl 0.402199414093
jakab SNARC arabic DC up 6 num_decimal 0.577080847695
jakab SNARC arabic DC up 5 num_decimal 0.57040862157
jakab SNARC arabic DC down 8 lctrl 0.442373468424
jakab SNARC arabic DC up 9 num_decimal 0.865865674452
jakab SNARC arabic DC up 8 num_decimal 0.343140676152
jakab SNARC arabic DC up 6 num_decimal 0.410327367601
jakab SNARC arabic DC up 2 num_decimal 0.562239185791
jakab SNARC arabic DC up 6 num_decimal 1.19100947259
jakab SNARC arabic DC up 6 num_decimal 0.507925246493
jakab SNARC arabic DC down 5 lctrl 0.68888019328
jakab SNARC arabic DC down 3 lctrl 0.983572177007
jakab SNARC arabic DC down 4 lctrl 1.4575298822
jakab SNARC arabic DC down 1 lctrl 0.394792909618
jakab SNARC arabic DC down 3 lctrl 0.368831440923
jakab SNARC arabic DC down 8 lctrl 0.328798084054
jakab SNARC arabic DC down 8 lctrl 0.36190305138
jakab SNARC arabic DC up 4 num_decimal 0.587481771363
jakab SNARC arabic DC down 5 lctrl 0.590104988543
jakab SNARC arabic DC down 7 lctrl 1.35535783775
jakab SNARC arabic DC up 6 num_decimal 0.45062373043
jakab SNARC arabic DC down 8 lctrl 0.811118096113
jakab SNARC arabic DC up 6 num_decimal 0.308521820931
jakab SNARC arabic DC up 7 num_decimal 0.569549040985
jakab SNARC arabic DC down 6 lctrl 0.482881091302
jakab SNARC arabic DC up 3 num_decimal 0.38322706183
jakab SNARC arabic DC down 1 lctrl 0.406343361828
jakab SNARC arabic DC down 1 lctrl 0.637493531802
jakab SNARC arabic DC up 7 num_decimal 0.440277546179
jakab SNARC arabic DC down 1 lctrl 0.900975046563
jakab SNARC arabic DC up 7 num_decimal 0.403329270659
jakab SNARC arabic DC up 1 num_decimal 0.539250753704
jakab SNARC arabic DC up 5 num_decimal 0.541390296654
jakab SNARC arabic DC up 9 num_decimal 0.814258344588
jakab SNARC arabic DC down 9 lctrl 0.46671370836
jakab SNARC arabic DC down 9 lctrl 0.363183868933
jakab SNARC arabic DC up 9 num_decimal 0.516872153385
jakab SNARC arabic DC down 8 lctrl 0.661925289198
jakab SNARC arabic DC up 4 num_decimal 0.422356362455
jakab SNARC arabic DC up 4 num_decimal 0.435382641619
jakab SNARC arabic DC down 5 lctrl 0.459944832954
jakab SNARC arabic DC up 7 num_decimal 0.532917655655
jakab SNARC arabic DC up 9 num_decimal 0.414352855645
jakab SNARC arabic DC down 1 lctrl 0.57048174995
jakab SNARC arabic DC down 4 lctrl 0.422265700181
jakab SNARC arabic DC down 6 lctrl 0.397964804317
jakab SNARC arabic DC up 7 num_decimal 0.419479547534
jakab SNARC arabic DC down 2 lctrl 0.37147261959
jakab SNARC arabic DC up 2 num_decimal 0.389094874612
jakab SNARC arabic DC up 5 num_decimal 0.397319049807
jakab SNARC arabic DC up 2 num_decimal 0.445627899957
jakab SNARC arabic DC up 1 num_decimal 0.443267261144
jakab SNARC arabic DC down 7 lctrl 0.473491136916
jakab SNARC arabic DC down 2 lctrl 0.366582846851
jakab SNARC arabic DC down 6 lctrl 0.518330446794
jakab SNARC arabic DC down 7 lctrl 0.483684649458
jakab SNARC arabic DC up 6 num_decimal 0.504270960228
jakab SNARC arabic DC down 2 lctrl 0.463456710917
jakab SNARC arabic DC up 1 num_decimal 0.711057369481
jakab SNARC arabic DC up 2 num_decimal 0.421136698918
jakab SNARC arabic DC down 7 lctrl 0.62706010649
jakab SNARC arabic DC up 1 num_decimal 0.637185194646
jakab SNARC arabic DC up 6 num_decimal 0.77799730585
jakab SNARC arabic DC up 3 num_decimal 0.554609874496
jakab SNARC arabic DC up 5 num_decimal 0.474775803392
jakab SNARC arabic DC down 1 lctrl 0.603977591032
jakab SNARC arabic DC up 8 num_decimal 0.428668505512
jakab SNARC arabic DC down 7 lctrl 0.385836594272
jakab SNARC arabic DC up 8 num_decimal 0.709989522467
jakab SNARC arabic DC up 1 num_decimal 0.587295742705
jakab SNARC arabic DC up 5 num_decimal 0.624024205026
jakab SNARC arabic DC down 8 lctrl 0.529032437364
jakab SNARC arabic DC down 2 lctrl 0.461354373838
jakab SNARC arabic DC up 9 num_decimal 0.582429490983
jakab SNARC arabic DC up 8 num_decimal 0.382688648067
jakab SNARC arabic DC down 1 lctrl 0.541843607672
jakab SNARC arabic DC up 5 num_decimal 0.451488442719
jakab SNARC arabic DC up 7 num_decimal 1.14134197193
jakab SNARC arabic DC down 9 lctrl 0.502382449224
jakab SNARC arabic DC up 3 num_decimal 0.42607265804
jakab SNARC arabic DC up 3 num_decimal 0.352717086906
jakab SNARC arabic DC up 7 num_decimal 0.42853807169
jakab SNARC arabic DC down 2 lctrl 0.513504394097
jakab SNARC arabic DC down 4 lctrl 0.605876365793
jakab SNARC arabic DC up 4 num_decimal 0.474535890738
jakab SNARC arabic DC up 9 num_decimal 0.512671328033
jakab SNARC arabic DC down 4 lctrl 0.445087775588
jakab SNARC arabic DC down 4 lctrl 0.74668334506
jakab SNARC arabic DC down 9 lctrl 0.44292642246
jakab SNARC arabic DC up 4 num_decimal 0.575911219348
jakab SNARC arabic DC down 2 lctrl 0.39458806417
jakab SNARC arabic DC up 5 num_decimal 0.630477045779
jakab SNARC arabic DC up 3 num_decimal 0.943309171009
jakab SNARC arabic DC down 5 lctrl 0.565839160117
jakab SNARC arabic DC up 8 num_decimal 0.550758440746
jakab SNARC arabic DC down 5 lctrl 0.483156499336
jakab SNARC arabic DC down 7 lctrl 0.551545748021
jakab SNARC arabic DC up 4 num_decimal 0.411568413721
jakab SNARC arabic DC down 5 lctrl 0.400000855327
jakab SNARC arabic DC up 8 num_decimal 0.354836529936
jakab SNARC arabic DC down 9 lctrl 0.393916222965
jakab SNARC arabic DC down 2 lctrl 0.495052921935
jakab SNARC arabic DC down 1 lctrl 0.427515555872
jakab SNARC arabic DC up 7 num_decimal 0.46917399019
jakab SNARC arabic DC up 5 num_decimal 0.606932238559
jakab SNARC arabic DC up 8 num_decimal 0.633503111196
jakab SNARC arabic DC up 8 num_decimal 0.457714627846
jakab SNARC arabic DC up 1 num_decimal 0.514715932193
jakab SNARC arabic DC down 5 lctrl 0.402991853305
jakab SNARC arabic DC down 9 lctrl 0.331968268147
jakab SNARC arabic DC down 2 lctrl 0.349532362656
jakab SNARC arabic DC down 5 lctrl 0.324824769516
jakab SNARC arabic DC down 3 lctrl 0.334573524073
jakab SNARC arabic DC down 5 lctrl 0.375305236666
jakab SNARC arabic DC up 2 num_decimal 0.546378429164
jakab SNARC arabic DC down 2 lctrl 0.554129193653
jakab SNARC arabic DC up 9 num_decimal 0.363955353154
jakab SNARC arabic DC down 2 lctrl 0.432520794566
jakab SNARC arabic DC up 7 num_decimal 0.400301494636
jakab SNARC arabic DC up 9 num_decimal 0.804557487136
jakab SNARC arabic DC up 8 num_decimal 0.428090747795
jakab SNARC arabic DC down 2 lctrl 0.457851476502
jakab SNARC arabic DC up 1 num_decimal 0.5087480488
jakab SNARC arabic DC up 6 num_decimal 0.721302627935
jakab SNARC arabic DC up 5 num_decimal 0.593680586782
jakab SNARC arabic DC down 7 lctrl 0.591306690592
jakab SNARC arabic DC up 7 num_decimal 0.678560095723
jakab SNARC arabic DC down 9 lctrl 0.46508520958
jakab SNARC arabic DC up 9 num_decimal 0.458251331118
jakab SNARC arabic DC up 6 num_decimal 0.565178010147
jakab SNARC arabic DC down 6 lctrl 0.579516753205
jakab SNARC arabic DC up 4 num_decimal 0.578205144615
jakab SNARC arabic DC down 5 lctrl 0.50417773216
jakab SNARC arabic DC up 4 num_decimal 0.549272350152
jakab SNARC arabic DC up 6 num_decimal 0.569484893233
jakab SNARC arabic DC up 8 num_decimal 0.637099664309
jakab SNARC arabic DC up 1 num_decimal 0.571331494488
jakab SNARC arabic DC up 3 num_decimal 0.398968503461
jakab SNARC arabic DC up 5 num_decimal 0.586979707936
jakab SNARC arabic DC down 3 lctrl 0.535621271352
jakab SNARC arabic DC up 2 lctrl 1.64519810979
jakab SNARC arabic DC up 7 num_decimal 0.641395856161
jakab SNARC arabic DC up 1 num_decimal 0.40228579985
jakab SNARC arabic DC up 4 num_decimal 0.405185280135
jakab SNARC arabic DC down 6 lctrl 0.560809545219
jakab SNARC arabic DC down 9 lctrl 0.497362242662
jakab SNARC arabic DC down 2 lctrl 0.477446062374
jakab SNARC arabic DC up 8 num_decimal 0.972071332275
jakab SNARC arabic DC up 5 num_decimal 0.386657258379
jakab SNARC arabic DC down 1 lctrl 0.442287082784
jakab SNARC arabic DC down 9 lctrl 0.400861291098
jakab SNARC arabic DC up 4 num_decimal 0.59297282272
jakab SNARC arabic DC up 9 num_decimal 0.506389548187
jakab SNARC arabic DC up 6 num_decimal 0.404638313339
jakab SNARC arabic DC down 5 lctrl 0.430518955691
jakab SNARC arabic DC down 4 lctrl 0.425707015675
jakab SNARC arabic DC down 1 lctrl 0.457101374981
jakab SNARC arabic DC down 7 lctrl 0.441171766375
jakab SNARC arabic DC down 4 lctrl 0.415895396261
jakab SNARC arabic DC down 2 lctrl 0.422396561713
jakab SNARC arabic DC up 4 num_decimal 0.479342271225
jakab SNARC arabic DC down 8 lctrl 0.619733572821
jakab SNARC arabic DC up 9 num_decimal 0.555139307631
jakab SNARC arabic DC up 3 num_decimal 0.384715718334
jakab SNARC arabic DC up 3 num_decimal 0.396331173717
jakab SNARC arabic DC down 8 lctrl 0.51381957368
jakab SNARC arabic DC down 9 lctrl 0.367214488913
jakab SNARC arabic DC down 4 lctrl 0.352762417868
jakab SNARC arabic DC up 6 num_decimal 0.417798019946
jakab SNARC arabic DC up 3 num_decimal 0.373628840898
jakab SNARC arabic DC up 6 num_decimal 0.334371244768
jakab SNARC arabic DC down 8 lctrl 0.438653323916
jakab SNARC arabic DC down 3 lctrl 0.426666239044
jakab SNARC arabic DC down 5 lctrl 0.574505527387
jakab SNARC arabic DC down 2 lctrl 0.723207817413
jakab SNARC arabic DC up 4 num_decimal 0.584875660134
jakab SNARC arabic DC down 6 lctrl 0.681687942357
jakab SNARC arabic DC down 2 lctrl 0.439290525392
jakab SNARC arabic DC down 2 lctrl 0.448636431713
jakab SNARC arabic DC down 6 lctrl 0.473858917598
jakab SNARC arabic DC up 4 num_decimal 0.66534051788
jakab SNARC arabic DC down 9 lctrl 0.620308337151
jakab SNARC arabic DC up 1 num_decimal 0.471642397461
jakab SNARC arabic DC up 3 num_decimal 0.508588106954
jakab SNARC arabic DC down 1 lctrl 0.801376184099
jakab SNARC arabic DC up 6 num_decimal 0.519420959172
jakab SNARC arabic DC up 7 num_decimal 0.418554108706
jakab SNARC arabic DC down 7 lctrl 0.575989052188
jakab SNARC arabic DC down 1 lctrl 0.728172429372
jakab SNARC arabic DC up 6 num_decimal 0.507244852139
jakab SNARC arabic DC up 5 num_decimal 0.51879787026
jakab SNARC arabic DC down 1 lctrl 0.447065238259
jakab SNARC arabic DC down 1 lctrl 0.610078901751
jakab SNARC arabic DC down 7 lctrl 0.533088288736
jakab SNARC arabic DC up 4 num_decimal 0.459745119442
jakab SNARC arabic DC up 4 num_decimal 0.505488913157
jakab SNARC arabic DC up 2 num_decimal 0.428089892375
jakab SNARC arabic DC down 7 lctrl 0.480655162828
jakab SNARC arabic DC up 5 num_decimal 0.360960933962
jakab SNARC arabic DC down 6 lctrl 0.321195714991
jakab SNARC arabic DC down 6 lctrl 0.406053413753
jakab SNARC arabic DC up 7 num_decimal 0.446201808983
jakab SNARC arabic DC down 6 lctrl 0.477693672874
jakab SNARC arabic DC up 9 num_decimal 0.535636666929
jakab SNARC arabic DC down 2 lctrl 0.76680137706
jakab SNARC arabic DC up 9 num_decimal 0.333938033204
jakab SNARC arabic DC down 6 lctrl 0.49690465501
jakab SNARC arabic DC up 9 num_decimal 0.363568328088
jakab SNARC arabic DC down 2 lctrl 0.423547800863
jakab SNARC arabic DC down 7 lctrl 0.552493852563
jakab SNARC arabic DC down 3 lctrl 0.462251587654
jakab SNARC arabic DC up 3 num_decimal 0.530456946231
jakab SNARC arabic DC down 2 lctrl 0.615600744146
jakab SNARC arabic DC down 7 lctrl 0.604837171501
{'task': 'line', 'participant': 'jakab', 'dateStr': '06_01_1104', 'notation': 'empty', 'response_buttons': 'DC', 'range_in_instr': True, 'interactive_setting': False, 'autopilot': False, 'exp_id': 'SNARC'}
jakab SNARC empty DC down 0 lctrl 0.657381486963
jakab SNARC empty DC up 0 num_decimal 0.534375521122
jakab SNARC empty DC up 0 num_decimal 0.392672183341
jakab SNARC empty DC up 0 num_decimal 0.332455363823
jakab SNARC empty DC down 0 lctrl 0.514123206493
jakab SNARC empty DC down 0 lctrl 0.472668334492
jakab SNARC empty DC up 0 num_decimal 0.498567365925
jakab SNARC empty DC down 0 lctrl 0.517895096913
jakab SNARC empty DC up 0 num_decimal 0.458368507796
jakab SNARC empty DC down 0 lctrl 0.286487480509
jakab SNARC empty DC up 0 num_decimal 0.407400517492
jakab SNARC empty DC up 0 num_decimal 0.504727692576
jakab SNARC empty DC up 0 num_decimal 0.701903906651
jakab SNARC empty DC down 0 lctrl 0.621298351325
jakab SNARC empty DC down 0 lctrl 0.540702632163
jakab SNARC empty DC down 0 lctrl 0.47791690717
jakab SNARC empty DC down 0 lctrl 0.287439861451
jakab SNARC empty DC up 0 num_decimal 0.49215472443
jakab SNARC empty DC up 0 num_decimal 0.465201103361
jakab SNARC empty DC up 0 num_decimal 0.236047212733
jakab SNARC empty DC down 0 lctrl 0.54636559973
jakab SNARC empty DC up 0 num_decimal 0.579692090512
jakab SNARC empty DC down 0 lctrl 0.542931126663
jakab SNARC empty DC down 0 lctrl 0.58078687964
jakab SNARC empty DC down 0 lctrl 0.504385998705
jakab SNARC empty DC up 0 num_decimal 0.69370838406
jakab SNARC empty DC up 0 num_decimal 0.411093292292
jakab SNARC empty DC up 0 num_decimal 0.305694186012
jakab SNARC empty DC up 0 num_decimal 0.277335728286
jakab SNARC empty DC down 0 lctrl 0.396627964103
jakab SNARC empty DC down 0 lctrl 0.377230098238
jakab SNARC empty DC down 0 lctrl 0.331586375018
jakab SNARC empty DC down 0 lctrl 0.33271281037
jakab SNARC empty DC up 0 num_decimal 0.456487266696
jakab SNARC empty DC up 0 num_decimal 0.305889623007
jakab SNARC empty DC up 0 num_decimal 0.285538948374
jakab SNARC empty DC down 0 lctrl 0.356665169937
jakab SNARC empty DC up 0 num_decimal 0.332657215535
jakab SNARC empty DC up 0 num_decimal 0.34841020382
jakab SNARC empty DC up 0 num_decimal 0.361327859457
{'task': 'line', 'participant': 'jakab', 'dateStr': '06_01_1107', 'notation': 'dot', 'response_buttons': 'CD', 'range_in_instr': True, 'interactive_setting': False, 'autopilot': False, 'exp_id': 'SNARC'}
jakab SNARC dot CD down 35 num_decimal 1.71519190876
jakab SNARC dot CD down 40 num_decimal 0.365946500679
jakab SNARC dot CD down 35 num_decimal 0.378235935583
jakab SNARC dot CD down 35 num_decimal 0.343697051285
jakab SNARC dot CD up 45 lctrl 0.463252720889
jakab SNARC dot CD up 5 lctrl 0.325358479284
jakab SNARC dot CD down 15 num_decimal 0.367257681792
jakab SNARC dot CD down 45 num_decimal 0.395845361054
jakab SNARC dot CD down 10 num_decimal 0.291714242892
jakab SNARC dot CD down 5 num_decimal 0.323670536862
jakab SNARC dot CD up 10 lctrl 0.393392776954
jakab SNARC dot CD down 5 num_decimal 0.366666238988
jakab SNARC dot CD up 10 lctrl 0.438610131037
jakab SNARC dot CD up 30 lctrl 0.332919366192
jakab SNARC dot CD down 35 num_decimal 0.471653943998
jakab SNARC dot CD up 5 lctrl 0.291473474819
jakab SNARC dot CD up 10 lctrl 0.277419120306
jakab SNARC dot CD up 45 lctrl 0.360711612855
jakab SNARC dot CD down 45 num_decimal 0.428481194074
jakab SNARC dot CD down 45 num_decimal 0.353507387685
jakab SNARC dot CD down 25 num_decimal 0.29893129773
jakab SNARC dot CD up 10 lctrl 0.404566040146
jakab SNARC dot CD down 40 num_decimal 0.554990484728
jakab SNARC dot CD up 40 lctrl 0.285471807001
jakab SNARC dot CD down 25 num_decimal 0.287916693371
jakab SNARC dot CD up 40 lctrl 0.353825133061
jakab SNARC dot CD down 30 num_decimal 0.33032309101
jakab SNARC dot CD down 25 num_decimal 0.444775161915
jakab SNARC dot CD down 15 num_decimal 0.288781833369
jakab SNARC dot CD down 15 num_decimal 0.417269869824
jakab SNARC dot CD up 5 lctrl 0.777555541252
jakab SNARC dot CD up 45 lctrl 0.333255928243
jakab SNARC dot CD up 5 lctrl 0.292894990067
jakab SNARC dot CD up 25 lctrl 0.29753202037
jakab SNARC dot CD down 30 num_decimal 0.417523467448
jakab SNARC dot CD up 10 lctrl 0.443200974958
jakab SNARC dot CD down 10 num_decimal 0.683540103142
jakab SNARC dot CD down 20 num_decimal 0.555430538603
jakab SNARC dot CD down 15 num_decimal 0.289164581918
jakab SNARC dot CD up 30 lctrl 0.540825368371
jakab SNARC dot CD up 10 lctrl 0.478184189764
jakab SNARC dot CD up 10 lctrl 0.349672632408
jakab SNARC dot CD down 40 num_decimal 0.485379006481
jakab SNARC dot CD down 25 num_decimal 0.296831954154
jakab SNARC dot CD down 20 num_decimal 0.235868026619
jakab SNARC dot CD up 30 lctrl 0.462730130181
jakab SNARC dot CD down 30 num_decimal 0.313534757472
jakab SNARC dot CD up 15 lctrl 0.472859494854
jakab SNARC dot CD up 15 lctrl 0.367119550123
jakab SNARC dot CD up 15 lctrl 0.312860350241
jakab SNARC dot CD up 30 lctrl 0.28667094314
jakab SNARC dot CD up 20 lctrl 0.286626039655
jakab SNARC dot CD up 15 lctrl 0.248558171326
jakab SNARC dot CD up 5 lctrl 0.293329912121
jakab SNARC dot CD down 15 num_decimal 0.629363439977
jakab SNARC dot CD down 40 num_decimal 0.309238138027
jakab SNARC dot CD up 5 lctrl 0.412475035759
jakab SNARC dot CD down 40 num_decimal 0.394677015836
jakab SNARC dot CD up 20 lctrl 0.344291059882
jakab SNARC dot CD up 15 lctrl 0.438577201799
jakab SNARC dot CD down 40 num_decimal 0.480494365678
jakab SNARC dot CD down 5 num_decimal 0.348832296208
jakab SNARC dot CD up 45 lctrl 0.414915645611
jakab SNARC dot CD down 35 num_decimal 0.352017875877
jakab SNARC dot CD down 15 num_decimal 0.584734962671
jakab SNARC dot CD up 25 lctrl 0.461981311557
jakab SNARC dot CD down 25 num_decimal 0.370053670369
jakab SNARC dot CD down 15 num_decimal 0.360544828582
jakab SNARC dot CD down 30 num_decimal 0.310908974381
jakab SNARC dot CD down 30 num_decimal 0.367505719885
jakab SNARC dot CD down 35 num_decimal 0.31455727329
jakab SNARC dot CD up 40 lctrl 0.380010691355
jakab SNARC dot CD down 45 num_decimal 0.455427545006
jakab SNARC dot CD down 45 num_decimal 0.375506660668
jakab SNARC dot CD up 5 lctrl 0.410268351552
jakab SNARC dot CD down 10 num_decimal 0.515930891386
jakab SNARC dot CD down 20 num_decimal 0.607125537237
jakab SNARC dot CD down 20 num_decimal 0.461140120169
jakab SNARC dot CD up 20 lctrl 0.436818269314
jakab SNARC dot CD down 30 num_decimal 0.369046549895
jakab SNARC dot CD up 40 lctrl 0.426268522744
jakab SNARC dot CD up 25 lctrl 0.410849530599
jakab SNARC dot CD down 20 num_decimal 0.39802895207
jakab SNARC dot CD up 30 lctrl 0.337514914339
jakab SNARC dot CD down 10 num_decimal 0.370099429041
jakab SNARC dot CD up 10 lctrl 0.482268266031
jakab SNARC dot CD up 40 lctrl 0.346225329791
jakab SNARC dot CD up 40 lctrl 0.282859708765
jakab SNARC dot CD up 35 lctrl 0.29557508498
jakab SNARC dot CD up 5 lctrl 0.311110826093
jakab SNARC dot CD up 35 lctrl 0.300612825318
jakab SNARC dot CD down 30 num_decimal 0.429093164043
jakab SNARC dot CD up 25 lctrl 0.560762931127
jakab SNARC dot CD up 5 lctrl 0.373777236091
jakab SNARC dot CD up 10 lctrl 0.270937199239
jakab SNARC dot CD up 5 lctrl 0.306187696522
jakab SNARC dot CD up 40 lctrl 0.400493082707
jakab SNARC dot CD down 40 num_decimal 0.470185387181
jakab SNARC dot CD down 15 num_decimal 0.302872966044
jakab SNARC dot CD up 25 lctrl 0.497652618331
jakab SNARC dot CD down 45 num_decimal 0.31398806849
jakab SNARC dot CD down 35 num_decimal 0.365697607282
jakab SNARC dot CD up 25 lctrl 0.421568199876
jakab SNARC dot CD up 45 lctrl 0.393809309928
jakab SNARC dot CD down 20 num_decimal 0.404617786058
jakab SNARC dot CD up 40 lctrl 0.402150234208
jakab SNARC dot CD up 45 lctrl 0.416057904135
jakab SNARC dot CD down 5 num_decimal 0.441016101162
jakab SNARC dot CD up 30 lctrl 0.525018068263
jakab SNARC dot CD up 45 lctrl 0.370450531365
jakab SNARC dot CD up 15 lctrl 0.270728077507
jakab SNARC dot CD up 10 lctrl 0.341228644131
jakab SNARC dot CD up 45 lctrl 0.361593858921
jakab SNARC dot CD up 15 lctrl 0.387405649293
jakab SNARC dot CD up 35 lctrl 0.334793337155
jakab SNARC dot CD down 25 num_decimal 0.563389141811
jakab SNARC dot CD up 15 lctrl 0.570699852542
jakab SNARC dot CD up 35 lctrl 0.371239549248
jakab SNARC dot CD down 20 num_decimal 0.534739025403
jakab SNARC dot CD up 45 lctrl 0.443108174484
jakab SNARC dot CD up 20 lctrl 0.371747172088
jakab SNARC dot CD down 25 num_decimal 0.504518998438
jakab SNARC dot CD up 5 lctrl 0.435934312642
jakab SNARC dot CD up 30 lctrl 0.364335108199
jakab SNARC dot CD up 10 lctrl 0.336977355881
jakab SNARC dot CD up 45 lctrl 0.512096991413
jakab SNARC dot CD up 30 lctrl 0.364535249188
jakab SNARC dot CD up 10 lctrl 0.375145294704
jakab SNARC dot CD up 45 lctrl 0.328844698146
jakab SNARC dot CD down 15 num_decimal 0.47179250326
jakab SNARC dot CD up 35 num_decimal 0.794308379758
jakab SNARC dot CD up 45 lctrl 0.750179399969
jakab SNARC dot CD down 15 num_decimal 0.483802681323
jakab SNARC dot CD up 30 lctrl 0.447914127493
jakab SNARC dot CD down 35 num_decimal 0.584760194179
jakab SNARC dot CD down 15 num_decimal 0.36605726264
jakab SNARC dot CD up 10 lctrl 0.382646738086
jakab SNARC dot CD down 10 num_decimal 0.822261423687
jakab SNARC dot CD up 30 lctrl 0.457724036067
jakab SNARC dot CD up 40 lctrl 0.462484230404
jakab SNARC dot CD down 5 num_decimal 0.524719567155
jakab SNARC dot CD down 25 num_decimal 0.35610451817
jakab SNARC dot CD up 30 lctrl 0.437464451417
jakab SNARC dot CD down 45 num_decimal 0.909944619052
jakab SNARC dot CD up 10 lctrl 0.419104924425
jakab SNARC dot CD down 30 num_decimal 0.756966664572
jakab SNARC dot CD up 45 lctrl 0.418576346594
jakab SNARC dot CD down 10 num_decimal 0.290119956364
jakab SNARC dot CD down 25 num_decimal 0.369936065981
jakab SNARC dot CD down 5 num_decimal 0.386472085025
jakab SNARC dot CD up 30 lctrl 0.341994141228
jakab SNARC dot CD down 25 lctrl 0.365960613242
jakab SNARC dot CD up 5 lctrl 0.653114375542
jakab SNARC dot CD down 20 num_decimal 0.432990356465
jakab SNARC dot CD down 35 num_decimal 0.50007911562
jakab SNARC dot CD up 20 lctrl 0.576726324041
jakab SNARC dot CD up 5 lctrl 0.367500160355
jakab SNARC dot CD up 20 lctrl 0.321779459831
jakab SNARC dot CD up 40 lctrl 0.352982231067
jakab SNARC dot CD down 10 num_decimal 0.436128894333
jakab SNARC dot CD down 30 num_decimal 0.334201894468
jakab SNARC dot CD down 35 num_decimal 0.302840892109
jakab SNARC dot CD up 5 lctrl 0.465024910751
jakab SNARC dot CD up 40 lctrl 0.397410994978
jakab SNARC dot CD down 35 num_decimal 0.483259990928
jakab SNARC dot CD up 45 lctrl 0.949186392128
jakab SNARC dot CD up 15 lctrl 0.414830970578
jakab SNARC dot CD down 15 num_decimal 0.387641713256
jakab SNARC dot CD up 45 lctrl 0.470196078531
jakab SNARC dot CD down 30 num_decimal 0.61300575186
jakab SNARC dot CD down 45 num_decimal 0.564072529785
jakab SNARC dot CD up 40 lctrl 0.40996685694
jakab SNARC dot CD down 5 num_decimal 0.39239934145
jakab SNARC dot CD up 30 lctrl 0.653595483978
jakab SNARC dot CD up 30 lctrl 0.382566767163
jakab SNARC dot CD up 10 lctrl 0.278001154657
jakab SNARC dot CD up 10 lctrl 0.411184809753
jakab SNARC dot CD down 35 num_decimal 0.583605961525
jakab SNARC dot CD down 5 num_decimal 0.306341651129
jakab SNARC dot CD up 10 lctrl 0.709052109392
jakab SNARC dot CD up 5 lctrl 0.312492569559
jakab SNARC dot CD up 25 lctrl 0.388450830709
jakab SNARC dot CD up 10 lctrl 0.503745803726
jakab SNARC dot CD down 15 num_decimal 0.357488827663
jakab SNARC dot CD up 35 lctrl 0.582012957893
jakab SNARC dot CD down 10 num_decimal 0.67898903077
jakab SNARC dot CD down 40 num_decimal 0.373605747591
jakab SNARC dot CD up 30 lctrl 0.485043727327
jakab SNARC dot CD down 35 num_decimal 0.932677315199
jakab SNARC dot CD up 15 lctrl 0.457469583256
jakab SNARC dot CD up 40 lctrl 0.440872410079
jakab SNARC dot CD down 45 num_decimal 0.660361365997
jakab SNARC dot CD down 25 num_decimal 0.405275942525
jakab SNARC dot CD up 20 lctrl 0.472613167367
jakab SNARC dot CD up 20 lctrl 0.410023734672
jakab SNARC dot CD down 35 num_decimal 0.581665704376
jakab SNARC dot CD down 40 num_decimal 0.547510424047
jakab SNARC dot CD up 20 lctrl 0.515152137144
jakab SNARC dot CD down 35 num_decimal 0.831929351785
jakab SNARC dot CD down 45 num_decimal 0.392513096798
jakab SNARC dot CD down 15 num_decimal 0.313010028447
jakab SNARC dot CD up 20 lctrl 0.420515320613
jakab SNARC dot CD down 5 num_decimal 0.435657621827
jakab SNARC dot CD down 15 num_decimal 0.429343768046
jakab SNARC dot CD down 20 num_decimal 0.35584664403
jakab SNARC dot CD up 10 lctrl 0.483168473467
jakab SNARC dot CD up 40 lctrl 0.3672893279
jakab SNARC dot CD down 5 num_decimal 0.568246413139
jakab SNARC dot CD up 20 lctrl 0.488641563454
jakab SNARC dot CD down 40 num_decimal 0.390881604631
jakab SNARC dot CD up 10 lctrl 0.496266170521
jakab SNARC dot CD up 25 lctrl 0.371983236051
jakab SNARC dot CD up 20 lctrl 0.269887741306
jakab SNARC dot CD down 35 num_decimal 0.440296790446
jakab SNARC dot CD up 35 lctrl 0.40597900236
jakab SNARC dot CD down 10 num_decimal 0.428783971583
jakab SNARC dot CD down 35 num_decimal 0.372800906538
jakab SNARC dot CD down 20 num_decimal 0.296282421448
jakab SNARC dot CD up 10 lctrl 0.394166399376
jakab SNARC dot CD up 5 lctrl 0.362678384408
jakab SNARC dot CD down 10 num_decimal 0.383910877281
jakab SNARC dot CD down 45 num_decimal 0.330862360192
jakab SNARC dot CD up 45 lctrl 0.424628477311
jakab SNARC dot CD down 5 num_decimal 0.44734406739
jakab SNARC dot CD up 25 lctrl 0.302633908577
jakab SNARC dot CD up 5 lctrl 0.408979836153
jakab SNARC dot CD up 10 lctrl 0.260923300637
jakab SNARC dot CD down 20 num_decimal 0.412183804903
jakab SNARC dot CD up 10 lctrl 0.821879958035
jakab SNARC dot CD up 30 lctrl 0.389516967116
jakab SNARC dot CD down 25 num_decimal 0.402172044385
jakab SNARC dot CD up 5 lctrl 0.510346184252
jakab SNARC dot CD up 10 lctrl 0.405139949173
jakab SNARC dot CD up 15 lctrl 0.368667650269
jakab SNARC dot CD down 45 num_decimal 0.449563581147
jakab SNARC dot CD up 40 lctrl 0.424034896423
jakab SNARC dot CD up 30 lctrl 0.404494622257
jakab SNARC dot CD down 45 num_decimal 0.458192742663
jakab SNARC dot CD up 25 lctrl 0.479125879356
jakab SNARC dot CD down 40 num_decimal 0.399031795911
jakab SNARC dot CD down 5 num_decimal 0.406938225729
jakab SNARC dot CD down 45 num_decimal 0.367714414024
jakab SNARC dot CD down 35 num_decimal 0.337804007111
jakab SNARC dot CD up 25 lctrl 0.393327773898
jakab SNARC dot CD up 25 lctrl 0.472756003146
jakab SNARC dot CD up 25 lctrl 0.400717172422
jakab SNARC dot CD up 15 lctrl 0.316370517598
jakab SNARC dot CD down 20 num_decimal 0.424345799373
jakab SNARC dot CD up 15 lctrl 0.432135480223
jakab SNARC dot CD up 45 lctrl 0.397287831176
jakab SNARC dot CD up 5 lctrl 0.418744413764
jakab SNARC dot CD down 30 num_decimal 0.455912930076
jakab SNARC dot CD down 30 num_decimal 0.356695533148
jakab SNARC dot CD up 25 lctrl 0.405000106897
jakab SNARC dot CD down 20 num_decimal 0.521122158854
jakab SNARC dot CD down 20 num_decimal 0.299610836664
jakab SNARC dot CD down 30 num_decimal 0.36221566482
jakab SNARC dot CD down 45 num_decimal 0.296908931574
jakab SNARC dot CD up 30 lctrl 0.493003186071
jakab SNARC dot CD down 10 num_decimal 0.485998246586
jakab SNARC dot CD up 20 lctrl 0.291567558306
jakab SNARC dot CD down 40 num_decimal 0.374153569806
jakab SNARC dot CD up 25 lctrl 0.397298950003
jakab SNARC dot CD up 20 lctrl 0.4201163213
jakab SNARC dot CD up 5 lctrl 0.413986785454
jakab SNARC dot CD down 10 num_decimal 0.411970406538
jakab SNARC dot CD up 20 lctrl 0.368634721031
jakab SNARC dot CD up 40 lctrl 0.371800628607
jakab SNARC dot CD down 20 num_decimal 0.419071995188
jakab SNARC dot CD down 20 num_decimal 0.321658006636
jakab SNARC dot CD up 40 lctrl 0.408432441647
jakab SNARC dot CD down 30 num_decimal 0.369070070679
jakab SNARC dot CD down 20 num_decimal 0.634524344117
jakab SNARC dot CD down 5 num_decimal 0.361280817655
jakab SNARC dot CD down 15 num_decimal 0.31929180841
jakab SNARC dot CD down 35 num_decimal 0.318929159432
jakab SNARC dot CD up 20 lctrl 0.449733786634
jakab SNARC dot CD up 30 lctrl 0.420239485102
jakab SNARC dot CD down 15 num_decimal 0.575541728176
jakab SNARC dot CD up 10 lctrl 0.346070092171
jakab SNARC dot CD up 25 lctrl 0.409720101743
jakab SNARC dot CD down 5 num_decimal 0.43842752371
jakab SNARC dot CD down 40 num_decimal 0.633224282064
jakab SNARC dot CD up 35 lctrl 0.470301280846
jakab SNARC dot CD down 15 num_decimal 0.488595377072
jakab SNARC dot CD down 35 num_decimal 0.417680843384
jakab SNARC dot CD down 40 num_decimal 0.412422862253
jakab SNARC dot CD down 35 num_decimal 0.457985759247
jakab SNARC dot CD up 40 lctrl 0.562356790062
jakab SNARC dot CD down 45 num_decimal 0.699879402178
jakab SNARC dot CD up 25 lctrl 0.384990270948
jakab SNARC dot CD down 45 num_decimal 0.687453973922
jakab SNARC dot CD up 25 lctrl 0.350766566233
jakab SNARC dot CD up 40 lctrl 0.518437787425
jakab SNARC dot CD up 35 lctrl 0.36450531357
jakab SNARC dot CD down 20 num_decimal 0.639236641233
jakab SNARC dot CD down 25 num_decimal 0.422011247254
jakab SNARC dot CD up 45 lctrl 0.425937519991
jakab SNARC dot CD down 30 num_decimal 0.60850941902
jakab SNARC dot CD down 5 num_decimal 0.482063420815
jakab SNARC dot CD down 30 num_decimal 0.391126649105
jakab SNARC dot CD down 35 num_decimal 0.349676908925
jakab SNARC dot CD down 25 num_decimal 0.335616567289
jakab SNARC dot CD up 10 lctrl 0.401710607926
jakab SNARC dot CD down 30 num_decimal 0.428254538565
jakab SNARC dot CD down 25 num_decimal 0.429741484346
jakab SNARC dot CD up 35 lctrl 0.40677956678
jakab SNARC dot CD down 45 num_decimal 0.568399940035
jakab SNARC dot CD up 15 lctrl 0.519266576855
jakab SNARC dot CD up 15 lctrl 0.332447238383
jakab SNARC dot CD down 25 num_decimal 0.41203241609
jakab SNARC dot CD down 20 num_decimal 0.392371971626
jakab SNARC dot CD up 30 lctrl 0.456028396147
jakab SNARC dot CD down 15 num_decimal 0.358804285061
jakab SNARC dot CD down 25 num_decimal 0.383106463938
jakab SNARC dot CD down 30 num_decimal 0.292699553072
jakab SNARC dot CD up 35 lctrl 0.41144696041
jakab SNARC dot CD down 5 num_decimal 0.392274039448
jakab SNARC dot CD down 15 num_decimal 0.415183783392
jakab SNARC dot CD down 25 num_decimal 0.441959501361
jakab SNARC dot CD down 35 num_decimal 0.346151345992
jakab SNARC dot CD up 40 lctrl 0.530570273986
jakab SNARC dot CD down 40 num_decimal 0.554305386264
jakab SNARC dot CD up 35 lctrl 0.359550537774
jakab SNARC dot CD up 45 lctrl 0.380726580741
jakab SNARC dot CD down 45 num_decimal 0.675114931422
jakab SNARC dot CD up 45 lctrl 0.364906878793
jakab SNARC dot CD up 20 lctrl 0.32003934402
jakab SNARC dot CD down 30 num_decimal 0.346514422563
jakab SNARC dot CD up 25 lctrl 0.316953407368
jakab SNARC dot CD up 35 lctrl 0.321408257936
jakab SNARC dot CD up 10 lctrl 0.307956892648
jakab SNARC dot CD down 5 num_decimal 0.428884897497
jakab SNARC dot CD up 20 lctrl 0.506896315725
jakab SNARC dot CD up 40 lctrl 0.439874270349
jakab SNARC dot CD up 15 lctrl 0.340104774805
jakab SNARC dot CD up 15 lctrl 0.314244659618
jakab SNARC dot CD down 15 num_decimal 0.408936215797
jakab SNARC dot CD down 20 num_decimal 0.31628071086
jakab SNARC dot CD up 40 lctrl 0.427440289059
jakab SNARC dot CD down 45 num_decimal 0.322995274444
jakab SNARC dot CD up 35 lctrl 0.317436654004
jakab SNARC dot CD down 40 num_decimal 0.349595227395
jakab SNARC dot CD down 25 num_decimal 0.455225265701
jakab SNARC dot CD down 20 num_decimal 0.496727607097
jakab SNARC dot CD up 5 num_decimal 0.740313041257
jakab SNARC dot CD down 15 num_decimal 0.411239549285
jakab SNARC dot CD up 35 lctrl 0.392316376907
jakab SNARC dot CD down 35 num_decimal 0.658236790914
jakab SNARC dot CD up 20 lctrl 0.471602625796
jakab SNARC dot CD up 5 lctrl 0.473945730948
jakab SNARC dot CD down 10 num_decimal 0.504528834485
jakab SNARC dot CD up 5 lctrl 0.531230140827
jakab SNARC dot CD down 35 num_decimal 0.416820835206
jakab SNARC dot CD up 25 lctrl 0.494673167006
jakab SNARC dot CD down 30 num_decimal 0.374766822788
jakab SNARC dot CD up 40 lctrl 0.345199820353
jakab SNARC dot CD down 15 num_decimal 0.330601064838
jakab SNARC dot CD down 25 num_decimal 0.474787350046
jakab SNARC dot CD up 40 lctrl 1.12109649961
{'task': 'line', 'participant': 'jakab', 'dateStr': '06_01_1115', 'notation': 'arabic', 'response_buttons': 'CD', 'range_in_instr': True, 'interactive_setting': False, 'autopilot': False, 'exp_id': 'SNARC'}
jakab SNARC arabic CD up 8 lctrl 4.13146577717
jakab SNARC arabic CD down 3 num_decimal 0.478263305384
jakab SNARC arabic CD up 4 lctrl 0.822837470914
jakab SNARC arabic CD up 7 lctrl 0.492179956054
jakab SNARC arabic CD up 5 lctrl 0.383945517126
jakab SNARC arabic CD down 8 num_decimal 0.421450167778
jakab SNARC arabic CD up 9 lctrl 0.313388072769
jakab SNARC arabic CD up 1 lctrl 0.398974062875
jakab SNARC arabic CD up 6 lctrl 0.383620074019
jakab SNARC arabic CD up 7 lctrl 0.371263925452
jakab SNARC arabic CD up 8 lctrl 0.423121004133
jakab SNARC arabic CD down 9 num_decimal 0.707118694787
jakab SNARC arabic CD down 5 num_decimal 0.449196655769
jakab SNARC arabic CD up 5 lctrl 0.650308123324
jakab SNARC arabic CD down 7 num_decimal 0.50368507707
jakab SNARC arabic CD up 7 lctrl 0.366363889072
jakab SNARC arabic CD up 6 lctrl 0.393889708561
jakab SNARC arabic CD down 1 num_decimal 0.969277481898
jakab SNARC arabic CD down 1 num_decimal 0.380333996145
jakab SNARC arabic CD up 3 lctrl 0.458738426678
jakab SNARC arabic CD up 3 lctrl 0.463745803572
jakab SNARC arabic CD up 8 lctrl 2.22323262121
jakab SNARC arabic CD up 7 lctrl 0.5537939145
jakab SNARC arabic CD up 6 lctrl 0.507793957251
jakab SNARC arabic CD down 3 num_decimal 0.525637736078
jakab SNARC arabic CD up 6 lctrl 0.611566703068
jakab SNARC arabic CD down 7 num_decimal 0.432490003644
jakab SNARC arabic CD up 6 lctrl 0.344014369068
jakab SNARC arabic CD up 1 lctrl 0.426344217034
jakab SNARC arabic CD up 6 lctrl 0.364067825605
jakab SNARC arabic CD up 1 lctrl 0.326580708614
jakab SNARC arabic CD up 3 lctrl 0.447758462164
jakab SNARC arabic CD down 8 num_decimal 0.471730066114
jakab SNARC arabic CD up 3 lctrl 0.619689524756
jakab SNARC arabic CD up 3 lctrl 0.378537002602
jakab SNARC arabic CD down 7 num_decimal 0.536891825381
jakab SNARC arabic CD down 7 num_decimal 0.440424230765
jakab SNARC arabic CD up 9 lctrl 0.416486411355
jakab SNARC arabic CD up 4 lctrl 0.39075844083
jakab SNARC arabic CD down 5 lctrl 0.332829131628
jakab SNARC arabic CD up 1 lctrl 0.513684435515
jakab SNARC arabic CD down 4 num_decimal 0.509598220931
jakab SNARC arabic CD down 8 num_decimal 0.451568841236
jakab SNARC arabic CD up 6 lctrl 0.568949045264
jakab SNARC arabic CD up 9 lctrl 0.644608805422
jakab SNARC arabic CD up 8 lctrl 0.58281779883
jakab SNARC arabic CD up 2 lctrl 0.411234417465
jakab SNARC arabic CD up 7 lctrl 0.432034554309
jakab SNARC arabic CD up 4 lctrl 0.390409904416
jakab SNARC arabic CD up 6 lctrl 0.420523446053
jakab SNARC arabic CD down 8 num_decimal 0.432125216466
jakab SNARC arabic CD up 3 lctrl 0.447182842647
jakab SNARC arabic CD down 4 num_decimal 0.410963713774
jakab SNARC arabic CD down 2 num_decimal 0.471458934713
jakab SNARC arabic CD up 3 lctrl 0.479164795717
jakab SNARC arabic CD up 4 lctrl 0.418083691504
jakab SNARC arabic CD down 9 num_decimal 0.459536852897
jakab SNARC arabic CD up 4 lctrl 0.361877392163
jakab SNARC arabic CD up 3 lctrl 0.360106485314
jakab SNARC arabic CD up 2 lctrl 0.383044454386
jakab SNARC arabic CD up 4 lctrl 0.346104304306
jakab SNARC arabic CD down 8 num_decimal 0.40849701711
jakab SNARC arabic CD up 1 lctrl 0.450858938973
jakab SNARC arabic CD down 6 num_decimal 0.298018260743
jakab SNARC arabic CD up 7 lctrl 0.354800607194
jakab SNARC arabic CD up 5 lctrl 0.388706994243
jakab SNARC arabic CD down 1 num_decimal 0.412321081036
jakab SNARC arabic CD down 7 num_decimal 0.544902602211
jakab SNARC arabic CD up 3 lctrl 0.453366690199
jakab SNARC arabic CD down 4 num_decimal 0.349041418056
jakab SNARC arabic CD down 8 num_decimal 0.435182500514
jakab SNARC arabic CD down 6 num_decimal 0.468978553312
jakab SNARC arabic CD down 3 num_decimal 0.365332820104
jakab SNARC arabic CD down 8 num_decimal 0.340577757801
jakab SNARC arabic CD down 9 num_decimal 0.356275578961
jakab SNARC arabic CD down 7 num_decimal 0.454975089291
jakab SNARC arabic CD up 6 lctrl 0.568875489174
jakab SNARC arabic CD down 1 num_decimal 0.562690786202
jakab SNARC arabic CD down 6 num_decimal 1.13936322613
jakab SNARC arabic CD up 9 lctrl 0.469167147763
jakab SNARC arabic CD down 4 num_decimal 0.420365642407
jakab SNARC arabic CD down 8 num_decimal 0.473503966467
jakab SNARC arabic CD down 3 num_decimal 0.430698569515
jakab SNARC arabic CD up 1 lctrl 0.457895096974
jakab SNARC arabic CD up 9 lctrl 0.487069514813
jakab SNARC arabic CD down 7 num_decimal 0.500425513717
jakab SNARC arabic CD up 2 lctrl 0.731463211239
jakab SNARC arabic CD up 2 lctrl 0.478796587326
jakab SNARC arabic CD down 1 num_decimal 0.513298693462
jakab SNARC arabic CD down 4 num_decimal 0.481977462652
jakab SNARC arabic CD down 3 num_decimal 0.388872923213
jakab SNARC arabic CD up 4 lctrl 0.471190369339
jakab SNARC arabic CD down 5 num_decimal 0.443187717814
jakab SNARC arabic CD up 4 lctrl 0.419472277397
jakab SNARC arabic CD up 9 lctrl 0.623465691577
jakab SNARC arabic CD down 5 num_decimal 0.845684350003
jakab SNARC arabic CD down 4 num_decimal 0.446817200165
jakab SNARC arabic CD up 9 lctrl 0.599414116819
jakab SNARC arabic CD down 5 num_decimal 1.10488592379
jakab SNARC arabic CD down 1 num_decimal 0.773807599442
jakab SNARC arabic CD down 7 lctrl 0.599709624308
jakab SNARC arabic CD down 2 num_decimal 0.576430388959
jakab SNARC arabic CD down 9 num_decimal 0.347752902657
jakab SNARC arabic CD down 2 num_decimal 0.348473923863
jakab SNARC arabic CD up 5 lctrl 0.558324031881
jakab SNARC arabic CD up 8 lctrl 0.306558042997
jakab SNARC arabic CD down 6 num_decimal 0.53973998758
jakab SNARC arabic CD down 8 num_decimal 0.369862082181
jakab SNARC arabic CD up 2 lctrl 0.632513524499
jakab SNARC arabic CD down 8 num_decimal 0.572635832941
jakab SNARC arabic CD up 4 lctrl 0.486201808904
jakab SNARC arabic CD down 4 num_decimal 0.590026728227
jakab SNARC arabic CD down 7 num_decimal 0.607648555655
jakab SNARC arabic CD up 1 lctrl 0.477035516407
jakab SNARC arabic CD down 9 num_decimal 0.840830072528
jakab SNARC arabic CD up 3 lctrl 0.455551136401
jakab SNARC arabic CD up 1 lctrl 0.394301537424
jakab SNARC arabic CD up 8 lctrl 0.479478264577
jakab SNARC arabic CD down 5 num_decimal 0.572719652788
jakab SNARC arabic CD down 9 num_decimal 0.381421515136
jakab SNARC arabic CD up 2 lctrl 0.456873864052
jakab SNARC arabic CD up 8 lctrl 0.417778775678
jakab SNARC arabic CD up 9 lctrl 0.349818034098
jakab SNARC arabic CD up 8 lctrl 4.12898240215
jakab SNARC arabic CD up 3 lctrl 0.435016571544
jakab SNARC arabic CD up 5 lctrl 0.317039793008
jakab SNARC arabic CD up 8 lctrl 0.365755768027
jakab SNARC arabic CD down 8 num_decimal 0.494783073547
jakab SNARC arabic CD down 1 num_decimal 0.425548784435
jakab SNARC arabic CD up 5 lctrl 0.456385913072
jakab SNARC arabic CD down 4 lctrl 0.387556182686
jakab SNARC arabic CD down 5 num_decimal 0.542615519487
jakab SNARC arabic CD up 8 lctrl 0.495333461673
jakab SNARC arabic CD up 8 lctrl 0.981166206882
jakab SNARC arabic CD up 8 lctrl 0.416137875058
jakab SNARC arabic CD down 6 num_decimal 0.643206962151
jakab SNARC arabic CD down 9 num_decimal 0.423818076844
jakab SNARC arabic CD down 1 num_decimal 0.448959736503
jakab SNARC arabic CD up 8 lctrl 0.565512861707
jakab SNARC arabic CD down 9 num_decimal 0.561384737142
jakab SNARC arabic CD down 6 num_decimal 0.402218230767
jakab SNARC arabic CD up 8 lctrl 0.545929394662
jakab SNARC arabic CD down 9 num_decimal 1.1824183719
jakab SNARC arabic CD down 2 num_decimal 0.484400966554
jakab SNARC arabic CD down 4 num_decimal 1.22742147243
jakab SNARC arabic CD up 8 lctrl 0.532168837031
jakab SNARC arabic CD down 6 num_decimal 0.409159022383
jakab SNARC arabic CD down 3 num_decimal 0.660526867257
jakab SNARC arabic CD down 2 num_decimal 0.452646524296
jakab SNARC arabic CD up 2 lctrl 0.73213163123
jakab SNARC arabic CD down 2 num_decimal 0.947215771885
jakab SNARC arabic CD up 5 lctrl 0.590040840791
jakab SNARC arabic CD down 5 num_decimal 0.454502961482
jakab SNARC arabic CD up 9 lctrl 0.401099493261
jakab SNARC arabic CD up 6 lctrl 0.777368657407
jakab SNARC arabic CD up 8 lctrl 0.349615754676
jakab SNARC arabic CD up 6 lctrl 0.367276926059
jakab SNARC arabic CD up 2 lctrl 0.390674193273
jakab SNARC arabic CD up 5 lctrl 0.396384630119
jakab SNARC arabic CD down 3 num_decimal 0.586163747939
jakab SNARC arabic CD down 5 num_decimal 0.461512177368
jakab SNARC arabic CD down 9 num_decimal 0.386203947244
jakab SNARC arabic CD down 9 num_decimal 0.336350845639
jakab SNARC arabic CD up 8 num_decimal 0.379608698422
jakab SNARC arabic CD down 1 num_decimal 0.380189022166
jakab SNARC arabic CD down 7 num_decimal 0.445934526506
jakab SNARC arabic CD down 7 num_decimal 0.386863386608
jakab SNARC arabic CD down 4 num_decimal 0.521369341528
jakab SNARC arabic CD down 9 num_decimal 0.406480210484
jakab SNARC arabic CD down 5 num_decimal 0.369322813
jakab SNARC arabic CD up 7 lctrl 0.468978980905
jakab SNARC arabic CD down 5 num_decimal 0.624080655165
jakab SNARC arabic CD down 5 num_decimal 0.369725233642
jakab SNARC arabic CD up 3 lctrl 0.428161737975
jakab SNARC arabic CD up 2 lctrl 1.05357880564
jakab SNARC arabic CD down 1 num_decimal 0.755976222572
jakab SNARC arabic CD up 4 lctrl 0.857706502546
jakab SNARC arabic CD down 6 num_decimal 0.898534436594
jakab SNARC arabic CD up 1 lctrl 1.82932794502
jakab SNARC arabic CD down 9 num_decimal 0.538908632123
jakab SNARC arabic CD up 8 lctrl 2.61881540401
jakab SNARC arabic CD down 3 num_decimal 0.481679816963
jakab SNARC arabic CD down 5 num_decimal 0.744857698795
jakab SNARC arabic CD up 7 lctrl 1.14546667517
jakab SNARC arabic CD down 6 num_decimal 1.2670092159
jakab SNARC arabic CD down 1 num_decimal 0.509819317143
jakab SNARC arabic CD up 1 lctrl 0.445991831832
jakab SNARC arabic CD down 8 num_decimal 0.597926743212
jakab SNARC arabic CD down 3 num_decimal 0.451708255801
jakab SNARC arabic CD down 5 num_decimal 0.42485299462
jakab SNARC arabic CD down 6 num_decimal 0.376107939286
jakab SNARC arabic CD up 7 num_decimal 0.442059571855
jakab SNARC arabic CD up 1 lctrl 0.553323069704
jakab SNARC arabic CD up 5 lctrl 0.47211195936
jakab SNARC arabic CD up 8 lctrl 0.422122009099
jakab SNARC arabic CD up 2 lctrl 0.474779652315
jakab SNARC arabic CD up 8 lctrl 0.6201240191
jakab SNARC arabic CD up 5 lctrl 0.385142515064
jakab SNARC arabic CD down 4 num_decimal 0.548111275071
jakab SNARC arabic CD up 4 lctrl 0.72044176457
jakab SNARC arabic CD down 1 num_decimal 0.634499540203
jakab SNARC arabic CD up 6 lctrl 0.549107704195
jakab SNARC arabic CD down 4 num_decimal 0.573610879481
jakab SNARC arabic CD up 7 lctrl 0.759724164498
jakab SNARC arabic CD up 7 lctrl 0.736367951729
jakab SNARC arabic CD up 2 lctrl 0.55479162652
jakab SNARC arabic CD up 9 lctrl 0.85919473134
jakab SNARC arabic CD down 7 num_decimal 0.602309320704
jakab SNARC arabic CD down 7 num_decimal 0.555827399599
jakab SNARC arabic CD up 3 lctrl 0.522932837252
jakab SNARC arabic CD down 4 num_decimal 0.879697650089
jakab SNARC arabic CD down 9 num_decimal 0.399303354905
jakab SNARC arabic CD up 7 lctrl 0.474439241341
jakab SNARC arabic CD down 7 num_decimal 0.382779737934
jakab SNARC arabic CD down 3 num_decimal 0.436484273057
jakab SNARC arabic CD down 6 num_decimal 0.441841469496
jakab SNARC arabic CD down 8 num_decimal 0.342879808391
jakab SNARC arabic CD down 9 num_decimal 0.685711719794
jakab SNARC arabic CD down 1 num_decimal 0.498852609773
jakab SNARC arabic CD up 2 lctrl 0.442145530018
jakab SNARC arabic CD down 4 num_decimal 0.704661406577
jakab SNARC arabic CD up 7 lctrl 0.446169735049
jakab SNARC arabic CD up 9 lctrl 0.649026450235
jakab SNARC arabic CD down 7 num_decimal 0.449747043895
jakab SNARC arabic CD down 4 num_decimal 1.20764941094
jakab SNARC arabic CD down 3 num_decimal 0.460647037369
jakab SNARC arabic CD up 2 lctrl 0.463085081312
jakab SNARC arabic CD down 9 num_decimal 0.542536831461
jakab SNARC arabic CD down 2 num_decimal 0.457765518455
jakab SNARC arabic CD down 5 num_decimal 0.621870122035
jakab SNARC arabic CD up 2 lctrl 0.403919858043
jakab SNARC arabic CD up 4 lctrl 0.433800329221
jakab SNARC arabic CD up 6 lctrl 0.38364316721
jakab SNARC arabic CD down 2 num_decimal 0.544211089029
jakab SNARC arabic CD up 6 lctrl 0.542923856527
jakab SNARC arabic CD down 5 num_decimal 0.586668377277
jakab SNARC arabic CD down 8 num_decimal 0.572877028608
jakab SNARC arabic CD down 9 num_decimal 0.485149785061
jakab SNARC arabic CD down 1 num_decimal 1.37560758658
jakab SNARC arabic CD down 4 num_decimal 0.579502640758
jakab SNARC arabic CD down 1 num_decimal 0.454157418688
jakab SNARC arabic CD down 2 num_decimal 0.362889216864
jakab SNARC arabic CD down 1 num_decimal 0.412035409594
jakab SNARC arabic CD up 8 lctrl 0.455006735516
jakab SNARC arabic CD up 6 lctrl 0.360625227215
jakab SNARC arabic CD down 8 num_decimal 0.591651805793
jakab SNARC arabic CD down 5 num_decimal 0.549148331163
jakab SNARC arabic CD down 2 num_decimal 0.404321423266
jakab SNARC arabic CD up 5 lctrl 0.476443218533
jakab SNARC arabic CD up 6 lctrl 0.436491970788
jakab SNARC arabic CD down 7 num_decimal 0.434424273553
jakab SNARC arabic CD up 9 lctrl 0.428971283138
jakab SNARC arabic CD down 2 num_decimal 0.624160198378
jakab SNARC arabic CD up 9 lctrl 0.4158543417
jakab SNARC arabic CD down 4 num_decimal 0.704955203459
jakab SNARC arabic CD up 6 lctrl 0.390903842403
jakab SNARC arabic CD down 5 num_decimal 0.663684221799
jakab SNARC arabic CD up 3 lctrl 0.442722004838
jakab SNARC arabic CD down 6 num_decimal 0.409785104799
jakab SNARC arabic CD down 4 num_decimal 0.57145380287
jakab SNARC arabic CD up 3 lctrl 0.694309662795
jakab SNARC arabic CD down 2 num_decimal 0.561972331023
jakab SNARC arabic CD up 3 lctrl 0.635503239464
jakab SNARC arabic CD down 4 num_decimal 0.593269185629
jakab SNARC arabic CD up 1 lctrl 0.515896679251
jakab SNARC arabic CD down 9 num_decimal 0.487688754918
jakab SNARC arabic CD up 6 lctrl 0.643679517671
jakab SNARC arabic CD up 5 lctrl 0.583274103585
jakab SNARC arabic CD up 7 lctrl 0.911510252976
jakab SNARC arabic CD up 2 lctrl 0.498498086235
jakab SNARC arabic CD up 9 lctrl 0.327577993041
jakab SNARC arabic CD down 3 num_decimal 0.443267261027
jakab SNARC arabic CD down 2 num_decimal 0.561278679408
jakab SNARC arabic CD up 1 lctrl 1.14616503089
jakab SNARC arabic CD up 4 lctrl 1.35277439211
jakab SNARC arabic CD down 9 num_decimal 0.419091667165
jakab SNARC arabic CD down 3 num_decimal 1.36386041436
jakab SNARC arabic CD up 2 lctrl 0.54815917206
jakab SNARC arabic CD down 6 num_decimal 0.463812945061
jakab SNARC arabic CD up 2 lctrl 0.582554365275
jakab SNARC arabic CD down 9 num_decimal 0.608074069256
jakab SNARC arabic CD up 8 lctrl 0.341814099695
jakab SNARC arabic CD down 5 num_decimal 0.329838988953
jakab SNARC arabic CD up 1 lctrl 0.396740864264
jakab SNARC arabic CD up 3 lctrl 0.633852075203
jakab SNARC arabic CD down 1 num_decimal 0.466411358444
jakab SNARC arabic CD down 5 num_decimal 0.494538028957
jakab SNARC arabic CD down 6 num_decimal 0.446311715525
jakab SNARC arabic CD down 5 num_decimal 0.401691363542
jakab SNARC arabic CD down 2 num_decimal 0.381406547385
jakab SNARC arabic CD down 5 num_decimal 0.537087690085
jakab SNARC arabic CD down 1 num_decimal 0.448027882841
jakab SNARC arabic CD down 7 num_decimal 0.435127333389
jakab SNARC arabic CD up 5 lctrl 0.567170440685
jakab SNARC arabic CD down 7 num_decimal 0.51880556799
jakab SNARC arabic CD down 4 num_decimal 1.2540996857
jakab SNARC arabic CD up 7 lctrl 0.582056150655
jakab SNARC arabic CD down 2 num_decimal 0.539015972754
jakab SNARC arabic CD up 8 lctrl 0.490747321863
jakab SNARC arabic CD up 5 lctrl 0.461977890343
jakab SNARC arabic CD down 3 num_decimal 0.52715333458
jakab SNARC arabic CD up 5 lctrl 0.395887698629
jakab SNARC arabic CD up 1 lctrl 0.497854470043
jakab SNARC arabic CD down 1 num_decimal 0.44047640427
jakab SNARC arabic CD up 9 lctrl 0.590243975515
jakab SNARC arabic CD down 7 num_decimal 0.467695597326
jakab SNARC arabic CD down 7 num_decimal 0.538699937984
jakab SNARC arabic CD up 4 lctrl 0.448537643999
jakab SNARC arabic CD up 7 lctrl 0.495175658027
jakab SNARC arabic CD up 2 lctrl 0.485467958148
jakab SNARC arabic CD up 4 lctrl 0.392870186246
jakab SNARC arabic CD down 3 num_decimal 0.416813992779
jakab SNARC arabic CD down 3 num_decimal 0.528580836952
jakab SNARC arabic CD up 6 lctrl 0.523334402475
jakab SNARC arabic CD down 3 num_decimal 0.447311565862
jakab SNARC arabic CD down 8 num_decimal 0.474513652851
jakab SNARC arabic CD down 7 num_decimal 0.374218572979
jakab SNARC arabic CD up 3 lctrl 0.505433318438
jakab SNARC arabic CD up 2 lctrl 0.508013770333
jakab SNARC arabic CD down 1 num_decimal 0.451925930684
jakab SNARC arabic CD up 6 lctrl 0.361558791483
jakab SNARC arabic CD up 4 lctrl 0.401965916157
jakab SNARC arabic CD down 1 num_decimal 0.602085230988
jakab SNARC arabic CD up 6 lctrl 0.353365407209
jakab SNARC arabic CD up 4 lctrl 0.438108067727
jakab SNARC arabic CD down 9 num_decimal 0.507666517049
jakab SNARC arabic CD up 7 lctrl 0.446613210253
jakab SNARC arabic CD down 9 num_decimal 0.334929758101
jakab SNARC arabic CD down 4 num_decimal 0.640046186396
jakab SNARC arabic CD down 2 num_decimal 0.482463275315
jakab SNARC arabic CD down 6 num_decimal 0.433205037727
jakab SNARC arabic CD up 3 lctrl 0.480150961084
jakab SNARC arabic CD down 9 num_decimal 0.345393119147
jakab SNARC arabic CD down 6 num_decimal 0.902494493872
jakab SNARC arabic CD down 4 num_decimal 0.419801997137
jakab SNARC arabic CD down 6 num_decimal 0.527378707193
jakab SNARC arabic CD down 3 num_decimal 0.396249919781
jakab SNARC arabic CD down 3 num_decimal 0.442174610333
jakab SNARC arabic CD up 7 lctrl 0.437347274739
jakab SNARC arabic CD down 2 num_decimal 0.422145957709
jakab SNARC arabic CD down 6 num_decimal 0.495435670367
jakab SNARC arabic CD up 1 lctrl 0.453429982648
jakab SNARC arabic CD up 3 lctrl 0.474349006778
jakab SNARC arabic CD up 3 lctrl 0.393957705237
jakab SNARC arabic CD down 5 num_decimal 0.426479355083
jakab SNARC arabic CD up 6 lctrl 0.707873928244
jakab SNARC arabic CD down 9 num_decimal 0.590447110124
jakab SNARC arabic CD down 2 num_decimal 0.627004084061
jakab SNARC arabic CD down 8 lctrl 0.465420488734
jakab SNARC arabic CD down 9 num_decimal 0.686819766066
jakab SNARC arabic CD down 1 num_decimal 0.561561785056
jakab SNARC arabic CD down 5 num_decimal 0.406102593755
jakab SNARC arabic CD down 2 num_decimal 0.436017277068
jakab SNARC arabic CD down 1 num_decimal 0.43942266982
jakab SNARC arabic CD up 2 lctrl 0.519343554275
jakab SNARC arabic CD down 4 num_decimal 0.510899565881
jakab SNARC arabic CD down 5 num_decimal 0.532319370424
jakab SNARC arabic CD up 2 lctrl 0.59476126323
jakab SNARC arabic CD up 1 lctrl 0.466133812326
jakab SNARC arabic CD up 7 lctrl 0.592629418126
{'task': 'line', 'participant': 'jakab', 'dateStr': '06_01_1123', 'notation': 'empty', 'response_buttons': 'CD', 'range_in_instr': True, 'interactive_setting': False, 'autopilot': False, 'exp_id': 'SNARC'}
jakab SNARC empty CD down 0 num_decimal 0.629494301509
jakab SNARC empty CD down 0 num_decimal 0.313193918788
jakab SNARC empty CD up 0 lctrl 0.427551478613
jakab SNARC empty CD up 0 lctrl 0.31047447992
jakab SNARC empty CD up 0 lctrl 0.310875617433
jakab SNARC empty CD down 0 num_decimal 0.347401372739
jakab SNARC empty CD up 0 lctrl 0.323383582407
jakab SNARC empty CD up 0 lctrl 0.433039536467
jakab SNARC empty CD down 0 num_decimal 0.338188038557
jakab SNARC empty CD down 0 num_decimal 0.431971261743
jakab SNARC empty CD up 0 lctrl 0.3396591614
jakab SNARC empty CD down 0 num_decimal 0.282360211248
jakab SNARC empty CD up 0 lctrl 0.306089336518
jakab SNARC empty CD down 0 num_decimal 0.326286056428
jakab SNARC empty CD down 0 num_decimal 0.407793529565
jakab SNARC empty CD up 0 lctrl 0.332792781177
jakab SNARC empty CD down 0 num_decimal 0.248358457815
jakab SNARC empty CD down 0 num_decimal 0.341749096639
jakab SNARC empty CD up 0 lctrl 0.446071375045
jakab SNARC empty CD up 0 lctrl 0.423026065459
jakab SNARC empty CD down 0 num_decimal 0.47047533514
jakab SNARC empty CD up 0 lctrl 0.465039450908
jakab SNARC empty CD up 0 lctrl 0.382871255395
jakab SNARC empty CD down 0 num_decimal 0.374671028811
jakab SNARC empty CD up 0 lctrl 0.84914490988
jakab SNARC empty CD up 0 lctrl 0.349732931354
jakab SNARC empty CD down 0 num_decimal 0.39296042081
jakab SNARC empty CD up 0 lctrl 0.336484273081
jakab SNARC empty CD up 0 lctrl 0.398614835227
jakab SNARC empty CD down 0 num_decimal 0.375758975279
jakab SNARC empty CD down 0 num_decimal 0.470076335827
jakab SNARC empty CD up 0 lctrl 0.42396775505
jakab SNARC empty CD up 0 lctrl 0.494532041834
jakab SNARC empty CD down 0 num_decimal 0.54162379459
jakab SNARC empty CD up 0 lctrl 0.360727008316
jakab SNARC empty CD up 0 lctrl 0.37562383723
jakab SNARC empty CD down 0 num_decimal 0.481503624353
jakab SNARC empty CD up 0 lctrl 0.459125451744
jakab SNARC empty CD up 0 lctrl 0.611142899841
jakab SNARC empty CD up 0 lctrl 0.316096392693
