{'task': 'line', 'participant': 'noel', 'dateStr': '05_31_1722', 'notation': 'dot', 'response_buttons': 'CD', 'range_in_instr': True, 'interactive_setting': False, 'autopilot': False, 'exp_id': 'SNARC'}
noel SNARC dot CD down 45 num_decimal 0.878842773731
noel SNARC dot CD up 40 lctrl 0.545200248016
noel SNARC dot CD up 40 lctrl 0.470634421683
noel SNARC dot CD down 40 num_decimal 0.501767485635
noel SNARC dot CD down 20 num_decimal 0.418392456137
noel SNARC dot CD down 45 num_decimal 0.365547929076
noel SNARC dot CD up 25 lctrl 0.303216370521
noel SNARC dot CD up 20 lctrl 0.357423396781
noel SNARC dot CD up 20 lctrl 0.3265772874
noel SNARC dot CD down 15 num_decimal 0.350627579261
noel SNARC dot CD up 5 lctrl 0.285583851859
noel SNARC dot CD up 45 lctrl 0.561535698245
noel SNARC dot CD up 15 lctrl 0.359002287965
noel SNARC dot CD up 15 lctrl 0.318262450048
noel SNARC dot CD up 45 lctrl 0.320972908172
noel SNARC dot CD up 35 lctrl 0.340268137748
noel SNARC dot CD down 20 num_decimal 0.341419376899
noel SNARC dot CD up 40 lctrl 0.349935638485
noel SNARC dot CD up 5 lctrl 0.407880770625
noel SNARC dot CD down 15 num_decimal 0.415206876583
noel SNARC dot CD up 5 lctrl 0.317504650797
noel SNARC dot CD up 5 lctrl 0.254452498513
noel SNARC dot CD up 40 lctrl 0.360974618932
noel SNARC dot CD down 45 num_decimal 0.405026193708
noel SNARC dot CD up 5 lctrl 0.326094468241
noel SNARC dot CD up 10 lctrl 0.370795646566
noel SNARC dot CD up 25 lctrl 0.367557465797
noel SNARC dot CD up 35 lctrl 0.405491051381
noel SNARC dot CD up 35 lctrl 0.313305963529
noel SNARC dot CD down 20 lctrl 0.316638655495
noel SNARC dot CD up 10 lctrl 0.449284752016
noel SNARC dot CD down 15 num_decimal 0.356605726178
noel SNARC dot CD down 5 lctrl 0.348173712264
noel SNARC dot CD up 30 lctrl 1.17505634308
noel SNARC dot CD down 45 num_decimal 0.402382876724
noel SNARC dot CD down 25 num_decimal 0.344007526641
noel SNARC dot CD up 35 lctrl 0.423839459429
noel SNARC dot CD up 40 lctrl 0.367557465797
noel SNARC dot CD up 5 lctrl 0.358070434304
noel SNARC dot CD up 20 lctrl 0.288192528882
noel SNARC dot CD up 20 lctrl 0.320337845129
noel SNARC dot CD down 25 num_decimal 0.39265208377
noel SNARC dot CD up 10 lctrl 0.324336390942
noel SNARC dot CD down 40 num_decimal 0.3592862488
noel SNARC dot CD up 35 lctrl 0.355457480648
noel SNARC dot CD up 20 lctrl 0.330597643624
noel SNARC dot CD up 45 lctrl 0.354455919703
noel SNARC dot CD down 45 num_decimal 0.341165351565
noel SNARC dot CD down 25 num_decimal 0.3302465413
noel SNARC dot CD up 5 lctrl 0.418684970238
noel SNARC dot CD up 15 lctrl 0.300347681041
noel SNARC dot CD down 25 num_decimal 0.313515513088
noel SNARC dot CD down 5 lctrl 0.302252443042
noel SNARC dot CD up 35 lctrl 0.367084910278
noel SNARC dot CD down 40 num_decimal 0.44342934119
noel SNARC dot CD down 45 num_decimal 0.346670943196
noel SNARC dot CD up 40 lctrl 0.397185622365
noel SNARC dot CD down 45 num_decimal 0.38110847387
noel SNARC dot CD down 35 num_decimal 0.351804049802
noel SNARC dot CD down 45 num_decimal 0.342808818095
noel SNARC dot CD down 25 num_decimal 0.35741398856
noel SNARC dot CD down 25 num_decimal 0.34291487583
noel SNARC dot CD up 35 lctrl 0.384176876862
noel SNARC dot CD down 40 num_decimal 0.348033869988
noel SNARC dot CD up 45 lctrl 0.32575320208
noel SNARC dot CD up 35 lctrl 0.376573652378
noel SNARC dot CD up 5 lctrl 0.303032907774
noel SNARC dot CD down 10 num_decimal 0.470748604857
noel SNARC dot CD up 25 lctrl 0.347116128891
noel SNARC dot CD up 45 lctrl 0.314593196032
noel SNARC dot CD down 20 num_decimal 0.34562618949
noel SNARC dot CD up 35 lctrl 0.328783543897
noel SNARC dot CD down 15 num_decimal 0.354474308784
noel SNARC dot CD up 20 lctrl 0.397481985157
noel SNARC dot CD up 45 lctrl 0.330311544472
noel SNARC dot CD up 25 lctrl 0.314480295987
noel SNARC dot CD down 25 num_decimal 0.346820621402
noel SNARC dot CD down 30 num_decimal 0.525416212389
noel SNARC dot CD up 35 lctrl 0.416010007146
noel SNARC dot CD down 30 num_decimal 0.349688455462
noel SNARC dot CD up 20 lctrl 0.481880385778
noel SNARC dot CD down 25 num_decimal 0.377623537905
noel SNARC dot CD down 20 num_decimal 0.347135800868
noel SNARC dot CD up 20 lctrl 0.370846109465
noel SNARC dot CD down 40 num_decimal 0.407981696539
noel SNARC dot CD up 10 lctrl 0.348631727509
noel SNARC dot CD up 5 lctrl 0.393504821695
noel SNARC dot CD up 35 lctrl 0.391754442244
noel SNARC dot CD up 45 lctrl 0.392011033371
noel SNARC dot CD up 15 lctrl 0.360387452762
noel SNARC dot CD down 10 num_decimal 0.389967712224
noel SNARC dot CD up 10 lctrl 0.344453995349
noel SNARC dot CD up 25 lctrl 0.346851839917
noel SNARC dot CD down 45 num_decimal 0.334507238003
noel SNARC dot CD up 30 lctrl 0.32280539698
noel SNARC dot CD down 20 num_decimal 0.370328222867
noel SNARC dot CD up 45 lctrl 0.345586845418
noel SNARC dot CD down 30 num_decimal 0.372502405546
noel SNARC dot CD up 30 lctrl 0.357597451191
noel SNARC dot CD down 10 num_decimal 0.322277674451
noel SNARC dot CD up 45 lctrl 0.299984176876
noel SNARC dot CD up 10 lctrl 0.263026920729
noel SNARC dot CD down 45 num_decimal 0.308755746577
noel SNARC dot CD down 25 num_decimal 0.45511236554
noel SNARC dot CD down 30 num_decimal 0.373041674728
noel SNARC dot CD up 30 lctrl 0.35503838188
noel SNARC dot CD down 35 num_decimal 0.347076357226
noel SNARC dot CD down 5 num_decimal 0.373165266123
noel SNARC dot CD down 40 num_decimal 0.343232193612
noel SNARC dot CD up 45 lctrl 0.341620373307
noel SNARC dot CD up 20 lctrl 0.353167832014
noel SNARC dot CD down 5 num_decimal 0.313508670661
noel SNARC dot CD down 30 num_decimal 0.3969743622
noel SNARC dot CD up 20 lctrl 0.516974789905
noel SNARC dot CD up 30 lctrl 0.3524977013
noel SNARC dot CD down 40 num_decimal 0.324146085884
noel SNARC dot CD down 10 num_decimal 0.410733209341
noel SNARC dot CD down 40 num_decimal 0.415978788398
noel SNARC dot CD up 15 lctrl 0.325699317851
noel SNARC dot CD up 40 lctrl 0.328939209227
noel SNARC dot CD up 40 lctrl 0.309147475869
noel SNARC dot CD up 25 lctrl 0.308415335603
noel SNARC dot CD up 25 lctrl 0.514365257579
noel SNARC dot CD down 25 num_decimal 0.473359420081
noel SNARC dot CD up 30 lctrl 0.401318023447
noel SNARC dot CD up 30 lctrl 0.381016101106
noel SNARC dot CD down 10 num_decimal 0.427656253451
noel SNARC dot CD down 30 num_decimal 0.453885859693
noel SNARC dot CD up 25 lctrl 0.321389868972
noel SNARC dot CD up 40 lctrl 0.362923856592
noel SNARC dot CD up 25 lctrl 0.303344666143
noel SNARC dot CD down 30 num_decimal 0.389858233393
noel SNARC dot CD up 15 lctrl 0.300845895661
noel SNARC dot CD down 30 num_decimal 0.29330382531
noel SNARC dot CD up 45 lctrl 0.305063399486
noel SNARC dot CD up 15 lctrl 0.397700942936
noel SNARC dot CD up 30 lctrl 0.280724870157
noel SNARC dot CD down 25 num_decimal 0.297636795207
noel SNARC dot CD up 45 lctrl 0.402827634825
noel SNARC dot CD up 30 lctrl 0.319537280593
noel SNARC dot CD up 5 lctrl 0.271488870378
noel SNARC dot CD up 5 lctrl 0.279699788312
noel SNARC dot CD up 45 lctrl 0.354985780548
noel SNARC dot CD down 30 num_decimal 0.329583253246
noel SNARC dot CD up 10 lctrl 0.282918297104
noel SNARC dot CD down 30 num_decimal 0.335440802271
noel SNARC dot CD down 25 num_decimal 0.397539718193
noel SNARC dot CD up 45 lctrl 0.279202001402
noel SNARC dot CD up 35 lctrl 0.312976671616
noel SNARC dot CD up 30 lctrl 0.281403553789
noel SNARC dot CD down 30 num_decimal 0.31129129522
noel SNARC dot CD up 25 lctrl 0.329204353504
noel SNARC dot CD up 20 lctrl 0.340364787146
noel SNARC dot CD down 20 num_decimal 0.369822738343
noel SNARC dot CD up 5 lctrl 0.281649881275
noel SNARC dot CD down 10 num_decimal 0.329292877461
noel SNARC dot CD up 25 lctrl 0.289944619173
noel SNARC dot CD down 25 num_decimal 0.315407445421
noel SNARC dot CD up 5 lctrl 0.264006243669
noel SNARC dot CD down 15 num_decimal 0.345973015181
noel SNARC dot CD up 40 lctrl 0.306570017361
noel SNARC dot CD up 30 lctrl 0.297318194527
noel SNARC dot CD down 5 num_decimal 0.335059336736
noel SNARC dot CD down 15 num_decimal 0.349997220328
noel SNARC dot CD down 30 num_decimal 0.33564179868
noel SNARC dot CD up 45 lctrl 0.305870806333
noel SNARC dot CD up 10 lctrl 0.296260183561
noel SNARC dot CD up 5 lctrl 0.295879573212
noel SNARC dot CD up 20 lctrl 0.289585819002
noel SNARC dot CD down 35 num_decimal 0.339206277975
noel SNARC dot CD up 20 lctrl 0.300861291005
noel SNARC dot CD down 20 num_decimal 0.320490944549
noel SNARC dot CD down 5 num_decimal 0.41668398655
noel SNARC dot CD down 40 num_decimal 0.35904462554
noel SNARC dot CD up 15 lctrl 0.360444330494
noel SNARC dot CD up 45 lctrl 0.390497573069
noel SNARC dot CD down 40 num_decimal 0.333277738653
noel SNARC dot CD up 40 lctrl 0.415676010889
noel SNARC dot CD down 20 num_decimal 0.348616331932
noel SNARC dot CD up 25 lctrl 0.30360638909
noel SNARC dot CD up 30 lctrl 0.262497915188
noel SNARC dot CD down 35 num_decimal 0.336279855343
noel SNARC dot CD down 10 num_decimal 0.360255308216
noel SNARC dot CD down 25 num_decimal 0.407623324194
noel SNARC dot CD up 10 lctrl 0.314610729809
noel SNARC dot CD up 10 lctrl 0.297546132933
noel SNARC dot CD up 45 lctrl 0.294150576228
noel SNARC dot CD down 5 num_decimal 0.333182372153
noel SNARC dot CD up 45 lctrl 0.250220882241
noel SNARC dot CD down 20 num_decimal 0.313813586487
noel SNARC dot CD up 10 lctrl 0.251735625556
noel SNARC dot CD up 30 lctrl 0.248698868789
noel SNARC dot CD up 25 lctrl 0.352120939991
noel SNARC dot CD down 25 num_decimal 0.318421108997
noel SNARC dot CD up 25 lctrl 0.264752924093
noel SNARC dot CD down 15 num_decimal 0.350673338049
noel SNARC dot CD down 25 num_decimal 0.502255008905
noel SNARC dot CD up 45 lctrl 0.392511813901
noel SNARC dot CD up 15 lctrl 0.319142985507
noel SNARC dot CD up 15 lctrl 0.361536553595
noel SNARC dot CD down 15 num_decimal 0.288806637167
noel SNARC dot CD up 45 lctrl 0.306707721204
noel SNARC dot CD down 30 num_decimal 0.28447409498
noel SNARC dot CD up 5 num_decimal 0.300200996455
noel SNARC dot CD up 10 lctrl 0.390659225523
noel SNARC dot CD up 35 lctrl 0.34171360149
noel SNARC dot CD down 35 num_decimal 0.359831505106
noel SNARC dot CD up 10 lctrl 0.309411764727
noel SNARC dot CD up 10 lctrl 0.319314473891
noel SNARC dot CD down 15 num_decimal 0.326019201544
noel SNARC dot CD down 20 num_decimal 0.442128851428
noel SNARC dot CD up 35 lctrl 0.498406141181
noel SNARC dot CD down 30 num_decimal 0.531214317773
noel SNARC dot CD up 15 lctrl 0.374674450024
noel SNARC dot CD down 10 num_decimal 0.292601620778
noel SNARC dot CD up 10 lctrl 0.359401714872
noel SNARC dot CD up 20 lctrl 0.443441315438
noel SNARC dot CD down 5 num_decimal 0.334352855571
noel SNARC dot CD down 10 num_decimal 0.712228280609
noel SNARC dot CD up 10 lctrl 0.441109329229
noel SNARC dot CD up 20 lctrl 0.820022237953
noel SNARC dot CD up 45 lctrl 0.327732803067
noel SNARC dot CD up 30 lctrl 0.35789338639
noel SNARC dot CD up 10 lctrl 0.311059507774
noel SNARC dot CD down 15 num_decimal 0.359147689654
noel SNARC dot CD up 40 lctrl 0.334029550781
noel SNARC dot CD up 40 lctrl 0.363085509045
noel SNARC dot CD up 5 lctrl 0.327374858432
noel SNARC dot CD up 10 lctrl 0.28994034254
noel SNARC dot CD up 15 lctrl 0.375454914756
noel SNARC dot CD up 25 lctrl 0.307681057253
noel SNARC dot CD down 20 num_decimal 0.290899138316
noel SNARC dot CD down 15 num_decimal 0.367203797563
noel SNARC dot CD up 25 lctrl 0.331056086579
noel SNARC dot CD up 5 lctrl 0.311354587553
noel SNARC dot CD down 35 num_decimal 0.389321530121
noel SNARC dot CD down 5 num_decimal 0.344244873617
noel SNARC dot CD up 10 lctrl 0.335627258522
noel SNARC dot CD up 30 lctrl 0.303310453892
noel SNARC dot CD down 35 num_decimal 0.427006222308
noel SNARC dot CD down 5 num_decimal 0.342916158843
noel SNARC dot CD down 10 num_decimal 0.315719203674
noel SNARC dot CD down 30 num_decimal 0.370024162345
noel SNARC dot CD up 15 lctrl 0.35699446185
noel SNARC dot CD down 25 num_decimal 0.331866487046
noel SNARC dot CD down 35 num_decimal 0.38063463557
noel SNARC dot CD down 30 num_decimal 0.420324587845
noel SNARC dot CD down 5 num_decimal 0.486130818725
noel SNARC dot CD up 15 lctrl 0.376840507262
noel SNARC dot CD down 45 num_decimal 0.329398507485
noel SNARC dot CD down 45 num_decimal 0.311018453096
noel SNARC dot CD down 10 num_decimal 0.2995945859
noel SNARC dot CD down 35 num_decimal 0.319345264812
noel SNARC dot CD down 35 num_decimal 0.309215044836
noel SNARC dot CD down 15 num_decimal 0.339922167361
noel SNARC dot CD up 15 lctrl 0.328321252251
noel SNARC dot CD up 15 lctrl 0.368250689586
noel SNARC dot CD down 10 num_decimal 0.349143199273
noel SNARC dot CD up 35 lctrl 0.31283212523
noel SNARC dot CD up 40 lctrl 0.343546090182
noel SNARC dot CD down 25 num_decimal 0.311077469261
noel SNARC dot CD up 35 lctrl 0.364131118171
noel SNARC dot CD up 35 lctrl 0.323381016497
noel SNARC dot CD up 35 lctrl 0.307852117927
noel SNARC dot CD down 40 num_decimal 0.359645904158
noel SNARC dot CD down 20 num_decimal 0.318728163023
noel SNARC dot CD down 5 num_decimal 0.338047768688
noel SNARC dot CD up 15 lctrl 0.299803280155
noel SNARC dot CD down 35 num_decimal 0.289002929348
noel SNARC dot CD up 5 lctrl 0.291703124065
noel SNARC dot CD down 15 num_decimal 0.287797806202
noel SNARC dot CD down 15 num_decimal 0.335173519794
noel SNARC dot CD down 5 num_decimal 0.332517801085
noel SNARC dot CD up 40 lctrl 0.338908632169
noel SNARC dot CD up 15 lctrl 0.298950542114
noel SNARC dot CD up 30 lctrl 0.300883101299
noel SNARC dot CD down 5 num_decimal 0.297035516589
noel SNARC dot CD up 45 lctrl 0.288476489717
noel SNARC dot CD up 35 lctrl 0.326883486239
noel SNARC dot CD up 10 lctrl 0.324475377914
noel SNARC dot CD up 30 lctrl 0.288838711102
noel SNARC dot CD down 40 num_decimal 0.350366283907
noel SNARC dot CD down 35 num_decimal 0.324217076181
noel SNARC dot CD up 30 lctrl 0.349330938421
noel SNARC dot CD up 10 lctrl 0.315367246163
noel SNARC dot CD down 45 num_decimal 0.317098381347
noel SNARC dot CD down 5 num_decimal 0.33794983651
noel SNARC dot CD down 20 num_decimal 0.305792546016
noel SNARC dot CD down 35 num_decimal 0.32338785904
noel SNARC dot CD up 15 lctrl 0.31920456735
noel SNARC dot CD down 45 num_decimal 0.259468856268
noel SNARC dot CD down 5 num_decimal 0.378805568093
noel SNARC dot CD up 40 lctrl 0.342043321114
noel SNARC dot CD up 35 lctrl 0.3253392349
noel SNARC dot CD up 5 lctrl 0.296654478647
noel SNARC dot CD up 45 lctrl 0.312311245012
noel SNARC dot CD down 15 num_decimal 0.333604037063
noel SNARC dot CD down 10 num_decimal 0.317612419021
noel SNARC dot CD up 35 lctrl 0.325746787246
noel SNARC dot CD down 10 num_decimal 0.284505741205
noel SNARC dot CD up 40 lctrl 0.308088181773
noel SNARC dot CD up 15 lctrl 0.309040135122
noel SNARC dot CD up 40 lctrl 0.303369469824
noel SNARC dot CD down 5 num_decimal 0.295816708356
noel SNARC dot CD down 25 num_decimal 0.312100840267
noel SNARC dot CD down 10 num_decimal 0.299703637138
noel SNARC dot CD down 30 num_decimal 0.326753907604
noel SNARC dot CD down 20 num_decimal 0.324878653744
noel SNARC dot CD down 20 num_decimal 0.309777834802
noel SNARC dot CD up 20 lctrl 0.438694806187
noel SNARC dot CD up 20 num_decimal 0.278369363048
noel SNARC dot CD up 15 lctrl 0.392493852531
noel SNARC dot CD up 25 lctrl 2.02250475762
noel SNARC dot CD down 40 num_decimal 0.44202322152
noel SNARC dot CD down 10 num_decimal 0.349362584762
noel SNARC dot CD down 15 num_decimal 0.357546132989
noel SNARC dot CD down 10 num_decimal 0.362661278225
noel SNARC dot CD down 40 num_decimal 0.382993991487
noel SNARC dot CD down 45 num_decimal 0.325160048786
noel SNARC dot CD up 10 lctrl 0.363907028455
noel SNARC dot CD down 5 num_decimal 0.317617978551
noel SNARC dot CD down 35 num_decimal 0.349199221586
noel SNARC dot CD up 15 lctrl 0.342271259637
noel SNARC dot CD up 5 lctrl 0.483998973621
noel SNARC dot CD down 40 num_decimal 0.419496226008
noel SNARC dot CD down 20 num_decimal 0.564326555002
noel SNARC dot CD up 30 lctrl 0.425937947701
noel SNARC dot CD up 15 lctrl 0.298981333035
noel SNARC dot CD down 40 num_decimal 0.317469583359
noel SNARC dot CD up 30 lctrl 0.296617272776
noel SNARC dot CD down 40 num_decimal 0.329215044738
noel SNARC dot CD up 30 lctrl 0.318812410464
noel SNARC dot CD down 25 num_decimal 0.245012081112
noel SNARC dot CD up 25 lctrl 0.266014069784
noel SNARC dot CD up 40 lctrl 0.302502191626
noel SNARC dot CD down 25 num_decimal 0.344785425696
noel SNARC dot CD down 30 lctrl 0.315363397356
noel SNARC dot CD up 35 lctrl 0.349531507236
noel SNARC dot CD up 5 lctrl 0.383775311639
noel SNARC dot CD down 35 num_decimal 0.364958196995
noel SNARC dot CD down 20 num_decimal 0.388015053351
noel SNARC dot CD down 20 num_decimal 0.431677464978
noel SNARC dot CD up 45 lctrl 0.326970727183
noel SNARC dot CD up 20 lctrl 0.394075309508
noel SNARC dot CD down 40 num_decimal 0.338620822295
noel SNARC dot CD down 5 num_decimal 0.427280347329
noel SNARC dot CD down 10 num_decimal 0.342668976053
noel SNARC dot CD up 20 lctrl 0.383668398717
noel SNARC dot CD up 30 lctrl 0.501335984794
noel SNARC dot CD up 25 lctrl 0.317830949207
noel SNARC dot CD up 40 lctrl 0.31546603376
noel SNARC dot CD up 20 lctrl 0.279696794809
noel SNARC dot CD up 35 lctrl 0.319007419748
noel SNARC dot CD up 35 lctrl 0.291981097776
noel SNARC dot CD down 45 num_decimal 0.299108773354
noel SNARC dot CD down 40 num_decimal 0.364682789077
noel SNARC dot CD up 15 lctrl 0.341770051629
noel SNARC dot CD up 20 lctrl 0.313279021531
noel SNARC dot CD down 35 num_decimal 0.325942651834
noel SNARC dot CD down 40 num_decimal 0.291639403906
{'task': 'line', 'participant': 'noel', 'dateStr': '05_31_1730', 'notation': 'arabic', 'response_buttons': 'CD', 'range_in_instr': True, 'interactive_setting': False, 'autopilot': False, 'exp_id': 'SNARC'}
noel SNARC arabic CD down 3 num_decimal 1.28476703656
noel SNARC arabic CD up 7 lctrl 0.584330403944
noel SNARC arabic CD up 9 lctrl 0.352733765263
noel SNARC arabic CD up 5 lctrl 0.403416511719
noel SNARC arabic CD down 9 num_decimal 0.398714050534
noel SNARC arabic CD up 5 lctrl 0.475803023553
noel SNARC arabic CD up 2 lctrl 0.36965210503
noel SNARC arabic CD down 7 num_decimal 0.339207133162
noel SNARC arabic CD down 6 num_decimal 0.33410011325
noel SNARC arabic CD up 1 lctrl 0.336341009592
noel SNARC arabic CD up 3 lctrl 0.322806252283
noel SNARC arabic CD up 7 num_decimal 0.36926208646
noel SNARC arabic CD down 7 num_decimal 0.384419783251
noel SNARC arabic CD down 6 num_decimal 0.602888361551
noel SNARC arabic CD up 6 lctrl 0.373666474246
noel SNARC arabic CD down 4 num_decimal 0.504335108097
noel SNARC arabic CD up 7 lctrl 0.363363055163
noel SNARC arabic CD down 1 num_decimal 0.370854234789
noel SNARC arabic CD down 2 num_decimal 0.377294245991
noel SNARC arabic CD up 1 lctrl 0.331205337076
noel SNARC arabic CD down 2 num_decimal 0.332108538016
noel SNARC arabic CD down 9 num_decimal 0.390144332545
noel SNARC arabic CD down 3 num_decimal 0.324761049473
noel SNARC arabic CD down 9 num_decimal 0.348996942281
noel SNARC arabic CD up 9 lctrl 0.457417837344
noel SNARC arabic CD up 5 lctrl 0.330528791645
noel SNARC arabic CD up 4 lctrl 0.301938974066
noel SNARC arabic CD down 3 lctrl 0.264536104514
noel SNARC arabic CD down 7 num_decimal 0.481670408626
noel SNARC arabic CD down 6 num_decimal 0.436937584192
noel SNARC arabic CD up 9 lctrl 0.346451557707
noel SNARC arabic CD up 5 lctrl 0.338815404102
noel SNARC arabic CD up 1 lctrl 0.329003357096
noel SNARC arabic CD up 2 lctrl 0.305554343853
noel SNARC arabic CD up 1 lctrl 0.299882395659
noel SNARC arabic CD up 6 lctrl 0.29395727755
noel SNARC arabic CD down 5 num_decimal 0.373787927441
noel SNARC arabic CD down 6 num_decimal 0.360331002623
noel SNARC arabic CD up 2 lctrl 0.328569290345
noel SNARC arabic CD down 1 num_decimal 0.339178480557
noel SNARC arabic CD up 5 lctrl 0.342046742328
noel SNARC arabic CD up 6 lctrl 0.332215878763
noel SNARC arabic CD up 5 lctrl 0.321402698522
noel SNARC arabic CD up 8 lctrl 0.29550708842
noel SNARC arabic CD up 6 lctrl 0.314210875193
noel SNARC arabic CD up 1 lctrl 0.31266876217
noel SNARC arabic CD down 4 num_decimal 0.438964654575
noel SNARC arabic CD up 4 lctrl 0.355791476904
noel SNARC arabic CD down 8 num_decimal 0.402391429874
noel SNARC arabic CD down 5 num_decimal 0.460125301965
noel SNARC arabic CD down 7 num_decimal 0.343078239006
noel SNARC arabic CD up 6 lctrl 0.36484743515
noel SNARC arabic CD down 9 num_decimal 0.448126242845
noel SNARC arabic CD down 9 num_decimal 0.424736245652
noel SNARC arabic CD up 6 lctrl 0.368173284573
noel SNARC arabic CD down 4 num_decimal 0.431561998907
noel SNARC arabic CD down 5 num_decimal 0.410546752973
noel SNARC arabic CD down 1 num_decimal 0.380637201481
noel SNARC arabic CD up 3 lctrl 0.320023948443
noel SNARC arabic CD up 8 lctrl 0.384740949841
noel SNARC arabic CD up 8 lctrl 0.35487672931
noel SNARC arabic CD down 7 num_decimal 0.362027498079
noel SNARC arabic CD up 5 lctrl 0.332004618715
noel SNARC arabic CD down 7 num_decimal 0.353108815965
noel SNARC arabic CD down 1 num_decimal 0.380957085174
noel SNARC arabic CD up 8 lctrl 0.326234310516
noel SNARC arabic CD down 7 num_decimal 0.34947719553
noel SNARC arabic CD up 4 lctrl 0.372268907609
noel SNARC arabic CD up 2 lctrl 0.337708213134
noel SNARC arabic CD down 9 num_decimal 0.311268629623
noel SNARC arabic CD up 9 lctrl 0.270698997076
noel SNARC arabic CD up 4 lctrl 0.308563303202
noel SNARC arabic CD down 9 num_decimal 0.261265849927
noel SNARC arabic CD up 9 lctrl 0.275129899266
noel SNARC arabic CD down 2 num_decimal 0.319172493415
noel SNARC arabic CD up 2 lctrl 0.329376269598
noel SNARC arabic CD down 9 num_decimal 0.308695447631
noel SNARC arabic CD down 5 num_decimal 0.362178031588
noel SNARC arabic CD down 8 num_decimal 0.34398999298
noel SNARC arabic CD down 5 num_decimal 0.316992323613
noel SNARC arabic CD down 7 num_decimal 0.334644514369
noel SNARC arabic CD down 9 num_decimal 0.333698120434
noel SNARC arabic CD down 1 num_decimal 0.320214253617
noel SNARC arabic CD down 2 num_decimal 0.298106784699
noel SNARC arabic CD up 6 lctrl 0.382097632973
noel SNARC arabic CD up 7 lctrl 0.371367844753
noel SNARC arabic CD up 6 lctrl 0.340241195634
noel SNARC arabic CD down 5 num_decimal 0.300041482318
noel SNARC arabic CD down 6 num_decimal 0.321543823578
noel SNARC arabic CD down 4 num_decimal 0.363307460444
noel SNARC arabic CD down 1 num_decimal 0.371159150614
noel SNARC arabic CD up 7 lctrl 0.391174973804
noel SNARC arabic CD down 9 num_decimal 0.334217289928
noel SNARC arabic CD up 1 lctrl 0.288655675948
noel SNARC arabic CD up 2 lctrl 0.360141125158
noel SNARC arabic CD down 3 num_decimal 0.298557529924
noel SNARC arabic CD down 6 num_decimal 0.375922338455
noel SNARC arabic CD down 2 num_decimal 0.324931682553
noel SNARC arabic CD down 4 num_decimal 0.383374174125
noel SNARC arabic CD up 7 lctrl 0.296855474939
noel SNARC arabic CD down 4 num_decimal 0.340378044406
noel SNARC arabic CD down 4 num_decimal 0.349894156097
noel SNARC arabic CD up 4 lctrl 0.371081318008
noel SNARC arabic CD up 8 num_decimal 0.368872923311
noel SNARC arabic CD down 7 num_decimal 0.652073898236
noel SNARC arabic CD down 9 num_decimal 0.489943336113
noel SNARC arabic CD down 6 num_decimal 0.393467188464
noel SNARC arabic CD down 6 num_decimal 0.402657001745
noel SNARC arabic CD up 8 lctrl 0.384677657275
noel SNARC arabic CD up 6 lctrl 0.348951183492
noel SNARC arabic CD up 7 lctrl 0.423831333988
noel SNARC arabic CD down 6 num_decimal 0.362896059174
noel SNARC arabic CD up 4 lctrl 0.353982936591
noel SNARC arabic CD up 6 lctrl 0.355439091683
noel SNARC arabic CD up 8 lctrl 0.309066221933
noel SNARC arabic CD down 4 num_decimal 0.355867171311
noel SNARC arabic CD up 8 lctrl 0.357362242648
noel SNARC arabic CD up 5 lctrl 0.30703615793
noel SNARC arabic CD up 3 lctrl 0.287799944403
noel SNARC arabic CD down 9 num_decimal 0.332755575539
noel SNARC arabic CD up 8 lctrl 0.318488677847
noel SNARC arabic CD up 3 lctrl 0.315076870378
noel SNARC arabic CD up 4 lctrl 0.31380674406
noel SNARC arabic CD down 9 num_decimal 0.357240789453
noel SNARC arabic CD up 4 lctrl 0.320257446496
noel SNARC arabic CD up 9 lctrl 0.310511685559
noel SNARC arabic CD down 3 num_decimal 0.379353390192
noel SNARC arabic CD up 3 lctrl 0.336210148176
noel SNARC arabic CD up 2 lctrl 0.314925481682
noel SNARC arabic CD down 8 num_decimal 0.54481108475
noel SNARC arabic CD up 7 lctrl 0.441363354446
noel SNARC arabic CD down 4 num_decimal 0.432062351611
noel SNARC arabic CD down 6 num_decimal 0.404844869277
noel SNARC arabic CD down 6 num_decimal 0.366568306694
noel SNARC arabic CD down 9 num_decimal 0.375206021359
noel SNARC arabic CD up 3 lctrl 0.296471015899
noel SNARC arabic CD down 7 num_decimal 0.356952124275
noel SNARC arabic CD down 6 num_decimal 0.323621784686
noel SNARC arabic CD up 9 lctrl 0.356327324756
noel SNARC arabic CD down 2 num_decimal 0.363135971944
noel SNARC arabic CD up 1 lctrl 0.311861782917
noel SNARC arabic CD up 6 lctrl 0.469741056673
noel SNARC arabic CD down 3 num_decimal 0.381295785541
noel SNARC arabic CD up 3 lctrl 0.297310069087
noel SNARC arabic CD up 8 lctrl 0.312387794838
noel SNARC arabic CD up 2 lctrl 0.3659751534
noel SNARC arabic CD down 4 num_decimal 0.323277952382
noel SNARC arabic CD up 3 lctrl 0.333629268571
noel SNARC arabic CD up 5 lctrl 0.333825560752
noel SNARC arabic CD up 1 lctrl 0.311107832473
noel SNARC arabic CD down 2 num_decimal 0.313477024436
noel SNARC arabic CD up 7 lctrl 0.309787243139
noel SNARC arabic CD up 9 lctrl 0.305553060956
noel SNARC arabic CD down 9 num_decimal 0.336007013568
noel SNARC arabic CD up 8 lctrl 0.305654842057
noel SNARC arabic CD down 3 num_decimal 0.31356426538
noel SNARC arabic CD up 4 lctrl 0.620675262413
noel SNARC arabic CD up 9 lctrl 0.324280796223
noel SNARC arabic CD down 7 num_decimal 0.384374024346
noel SNARC arabic CD up 5 lctrl 0.311489725602
noel SNARC arabic CD down 2 num_decimal 0.353689995129
noel SNARC arabic CD down 7 num_decimal 0.420379754854
noel SNARC arabic CD down 9 num_decimal 0.341162785655
noel SNARC arabic CD down 3 num_decimal 0.302349947626
noel SNARC arabic CD down 5 num_decimal 0.312938610557
noel SNARC arabic CD down 7 num_decimal 0.298335578525
noel SNARC arabic CD down 3 num_decimal 0.2869104282
noel SNARC arabic CD up 2 lctrl 0.325470524025
noel SNARC arabic CD up 9 lctrl 0.339402997866
noel SNARC arabic CD down 2 num_decimal 0.312850941904
noel SNARC arabic CD up 7 lctrl 0.328515833826
noel SNARC arabic CD down 8 num_decimal 0.318259028834
noel SNARC arabic CD up 9 lctrl 0.365175871877
noel SNARC arabic CD down 3 num_decimal 0.313603609451
noel SNARC arabic CD down 1 num_decimal 0.381602411857
noel SNARC arabic CD down 6 num_decimal 0.327730664751
noel SNARC arabic CD up 5 lctrl 0.322706609382
noel SNARC arabic CD up 7 lctrl 0.320621378371
noel SNARC arabic CD up 6 num_decimal 0.321135843638
noel SNARC arabic CD up 8 lctrl 0.337423396762
noel SNARC arabic CD down 8 num_decimal 0.503773173434
noel SNARC arabic CD up 8 lctrl 0.37179378618
noel SNARC arabic CD up 8 lctrl 0.334533324814
noel SNARC arabic CD up 1 lctrl 0.457674428471
noel SNARC arabic CD down 5 num_decimal 0.336497102748
noel SNARC arabic CD down 7 num_decimal 0.643753929064
noel SNARC arabic CD down 8 num_decimal 0.397107362049
noel SNARC arabic CD up 1 lctrl 0.350838411599
noel SNARC arabic CD up 6 lctrl 0.332644385984
noel SNARC arabic CD up 3 lctrl 0.309918959858
noel SNARC arabic CD up 7 lctrl 0.312152158585
noel SNARC arabic CD down 3 num_decimal 0.318984326557
noel SNARC arabic CD down 4 num_decimal 0.381371052237
noel SNARC arabic CD down 9 num_decimal 0.500474693719
noel SNARC arabic CD down 5 num_decimal 0.384004105465
noel SNARC arabic CD down 3 num_decimal 0.350332499365
noel SNARC arabic CD down 4 num_decimal 0.362455149996
noel SNARC arabic CD down 3 num_decimal 0.337647058768
noel SNARC arabic CD up 8 lctrl 0.319195158896
noel SNARC arabic CD down 1 num_decimal 0.340984882554
noel SNARC arabic CD down 7 num_decimal 0.344278657925
noel SNARC arabic CD up 2 lctrl 0.355534885661
noel SNARC arabic CD up 5 lctrl 0.366060683853
noel SNARC arabic CD up 2 lctrl 0.351802339195
noel SNARC arabic CD down 1 num_decimal 0.381452306057
noel SNARC arabic CD down 2 num_decimal 0.335111510241
noel SNARC arabic CD down 6 num_decimal 0.348511985037
noel SNARC arabic CD up 4 lctrl 0.335837663268
noel SNARC arabic CD down 4 num_decimal 0.299348686007
noel SNARC arabic CD up 4 lctrl 0.349230867927
noel SNARC arabic CD down 1 num_decimal 0.337062886218
noel SNARC arabic CD up 2 lctrl 0.36409476772
noel SNARC arabic CD down 7 num_decimal 0.328696302953
noel SNARC arabic CD up 7 lctrl 0.328694164637
noel SNARC arabic CD up 1 lctrl 0.338415977079
noel SNARC arabic CD down 8 num_decimal 0.320437915623
noel SNARC arabic CD up 2 lctrl 0.335833386867
noel SNARC arabic CD up 7 lctrl 0.298294951557
noel SNARC arabic CD up 3 lctrl 0.394464472774
noel SNARC arabic CD down 9 num_decimal 0.294896401349
noel SNARC arabic CD up 8 lctrl 0.3298445486
noel SNARC arabic CD up 4 lctrl 0.31953300396
noel SNARC arabic CD down 5 num_decimal 0.276068167761
noel SNARC arabic CD down 5 lctrl 0.313678876148
noel SNARC arabic CD up 4 lctrl 0.331054375973
noel SNARC arabic CD up 6 lctrl 0.366246712394
noel SNARC arabic CD up 5 lctrl 0.32321423234
noel SNARC arabic CD down 9 num_decimal 0.346096606576
noel SNARC arabic CD down 1 num_decimal 0.473202471854
noel SNARC arabic CD down 8 num_decimal 0.398635362624
noel SNARC arabic CD down 5 num_decimal 0.356830671197
noel SNARC arabic CD up 8 lctrl 0.31143883511
noel SNARC arabic CD down 5 num_decimal 0.460063720122
noel SNARC arabic CD up 6 lctrl 0.332884298754
noel SNARC arabic CD down 7 num_decimal 0.357168516261
noel SNARC arabic CD down 2 num_decimal 0.358825240051
noel SNARC arabic CD up 7 lctrl 0.356184061384
noel SNARC arabic CD down 8 num_decimal 0.33376611711
noel SNARC arabic CD down 2 num_decimal 0.344001539517
noel SNARC arabic CD down 8 num_decimal 0.409101717058
noel SNARC arabic CD down 9 num_decimal 0.326204802608
noel SNARC arabic CD up 6 lctrl 0.394481151248
noel SNARC arabic CD down 5 num_decimal 0.283662839211
noel SNARC arabic CD down 1 num_decimal 0.345363611006
noel SNARC arabic CD down 2 num_decimal 0.329255671706
noel SNARC arabic CD down 6 num_decimal 0.310996643035
noel SNARC arabic CD down 4 num_decimal 0.364964184235
noel SNARC arabic CD up 7 lctrl 0.343221929972
noel SNARC arabic CD down 8 num_decimal 0.49173134903
noel SNARC arabic CD down 3 num_decimal 0.387220903649
noel SNARC arabic CD up 3 lctrl 0.472270618193
noel SNARC arabic CD up 1 lctrl 0.334520922974
noel SNARC arabic CD down 9 num_decimal 0.309904847527
noel SNARC arabic CD up 1 lctrl 0.406850556959
noel SNARC arabic CD down 4 num_decimal 0.260685526067
noel SNARC arabic CD down 4 num_decimal 0.436652340344
noel SNARC arabic CD up 9 lctrl 0.320047897054
noel SNARC arabic CD down 5 num_decimal 0.319284965866
noel SNARC arabic CD down 1 num_decimal 0.356434237794
noel SNARC arabic CD up 9 lctrl 0.304770885385
noel SNARC arabic CD up 8 lctrl 0.31292150449
noel SNARC arabic CD up 1 lctrl 0.34431415319
noel SNARC arabic CD up 3 lctrl 0.289514401113
noel SNARC arabic CD up 4 lctrl 0.309367288835
noel SNARC arabic CD down 3 lctrl 0.287388970843
noel SNARC arabic CD down 4 num_decimal 0.382326854393
noel SNARC arabic CD down 1 num_decimal 0.391750165727
noel SNARC arabic CD up 8 lctrl 0.388851968222
noel SNARC arabic CD up 3 lctrl 0.341364637483
noel SNARC arabic CD up 7 lctrl 0.328625740367
noel SNARC arabic CD down 4 num_decimal 0.386827036156
noel SNARC arabic CD up 3 lctrl 0.350142621901
noel SNARC arabic CD down 8 num_decimal 0.323963906267
noel SNARC arabic CD up 5 lctrl 0.326784270932
noel SNARC arabic CD up 6 lctrl 0.341211965657
noel SNARC arabic CD down 1 num_decimal 0.352435691864
noel SNARC arabic CD up 2 lctrl 0.441732418141
noel SNARC arabic CD down 2 num_decimal 0.275943293353
noel SNARC arabic CD up 4 lctrl 0.283207817469
noel SNARC arabic CD down 8 num_decimal 0.324964611791
noel SNARC arabic CD up 1 lctrl 0.29142044601
noel SNARC arabic CD up 5 lctrl 0.354857057217
noel SNARC arabic CD up 8 lctrl 0.344611798879
noel SNARC arabic CD down 6 num_decimal 0.454592768452
noel SNARC arabic CD up 9 lctrl 0.346491329372
noel SNARC arabic CD up 8 lctrl 0.352567836293
noel SNARC arabic CD down 7 num_decimal 0.346378429327
noel SNARC arabic CD down 2 num_decimal 0.405472234706
noel SNARC arabic CD down 6 num_decimal 0.310355592635
noel SNARC arabic CD down 6 num_decimal 0.325917848037
noel SNARC arabic CD down 7 num_decimal 0.377113349154
noel SNARC arabic CD down 5 num_decimal 0.31798447622
noel SNARC arabic CD up 4 lctrl 0.315602882416
noel SNARC arabic CD down 3 num_decimal 0.336720336927
noel SNARC arabic CD up 2 lctrl 0.292268479941
noel SNARC arabic CD down 7 num_decimal 0.318070006557
noel SNARC arabic CD up 1 lctrl 0.39853956853
noel SNARC arabic CD up 9 lctrl 0.331907114014
noel SNARC arabic CD up 1 lctrl 0.361464708112
noel SNARC arabic CD down 3 num_decimal 0.343472106382
noel SNARC arabic CD down 9 num_decimal 0.402894348605
noel SNARC arabic CD up 3 lctrl 0.338808133965
noel SNARC arabic CD up 3 lctrl 0.336209720466
noel SNARC arabic CD up 4 lctrl 0.312606324907
noel SNARC arabic CD up 9 lctrl 0.29134731763
noel SNARC arabic CD up 8 lctrl 0.296611713362
noel SNARC arabic CD up 1 lctrl 0.312053370988
noel SNARC arabic CD down 8 num_decimal 0.361002416234
noel SNARC arabic CD down 2 num_decimal 0.347324823029
noel SNARC arabic CD up 7 lctrl 0.343986571766
noel SNARC arabic CD down 5 num_decimal 0.277681698673
noel SNARC arabic CD down 2 num_decimal 0.357459319639
noel SNARC arabic CD down 3 num_decimal 0.312631556415
noel SNARC arabic CD down 1 lctrl 0.289696580847
noel SNARC arabic CD down 5 num_decimal 0.393339320552
noel SNARC arabic CD up 2 lctrl 0.354741163668
noel SNARC arabic CD up 3 lctrl 0.667340218555
noel SNARC arabic CD down 3 num_decimal 0.607276498456
noel SNARC arabic CD up 4 lctrl 0.427694741986
noel SNARC arabic CD down 8 num_decimal 0.358960377984
noel SNARC arabic CD down 3 num_decimal 0.323809096124
noel SNARC arabic CD down 9 num_decimal 0.34414565831
noel SNARC arabic CD down 7 num_decimal 0.359428229276
noel SNARC arabic CD down 2 num_decimal 0.398043492227
noel SNARC arabic CD down 6 num_decimal 0.364007954369
noel SNARC arabic CD down 4 num_decimal 0.337099236669
noel SNARC arabic CD up 4 lctrl 0.43499989307
noel SNARC arabic CD down 2 num_decimal 0.328073213925
noel SNARC arabic CD up 2 lctrl 0.451622297755
noel SNARC arabic CD up 6 lctrl 0.334160412196
noel SNARC arabic CD down 3 num_decimal 0.37277097092
noel SNARC arabic CD up 5 lctrl 0.355741441599
noel SNARC arabic CD up 6 lctrl 0.329108131817
noel SNARC arabic CD up 2 lctrl 0.399982466246
noel SNARC arabic CD down 2 num_decimal 0.358086257474
noel SNARC arabic CD up 5 lctrl 0.61781683669
noel SNARC arabic CD down 2 num_decimal 0.322689075605
noel SNARC arabic CD up 6 lctrl 0.328909273725
noel SNARC arabic CD up 8 lctrl 0.365928967018
noel SNARC arabic CD up 5 lctrl 0.330838411697
noel SNARC arabic CD down 5 num_decimal 0.396416276344
noel SNARC arabic CD up 7 lctrl 0.378487822716
noel SNARC arabic CD up 6 lctrl 0.364990270929
noel SNARC arabic CD up 8 lctrl 0.552945453092
noel SNARC arabic CD down 4 num_decimal 0.391949023819
noel SNARC arabic CD down 1 num_decimal 0.573428699747
noel SNARC arabic CD down 9 num_decimal 0.454030833673
noel SNARC arabic CD down 1 num_decimal 0.356338443817
noel SNARC arabic CD up 1 lctrl 0.40080526867
noel SNARC arabic CD down 2 num_decimal 0.342077960959
noel SNARC arabic CD down 8 num_decimal 0.349910834571
noel SNARC arabic CD up 3 lctrl 0.334574379376
noel SNARC arabic CD down 1 num_decimal 0.288747621118
noel SNARC arabic CD down 4 num_decimal 0.461300917319
noel SNARC arabic CD down 3 num_decimal 0.333114803187
noel SNARC arabic CD up 1 lctrl 0.373650223366
noel SNARC arabic CD up 5 lctrl 0.356804156792
noel SNARC arabic CD up 5 lctrl 0.339108773274
noel SNARC arabic CD down 5 num_decimal 0.484986422118
noel SNARC arabic CD down 1 num_decimal 0.417133876355
{'task': 'line', 'participant': 'noel', 'dateStr': '05_31_1739', 'notation': 'empty', 'response_buttons': 'CD', 'range_in_instr': True, 'interactive_setting': False, 'autopilot': False, 'exp_id': 'SNARC'}
noel SNARC empty CD down 0 num_decimal 0.720127867884
noel SNARC empty CD down 0 num_decimal 0.394963970291
noel SNARC empty CD up 0 lctrl 0.37466290337
noel SNARC empty CD down 0 num_decimal 0.27923963475
noel SNARC empty CD up 0 lctrl 0.317461030209
noel SNARC empty CD up 0 lctrl 0.289663651725
noel SNARC empty CD up 0 lctrl 0.287836294854
noel SNARC empty CD up 0 lctrl 0.283136399579
noel SNARC empty CD up 0 lctrl 0.252598199528
noel SNARC empty CD down 0 num_decimal 0.287353475811
noel SNARC empty CD down 0 num_decimal 0.278264588327
noel SNARC empty CD up 0 lctrl 0.289761584019
noel SNARC empty CD down 0 num_decimal 0.264507879503
noel SNARC empty CD up 0 lctrl 0.290104133193
noel SNARC empty CD down 0 num_decimal 0.28021767491
noel SNARC empty CD up 0 lctrl 0.324880791944
noel SNARC empty CD up 0 lctrl 0.29681784159
noel SNARC empty CD up 0 lctrl 0.296810999163
noel SNARC empty CD down 0 num_decimal 0.273027134594
noel SNARC empty CD down 0 num_decimal 0.305656552664
noel SNARC empty CD up 0 lctrl 0.232026428916
noel SNARC empty CD down 0 num_decimal 0.291617166018
noel SNARC empty CD down 0 num_decimal 0.289434002596
noel SNARC empty CD down 0 num_decimal 0.298695661477
noel SNARC empty CD down 0 num_decimal 0.27726687619
noel SNARC empty CD up 0 lctrl 0.301888083573
noel SNARC empty CD up 0 lctrl 0.279367075069
noel SNARC empty CD up 0 lctrl 0.270580109907
noel SNARC empty CD up 0 lctrl 0.27138965507
noel SNARC empty CD down 0 num_decimal 0.250140911317
noel SNARC empty CD down 0 num_decimal 0.288539782399
noel SNARC empty CD up 0 lctrl 0.263159492752
noel SNARC empty CD up 0 lctrl 0.277332306956
noel SNARC empty CD down 0 num_decimal 0.248254538514
noel SNARC empty CD up 0 lctrl 0.243230055319
noel SNARC empty CD down 0 num_decimal 0.349833429558
noel SNARC empty CD up 0 lctrl 0.282432056847
noel SNARC empty CD up 0 lctrl 0.279740415281
noel SNARC empty CD down 0 num_decimal 0.281214959337
noel SNARC empty CD down 0 num_decimal 0.294954989688
{'task': 'line', 'participant': 'noel', 'dateStr': '05_31_1744', 'notation': 'dot', 'response_buttons': 'DC', 'range_in_instr': True, 'interactive_setting': False, 'autopilot': False, 'exp_id': 'SNARC'}
noel SNARC dot DC up 35 num_decimal 1.10823443881
noel SNARC dot DC down 10 lctrl 0.408321252093
noel SNARC dot DC up 15 num_decimal 0.440769345965
noel SNARC dot DC up 5 num_decimal 0.378220540122
noel SNARC dot DC up 10 num_decimal 0.45657236944
noel SNARC dot DC down 15 lctrl 0.333284580964
noel SNARC dot DC down 20 lctrl 0.344970598933
noel SNARC dot DC down 35 lctrl 0.320672268863
noel SNARC dot DC down 10 lctrl 0.313133619959
noel SNARC dot DC down 20 lctrl 0.328706994304
noel SNARC dot DC down 5 lctrl 0.275195330032
noel SNARC dot DC down 45 lctrl 0.29378194036
noel SNARC dot DC up 45 num_decimal 0.31742296915
noel SNARC dot DC up 10 num_decimal 0.243071824196
noel SNARC dot DC down 40 lctrl 0.269348044647
noel SNARC dot DC down 45 lctrl 0.25839245622
noel SNARC dot DC up 45 num_decimal 0.314103962271
noel SNARC dot DC down 25 lctrl 0.264966322342
noel SNARC dot DC up 35 num_decimal 0.335664464277
noel SNARC dot DC up 35 num_decimal 0.307134945644
noel SNARC dot DC up 15 num_decimal 0.286719267955
noel SNARC dot DC up 10 num_decimal 0.298432655516
noel SNARC dot DC down 5 lctrl 0.295434387401
noel SNARC dot DC up 30 num_decimal 0.305858832086
noel SNARC dot DC up 25 num_decimal 0.298515620059
noel SNARC dot DC up 40 num_decimal 0.301381743513
noel SNARC dot DC down 10 lctrl 0.29427117412
noel SNARC dot DC up 5 num_decimal 0.326338229934
noel SNARC dot DC up 20 num_decimal 0.312559283222
noel SNARC dot DC up 10 num_decimal 0.275274445652
noel SNARC dot DC down 5 lctrl 0.272763700923
noel SNARC dot DC down 40 lctrl 0.296470160596
noel SNARC dot DC down 30 lctrl 0.271358008846
noel SNARC dot DC down 45 lctrl 0.33762011677
noel SNARC dot DC up 40 num_decimal 0.395326619153
noel SNARC dot DC down 5 lctrl 0.336011290085
noel SNARC dot DC up 45 num_decimal 0.24742917018
noel SNARC dot DC up 35 num_decimal 0.310908546555
noel SNARC dot DC down 25 lctrl 0.317840785137
noel SNARC dot DC up 10 num_decimal 0.272471614648
noel SNARC dot DC up 10 num_decimal 0.289003357058
noel SNARC dot DC up 45 num_decimal 0.285624906421
noel SNARC dot DC up 45 num_decimal 0.28315992048
noel SNARC dot DC down 40 lctrl 0.290964141372
noel SNARC dot DC down 25 lctrl 0.313343596994
noel SNARC dot DC down 40 lctrl 0.356578356586
noel SNARC dot DC down 40 lctrl 0.291294288705
noel SNARC dot DC down 10 lctrl 0.436069022981
noel SNARC dot DC up 45 num_decimal 0.313041674788
noel SNARC dot DC down 35 lctrl 0.28626852273
noel SNARC dot DC up 10 num_decimal 0.363510595053
noel SNARC dot DC down 15 lctrl 0.283293347806
noel SNARC dot DC up 15 num_decimal 0.251712532365
noel SNARC dot DC down 35 lctrl 0.359775055083
noel SNARC dot DC down 20 lctrl 0.315500245895
noel SNARC dot DC up 20 num_decimal 0.273130626301
noel SNARC dot DC up 35 num_decimal 0.355254773633
noel SNARC dot DC down 15 lctrl 0.293890991481
noel SNARC dot DC down 20 lctrl 0.301245322567
noel SNARC dot DC up 20 num_decimal 0.298157675308
noel SNARC dot DC down 25 lctrl 0.279598434805
noel SNARC dot DC down 20 lctrl 0.292042252026
noel SNARC dot DC down 5 lctrl 0.273787499755
noel SNARC dot DC up 10 num_decimal 0.343888639472
noel SNARC dot DC up 45 num_decimal 0.385433318326
noel SNARC dot DC down 35 lctrl 0.346071375185
noel SNARC dot DC down 40 lctrl 0.295910791727
noel SNARC dot DC down 20 lctrl 0.265714285779
noel SNARC dot DC down 30 lctrl 0.284880364314
noel SNARC dot DC down 45 lctrl 0.270852096612
noel SNARC dot DC up 15 num_decimal 0.421515598544
noel SNARC dot DC down 25 lctrl 0.278685397818
noel SNARC dot DC down 25 lctrl 0.304145658272
noel SNARC dot DC up 45 num_decimal 0.382435478037
noel SNARC dot DC up 40 num_decimal 0.320614535944
noel SNARC dot DC down 5 lctrl 0.278023820138
noel SNARC dot DC down 35 lctrl 0.276156264008
noel SNARC dot DC up 25 num_decimal 0.301304338616
noel SNARC dot DC down 10 lctrl 0.271569269011
noel SNARC dot DC down 25 lctrl 0.288367010886
noel SNARC dot DC down 10 lctrl 0.301900913008
noel SNARC dot DC up 10 num_decimal 0.298218829557
noel SNARC dot DC up 20 num_decimal 0.287026749691
noel SNARC dot DC down 45 lctrl 0.286947206361
noel SNARC dot DC up 30 lctrl 0.281140975538
noel SNARC dot DC up 15 num_decimal 2.6410601493
noel SNARC dot DC down 30 lctrl 0.287563025136
noel SNARC dot DC up 20 num_decimal 0.341364209773
noel SNARC dot DC down 35 lctrl 0.316785767791
noel SNARC dot DC up 25 num_decimal 0.3344323989
noel SNARC dot DC up 30 num_decimal 0.368985395762
noel SNARC dot DC down 40 lctrl 0.357435798738
noel SNARC dot DC down 10 lctrl 0.330149464426
noel SNARC dot DC down 35 lctrl 0.366992965224
noel SNARC dot DC down 10 lctrl 0.30621934263
noel SNARC dot DC down 20 lctrl 0.310013043345
noel SNARC dot DC down 25 lctrl 0.308064233395
noel SNARC dot DC up 25 num_decimal 0.308404644369
noel SNARC dot DC down 10 lctrl 0.345739517245
noel SNARC dot DC down 10 lctrl 0.294934462407
noel SNARC dot DC up 5 num_decimal 0.339594158228
noel SNARC dot DC up 15 num_decimal 0.3219197297
noel SNARC dot DC up 25 num_decimal 0.328466226114
noel SNARC dot DC up 45 num_decimal 0.300236063893
noel SNARC dot DC down 25 lctrl 0.285956336767
noel SNARC dot DC up 20 num_decimal 0.261606688495
noel SNARC dot DC down 25 lctrl 0.299471422215
noel SNARC dot DC down 30 lctrl 0.307963735191
noel SNARC dot DC up 40 num_decimal 0.309679474798
noel SNARC dot DC down 35 lctrl 0.309905702714
noel SNARC dot DC down 10 lctrl 0.266203091829
noel SNARC dot DC up 15 num_decimal 0.340903628618
noel SNARC dot DC up 35 num_decimal 0.320186028606
noel SNARC dot DC up 35 num_decimal 0.285162614658
noel SNARC dot DC down 35 lctrl 0.273733615642
noel SNARC dot DC up 35 num_decimal 0.279933286365
noel SNARC dot DC down 10 lctrl 0.292968118563
noel SNARC dot DC up 30 num_decimal 0.297580345185
noel SNARC dot DC up 15 num_decimal 0.319969209144
noel SNARC dot DC up 20 num_decimal 0.334091560333
noel SNARC dot DC down 40 lctrl 0.278558385093
noel SNARC dot DC down 40 lctrl 0.332017020555
noel SNARC dot DC down 15 lctrl 0.330550174345
noel SNARC dot DC down 20 lctrl 0.298502790509
noel SNARC dot DC up 15 num_decimal 0.321421515197
noel SNARC dot DC up 20 num_decimal 0.336429533549
noel SNARC dot DC down 25 lctrl 0.285419633496
noel SNARC dot DC down 40 lctrl 0.30056492833
noel SNARC dot DC down 5 lctrl 0.319894369924
noel SNARC dot DC up 40 num_decimal 0.459426091053
noel SNARC dot DC down 30 lctrl 0.290128081804
noel SNARC dot DC up 45 num_decimal 0.321654157829
noel SNARC dot DC up 45 num_decimal 0.311945602647
noel SNARC dot DC down 25 lctrl 0.300900635077
noel SNARC dot DC up 25 num_decimal 0.335158552043
noel SNARC dot DC down 40 lctrl 0.266436162288
noel SNARC dot DC up 30 num_decimal 0.315091410535
noel SNARC dot DC down 35 lctrl 0.30408878054
noel SNARC dot DC up 25 num_decimal 0.276305514621
noel SNARC dot DC down 25 lctrl 0.30343832192
noel SNARC dot DC up 45 num_decimal 0.273575811996
noel SNARC dot DC up 20 num_decimal 0.316473154235
noel SNARC dot DC down 20 lctrl 0.30352770118
noel SNARC dot DC down 45 lctrl 0.357606004225
noel SNARC dot DC down 40 lctrl 0.278122607851
noel SNARC dot DC down 25 lctrl 0.398140141508
noel SNARC dot DC down 35 lctrl 0.28103876661
noel SNARC dot DC down 25 lctrl 0.319736993988
noel SNARC dot DC up 20 num_decimal 0.312014026917
noel SNARC dot DC down 15 lctrl 0.294638954801
noel SNARC dot DC down 20 lctrl 0.334947719588
noel SNARC dot DC down 35 lctrl 0.324913721182
noel SNARC dot DC up 40 num_decimal 0.292152586277
noel SNARC dot DC up 25 num_decimal 0.355912930099
noel SNARC dot DC up 10 num_decimal 0.301545106689
noel SNARC dot DC down 30 lctrl 0.273328629206
noel SNARC dot DC down 35 lctrl 0.353272179142
noel SNARC dot DC up 45 num_decimal 0.362145529944
noel SNARC dot DC down 10 lctrl 0.294659482082
noel SNARC dot DC down 30 lctrl 0.311387516907
noel SNARC dot DC up 10 num_decimal 0.381870122161
noel SNARC dot DC down 25 lctrl 0.275145294843
noel SNARC dot DC up 35 num_decimal 0.251804477535
noel SNARC dot DC down 35 lctrl 0.28626552911
noel SNARC dot DC down 35 lctrl 0.366248423001
noel SNARC dot DC up 45 num_decimal 0.269870207645
noel SNARC dot DC down 45 lctrl 0.320364359533
noel SNARC dot DC up 15 lctrl 0.291646246333
noel SNARC dot DC up 45 num_decimal 0.58895845362
noel SNARC dot DC up 20 num_decimal 0.473723351955
noel SNARC dot DC up 20 num_decimal 0.312803900219
noel SNARC dot DC up 35 num_decimal 0.304222207866
noel SNARC dot DC up 35 num_decimal 0.392667051521
noel SNARC dot DC down 5 lctrl 0.303148373845
noel SNARC dot DC down 40 lctrl 0.378866294632
noel SNARC dot DC down 10 lctrl 0.323759060935
noel SNARC dot DC down 10 lctrl 0.317894241656
noel SNARC dot DC down 45 lctrl 0.330286313081
noel SNARC dot DC down 25 lctrl 0.282478670822
noel SNARC dot DC up 15 num_decimal 0.371383240214
noel SNARC dot DC up 15 num_decimal 0.345771163469
noel SNARC dot DC up 5 num_decimal 0.321918874397
noel SNARC dot DC up 25 num_decimal 0.293824277702
noel SNARC dot DC up 30 num_decimal 0.257939145085
noel SNARC dot DC up 30 num_decimal 0.281770906877
noel SNARC dot DC up 30 num_decimal 0.266506297165
noel SNARC dot DC up 45 num_decimal 0.285201530904
noel SNARC dot DC down 20 lctrl 0.276331173722
noel SNARC dot DC up 15 num_decimal 0.293113092543
noel SNARC dot DC up 5 num_decimal 0.322400838253
noel SNARC dot DC up 30 num_decimal 0.272017875919
noel SNARC dot DC down 25 lctrl 0.328718968434
noel SNARC dot DC up 5 num_decimal 0.248350332491
noel SNARC dot DC up 40 num_decimal 0.319064725074
noel SNARC dot DC down 10 lctrl 0.343954070122
noel SNARC dot DC down 40 lctrl 0.336324331234
noel SNARC dot DC down 35 lctrl 0.319346975419
noel SNARC dot DC up 5 num_decimal 0.326695319382
noel SNARC dot DC up 35 num_decimal 0.321417238563
noel SNARC dot DC down 45 lctrl 0.293757136445
noel SNARC dot DC up 15 num_decimal 0.301136271213
noel SNARC dot DC down 30 lctrl 0.258711912204
noel SNARC dot DC up 10 num_decimal 0.272911240812
noel SNARC dot DC down 10 lctrl 0.315392905264
noel SNARC dot DC down 40 lctrl 0.410240554251
noel SNARC dot DC up 45 num_decimal 0.389601642266
noel SNARC dot DC up 20 num_decimal 0.336930741789
noel SNARC dot DC down 45 lctrl 0.339017683407
noel SNARC dot DC up 45 num_decimal 0.363496054895
noel SNARC dot DC up 10 num_decimal 0.353953856393
noel SNARC dot DC down 20 lctrl 0.284693908063
noel SNARC dot DC down 5 lctrl 0.337575640995
noel SNARC dot DC up 30 num_decimal 0.274630401749
noel SNARC dot DC down 10 lctrl 0.281493788352
noel SNARC dot DC down 25 lctrl 0.320868988871
noel SNARC dot DC down 20 lctrl 0.290820450289
noel SNARC dot DC down 25 lctrl 0.286896315753
noel SNARC dot DC down 5 lctrl 0.27603395551
noel SNARC dot DC up 15 num_decimal 0.348378557595
noel SNARC dot DC down 5 lctrl 0.287224752479
noel SNARC dot DC up 45 num_decimal 0.43255329621
noel SNARC dot DC down 15 lctrl 0.311489298008
noel SNARC dot DC down 40 lctrl 0.38339042489
noel SNARC dot DC down 25 lctrl 0.34832082456
noel SNARC dot DC up 20 num_decimal 0.359817820252
noel SNARC dot DC down 20 lctrl 0.460240340442
noel SNARC dot DC down 30 lctrl 0.353418863728
noel SNARC dot DC down 10 lctrl 0.325015074806
noel SNARC dot DC down 35 lctrl 0.296738298261
noel SNARC dot DC down 30 lctrl 0.285626617144
noel SNARC dot DC down 30 lctrl 0.281430068193
noel SNARC dot DC down 45 lctrl 0.273123356164
noel SNARC dot DC up 20 num_decimal 0.274061196949
noel SNARC dot DC up 20 num_decimal 0.306493467651
noel SNARC dot DC down 40 lctrl 0.287178566097
noel SNARC dot DC down 25 lctrl 0.273054931895
noel SNARC dot DC down 45 lctrl 0.271674899035
noel SNARC dot DC up 5 num_decimal 0.316263176966
noel SNARC dot DC down 15 lctrl 0.303768896963
noel SNARC dot DC down 10 num_decimal 0.265070669469
noel SNARC dot DC down 10 lctrl 0.524412513128
noel SNARC dot DC down 35 lctrl 0.418708918616
noel SNARC dot DC up 15 num_decimal 0.29141531419
noel SNARC dot DC down 15 lctrl 0.289288600907
noel SNARC dot DC up 45 num_decimal 0.355265037273
noel SNARC dot DC down 35 lctrl 0.319833215675
noel SNARC dot DC down 15 lctrl 0.282785724965
noel SNARC dot DC down 15 lctrl 0.268520110403
noel SNARC dot DC up 40 num_decimal 0.516125473077
noel SNARC dot DC up 30 num_decimal 0.352902687737
noel SNARC dot DC up 15 num_decimal 0.318341565668
noel SNARC dot DC down 5 lctrl 0.252819295623
noel SNARC dot DC down 25 lctrl 0.248946906999
noel SNARC dot DC up 40 num_decimal 0.30596488982
noel SNARC dot DC up 20 num_decimal 0.310282036429
noel SNARC dot DC down 10 lctrl 0.282564201159
noel SNARC dot DC up 40 num_decimal 0.306071802741
noel SNARC dot DC down 5 lctrl 0.278108067694
noel SNARC dot DC up 45 num_decimal 0.278524173074
noel SNARC dot DC down 5 lctrl 0.279251608998
noel SNARC dot DC up 5 num_decimal 0.332859494956
noel SNARC dot DC up 25 num_decimal 0.321852588444
noel SNARC dot DC down 30 lctrl 0.275022558752
noel SNARC dot DC up 20 num_decimal 0.335545576992
noel SNARC dot DC up 15 num_decimal 0.300702204579
noel SNARC dot DC down 5 lctrl 0.304350503488
noel SNARC dot DC down 20 lctrl 0.32043962623
noel SNARC dot DC down 15 lctrl 0.343115016934
noel SNARC dot DC down 15 lctrl 0.277896379936
noel SNARC dot DC up 20 lctrl 0.288556033047
noel SNARC dot DC down 30 num_decimal 0.331793786259
noel SNARC dot DC down 5 lctrl 3.81760215538
noel SNARC dot DC up 5 num_decimal 0.725655269693
noel SNARC dot DC up 45 num_decimal 0.51864477084
noel SNARC dot DC up 15 num_decimal 0.300585883204
noel SNARC dot DC down 5 lctrl 0.312680308823
noel SNARC dot DC up 40 num_decimal 0.312120084767
noel SNARC dot DC down 30 lctrl 0.289287745603
noel SNARC dot DC down 40 lctrl 0.315784206847
noel SNARC dot DC down 40 lctrl 0.319752817159
noel SNARC dot DC down 15 lctrl 0.29279577476
noel SNARC dot DC down 15 lctrl 0.276035238523
noel SNARC dot DC up 10 num_decimal 0.32248123677
noel SNARC dot DC up 5 num_decimal 0.320989586646
noel SNARC dot DC up 15 num_decimal 0.304695618688
noel SNARC dot DC down 35 lctrl 0.338236790849
noel SNARC dot DC down 35 lctrl 0.261455727392
noel SNARC dot DC down 30 lctrl 0.273305963608
noel SNARC dot DC down 20 lctrl 0.308113413397
noel SNARC dot DC down 35 lctrl 0.345760899712
noel SNARC dot DC up 40 num_decimal 0.360799281625
noel SNARC dot DC up 35 num_decimal 0.307505292236
noel SNARC dot DC down 45 lctrl 0.360787734855
noel SNARC dot DC down 45 lctrl 0.328350332449
noel SNARC dot DC down 30 lctrl 0.337971646688
noel SNARC dot DC down 30 lctrl 0.356641649036
noel SNARC dot DC up 30 num_decimal 0.302893493208
noel SNARC dot DC up 40 num_decimal 0.406031603459
noel SNARC dot DC up 10 num_decimal 0.31356768671
noel SNARC dot DC down 30 lctrl 0.275244082441
noel SNARC dot DC down 40 lctrl 0.274926336948
noel SNARC dot DC down 15 lctrl 0.272053798544
noel SNARC dot DC down 35 lctrl 0.256311074016
noel SNARC dot DC up 5 num_decimal 0.311802766984
noel SNARC dot DC down 5 lctrl 0.286040584208
noel SNARC dot DC up 25 lctrl 0.259636495844
noel SNARC dot DC down 5 lctrl 0.364013941493
noel SNARC dot DC up 15 num_decimal 0.324222635711
noel SNARC dot DC up 20 num_decimal 0.340123163769
noel SNARC dot DC down 30 lctrl 0.286138088792
noel SNARC dot DC up 30 num_decimal 0.304111873731
noel SNARC dot DC up 35 num_decimal 0.328143776627
noel SNARC dot DC down 20 lctrl 0.350671199732
noel SNARC dot DC up 10 num_decimal 0.297791177523
noel SNARC dot DC down 40 lctrl 0.297426818055
noel SNARC dot DC up 40 num_decimal 0.289110270096
noel SNARC dot DC down 15 lctrl 0.257290824666
noel SNARC dot DC up 5 num_decimal 0.270091303624
noel SNARC dot DC down 25 lctrl 0.307972715818
noel SNARC dot DC down 30 lctrl 0.370015609311
noel SNARC dot DC down 30 lctrl 0.319023670629
noel SNARC dot DC down 40 lctrl 0.426395107643
noel SNARC dot DC down 40 lctrl 0.346164175542
noel SNARC dot DC up 25 num_decimal 0.32182992273
noel SNARC dot DC up 45 num_decimal 0.351807043422
noel SNARC dot DC down 5 lctrl 0.423296769033
noel SNARC dot DC down 45 lctrl 0.390875189798
noel SNARC dot DC down 35 lctrl 0.329008061206
noel SNARC dot DC up 45 num_decimal 0.301858147839
noel SNARC dot DC down 35 lctrl 0.32493125496
noel SNARC dot DC up 15 num_decimal 0.320089806919
noel SNARC dot DC up 5 lctrl 0.320451600477
noel SNARC dot DC up 15 num_decimal 0.521832061117
noel SNARC dot DC up 5 num_decimal 0.389339491492
noel SNARC dot DC down 25 lctrl 0.32558171358
noel SNARC dot DC down 5 lctrl 0.303706887295
noel SNARC dot DC down 40 lctrl 0.305491478997
noel SNARC dot DC down 35 lctrl 0.310566852801
noel SNARC dot DC down 25 lctrl 0.277448628331
noel SNARC dot DC down 40 lctrl 0.293643808691
noel SNARC dot DC up 15 num_decimal 0.326939936262
noel SNARC dot DC down 20 lctrl 0.289925374673
noel SNARC dot DC down 30 lctrl 0.35461115744
noel SNARC dot DC down 5 lctrl 0.32168067235
noel SNARC dot DC down 45 lctrl 0.315203883103
noel SNARC dot DC down 25 lctrl 0.295803878806
noel SNARC dot DC up 20 num_decimal 0.323585861828
noel SNARC dot DC up 30 num_decimal 0.316021553706
noel SNARC dot DC up 10 num_decimal 0.31373276026
noel SNARC dot DC up 40 num_decimal 0.291876750649
noel SNARC dot DC up 30 num_decimal 0.28085487627
noel SNARC dot DC down 20 lctrl 0.358193597989
noel SNARC dot DC up 10 num_decimal 0.429175700876
noel SNARC dot DC up 30 num_decimal 0.325059550581
noel SNARC dot DC up 5 num_decimal 0.309934783145
noel SNARC dot DC up 5 num_decimal 0.336778497673
noel SNARC dot DC up 30 num_decimal 0.297925460269
noel SNARC dot DC down 25 lctrl 0.35240575613
noel SNARC dot DC down 5 lctrl 0.323720144574
noel SNARC dot DC down 30 lctrl 0.632609318476
{'task': 'line', 'participant': 'noel', 'dateStr': '05_31_1751', 'notation': 'arabic', 'response_buttons': 'DC', 'range_in_instr': True, 'interactive_setting': False, 'autopilot': False, 'exp_id': 'SNARC'}
noel SNARC arabic DC up 8 num_decimal 1.05788868223
noel SNARC arabic DC down 6 lctrl 0.43001004972
noel SNARC arabic DC down 9 lctrl 0.443370752851
noel SNARC arabic DC up 5 num_decimal 0.585566745722
noel SNARC arabic DC down 8 lctrl 0.368246840779
noel SNARC arabic DC up 3 num_decimal 0.557563666604
noel SNARC arabic DC down 8 lctrl 0.444363333052
noel SNARC arabic DC up 9 num_decimal 0.458305215114
noel SNARC arabic DC up 5 num_decimal 0.400683387765
noel SNARC arabic DC up 6 num_decimal 0.361131994752
noel SNARC arabic DC down 8 lctrl 0.618126456626
noel SNARC arabic DC up 6 num_decimal 0.412328778883
noel SNARC arabic DC down 9 lctrl 0.566363461432
noel SNARC arabic DC up 8 num_decimal 0.428757884772
noel SNARC arabic DC up 3 num_decimal 0.395809010603
noel SNARC arabic DC down 7 num_decimal 0.348798939493
noel SNARC arabic DC down 8 lctrl 0.590224303422
noel SNARC arabic DC down 1 lctrl 0.37532148743
noel SNARC arabic DC up 6 num_decimal 0.42436803726
noel SNARC arabic DC down 2 lctrl 0.332935189246
noel SNARC arabic DC down 4 lctrl 0.44260739407
noel SNARC arabic DC down 4 lctrl 0.361026364728
noel SNARC arabic DC up 8 num_decimal 0.343882652349
noel SNARC arabic DC up 1 num_decimal 0.324827335542
noel SNARC arabic DC up 9 num_decimal 0.328106998582
noel SNARC arabic DC down 3 lctrl 0.310654948931
noel SNARC arabic DC up 4 num_decimal 0.361099920934
noel SNARC arabic DC up 4 num_decimal 0.349715825287
noel SNARC arabic DC up 2 num_decimal 0.362880236004
noel SNARC arabic DC down 2 lctrl 0.306364316726
noel SNARC arabic DC up 4 num_decimal 0.310423161602
noel SNARC arabic DC up 1 num_decimal 0.306594821042
noel SNARC arabic DC down 6 lctrl 0.332495135488
noel SNARC arabic DC up 7 num_decimal 0.335291979485
noel SNARC arabic DC down 7 lctrl 0.373450937681
noel SNARC arabic DC down 3 lctrl 0.381038766704
noel SNARC arabic DC down 7 lctrl 0.355913357693
noel SNARC arabic DC down 1 lctrl 0.348733508727
noel SNARC arabic DC up 2 num_decimal 0.385736523545
noel SNARC arabic DC up 8 num_decimal 0.324572027312
noel SNARC arabic DC up 1 num_decimal 0.259508200223
noel SNARC arabic DC up 4 num_decimal 0.345080077881
noel SNARC arabic DC up 6 num_decimal 0.317868582555
noel SNARC arabic DC down 9 lctrl 0.354306669207
noel SNARC arabic DC up 5 num_decimal 0.304071674473
noel SNARC arabic DC up 2 num_decimal 0.331494429847
noel SNARC arabic DC up 5 num_decimal 0.318911198061
noel SNARC arabic DC down 3 lctrl 0.31128316978
noel SNARC arabic DC down 5 lctrl 0.358589603682
noel SNARC arabic DC up 8 num_decimal 0.374368678778
noel SNARC arabic DC up 1 num_decimal 0.406656403095
noel SNARC arabic DC up 5 num_decimal 0.318999294424
noel SNARC arabic DC up 5 num_decimal 0.295273162774
noel SNARC arabic DC up 2 num_decimal 0.327065238263
noel SNARC arabic DC up 8 num_decimal 0.299281544634
noel SNARC arabic DC down 7 lctrl 0.481753800763
noel SNARC arabic DC up 9 num_decimal 0.300847606151
noel SNARC arabic DC down 8 lctrl 0.422473539016
noel SNARC arabic DC down 1 lctrl 0.431715953513
noel SNARC arabic DC down 7 lctrl 0.357583338628
noel SNARC arabic DC down 8 lctrl 0.340875403606
noel SNARC arabic DC down 1 lctrl 0.364772596047
noel SNARC arabic DC up 9 num_decimal 0.318495947984
noel SNARC arabic DC down 2 lctrl 0.309306134703
noel SNARC arabic DC down 1 lctrl 0.346605084836
noel SNARC arabic DC up 8 num_decimal 0.522228066809
noel SNARC arabic DC down 8 lctrl 0.489777834737
noel SNARC arabic DC down 6 lctrl 0.302082665148
noel SNARC arabic DC down 9 lctrl 0.298398870975
noel SNARC arabic DC up 9 num_decimal 0.378798297956
noel SNARC arabic DC down 4 lctrl 0.349400218111
noel SNARC arabic DC up 7 num_decimal 0.523169328691
noel SNARC arabic DC up 3 num_decimal 0.409356169985
noel SNARC arabic DC down 2 lctrl 0.39769966004
noel SNARC arabic DC up 3 num_decimal 0.326378001482
noel SNARC arabic DC down 1 lctrl 0.381159792189
noel SNARC arabic DC down 1 lctrl 0.410430431715
noel SNARC arabic DC up 8 num_decimal 0.293518078979
noel SNARC arabic DC down 9 lctrl 0.389564436395
noel SNARC arabic DC down 3 lctrl 0.327884619473
noel SNARC arabic DC down 6 lctrl 0.313292706385
noel SNARC arabic DC down 9 lctrl 0.34234909236
noel SNARC arabic DC up 1 num_decimal 0.341890649404
noel SNARC arabic DC up 5 num_decimal 0.404250005377
noel SNARC arabic DC down 1 lctrl 0.334476447082
noel SNARC arabic DC down 2 lctrl 0.338230376132
noel SNARC arabic DC up 1 num_decimal 0.34210447548
noel SNARC arabic DC up 9 num_decimal 0.341025936999
noel SNARC arabic DC up 9 num_decimal 0.301747813588
noel SNARC arabic DC down 5 lctrl 0.340779609629
noel SNARC arabic DC down 9 lctrl 0.318677272415
noel SNARC arabic DC up 5 num_decimal 0.370881604613
noel SNARC arabic DC down 8 lctrl 0.28675091418
noel SNARC arabic DC down 2 lctrl 0.333897406235
noel SNARC arabic DC up 2 num_decimal 0.328491029912
noel SNARC arabic DC down 9 lctrl 0.350707550184
noel SNARC arabic DC down 6 lctrl 0.329933927744
noel SNARC arabic DC down 8 lctrl 0.339837064501
noel SNARC arabic DC up 6 num_decimal 0.32460966066
noel SNARC arabic DC up 3 num_decimal 0.350897855242
noel SNARC arabic DC up 7 num_decimal 0.327858105069
noel SNARC arabic DC down 5 lctrl 0.337583338725
noel SNARC arabic DC up 1 num_decimal 0.287394102663
noel SNARC arabic DC up 1 num_decimal 0.319417965598
noel SNARC arabic DC up 4 num_decimal 0.336102807429
noel SNARC arabic DC down 8 lctrl 0.268943058094
noel SNARC arabic DC down 7 lctrl 0.355831676163
noel SNARC arabic DC up 8 num_decimal 0.313628840842
noel SNARC arabic DC down 2 lctrl 0.300495221047
noel SNARC arabic DC down 1 num_decimal 0.31126948481
noel SNARC arabic DC down 5 lctrl 0.512057219865
noel SNARC arabic DC up 2 num_decimal 0.548073641723
noel SNARC arabic DC down 5 lctrl 0.326157333213
noel SNARC arabic DC up 4 num_decimal 0.381300489651
noel SNARC arabic DC up 8 num_decimal 0.33720144548
noel SNARC arabic DC up 1 num_decimal 0.346343789482
noel SNARC arabic DC up 1 num_decimal 0.335908225854
noel SNARC arabic DC down 8 lctrl 0.354048795067
noel SNARC arabic DC down 4 lctrl 0.366869373713
noel SNARC arabic DC down 5 lctrl 0.3587867514
noel SNARC arabic DC up 8 num_decimal 0.416710928548
noel SNARC arabic DC up 2 num_decimal 0.330971839023
noel SNARC arabic DC down 8 lctrl 0.341872688034
noel SNARC arabic DC up 7 lctrl 0.339674984571
noel SNARC arabic DC up 7 num_decimal 0.608226741082
noel SNARC arabic DC up 5 num_decimal 0.3671157012
noel SNARC arabic DC down 8 lctrl 0.384052857757
noel SNARC arabic DC up 9 num_decimal 0.31642525713
noel SNARC arabic DC up 1 num_decimal 0.337872858974
noel SNARC arabic DC down 7 lctrl 0.407455256907
noel SNARC arabic DC down 2 lctrl 0.37064896198
noel SNARC arabic DC up 2 num_decimal 0.330927363248
noel SNARC arabic DC down 5 lctrl 0.368477772805
noel SNARC arabic DC up 9 num_decimal 0.353515085415
noel SNARC arabic DC up 1 num_decimal 0.344850001042
noel SNARC arabic DC down 6 lctrl 0.300508050481
noel SNARC arabic DC up 4 num_decimal 0.326719695469
noel SNARC arabic DC up 3 num_decimal 0.352108538034
noel SNARC arabic DC up 7 num_decimal 0.418374067172
noel SNARC arabic DC down 1 lctrl 0.363648299011
noel SNARC arabic DC down 9 lctrl 0.527982979547
noel SNARC arabic DC up 3 num_decimal 0.35633587779
noel SNARC arabic DC down 3 lctrl 0.368438856443
noel SNARC arabic DC up 5 num_decimal 0.348440994741
noel SNARC arabic DC up 4 num_decimal 0.438044347451
noel SNARC arabic DC up 7 num_decimal 0.3540530717
noel SNARC arabic DC down 2 lctrl 0.318797015003
noel SNARC arabic DC down 6 lctrl 0.357124468079
noel SNARC arabic DC up 3 num_decimal 0.335201317095
noel SNARC arabic DC up 6 num_decimal 0.322797699249
noel SNARC arabic DC up 1 num_decimal 0.340018388932
noel SNARC arabic DC up 8 num_decimal 0.332877028617
noel SNARC arabic DC down 2 lctrl 0.469702140428
noel SNARC arabic DC down 5 lctrl 0.343625633395
noel SNARC arabic DC down 4 lctrl 0.319930720376
noel SNARC arabic DC up 5 lctrl 0.324129407527
noel SNARC arabic DC up 4 num_decimal 0.420119314804
noel SNARC arabic DC down 4 lctrl 0.400631214259
noel SNARC arabic DC up 8 num_decimal 0.35910449666
noel SNARC arabic DC down 7 lctrl 0.350589945796
noel SNARC arabic DC down 1 lctrl 0.363904034952
noel SNARC arabic DC down 2 lctrl 0.355521628517
noel SNARC arabic DC down 7 lctrl 0.316820407519
noel SNARC arabic DC down 9 lctrl 0.327408642857
noel SNARC arabic DC up 1 num_decimal 0.326608078321
noel SNARC arabic DC up 5 num_decimal 0.394699681434
noel SNARC arabic DC down 8 lctrl 0.358986892388
noel SNARC arabic DC up 4 num_decimal 0.352244531387
noel SNARC arabic DC down 8 lctrl 0.363507173839
noel SNARC arabic DC down 7 lctrl 0.487409925787
noel SNARC arabic DC up 6 num_decimal 0.297913058312
noel SNARC arabic DC up 7 num_decimal 0.496572369477
noel SNARC arabic DC up 2 num_decimal 0.381181602483
noel SNARC arabic DC up 9 num_decimal 0.320054311771
noel SNARC arabic DC up 5 num_decimal 0.321321016992
noel SNARC arabic DC down 6 lctrl 0.443610238028
noel SNARC arabic DC down 5 lctrl 0.32028353319
noel SNARC arabic DC down 8 lctrl 0.320395578048
noel SNARC arabic DC down 2 lctrl 0.302571471431
noel SNARC arabic DC down 4 lctrl 0.307555755135
noel SNARC arabic DC up 1 num_decimal 0.354211730417
noel SNARC arabic DC up 2 num_decimal 0.355930036167
noel SNARC arabic DC up 7 num_decimal 0.320641905651
noel SNARC arabic DC down 3 lctrl 0.403536254191
noel SNARC arabic DC down 7 lctrl 0.327280347236
noel SNARC arabic DC up 7 num_decimal 0.344027626328
noel SNARC arabic DC up 7 num_decimal 0.358817542321
noel SNARC arabic DC up 4 num_decimal 0.387779417098
noel SNARC arabic DC up 2 num_decimal 0.329450253397
noel SNARC arabic DC up 4 num_decimal 0.300774050062
noel SNARC arabic DC up 8 num_decimal 0.289781256113
noel SNARC arabic DC up 5 num_decimal 0.3345803665
noel SNARC arabic DC down 4 lctrl 0.368882759125
noel SNARC arabic DC up 3 num_decimal 0.330884598079
noel SNARC arabic DC up 6 num_decimal 0.321612247964
noel SNARC arabic DC up 1 num_decimal 0.313769965898
noel SNARC arabic DC up 3 num_decimal 0.291706972755
noel SNARC arabic DC down 2 lctrl 0.374048795085
noel SNARC arabic DC up 5 num_decimal 0.276417559362
noel SNARC arabic DC up 9 num_decimal 0.289717963547
noel SNARC arabic DC down 4 lctrl 0.398798297974
noel SNARC arabic DC up 1 num_decimal 0.251465777168
noel SNARC arabic DC up 4 num_decimal 0.301370196976
noel SNARC arabic DC up 5 num_decimal 0.305185280158
noel SNARC arabic DC down 2 num_decimal 0.291828426067
noel SNARC arabic DC down 7 lctrl 0.519675839809
noel SNARC arabic DC up 5 num_decimal 0.30130134488
noel SNARC arabic DC up 1 num_decimal 0.289605063386
noel SNARC arabic DC down 3 lctrl 0.351340047433
noel SNARC arabic DC up 9 num_decimal 0.268683045753
noel SNARC arabic DC up 8 num_decimal 0.290478328709
noel SNARC arabic DC up 2 num_decimal 0.277411422576
noel SNARC arabic DC up 2 num_decimal 0.344891911023
noel SNARC arabic DC down 9 lctrl 0.366096606595
noel SNARC arabic DC down 4 lctrl 0.393006607192
noel SNARC arabic DC down 9 lctrl 0.348934932728
noel SNARC arabic DC up 3 num_decimal 0.358396305121
noel SNARC arabic DC down 1 lctrl 0.356249919743
noel SNARC arabic DC down 3 lctrl 0.334974233992
noel SNARC arabic DC down 2 lctrl 0.281619090354
noel SNARC arabic DC down 3 lctrl 0.311374259531
noel SNARC arabic DC up 9 num_decimal 0.349412619951
noel SNARC arabic DC down 6 lctrl 0.343335257843
noel SNARC arabic DC up 8 num_decimal 0.314555990393
noel SNARC arabic DC up 7 num_decimal 0.361999272951
noel SNARC arabic DC up 5 num_decimal 0.337835653336
noel SNARC arabic DC down 1 lctrl 0.401893642964
noel SNARC arabic DC down 5 lctrl 0.364282506867
noel SNARC arabic DC up 7 num_decimal 0.27547244844
noel SNARC arabic DC down 7 num_decimal 0.34039942699
noel SNARC arabic DC up 2 num_decimal 2.38640237774
noel SNARC arabic DC up 7 num_decimal 0.372342463699
noel SNARC arabic DC down 3 lctrl 0.399972630315
noel SNARC arabic DC up 2 num_decimal 0.296547993319
noel SNARC arabic DC down 2 lctrl 0.451097568846
noel SNARC arabic DC up 9 num_decimal 0.317823251477
noel SNARC arabic DC down 7 lctrl 0.34872067906
noel SNARC arabic DC up 9 num_decimal 0.296734449454
noel SNARC arabic DC down 3 lctrl 0.473210169584
noel SNARC arabic DC up 8 num_decimal 0.439263155567
noel SNARC arabic DC up 8 num_decimal 0.372336048866
noel SNARC arabic DC up 4 num_decimal 0.405278080725
noel SNARC arabic DC up 5 num_decimal 0.338353967527
noel SNARC arabic DC up 4 num_decimal 0.330665212707
noel SNARC arabic DC up 3 num_decimal 0.279257596121
noel SNARC arabic DC down 5 lctrl 0.408052259125
noel SNARC arabic DC up 9 num_decimal 0.249590523192
noel SNARC arabic DC down 9 lctrl 0.401527145179
noel SNARC arabic DC down 6 num_decimal 0.257527743932
noel SNARC arabic DC up 2 num_decimal 0.455009301426
noel SNARC arabic DC down 8 lctrl 0.410929501639
noel SNARC arabic DC up 4 num_decimal 0.371556439437
noel SNARC arabic DC up 9 num_decimal 0.410840549972
noel SNARC arabic DC up 7 num_decimal 0.363742810092
noel SNARC arabic DC down 9 lctrl 0.390076335869
noel SNARC arabic DC down 5 lctrl 0.524838882033
noel SNARC arabic DC down 2 lctrl 0.350991511135
noel SNARC arabic DC up 3 num_decimal 0.409507558797
noel SNARC arabic DC down 7 lctrl 0.390519810957
noel SNARC arabic DC down 6 lctrl 0.407425321289
noel SNARC arabic DC up 6 num_decimal 0.429125665571
noel SNARC arabic DC up 6 num_decimal 0.343873671605
noel SNARC arabic DC up 5 num_decimal 0.322535548592
noel SNARC arabic DC down 5 lctrl 0.320260867709
noel SNARC arabic DC up 3 num_decimal 0.315021703253
noel SNARC arabic DC down 4 lctrl 0.355908225873
noel SNARC arabic DC down 3 lctrl 0.352930057445
noel SNARC arabic DC down 2 lctrl 0.328636859311
noel SNARC arabic DC up 6 num_decimal 0.333779801964
noel SNARC arabic DC down 3 lctrl 0.311083456269
noel SNARC arabic DC up 2 num_decimal 0.306908717728
noel SNARC arabic DC down 9 lctrl 0.334582077106
noel SNARC arabic DC up 1 num_decimal 0.254741591285
noel SNARC arabic DC down 5 lctrl 0.281651591882
noel SNARC arabic DC down 3 num_decimal 0.232520794612
noel SNARC arabic DC down 6 lctrl 1.65573417151
noel SNARC arabic DC up 2 num_decimal 0.454456347506
noel SNARC arabic DC up 6 num_decimal 0.436140013277
noel SNARC arabic DC down 9 lctrl 0.435625975602
noel SNARC arabic DC up 6 num_decimal 0.360883956659
noel SNARC arabic DC down 9 lctrl 0.38111659931
noel SNARC arabic DC down 1 num_decimal 0.413757564034
noel SNARC arabic DC down 7 lctrl 0.634649646119
noel SNARC arabic DC down 1 lctrl 0.354497402092
noel SNARC arabic DC up 7 num_decimal 0.335610580049
noel SNARC arabic DC down 5 lctrl 0.297311351984
noel SNARC arabic DC up 5 num_decimal 0.420252314652
noel SNARC arabic DC down 4 lctrl 0.334947719472
noel SNARC arabic DC up 3 num_decimal 0.319995295838
noel SNARC arabic DC down 1 lctrl 0.312785938731
noel SNARC arabic DC up 4 num_decimal 0.345745504368
noel SNARC arabic DC down 4 lctrl 0.332186798332
noel SNARC arabic DC down 3 lctrl 0.348431586404
noel SNARC arabic DC down 6 lctrl 0.313861055882
noel SNARC arabic DC up 3 num_decimal 0.360559796449
noel SNARC arabic DC up 2 num_decimal 0.384253426455
noel SNARC arabic DC up 3 num_decimal 0.340672268998
noel SNARC arabic DC down 6 lctrl 0.330660936073
noel SNARC arabic DC up 1 num_decimal 0.29509825306
noel SNARC arabic DC up 4 num_decimal 0.3852785083
noel SNARC arabic DC down 9 lctrl 0.366954476456
noel SNARC arabic DC down 7 lctrl 0.360712468158
noel SNARC arabic DC up 3 num_decimal 0.326342078857
noel SNARC arabic DC up 2 num_decimal 0.34637115919
noel SNARC arabic DC down 6 lctrl 0.311521371943
noel SNARC arabic DC up 6 num_decimal 0.485472662374
noel SNARC arabic DC up 7 num_decimal 0.403659417992
noel SNARC arabic DC up 4 num_decimal 0.35315414716
noel SNARC arabic DC up 4 num_decimal 0.349289456266
noel SNARC arabic DC down 4 lctrl 0.344238458667
noel SNARC arabic DC up 4 lctrl 0.400088951574
noel SNARC arabic DC up 8 num_decimal 0.453456069459
noel SNARC arabic DC down 2 lctrl 0.361673829844
noel SNARC arabic DC down 3 lctrl 0.425432035467
noel SNARC arabic DC up 2 num_decimal 0.305804520263
noel SNARC arabic DC up 7 num_decimal 0.359904633602
noel SNARC arabic DC down 1 lctrl 0.357783052139
noel SNARC arabic DC up 9 num_decimal 0.313675882528
noel SNARC arabic DC down 5 lctrl 0.385250710882
noel SNARC arabic DC up 6 num_decimal 0.308702717652
noel SNARC arabic DC up 8 num_decimal 0.384434751002
noel SNARC arabic DC up 3 num_decimal 0.355233391048
noel SNARC arabic DC up 6 num_decimal 0.341552804341
noel SNARC arabic DC down 5 lctrl 0.320393867441
noel SNARC arabic DC down 1 num_decimal 0.397568370798
noel SNARC arabic DC up 3 num_decimal 2.08576688694
noel SNARC arabic DC up 3 num_decimal 0.526153484243
noel SNARC arabic DC up 4 num_decimal 0.449921098188
noel SNARC arabic DC down 4 lctrl 0.418737143627
noel SNARC arabic DC up 3 num_decimal 0.371839972679
noel SNARC arabic DC up 5 num_decimal 0.304686210351
noel SNARC arabic DC down 1 num_decimal 0.320786451921
noel SNARC arabic DC down 6 lctrl 0.946355763706
noel SNARC arabic DC down 6 lctrl 0.40514379798
noel SNARC arabic DC up 7 num_decimal 0.46638954815
noel SNARC arabic DC up 9 num_decimal 0.386795817642
noel SNARC arabic DC down 7 lctrl 0.371364423656
noel SNARC arabic DC down 6 lctrl 0.361510894378
noel SNARC arabic DC down 8 lctrl 0.338379626744
noel SNARC arabic DC down 7 lctrl 0.385766031686
noel SNARC arabic DC down 6 lctrl 0.313259349554
noel SNARC arabic DC down 6 lctrl 0.318264160655
noel SNARC arabic DC down 3 lctrl 0.325184852583
noel SNARC arabic DC down 7 lctrl 0.301944105886
noel SNARC arabic DC down 6 lctrl 0.333758846973
noel SNARC arabic DC down 9 lctrl 0.34415891557
noel SNARC arabic DC down 4 lctrl 0.332094853162
noel SNARC arabic DC up 9 num_decimal 0.320372912567
noel SNARC arabic DC down 8 lctrl 0.313205893035
noel SNARC arabic DC down 6 lctrl 0.344680223265
noel SNARC arabic DC down 4 lctrl 0.359548827168
noel SNARC arabic DC up 6 num_decimal 0.37170953874
noel SNARC arabic DC down 8 lctrl 0.359570637462
noel SNARC arabic DC up 7 num_decimal 0.346548634698
noel SNARC arabic DC up 3 num_decimal 0.373612590018
noel SNARC arabic DC up 5 num_decimal 0.322934975498
noel SNARC arabic DC down 6 lctrl 0.4119396155
noel SNARC arabic DC down 9 lctrl 0.317024825141
noel SNARC arabic DC down 4 lctrl 0.327084910241
noel SNARC arabic DC up 1 num_decimal 0.315601171809
{'task': 'line', 'participant': 'noel', 'dateStr': '05_31_1758', 'notation': 'empty', 'response_buttons': 'DC', 'range_in_instr': True, 'interactive_setting': False, 'autopilot': False, 'exp_id': 'SNARC'}
noel SNARC empty DC down 0 lctrl 0.966251416598
noel SNARC empty DC down 0 lctrl 0.540573908947
noel SNARC empty DC down 0 lctrl 0.375688840402
noel SNARC empty DC down 0 lctrl 0.362974747084
noel SNARC empty DC down 0 lctrl 0.339926016284
noel SNARC empty DC down 0 lctrl 0.312387794838
noel SNARC empty DC down 0 lctrl 0.29583124863
noel SNARC empty DC down 0 lctrl 0.319263155689
noel SNARC empty DC up 0 num_decimal 0.284197404166
noel SNARC empty DC up 0 num_decimal 0.39107704151
noel SNARC empty DC up 0 num_decimal 0.30032672605
noel SNARC empty DC up 0 num_decimal 0.267724677688
noel SNARC empty DC up 0 num_decimal 0.258343276335
noel SNARC empty DC down 0 lctrl 0.350324801751
noel SNARC empty DC down 0 lctrl 0.279995723511
noel SNARC empty DC down 0 lctrl 0.288308422547
noel SNARC empty DC down 0 lctrl 0.241728996974
noel SNARC empty DC down 0 lctrl 0.248219470959
noel SNARC empty DC down 0 lctrl 0.250737913419
noel SNARC empty DC up 0 lctrl 0.207812773995
noel SNARC empty DC down 0 num_decimal 0.310038702446
noel SNARC empty DC down 0 lctrl 0.909921953571
noel SNARC empty DC up 0 num_decimal 0.439262300264
noel SNARC empty DC up 0 num_decimal 0.576402591658
noel SNARC empty DC up 0 num_decimal 0.282887506066
noel SNARC empty DC up 0 num_decimal 0.285827613552
noel SNARC empty DC down 0 lctrl 0.280918168835
noel SNARC empty DC up 0 num_decimal 0.274705668562
noel SNARC empty DC down 0 lctrl 0.265947783715
noel SNARC empty DC down 0 lctrl 0.318053328199
noel SNARC empty DC up 0 num_decimal 0.278399726376
noel SNARC empty DC up 0 num_decimal 0.295649068779
noel SNARC empty DC up 0 num_decimal 0.285489340778
noel SNARC empty DC down 0 lctrl 0.338384330855
noel SNARC empty DC up 0 num_decimal 0.300617529429
noel SNARC empty DC up 0 num_decimal 0.297831804492
noel SNARC empty DC up 0 num_decimal 0.282126713311
noel SNARC empty DC down 0 lctrl 0.285431180033
noel SNARC empty DC down 0 lctrl 0.280278829159
noel SNARC empty DC up 0 num_decimal 0.303165052203
