{'task': u'line', 'participant': u'33', 'dateStr': u'09_24_1200', 'notation': u'arabic', 'response_buttons': u'CD', 'range_in_instr': True, 'interactive_setting': True, 'autopilot': False, 'exp_id': u'SNARC'}
33 SNARC arabic CD up 6 lctrl 2.301169123
33 SNARC arabic CD up 8 lctrl 1.02281096968
33 SNARC arabic CD up 7 lctrl 0.712964502154
33 SNARC arabic CD up 5 lctrl 0.654065298286
33 SNARC arabic CD down 8 num_decimal 1.04688005807
33 SNARC arabic CD up 9 lctrl 0.57074739251
33 SNARC arabic CD down 8 num_decimal 3.0715486339
33 SNARC arabic CD up 9 lctrl 0.663263738429
33 SNARC arabic CD down 5 num_decimal 0.650250346376
33 SNARC arabic CD down 3 num_decimal 0.585617340831
33 SNARC arabic CD up 1 lctrl 0.639494918705
33 SNARC arabic CD down 7 num_decimal 0.646107828648
33 SNARC arabic CD up 2 lctrl 0.697806533888
33 SNARC arabic CD down 5 num_decimal 0.682626167959
33 SNARC arabic CD up 3 lctrl 0.676498657365
33 SNARC arabic CD down 5 num_decimal 0.565089532907
33 SNARC arabic CD down 3 num_decimal 0.593025367803
33 SNARC arabic CD down 2 num_decimal 0.659368994845
33 SNARC arabic CD up 7 lctrl 0.729425034498
33 SNARC arabic CD down 1 num_decimal 0.564693024283
33 SNARC arabic CD down 2 num_decimal 0.705743005718
33 SNARC arabic CD up 9 lctrl 0.601704112176
33 SNARC arabic CD down 9 num_decimal 0.872276627934
33 SNARC arabic CD up 3 lctrl 0.658697414925
33 SNARC arabic CD up 4 lctrl 0.641779830275
33 SNARC arabic CD up 6 lctrl 0.578182716634
33 SNARC arabic CD down 9 num_decimal 0.490530863105
33 SNARC arabic CD down 9 num_decimal 0.508115828113
33 SNARC arabic CD up 5 lctrl 0.814648841394
33 SNARC arabic CD down 1 num_decimal 0.847798782197
33 SNARC arabic CD up 1 lctrl 0.785663466017
33 SNARC arabic CD up 8 lctrl 0.602406838846
33 SNARC arabic CD up 2 lctrl 0.659699010409
33 SNARC arabic CD up 9 lctrl 0.574046848211
33 SNARC arabic CD down 8 num_decimal 0.635798254452
33 SNARC arabic CD up 6 lctrl 0.858955967945
33 SNARC arabic CD down 9 num_decimal 0.68837536803
33 SNARC arabic CD down 6 num_decimal 0.611740364893
33 SNARC arabic CD down 6 num_decimal 0.635144872632
33 SNARC arabic CD up 4 lctrl 0.545392188325
33 SNARC arabic CD down 7 num_decimal 0.660506376159
33 SNARC arabic CD up 3 lctrl 0.549117899547
33 SNARC arabic CD up 2 lctrl 0.560343328174
33 SNARC arabic CD down 2 num_decimal 0.533107770204
33 SNARC arabic CD up 2 num_decimal 0.578656217223
33 SNARC arabic CD down 5 num_decimal 1.48548403974
33 SNARC arabic CD down 4 num_decimal 1.07032026208
33 SNARC arabic CD down 1 num_decimal 1.21179999867
33 SNARC arabic CD down 8 num_decimal 0.98467474919
33 SNARC arabic CD down 5 num_decimal 0.843016531225
33 SNARC arabic CD up 3 lctrl 0.516914259997
33 SNARC arabic CD up 8 lctrl 0.606566154822
33 SNARC arabic CD down 7 num_decimal 0.649868186254
33 SNARC arabic CD down 5 num_decimal 0.814665289677
33 SNARC arabic CD down 6 num_decimal 0.829171625941
33 SNARC arabic CD down 5 num_decimal 0.692264862162
33 SNARC arabic CD up 1 lctrl 0.502973464719
33 SNARC arabic CD down 3 num_decimal 0.805614884087
33 SNARC arabic CD down 6 num_decimal 0.729822243049
33 SNARC arabic CD up 1 lctrl 0.544999179336
33 SNARC arabic CD down 4 num_decimal 0.900800051515
33 SNARC arabic CD up 4 lctrl 0.573336072381
33 SNARC arabic CD down 7 num_decimal 0.820385792742
33 SNARC arabic CD down 9 num_decimal 0.658960937426
33 SNARC arabic CD up 2 lctrl 0.559349081923
33 SNARC arabic CD down 9 num_decimal 1.35856313394
33 SNARC arabic CD down 4 num_decimal 0.630543902744
33 SNARC arabic CD down 3 num_decimal 0.606624598723
33 SNARC arabic CD up 6 lctrl 0.544945634923
33 SNARC arabic CD up 3 lctrl 0.620620688231
33 SNARC arabic CD down 7 lctrl 0.691161777268
33 SNARC arabic CD down 2 num_decimal 1.35272469318
33 SNARC arabic CD up 5 lctrl 0.686890123015
33 SNARC arabic CD down 8 num_decimal 1.17397524568
33 SNARC arabic CD up 6 lctrl 0.492959609665
33 SNARC arabic CD down 1 num_decimal 0.551186883648
33 SNARC arabic CD up 6 lctrl 0.478626855288
33 SNARC arabic CD down 9 num_decimal 1.29691461696
33 SNARC arabic CD up 6 lctrl 0.502604953173
33 SNARC arabic CD up 1 lctrl 0.705404591031
33 SNARC arabic CD down 6 num_decimal 0.673378382966
33 SNARC arabic CD up 1 lctrl 0.587312563934
33 SNARC arabic CD down 7 num_decimal 0.607788577262
33 SNARC arabic CD up 9 lctrl 0.615874483498
33 SNARC arabic CD down 1 num_decimal 0.66437767219
33 SNARC arabic CD up 8 lctrl 0.860043654445
33 SNARC arabic CD up 6 lctrl 0.592375835582
33 SNARC arabic CD down 4 num_decimal 0.594105005142
33 SNARC arabic CD down 6 num_decimal 0.654109043721
33 SNARC arabic CD up 8 lctrl 0.601657567033
33 SNARC arabic CD up 9 lctrl 0.786706707155
33 SNARC arabic CD down 7 num_decimal 0.735064346035
33 SNARC arabic CD down 9 num_decimal 0.758510149466
33 SNARC arabic CD up 3 lctrl 0.605722742832
33 SNARC arabic CD down 3 num_decimal 1.33934488936
33 SNARC arabic CD up 9 lctrl 0.616404328209
33 SNARC arabic CD up 6 lctrl 0.617285186291
33 SNARC arabic CD up 4 lctrl 0.447251929261
33 SNARC arabic CD up 7 lctrl 0.517730024872
33 SNARC arabic CD up 1 lctrl 0.84734172989
33 SNARC arabic CD up 3 lctrl 0.649426882305
33 SNARC arabic CD down 2 num_decimal 0.536096108371
33 SNARC arabic CD up 1 lctrl 0.63036857104
33 SNARC arabic CD down 4 num_decimal 0.575119836245
33 SNARC arabic CD down 2 num_decimal 0.738481039504
33 SNARC arabic CD up 7 lctrl 0.573091447907
33 SNARC arabic CD up 7 lctrl 0.602790398822
33 SNARC arabic CD down 4 num_decimal 0.744576703421
33 SNARC arabic CD down 6 num_decimal 0.625442135113
33 SNARC arabic CD up 8 lctrl 0.662345434254
33 SNARC arabic CD up 9 lctrl 0.673753893781
33 SNARC arabic CD down 4 num_decimal 0.663837328575
33 SNARC arabic CD down 2 num_decimal 0.673373483477
33 SNARC arabic CD up 6 lctrl 0.634857552614
33 SNARC arabic CD up 2 lctrl 0.758299821413
33 SNARC arabic CD down 1 num_decimal 0.589681466739
33 SNARC arabic CD up 1 lctrl 0.615359337253
33 SNARC arabic CD down 1 num_decimal 0.900537928867
33 SNARC arabic CD up 3 lctrl 0.605407775698
33 SNARC arabic CD down 6 num_decimal 0.679003695965
33 SNARC arabic CD down 7 num_decimal 0.786746253028
33 SNARC arabic CD down 2 num_decimal 0.67763813846
33 SNARC arabic CD up 5 lctrl 0.506305467025
33 SNARC arabic CD down 4 num_decimal 1.0754412777
33 SNARC arabic CD down 4 num_decimal 0.546438579134
33 SNARC arabic CD up 4 lctrl 0.51611039388
33 SNARC arabic CD down 3 num_decimal 0.844634412399
33 SNARC arabic CD up 6 lctrl 0.530765814587
33 SNARC arabic CD down 2 num_decimal 0.659918087548
33 SNARC arabic CD up 4 lctrl 0.567651615554
33 SNARC arabic CD up 5 lctrl 0.701511247301
33 SNARC arabic CD up 8 lctrl 0.666709478866
33 SNARC arabic CD up 7 lctrl 0.644908503798
33 SNARC arabic CD down 7 num_decimal 0.660109867536
33 SNARC arabic CD up 5 lctrl 0.719187552779
33 SNARC arabic CD up 5 lctrl 0.62027772402
33 SNARC arabic CD up 5 lctrl 0.564461698422
33 SNARC arabic CD up 7 lctrl 0.630471810266
33 SNARC arabic CD up 4 lctrl 0.687125298475
33 SNARC arabic CD up 9 lctrl 0.772667572139
33 SNARC arabic CD up 3 lctrl 0.659004682861
33 SNARC arabic CD up 4 lctrl 0.687720586357
33 SNARC arabic CD down 1 num_decimal 0.574906708485
33 SNARC arabic CD up 7 lctrl 0.643310220579
33 SNARC arabic CD up 1 lctrl 0.639249944268
33 SNARC arabic CD up 4 lctrl 0.663443969622
33 SNARC arabic CD down 8 num_decimal 0.674778586855
33 SNARC arabic CD up 5 lctrl 0.969724659232
33 SNARC arabic CD down 1 num_decimal 0.63978993792
33 SNARC arabic CD up 8 lctrl 0.634333657283
33 SNARC arabic CD down 3 num_decimal 0.575545741802
33 SNARC arabic CD up 2 lctrl 0.619566948189
33 SNARC arabic CD down 8 lctrl 0.612636971332
33 SNARC arabic CD down 1 num_decimal 0.720398076461
33 SNARC arabic CD up 9 lctrl 0.64484341059
33 SNARC arabic CD down 4 num_decimal 0.589097027726
33 SNARC arabic CD up 7 lctrl 0.927731141255
33 SNARC arabic CD up 1 lctrl 0.418362093915
33 SNARC arabic CD down 2 num_decimal 0.583806979742
33 SNARC arabic CD down 3 lctrl 0.62981772852
33 SNARC arabic CD up 4 lctrl 1.83333059195
33 SNARC arabic CD down 7 num_decimal 0.579794998392
33 SNARC arabic CD up 2 lctrl 0.884857815087
33 SNARC arabic CD down 4 num_decimal 1.19798938981
33 SNARC arabic CD down 6 num_decimal 0.673425278072
33 SNARC arabic CD up 5 lctrl 0.615460826663
33 SNARC arabic CD down 8 num_decimal 0.900328650705
33 SNARC arabic CD down 8 num_decimal 0.77267877097
33 SNARC arabic CD down 6 num_decimal 0.692036336009
33 SNARC arabic CD down 7 num_decimal 0.653877367896
33 SNARC arabic CD up 3 lctrl 0.634089382773
33 SNARC arabic CD up 6 lctrl 0.691633878005
33 SNARC arabic CD up 1 lctrl 0.648732554758
33 SNARC arabic CD up 8 lctrl 0.549677491153
33 SNARC arabic CD up 5 lctrl 0.630760880102
33 SNARC arabic CD down 2 num_decimal 0.617437770369
33 SNARC arabic CD up 6 lctrl 0.677160788272
33 SNARC arabic CD up 6 lctrl 0.677915659501
33 SNARC arabic CD down 5 num_decimal 0.692737312861
33 SNARC arabic CD down 8 num_decimal 0.762639018619
33 SNARC arabic CD up 9 lctrl 0.728949084163
33 SNARC arabic CD down 7 num_decimal 0.635606474465
33 SNARC arabic CD down 4 num_decimal 0.691697221395
33 SNARC arabic CD down 7 num_decimal 0.592617310384
33 SNARC arabic CD down 3 num_decimal 0.620563994147
33 SNARC arabic CD down 2 num_decimal 0.724310318218
33 SNARC arabic CD up 8 lctrl 0.870373876486
33 SNARC arabic CD up 6 lctrl 0.606093704122
33 SNARC arabic CD down 5 num_decimal 0.876898245668
33 SNARC arabic CD down 6 num_decimal 0.663630500158
33 SNARC arabic CD down 8 num_decimal 0.521808499283
33 SNARC arabic CD down 2 num_decimal 0.479494064794
33 SNARC arabic CD down 8 num_decimal 0.658853498638
33 SNARC arabic CD down 5 num_decimal 0.663658497236
33 SNARC arabic CD up 4 lctrl 0.530442098367
33 SNARC arabic CD up 8 lctrl 0.716617420972
33 SNARC arabic CD up 9 lctrl 0.842293156709
33 SNARC arabic CD up 5 lctrl 0.673708748492
33 SNARC arabic CD down 9 num_decimal 0.663869525215
33 SNARC arabic CD up 6 lctrl 0.601797902389
33 SNARC arabic CD down 9 num_decimal 0.777031966714
33 SNARC arabic CD up 5 lctrl 0.913472579136
33 SNARC arabic CD up 8 lctrl 0.631505952354
33 SNARC arabic CD up 9 lctrl 0.510673361235
33 SNARC arabic CD down 5 num_decimal 0.583479763887
33 SNARC arabic CD up 2 lctrl 0.686292035426
33 SNARC arabic CD up 2 lctrl 1.03171194086
33 SNARC arabic CD up 7 lctrl 0.489127859508
33 SNARC arabic CD up 4 lctrl 0.588689670233
33 SNARC arabic CD down 5 num_decimal 0.532473286413
33 SNARC arabic CD up 9 lctrl 0.620429258207
33 SNARC arabic CD up 1 lctrl 0.971252249828
33 SNARC arabic CD up 8 lctrl 0.645115682179
33 SNARC arabic CD up 9 lctrl 0.492787777595
33 SNARC arabic CD up 6 lctrl 0.479079358069
33 SNARC arabic CD down 3 num_decimal 0.555278656672
33 SNARC arabic CD down 9 num_decimal 0.579018079463
33 SNARC arabic CD down 2 num_decimal 0.522232655022
33 SNARC arabic CD down 9 num_decimal 0.494190781192
33 SNARC arabic CD up 3 lctrl 0.687079453259
33 SNARC arabic CD down 6 num_decimal 0.646041335587
33 SNARC arabic CD up 5 lctrl 0.814051453731
33 SNARC arabic CD up 2 lctrl 0.659606970013
33 SNARC arabic CD up 5 lctrl 0.776197653775
33 SNARC arabic CD down 1 num_decimal 0.537371025333
33 SNARC arabic CD up 6 lctrl 0.733981908988
33 SNARC arabic CD down 7 num_decimal 0.603571517312
33 SNARC arabic CD down 9 num_decimal 0.658904593306
33 SNARC arabic CD up 3 lctrl 0.577429595221
33 SNARC arabic CD down 6 num_decimal 0.677675584553
33 SNARC arabic CD down 4 num_decimal 0.786147815475
33 SNARC arabic CD up 2 lctrl 0.630707685653
33 SNARC arabic CD up 3 lctrl 0.715701216578
33 SNARC arabic CD up 4 lctrl 0.644872107595
33 SNARC arabic CD down 4 num_decimal 0.589140773161
33 SNARC arabic CD down 1 num_decimal 0.568236404531
33 SNARC arabic CD down 8 num_decimal 0.659604170305
33 SNARC arabic CD down 4 num_decimal 0.630639442774
33 SNARC arabic CD up 1 lctrl 0.606009712887
33 SNARC arabic CD down 7 num_decimal 0.748653428015
33 SNARC arabic CD up 5 lctrl 0.67263191086
33 SNARC arabic CD up 6 lctrl 0.63472036693
33 SNARC arabic CD up 3 lctrl 0.602503428767
33 SNARC arabic CD up 8 lctrl 0.715453442433
33 SNARC arabic CD up 3 lctrl 0.81559549261
33 SNARC arabic CD down 8 num_decimal 0.550765177654
33 SNARC arabic CD up 1 lctrl 0.577745612246
33 SNARC arabic CD up 2 lctrl 0.691403951998
33 SNARC arabic CD up 9 lctrl 0.786789298537
33 SNARC arabic CD down 9 num_decimal 0.546926428227
33 SNARC arabic CD up 9 lctrl 0.610212774297
33 SNARC arabic CD down 6 num_decimal 0.532948886784
33 SNARC arabic CD down 4 num_decimal 0.536249392376
33 SNARC arabic CD down 6 num_decimal 0.673765092612
33 SNARC arabic CD up 5 lctrl 0.616722095049
33 SNARC arabic CD down 3 num_decimal 0.946298103793
33 SNARC arabic CD down 1 num_decimal 0.603030123807
33 SNARC arabic CD down 5 num_decimal 0.616022868014
33 SNARC arabic CD down 3 num_decimal 0.625620616489
33 SNARC arabic CD up 7 lctrl 0.559027815447
33 SNARC arabic CD down 5 num_decimal 0.504476907834
33 SNARC arabic CD down 1 num_decimal 0.578185516341
33 SNARC arabic CD down 4 num_decimal 0.60739031882
33 SNARC arabic CD down 2 num_decimal 0.692485339155
33 SNARC arabic CD up 9 lctrl 0.459773272659
33 SNARC arabic CD up 2 lctrl 0.6064293191
33 SNARC arabic CD down 9 num_decimal 0.621771368158
33 SNARC arabic CD up 7 lctrl 0.587824560507
33 SNARC arabic CD up 8 lctrl 0.687450414549
33 SNARC arabic CD down 8 num_decimal 0.621122885827
33 SNARC arabic CD up 4 lctrl 0.582072210765
33 SNARC arabic CD up 3 lctrl 0.833209854552
33 SNARC arabic CD down 1 num_decimal 0.593406478034
33 SNARC arabic CD up 3 num_decimal 0.702313013637
33 SNARC arabic CD up 8 lctrl 1.11521777703
33 SNARC arabic CD down 6 num_decimal 0.51851394307
33 SNARC arabic CD up 1 lctrl 0.672470927659
33 SNARC arabic CD down 7 num_decimal 0.687962411122
33 SNARC arabic CD up 8 lctrl 0.885064293541
33 SNARC arabic CD down 6 num_decimal 0.593854081326
33 SNARC arabic CD up 7 lctrl 0.545049924041
33 SNARC arabic CD down 6 num_decimal 0.518746318822
33 SNARC arabic CD down 8 num_decimal 1.08812500416
33 SNARC arabic CD down 7 num_decimal 0.423216437364
33 SNARC arabic CD up 1 lctrl 0.478326236657
33 SNARC arabic CD up 5 lctrl 0.673169104804
33 SNARC arabic CD up 9 lctrl 0.521897390007
33 SNARC arabic CD down 1 num_decimal 0.532603822791
33 SNARC arabic CD down 9 num_decimal 2.10734009906
33 SNARC arabic CD up 8 lctrl 0.488890234304
33 SNARC arabic CD down 7 num_decimal 1.18385786443
33 SNARC arabic CD down 5 num_decimal 0.522026176568
33 SNARC arabic CD up 6 lctrl 0.502804432358
33 SNARC arabic CD down 5 num_decimal 0.829566734711
33 SNARC arabic CD down 7 num_decimal 0.564578936188
33 SNARC arabic CD up 2 lctrl 0.615673954423
33 SNARC arabic CD up 2 lctrl 0.733675340978
33 SNARC arabic CD up 5 lctrl 1.10574426559
33 SNARC arabic CD up 4 lctrl 0.450600029887
33 SNARC arabic CD up 7 lctrl 0.521357396356
33 SNARC arabic CD up 1 lctrl 0.461460796566
33 SNARC arabic CD down 1 num_decimal 0.465370238615
33 SNARC arabic CD up 7 lctrl 0.492690837711
33 SNARC arabic CD up 7 lctrl 0.531936092469
33 SNARC arabic CD down 6 num_decimal 0.47610081888
33 SNARC arabic CD up 3 lctrl 0.605991864749
33 SNARC arabic CD down 5 num_decimal 0.579574171435
33 SNARC arabic CD down 2 num_decimal 0.644769218332
33 SNARC arabic CD down 4 num_decimal 0.616706696656
33 SNARC arabic CD up 2 lctrl 0.662677899561
33 SNARC arabic CD down 3 num_decimal 0.659837245983
33 SNARC arabic CD up 4 lctrl 0.506592087116
33 SNARC arabic CD up 7 lctrl 0.574349566623
33 SNARC arabic CD up 4 lctrl 0.578706961928
33 SNARC arabic CD up 5 lctrl 0.620421908974
33 SNARC arabic CD down 4 num_decimal 0.564521192213
33 SNARC arabic CD up 8 lctrl 0.587267418645
33 SNARC arabic CD up 8 lctrl 1.01746422761
33 SNARC arabic CD down 7 num_decimal 0.546351438228
33 SNARC arabic CD up 2 lctrl 0.903993818245
33 SNARC arabic CD down 8 num_decimal 0.465512673753
33 SNARC arabic CD up 7 lctrl 0.563267972987
33 SNARC arabic CD up 8 num_decimal 0.462235615714
33 SNARC arabic CD up 3 lctrl 0.973165850143
33 SNARC arabic CD down 7 num_decimal 0.466047067989
33 SNARC arabic CD down 4 num_decimal 0.716025632725
33 SNARC arabic CD up 4 lctrl 0.464689559645
33 SNARC arabic CD up 2 lctrl 0.776254347859
33 SNARC arabic CD up 2 lctrl 0.475544376945
33 SNARC arabic CD up 1 lctrl 0.531185420801
33 SNARC arabic CD down 1 num_decimal 0.635299906455
33 SNARC arabic CD down 2 num_decimal 0.706445732388
33 SNARC arabic CD up 3 lctrl 0.488174558985
33 SNARC arabic CD down 7 num_decimal 0.617838478555
33 SNARC arabic CD down 9 num_decimal 0.748478796238
33 SNARC arabic CD up 9 lctrl 0.53462031237
33 SNARC arabic CD up 8 lctrl 1.09141711062
33 SNARC arabic CD up 3 lctrl 0.900410892124
33 SNARC arabic CD down 3 num_decimal 0.498676263132
33 SNARC arabic CD down 4 num_decimal 1.11239917115
33 SNARC arabic CD up 9 lctrl 0.549545554921
33 SNARC arabic CD up 2 lctrl 0.719398230795
33 SNARC arabic CD down 4 num_decimal 0.717204659693
33 SNARC arabic CD up 5 lctrl 0.503004961432
33 SNARC arabic CD up 3 lctrl 0.634945393449
33 SNARC arabic CD down 3 num_decimal 0.461973843029
33 SNARC arabic CD down 1 num_decimal 0.691915598607
33 SNARC arabic CD down 1 num_decimal 0.766962117503
33 SNARC arabic CD up 6 lctrl 0.573907912709
33 SNARC arabic CD down 2 num_decimal 0.560906419415
33 SNARC arabic CD up 9 lctrl 0.658547280591
33 SNARC arabic CD up 5 lctrl 0.616359182919
33 SNARC arabic CD down 1 num_decimal 0.522879387536
33 SNARC arabic CD down 8 num_decimal 0.77687868271
33 SNARC arabic CD up 3 lctrl 0.559167100913
33 SNARC arabic CD down 3 lctrl 1.12677392114
33 SNARC arabic CD up 3 lctrl 0.84278380551
33 SNARC arabic CD down 9 num_decimal 0.532843897739
33 SNARC arabic CD up 2 lctrl 0.581672552469
33 SNARC arabic CD down 5 num_decimal 0.815701181582
{'task': u'line', 'participant': u'33', 'dateStr': u'09_24_1210', 'notation': u'dot', 'response_buttons': u'CD', 'range_in_instr': True, 'interactive_setting': True, 'autopilot': False, 'exp_id': u'SNARC'}
33 SNARC dot CD down 15 num_decimal 1.65258845239
33 SNARC dot CD up 5 lctrl 1.06608535399
33 SNARC dot CD up 20 lctrl 1.05668568485
33 SNARC dot CD down 35 num_decimal 0.606372275053
33 SNARC dot CD up 30 lctrl 0.938381579882
33 SNARC dot CD down 30 num_decimal 1.03521542527
33 SNARC dot CD down 20 num_decimal 0.490039514377
33 SNARC dot CD up 5 lctrl 0.571845577914
33 SNARC dot CD up 15 lctrl 0.833881084508
33 SNARC dot CD down 20 num_decimal 0.437812714244
33 SNARC dot CD up 20 lctrl 0.550173039444
33 SNARC dot CD up 15 lctrl 0.465306895226
33 SNARC dot CD down 35 num_decimal 0.422049659118
33 SNARC dot CD down 45 num_decimal 0.455384730603
33 SNARC dot CD down 35 num_decimal 0.393298409312
33 SNARC dot CD up 30 lctrl 0.566034434307
33 SNARC dot CD up 15 lctrl 1.02554103479
33 SNARC dot CD up 30 lctrl 0.382877896692
33 SNARC dot CD down 35 num_decimal 0.464132767745
33 SNARC dot CD up 40 lctrl 0.600128926547
33 SNARC dot CD down 5 num_decimal 0.404199071827
33 SNARC dot CD up 25 lctrl 0.49863391755
33 SNARC dot CD up 35 lctrl 0.495554938842
33 SNARC dot CD down 35 num_decimal 0.422312481693
33 SNARC dot CD up 30 lctrl 0.509627320389
33 SNARC dot CD up 5 lctrl 0.587547389429
33 SNARC dot CD down 45 num_decimal 0.460663929719
33 SNARC dot CD down 45 num_decimal 0.554099279741
33 SNARC dot CD up 10 lctrl 0.473148176988
33 SNARC dot CD up 5 lctrl 0.436011452205
33 SNARC dot CD up 45 lctrl 0.700524700247
33 SNARC dot CD up 40 lctrl 0.474168670499
33 SNARC dot CD up 45 lctrl 0.427213020322
33 SNARC dot CD up 25 lctrl 0.485901546174
33 SNARC dot CD up 30 lctrl 0.602828894805
33 SNARC dot CD up 45 lctrl 0.604458324774
33 SNARC dot CD up 40 lctrl 0.544888590875
33 SNARC dot CD down 25 num_decimal 0.532996481817
33 SNARC dot CD up 15 lctrl 0.648663261989
33 SNARC dot CD up 35 lctrl 0.534510773801
33 SNARC dot CD down 40 num_decimal 0.550168139955
33 SNARC dot CD down 40 num_decimal 0.72307599702
33 SNARC dot CD up 5 lctrl 0.544009832573
33 SNARC dot CD down 5 num_decimal 0.503459214031
33 SNARC dot CD up 20 lctrl 0.531526635195
33 SNARC dot CD down 20 num_decimal 0.533401039602
33 SNARC dot CD up 5 lctrl 0.56254844807
33 SNARC dot CD down 10 num_decimal 0.502767686192
33 SNARC dot CD down 20 num_decimal 0.575177930183
33 SNARC dot CD down 35 num_decimal 0.600426745469
33 SNARC dot CD down 10 num_decimal 0.483571139352
33 SNARC dot CD down 10 num_decimal 0.441670011734
33 SNARC dot CD up 20 lctrl 0.503487911036
33 SNARC dot CD down 5 num_decimal 0.531472390856
33 SNARC dot CD up 20 lctrl 0.549731035567
33 SNARC dot CD up 30 lctrl 0.500023272572
33 SNARC dot CD down 20 num_decimal 0.522958829246
33 SNARC dot CD up 5 lctrl 0.515298828567
33 SNARC dot CD down 35 num_decimal 0.666213230649
33 SNARC dot CD up 10 lctrl 0.610689774522
33 SNARC dot CD down 35 num_decimal 0.482746625389
33 SNARC dot CD down 15 num_decimal 0.861735727876
33 SNARC dot CD down 15 num_decimal 0.409499268751
33 SNARC dot CD down 30 num_decimal 0.53299683178
33 SNARC dot CD down 5 num_decimal 0.60124915965
33 SNARC dot CD down 30 num_decimal 0.745012407955
33 SNARC dot CD down 35 num_decimal 0.619194937009
33 SNARC dot CD up 15 lctrl 0.507426750019
33 SNARC dot CD up 10 lctrl 0.484054438919
33 SNARC dot CD down 25 num_decimal 0.472140632125
33 SNARC dot CD down 25 num_decimal 0.710704088029
33 SNARC dot CD down 35 num_decimal 0.477810040523
33 SNARC dot CD up 40 lctrl 0.529286868915
33 SNARC dot CD up 30 lctrl 0.467852879552
33 SNARC dot CD up 10 lctrl 0.469498057877
33 SNARC dot CD up 25 lctrl 0.634907947356
33 SNARC dot CD up 40 lctrl 0.558495520992
33 SNARC dot CD down 30 num_decimal 0.425566092179
33 SNARC dot CD up 10 lctrl 0.52030225646
33 SNARC dot CD down 35 num_decimal 0.553493842917
33 SNARC dot CD down 40 num_decimal 0.520862897957
33 SNARC dot CD down 15 num_decimal 0.536380628681
33 SNARC dot CD up 10 lctrl 0.468994460428
33 SNARC dot CD down 15 num_decimal 0.489537666745
33 SNARC dot CD down 40 num_decimal 0.502001266168
33 SNARC dot CD up 25 lctrl 0.475323899951
33 SNARC dot CD up 5 lctrl 0.492131246105
33 SNARC dot CD down 25 num_decimal 0.487214609156
33 SNARC dot CD up 35 lctrl 0.665261679944
33 SNARC dot CD down 10 num_decimal 0.470775424585
33 SNARC dot CD down 5 num_decimal 0.525415222922
33 SNARC dot CD up 15 lctrl 0.435365069655
33 SNARC dot CD up 30 lctrl 0.485781158736
33 SNARC dot CD down 5 num_decimal 0.451425943703
33 SNARC dot CD down 20 num_decimal 0.494106090029
33 SNARC dot CD up 20 lctrl 0.464961831233
33 SNARC dot CD up 45 lctrl 0.582491816978
33 SNARC dot CD up 30 lctrl 0.453960379235
33 SNARC dot CD down 15 num_decimal 0.494607937661
33 SNARC dot CD down 35 num_decimal 0.548613252207
33 SNARC dot CD down 5 num_decimal 0.516255628725
33 SNARC dot CD down 40 num_decimal 0.459101692739
33 SNARC dot CD down 35 num_decimal 0.492121097164
33 SNARC dot CD up 20 lctrl 0.578085426785
33 SNARC dot CD up 45 lctrl 0.586370462242
33 SNARC dot CD up 45 lctrl 0.441672811443
33 SNARC dot CD down 20 num_decimal 0.494547044016
33 SNARC dot CD down 15 num_decimal 0.494234526627
33 SNARC dot CD down 15 num_decimal 0.441634665422
33 SNARC dot CD down 45 num_decimal 0.441566772508
33 SNARC dot CD up 20 lctrl 0.506825862722
33 SNARC dot CD down 30 num_decimal 0.487590819898
33 SNARC dot CD up 35 lctrl 0.878127667378
33 SNARC dot CD down 45 num_decimal 0.484534238853
33 SNARC dot CD down 5 num_decimal 0.450575532444
33 SNARC dot CD up 35 lctrl 0.438841956842
33 SNARC dot CD up 45 lctrl 0.497403095987
33 SNARC dot CD up 25 lctrl 0.499710055255
33 SNARC dot CD up 5 lctrl 0.403619882265
33 SNARC dot CD down 5 num_decimal 0.42640460468
33 SNARC dot CD up 40 lctrl 0.490547311388
33 SNARC dot CD down 25 num_decimal 0.40594049011
33 SNARC dot CD up 30 lctrl 0.357057941004
33 SNARC dot CD down 30 num_decimal 0.41621541792
33 SNARC dot CD down 25 num_decimal 0.419540770921
33 SNARC dot CD up 45 lctrl 0.412505455056
33 SNARC dot CD up 10 lctrl 0.399603001427
33 SNARC dot CD down 35 num_decimal 0.440511282647
33 SNARC dot CD down 10 num_decimal 0.441013130279
33 SNARC dot CD down 40 num_decimal 0.478421426725
33 SNARC dot CD down 30 num_decimal 0.510688059701
33 SNARC dot CD down 15 num_decimal 0.579548974064
33 SNARC dot CD down 40 num_decimal 0.478128157327
33 SNARC dot CD down 20 num_decimal 0.504376118352
33 SNARC dot CD down 35 num_decimal 0.552984296089
33 SNARC dot CD down 45 num_decimal 0.511835589957
33 SNARC dot CD down 10 num_decimal 0.597364565007
33 SNARC dot CD up 35 lctrl 0.476785697413
33 SNARC dot CD up 35 lctrl 0.463127672628
33 SNARC dot CD down 5 num_decimal 0.44654710281
33 SNARC dot CD up 10 lctrl 0.50122749691
33 SNARC dot CD up 25 lctrl 0.475301852252
33 SNARC dot CD up 40 lctrl 0.520130074427
33 SNARC dot CD up 45 lctrl 0.384672859387
33 SNARC dot CD down 5 num_decimal 0.502958066326
33 SNARC dot CD up 25 lctrl 0.447347469292
33 SNARC dot CD down 40 num_decimal 0.502561557701
33 SNARC dot CD up 25 lctrl 0.484961894226
33 SNARC dot CD up 25 lctrl 0.546183455756
33 SNARC dot CD down 5 num_decimal 0.45069277021
33 SNARC dot CD up 40 lctrl 0.491054058509
33 SNARC dot CD down 45 num_decimal 0.842490536113
33 SNARC dot CD down 20 num_decimal 0.547112258835
33 SNARC dot CD down 45 num_decimal 0.511888084478
33 SNARC dot CD down 40 num_decimal 0.416520936041
33 SNARC dot CD up 30 lctrl 0.481084648817
33 SNARC dot CD down 40 num_decimal 0.502710992108
33 SNARC dot CD down 30 num_decimal 0.500030271842
33 SNARC dot CD up 10 lctrl 0.539644738072
33 SNARC dot CD down 40 num_decimal 0.502962965814
33 SNARC dot CD up 25 lctrl 0.432312688171
33 SNARC dot CD up 45 lctrl 0.473573732581
33 SNARC dot CD up 5 lctrl 0.487771051091
33 SNARC dot CD down 5 num_decimal 0.503218439156
33 SNARC dot CD down 5 num_decimal 0.516113193588
33 SNARC dot CD up 20 lctrl 0.508256513433
33 SNARC dot CD down 40 num_decimal 0.531018838184
33 SNARC dot CD up 45 lctrl 0.440481185788
33 SNARC dot CD up 40 lctrl 0.492081201326
33 SNARC dot CD up 15 lctrl 0.423566050882
33 SNARC dot CD down 35 num_decimal 0.464425337216
33 SNARC dot CD down 35 num_decimal 0.509990232519
33 SNARC dot CD up 10 lctrl 0.501538264481
33 SNARC dot CD down 20 num_decimal 0.561650791739
33 SNARC dot CD up 35 lctrl 0.481178089067
33 SNARC dot CD down 15 num_decimal 0.466575512845
33 SNARC dot CD up 5 lctrl 0.445062207758
33 SNARC dot CD down 35 num_decimal 0.539575095339
33 SNARC dot CD up 20 lctrl 0.526277882903
33 SNARC dot CD down 35 num_decimal 0.49708777889
33 SNARC dot CD up 30 lctrl 0.442488576316
33 SNARC dot CD up 45 lctrl 0.406922137675
33 SNARC dot CD down 30 num_decimal 0.41604848534
33 SNARC dot CD up 35 lctrl 0.424307273535
33 SNARC dot CD down 25 num_decimal 0.40205204587
33 SNARC dot CD up 5 lctrl 0.501194250381
33 SNARC dot CD up 25 lctrl 0.422665594845
33 SNARC dot CD down 10 num_decimal 0.442703453895
33 SNARC dot CD up 35 lctrl 0.420461874804
33 SNARC dot CD down 30 lctrl 0.42548280087
33 SNARC dot CD up 25 lctrl 0.574480802929
33 SNARC dot CD up 5 lctrl 0.520597975602
33 SNARC dot CD down 15 num_decimal 0.480643344867
33 SNARC dot CD up 35 lctrl 0.523933827505
33 SNARC dot CD up 25 lctrl 0.433171498555
33 SNARC dot CD down 15 num_decimal 0.480624796803
33 SNARC dot CD down 20 num_decimal 0.551302371598
33 SNARC dot CD down 10 num_decimal 0.540584739982
33 SNARC dot CD up 10 lctrl 0.554038736058
33 SNARC dot CD down 5 num_decimal 0.601740858341
33 SNARC dot CD down 40 lctrl 0.420313490287
33 SNARC dot CD down 40 num_decimal 1.35981670313
33 SNARC dot CD up 15 lctrl 0.606399572205
33 SNARC dot CD down 35 num_decimal 0.563320817472
33 SNARC dot CD up 25 lctrl 0.43321629388
33 SNARC dot CD up 45 lctrl 0.511813192294
33 SNARC dot CD up 25 lctrl 0.419098067116
33 SNARC dot CD down 10 num_decimal 0.470527300476
33 SNARC dot CD down 10 num_decimal 0.512350036273
33 SNARC dot CD up 10 lctrl 0.426462348654
33 SNARC dot CD up 35 lctrl 0.944818808158
33 SNARC dot CD up 10 lctrl 0.469669889947
33 SNARC dot CD up 40 lctrl 0.406926337237
33 SNARC dot CD up 30 lctrl 0.429050678562
33 SNARC dot CD down 35 num_decimal 0.383131970179
33 SNARC dot CD down 40 num_decimal 0.431113713284
33 SNARC dot CD up 15 lctrl 0.441444635252
33 SNARC dot CD down 15 num_decimal 0.399779732985
33 SNARC dot CD down 15 num_decimal 0.423721784631
33 SNARC dot CD up 35 lctrl 0.448876109777
33 SNARC dot CD down 10 num_decimal 0.446501257594
33 SNARC dot CD down 5 num_decimal 0.54471920855
33 SNARC dot CD up 25 lctrl 0.400296629046
33 SNARC dot CD down 40 num_decimal 0.474578127772
33 SNARC dot CD up 25 lctrl 0.584765879681
33 SNARC dot CD up 20 lctrl 0.419734300725
33 SNARC dot CD up 45 lctrl 0.399203693094
33 SNARC dot CD down 20 num_decimal 0.448377411817
33 SNARC dot CD down 45 num_decimal 0.516596493156
33 SNARC dot CD down 5 num_decimal 0.44546151609
33 SNARC dot CD down 20 num_decimal 0.475742456275
33 SNARC dot CD up 25 lctrl 0.443012821612
33 SNARC dot CD down 30 num_decimal 1.26101396319
33 SNARC dot CD down 45 num_decimal 0.412680436797
33 SNARC dot CD up 5 lctrl 0.420341837329
33 SNARC dot CD down 20 num_decimal 0.476359091929
33 SNARC dot CD down 15 num_decimal 0.417958236058
33 SNARC dot CD up 20 lctrl 0.407758550396
33 SNARC dot CD up 30 num_decimal 0.458634491491
33 SNARC dot CD up 10 lctrl 0.500794592084
33 SNARC dot CD up 20 lctrl 0.306081560389
33 SNARC dot CD up 15 lctrl 0.342207240675
33 SNARC dot CD up 30 lctrl 0.453267451541
33 SNARC dot CD up 35 lctrl 0.463731709597
33 SNARC dot CD up 10 lctrl 0.416677019753
33 SNARC dot CD up 35 lctrl 0.520307505912
33 SNARC dot CD up 40 lctrl 0.439345204328
33 SNARC dot CD down 20 num_decimal 0.491105153177
33 SNARC dot CD down 30 num_decimal 0.613359645921
33 SNARC dot CD down 45 num_decimal 0.597155286846
33 SNARC dot CD down 45 num_decimal 0.512484772215
33 SNARC dot CD down 40 num_decimal 0.643942954553
33 SNARC dot CD up 25 lctrl 0.58872046702
33 SNARC dot CD down 30 num_decimal 0.568042874726
33 SNARC dot CD down 20 num_decimal 0.475633967595
33 SNARC dot CD down 25 num_decimal 0.45789151902
33 SNARC dot CD down 15 num_decimal 0.483984446223
33 SNARC dot CD down 45 num_decimal 0.445301232817
33 SNARC dot CD down 45 num_decimal 0.43149237377
33 SNARC dot CD down 40 num_decimal 0.392881952768
33 SNARC dot CD down 45 num_decimal 0.37481053852
33 SNARC dot CD up 45 lctrl 0.476951580103
33 SNARC dot CD up 15 lctrl 0.748952996754
33 SNARC dot CD down 25 num_decimal 0.528779771831
33 SNARC dot CD up 20 lctrl 0.503786079922
33 SNARC dot CD up 25 lctrl 0.628036064437
33 SNARC dot CD up 5 lctrl 0.42112295582
33 SNARC dot CD up 15 lctrl 0.52280134568
33 SNARC dot CD up 30 lctrl 0.500293444379
33 SNARC dot CD down 10 num_decimal 0.474641821126
33 SNARC dot CD down 30 num_decimal 0.599661725299
33 SNARC dot CD down 10 num_decimal 0.460540392611
33 SNARC dot CD up 20 lctrl 0.58825711537
33 SNARC dot CD up 20 lctrl 0.536277389454
33 SNARC dot CD down 15 num_decimal 0.513380328763
33 SNARC dot CD down 10 num_decimal 0.441717956731
33 SNARC dot CD down 45 num_decimal 0.497969686863
33 SNARC dot CD down 45 num_decimal 0.459976951405
33 SNARC dot CD down 20 num_decimal 0.461803760777
33 SNARC dot CD up 10 lctrl 0.483783217222
33 SNARC dot CD down 10 num_decimal 0.470845767244
33 SNARC dot CD down 25 num_decimal 0.457779530706
33 SNARC dot CD up 5 lctrl 0.727760958144
33 SNARC dot CD down 40 num_decimal 0.516956255615
33 SNARC dot CD down 25 num_decimal 0.528257976281
33 SNARC dot CD up 40 lctrl 0.458875266366
33 SNARC dot CD down 10 num_decimal 0.4564983144
33 SNARC dot CD up 5 lctrl 0.434520257811
33 SNARC dot CD down 10 num_decimal 0.456472067141
33 SNARC dot CD down 15 num_decimal 0.409101710236
33 SNARC dot CD down 15 num_decimal 0.408863735069
33 SNARC dot CD up 15 lctrl 0.422738387249
33 SNARC dot CD down 40 num_decimal 0.550001557337
33 SNARC dot CD down 30 num_decimal 0.453624414293
33 SNARC dot CD up 35 lctrl 0.453519075284
33 SNARC dot CD up 40 lctrl 0.473937694602
33 SNARC dot CD down 40 num_decimal 0.403596084749
33 SNARC dot CD down 10 num_decimal 0.45562970504
33 SNARC dot CD down 40 num_decimal 0.445216891617
33 SNARC dot CD down 20 num_decimal 0.363025168324
33 SNARC dot CD up 20 num_decimal 0.305356086092
33 SNARC dot CD down 45 num_decimal 0.487201310543
33 SNARC dot CD up 30 lctrl 0.419058521244
33 SNARC dot CD down 5 num_decimal 0.389681536732
33 SNARC dot CD down 25 num_decimal 0.348768356022
33 SNARC dot CD up 40 lctrl 0.402498599271
33 SNARC dot CD down 45 num_decimal 0.389138043445
33 SNARC dot CD down 15 num_decimal 0.466303241256
33 SNARC dot CD down 30 num_decimal 0.405371799453
33 SNARC dot CD up 10 lctrl 0.619240082297
33 SNARC dot CD up 5 lctrl 0.491769383865
33 SNARC dot CD down 45 num_decimal 0.385557567068
33 SNARC dot CD down 15 num_decimal 0.451438192425
33 SNARC dot CD down 5 num_decimal 0.473902698253
33 SNARC dot CD down 25 num_decimal 0.443867432434
33 SNARC dot CD down 30 num_decimal 0.457463863646
33 SNARC dot CD down 45 num_decimal 0.629976261977
33 SNARC dot CD down 10 num_decimal 0.59736386508
33 SNARC dot CD down 35 num_decimal 0.534247251299
33 SNARC dot CD up 25 lctrl 0.418548274488
33 SNARC dot CD up 25 lctrl 0.589179969071
33 SNARC dot CD up 15 lctrl 0.413029000423
33 SNARC dot CD up 15 lctrl 0.465242151981
33 SNARC dot CD up 10 lctrl 0.455660151863
33 SNARC dot CD down 20 num_decimal 0.43439847052
33 SNARC dot CD down 45 num_decimal 0.502280537026
33 SNARC dot CD down 35 num_decimal 0.369249968766
33 SNARC dot CD up 10 lctrl 0.530255567831
33 SNARC dot CD up 40 lctrl 0.572522057323
33 SNARC dot CD up 20 lctrl 0.522672559118
33 SNARC dot CD up 20 lctrl 0.433471067294
33 SNARC dot CD up 25 lctrl 0.447800322037
33 SNARC dot CD up 5 lctrl 0.389625192611
33 SNARC dot CD down 30 num_decimal 0.444019666547
33 SNARC dot CD up 30 lctrl 0.5031806431
33 SNARC dot CD up 45 lctrl 0.483559240593
33 SNARC dot CD up 30 lctrl 0.404796109527
33 SNARC dot CD up 25 lctrl 0.386391530044
33 SNARC dot CD down 45 num_decimal 0.428091078697
33 SNARC dot CD down 5 num_decimal 0.75744696041
33 SNARC dot CD up 30 lctrl 0.513457670692
33 SNARC dot CD up 45 lctrl 0.417221912894
33 SNARC dot CD down 35 num_decimal 0.496915246894
33 SNARC dot CD up 15 lctrl 0.444914873133
33 SNARC dot CD up 25 lctrl 0.447868214952
33 SNARC dot CD down 10 num_decimal 0.459926906628
33 SNARC dot CD down 15 num_decimal 0.564352509816
33 SNARC dot CD up 40 lctrl 0.462478840333
33 SNARC dot CD down 30 num_decimal 0.538757580646
33 SNARC dot CD up 10 lctrl 0.473274163841
33 SNARC dot CD down 25 num_decimal 0.373322493798
33 SNARC dot CD down 20 num_decimal 0.532396994374
33 SNARC dot CD up 5 lctrl 0.544049378447
33 SNARC dot CD up 25 lctrl 0.51472208875
33 SNARC dot CD down 15 num_decimal 0.382132474477
33 SNARC dot CD up 15 lctrl 0.56370052785
33 SNARC dot CD down 30 num_decimal 0.572361074122
33 SNARC dot CD down 20 num_decimal 0.419213205102
33 SNARC dot CD up 40 lctrl 0.430295148702
33 SNARC dot CD up 40 lctrl 0.403246471231
{'task': u'line', 'participant': u'33', 'dateStr': u'09_24_1218', 'notation': u'arabic', 'response_buttons': u'DC', 'range_in_instr': True, 'interactive_setting': True, 'autopilot': False, 'exp_id': u'SNARC'}
33 SNARC arabic DC up 5 num_decimal 1.44396542221
33 SNARC arabic DC up 9 num_decimal 0.910879699703
33 SNARC arabic DC up 5 num_decimal 0.564835109456
33 SNARC arabic DC down 4 lctrl 0.546464126469
33 SNARC arabic DC down 6 lctrl 1.17882748935
33 SNARC arabic DC down 9 lctrl 0.521197463045
33 SNARC arabic DC up 1 num_decimal 0.478200949731
33 SNARC arabic DC down 9 lctrl 0.488460479149
33 SNARC arabic DC up 7 num_decimal 0.516151339607
33 SNARC arabic DC down 1 lctrl 0.974208741318
33 SNARC arabic DC up 6 num_decimal 0.508893097005
33 SNARC arabic DC up 6 num_decimal 0.489433377626
33 SNARC arabic DC up 7 num_decimal 0.645781662683
33 SNARC arabic DC up 6 num_decimal 0.451212116016
33 SNARC arabic DC up 2 num_decimal 0.711607343774
33 SNARC arabic DC up 9 num_decimal 0.419024574786
33 SNARC arabic DC down 1 lctrl 0.814300977692
33 SNARC arabic DC down 6 lctrl 0.532053680198
33 SNARC arabic DC down 4 lctrl 0.493729529323
33 SNARC arabic DC down 2 lctrl 0.390185834109
33 SNARC arabic DC up 5 num_decimal 0.462154074222
33 SNARC arabic DC down 7 lctrl 0.927759138334
33 SNARC arabic DC up 6 num_decimal 0.518407904135
33 SNARC arabic DC down 5 lctrl 0.79075333489
33 SNARC arabic DC down 8 lctrl 0.405258761249
33 SNARC arabic DC down 9 lctrl 0.447291125171
33 SNARC arabic DC down 3 lctrl 0.373333692629
33 SNARC arabic DC up 9 num_decimal 0.390815768375
33 SNARC arabic DC down 6 lctrl 0.492920063791
33 SNARC arabic DC down 3 lctrl 0.365914116862
33 SNARC arabic DC up 4 num_decimal 0.480490060862
33 SNARC arabic DC up 9 num_decimal 0.5085347344
33 SNARC arabic DC up 4 num_decimal 0.546627209451
33 SNARC arabic DC up 1 num_decimal 0.366101697288
33 SNARC arabic DC down 5 lctrl 0.501111309035
33 SNARC arabic DC up 9 num_decimal 0.427853803455
33 SNARC arabic DC up 3 num_decimal 0.37611940194
33 SNARC arabic DC up 3 num_decimal 0.409112209141
33 SNARC arabic DC down 8 lctrl 0.389794224973
33 SNARC arabic DC down 7 lctrl 0.549853872748
33 SNARC arabic DC up 4 num_decimal 0.480012710674
33 SNARC arabic DC up 6 num_decimal 0.578888592975
33 SNARC arabic DC down 9 lctrl 0.44617019214
33 SNARC arabic DC up 7 num_decimal 0.522410436471
33 SNARC arabic DC down 5 lctrl 0.492339124412
33 SNARC arabic DC up 4 num_decimal 0.462406397892
33 SNARC arabic DC up 7 num_decimal 0.475814198788
33 SNARC arabic DC up 8 num_decimal 0.422935066726
33 SNARC arabic DC up 3 num_decimal 0.418708207799
33 SNARC arabic DC down 7 num_decimal 0.408656206724
33 SNARC arabic DC up 9 num_decimal 0.619750329053
33 SNARC arabic DC up 6 num_decimal 0.418582220946
33 SNARC arabic DC down 3 lctrl 0.403063090367
33 SNARC arabic DC up 1 num_decimal 0.521966332813
33 SNARC arabic DC up 2 num_decimal 0.560327229854
33 SNARC arabic DC up 7 num_decimal 0.366844319795
33 SNARC arabic DC up 8 num_decimal 0.408859185544
33 SNARC arabic DC up 7 num_decimal 0.338058423604
33 SNARC arabic DC down 7 num_decimal 0.309847167448
33 SNARC arabic DC down 1 lctrl 1.73443686151
33 SNARC arabic DC up 8 num_decimal 0.452634017641
33 SNARC arabic DC up 5 num_decimal 0.503030158803
33 SNARC arabic DC up 1 num_decimal 1.33935853794
33 SNARC arabic DC down 3 lctrl 0.507501642204
33 SNARC arabic DC up 5 num_decimal 0.448298320071
33 SNARC arabic DC down 9 lctrl 0.84301303159
33 SNARC arabic DC down 2 lctrl 0.408502572756
33 SNARC arabic DC up 8 num_decimal 0.489902328693
33 SNARC arabic DC up 4 num_decimal 0.493775024575
33 SNARC arabic DC down 8 lctrl 0.460184829713
33 SNARC arabic DC down 1 lctrl 0.715045385014
33 SNARC arabic DC down 3 lctrl 0.479450319359
33 SNARC arabic DC down 2 lctrl 0.474655469701
33 SNARC arabic DC up 4 num_decimal 0.575167781242
33 SNARC arabic DC down 8 lctrl 0.587956496739
33 SNARC arabic DC down 6 lctrl 0.450797759253
33 SNARC arabic DC up 6 num_decimal 0.47608682034
33 SNARC arabic DC down 6 lctrl 0.644530543237
33 SNARC arabic DC down 3 lctrl 0.588126578991
33 SNARC arabic DC up 4 num_decimal 0.484295213794
33 SNARC arabic DC up 6 num_decimal 0.568688207386
33 SNARC arabic DC down 5 lctrl 0.601590374044
33 SNARC arabic DC up 8 num_decimal 0.475846045465
33 SNARC arabic DC down 5 lctrl 0.856610162729
33 SNARC arabic DC down 7 num_decimal 0.758982950129
33 SNARC arabic DC down 2 lctrl 1.01146445368
33 SNARC arabic DC up 6 num_decimal 0.396050522128
33 SNARC arabic DC up 9 num_decimal 0.404717017779
33 SNARC arabic DC up 4 num_decimal 0.507425350164
33 SNARC arabic DC up 6 num_decimal 0.422860874468
33 SNARC arabic DC up 6 num_decimal 0.319534506574
33 SNARC arabic DC up 3 num_decimal 0.408508172172
33 SNARC arabic DC down 2 lctrl 0.549140647174
33 SNARC arabic DC down 1 lctrl 0.461340059164
33 SNARC arabic DC down 2 lctrl 0.41909036792
33 SNARC arabic DC down 6 lctrl 0.560450067035
33 SNARC arabic DC down 1 lctrl 0.47973693945
33 SNARC arabic DC up 5 num_decimal 0.574785271157
33 SNARC arabic DC down 5 lctrl 0.87106995385
33 SNARC arabic DC down 8 lctrl 0.588598329764
33 SNARC arabic DC down 6 lctrl 0.574097942879
33 SNARC arabic DC down 4 lctrl 0.521786801548
33 SNARC arabic DC up 1 num_decimal 0.452020881621
33 SNARC arabic DC up 2 num_decimal 0.58870541859
33 SNARC arabic DC down 8 lctrl 0.563564392056
33 SNARC arabic DC down 9 lctrl 0.616509667217
33 SNARC arabic DC up 4 num_decimal 0.631112243437
33 SNARC arabic DC up 7 num_decimal 0.659376344079
33 SNARC arabic DC up 4 num_decimal 0.564540790168
33 SNARC arabic DC up 5 num_decimal 0.673142857543
33 SNARC arabic DC up 2 num_decimal 0.465658258561
33 SNARC arabic DC down 9 lctrl 0.516227631647
33 SNARC arabic DC up 8 num_decimal 0.829879602064
33 SNARC arabic DC up 6 num_decimal 0.517736324215
33 SNARC arabic DC up 6 num_decimal 0.432699047854
33 SNARC arabic DC down 4 lctrl 0.473889049677
33 SNARC arabic DC up 7 num_decimal 0.46230875808
33 SNARC arabic DC up 8 num_decimal 0.465932279966
33 SNARC arabic DC up 5 num_decimal 0.418658512985
33 SNARC arabic DC down 5 lctrl 0.393090880967
33 SNARC arabic DC down 2 lctrl 0.518037992735
33 SNARC arabic DC down 2 lctrl 0.404683071321
33 SNARC arabic DC up 1 num_decimal 0.451881946118
33 SNARC arabic DC down 1 num_decimal 0.489514569155
33 SNARC arabic DC down 3 lctrl 0.657813757135
33 SNARC arabic DC down 4 lctrl 0.461295963766
33 SNARC arabic DC up 1 num_decimal 0.522943080889
33 SNARC arabic DC down 7 lctrl 0.677050899739
33 SNARC arabic DC up 4 num_decimal 0.575388258236
33 SNARC arabic DC up 8 num_decimal 0.380984594258
33 SNARC arabic DC up 5 num_decimal 0.720425373613
33 SNARC arabic DC up 4 num_decimal 0.419160360616
33 SNARC arabic DC down 3 lctrl 0.545566120176
33 SNARC arabic DC up 2 num_decimal 0.521803249831
33 SNARC arabic DC up 8 num_decimal 0.53651116506
33 SNARC arabic DC up 7 num_decimal 0.550054401822
33 SNARC arabic DC down 1 lctrl 0.591741001826
33 SNARC arabic DC up 9 num_decimal 0.844044024007
33 SNARC arabic DC up 1 num_decimal 0.447114743577
33 SNARC arabic DC down 6 lctrl 0.559669998435
33 SNARC arabic DC up 2 num_decimal 0.60724158434
33 SNARC arabic DC up 7 num_decimal 0.673866232059
33 SNARC arabic DC down 8 lctrl 0.544164516433
33 SNARC arabic DC down 9 lctrl 0.620954553392
33 SNARC arabic DC down 1 lctrl 0.701880458774
33 SNARC arabic DC up 7 num_decimal 0.57521082675
33 SNARC arabic DC up 9 num_decimal 0.503895618493
33 SNARC arabic DC up 5 num_decimal 0.319623747262
33 SNARC arabic DC up 2 num_decimal 0.390059847255
33 SNARC arabic DC up 8 num_decimal 0.362090065902
33 SNARC arabic DC up 8 num_decimal 0.39499013278
33 SNARC arabic DC down 5 lctrl 0.698228589847
33 SNARC arabic DC up 6 num_decimal 0.631618290631
33 SNARC arabic DC down 2 lctrl 0.931676629544
33 SNARC arabic DC up 4 num_decimal 0.928952163842
33 SNARC arabic DC down 1 lctrl 0.545169611551
33 SNARC arabic DC up 6 num_decimal 0.490326484432
33 SNARC arabic DC down 7 lctrl 1.06870693043
33 SNARC arabic DC down 9 lctrl 0.545627363785
33 SNARC arabic DC up 5 num_decimal 0.546812690096
33 SNARC arabic DC up 7 num_decimal 0.564532041081
33 SNARC arabic DC up 2 num_decimal 2.6410368578
33 SNARC arabic DC up 7 num_decimal 0.390289423299
33 SNARC arabic DC up 4 num_decimal 0.522592067518
33 SNARC arabic DC down 1 num_decimal 0.446680088932
33 SNARC arabic DC down 4 lctrl 0.516816970149
33 SNARC arabic DC down 2 lctrl 0.517366762779
33 SNARC arabic DC down 4 lctrl 0.489134508814
33 SNARC arabic DC up 7 num_decimal 0.419702104085
33 SNARC arabic DC up 7 num_decimal 0.422849675637
33 SNARC arabic DC down 5 lctrl 0.658416744213
33 SNARC arabic DC down 3 lctrl 1.08851416355
33 SNARC arabic DC down 2 lctrl 0.419212505175
33 SNARC arabic DC down 9 lctrl 0.380374257946
33 SNARC arabic DC down 2 lctrl 0.791123596253
33 SNARC arabic DC down 7 lctrl 0.560205792525
33 SNARC arabic DC up 2 num_decimal 0.493761376001
33 SNARC arabic DC down 7 lctrl 0.761458241832
33 SNARC arabic DC up 3 num_decimal 0.565995938324
33 SNARC arabic DC up 6 num_decimal 0.461257817747
33 SNARC arabic DC down 1 lctrl 0.616366182188
33 SNARC arabic DC up 2 num_decimal 1.25521821798
33 SNARC arabic DC down 3 lctrl 0.573881665448
33 SNARC arabic DC down 4 lctrl 0.734041052817
33 SNARC arabic DC up 7 num_decimal 0.569077366777
33 SNARC arabic DC up 3 num_decimal 0.517299919753
33 SNARC arabic DC down 2 lctrl 0.535423128597
33 SNARC arabic DC up 7 num_decimal 0.533285201689
33 SNARC arabic DC up 9 num_decimal 0.532052980271
33 SNARC arabic DC down 6 lctrl 0.596459559445
33 SNARC arabic DC up 6 num_decimal 0.877384344943
33 SNARC arabic DC up 9 num_decimal 0.53245298853
33 SNARC arabic DC down 8 lctrl 0.889938234945
33 SNARC arabic DC down 2 lctrl 0.525294135557
33 SNARC arabic DC down 9 lctrl 0.517434655694
33 SNARC arabic DC down 1 lctrl 0.58367714329
33 SNARC arabic DC down 1 lctrl 0.549072404295
33 SNARC arabic DC up 9 num_decimal 0.433834329388
33 SNARC arabic DC up 2 num_decimal 0.479664497009
33 SNARC arabic DC down 8 lctrl 0.530854005385
33 SNARC arabic DC down 8 lctrl 0.620738275961
33 SNARC arabic DC down 6 lctrl 0.663086656907
33 SNARC arabic DC up 4 num_decimal 0.518488395736
33 SNARC arabic DC up 1 num_decimal 0.493707131661
33 SNARC arabic DC up 5 num_decimal 0.404373703605
33 SNARC arabic DC up 2 num_decimal 0.433313583728
33 SNARC arabic DC down 8 lctrl 0.574056997153
33 SNARC arabic DC down 8 lctrl 0.447057349566
33 SNARC arabic DC up 3 num_decimal 0.547142355696
33 SNARC arabic DC down 3 lctrl 0.553726918596
33 SNARC arabic DC up 2 num_decimal 0.872311624282
33 SNARC arabic DC down 2 lctrl 0.921699170691
33 SNARC arabic DC up 1 num_decimal 0.565108430935
33 SNARC arabic DC down 6 lctrl 0.517190731148
33 SNARC arabic DC up 4 num_decimal 0.547144105512
33 SNARC arabic DC down 4 num_decimal 0.730421730492
33 SNARC arabic DC down 3 lctrl 0.643921256817
33 SNARC arabic DC down 6 lctrl 0.677396663658
33 SNARC arabic DC up 8 num_decimal 0.490757289476
33 SNARC arabic DC down 5 lctrl 0.534955227422
33 SNARC arabic DC down 3 lctrl 0.588187472637
33 SNARC arabic DC up 7 num_decimal 0.433227842675
33 SNARC arabic DC down 8 lctrl 0.559798784997
33 SNARC arabic DC up 5 num_decimal 0.536980116125
33 SNARC arabic DC up 9 num_decimal 0.843457835175
33 SNARC arabic DC down 9 lctrl 0.493112543706
33 SNARC arabic DC down 8 lctrl 0.673683901085
33 SNARC arabic DC down 4 lctrl 0.701584389669
33 SNARC arabic DC up 4 num_decimal 0.57925500474
33 SNARC arabic DC down 5 lctrl 0.662499418186
33 SNARC arabic DC up 5 num_decimal 0.536960868134
33 SNARC arabic DC up 8 num_decimal 0.532052280344
33 SNARC arabic DC up 3 num_decimal 0.649713852359
33 SNARC arabic DC up 5 num_decimal 0.489354985807
33 SNARC arabic DC up 3 num_decimal 0.419070769965
33 SNARC arabic DC up 4 num_decimal 0.791258682156
33 SNARC arabic DC down 8 lctrl 0.564171228732
33 SNARC arabic DC down 1 lctrl 0.645518490146
33 SNARC arabic DC up 8 num_decimal 0.564285316827
33 SNARC arabic DC up 7 num_decimal 0.63497374049
33 SNARC arabic DC up 6 num_decimal 0.862040196106
33 SNARC arabic DC up 8 num_decimal 0.418831394944
33 SNARC arabic DC down 5 lctrl 0.531048935043
33 SNARC arabic DC up 3 num_decimal 0.490407675959
33 SNARC arabic DC down 1 lctrl 0.663032762531
33 SNARC arabic DC up 1 num_decimal 1.00009169043
33 SNARC arabic DC down 2 lctrl 0.563450653924
33 SNARC arabic DC down 2 lctrl 0.53523554817
33 SNARC arabic DC down 9 lctrl 0.474876646622
33 SNARC arabic DC down 7 lctrl 0.43267455041
33 SNARC arabic DC up 2 num_decimal 0.47988567393
33 SNARC arabic DC up 4 num_decimal 1.03160310222
33 SNARC arabic DC up 9 num_decimal 0.507834457475
33 SNARC arabic DC down 1 lctrl 0.64870560757
33 SNARC arabic DC up 8 num_decimal 0.536435572948
33 SNARC arabic DC down 5 lctrl 0.531659271355
33 SNARC arabic DC down 5 lctrl 0.548779834824
33 SNARC arabic DC down 8 lctrl 0.560098703701
33 SNARC arabic DC down 2 num_decimal 0.462122927473
33 SNARC arabic DC down 6 lctrl 2.28596810923
33 SNARC arabic DC down 9 lctrl 0.365886469747
33 SNARC arabic DC up 3 num_decimal 0.490319485162
33 SNARC arabic DC down 2 lctrl 0.531528734977
33 SNARC arabic DC down 9 lctrl 1.16856096066
33 SNARC arabic DC up 9 num_decimal 0.607567050378
33 SNARC arabic DC up 9 num_decimal 0.50733330977
33 SNARC arabic DC up 7 num_decimal 0.800670949987
33 SNARC arabic DC up 2 num_decimal 0.531745012408
33 SNARC arabic DC up 7 num_decimal 0.715800606206
33 SNARC arabic DC up 4 num_decimal 1.25824260238
33 SNARC arabic DC down 5 lctrl 0.535156806387
33 SNARC arabic DC up 4 num_decimal 1.88214979767
33 SNARC arabic DC up 5 num_decimal 0.362168807686
33 SNARC arabic DC down 8 lctrl 0.507443548266
33 SNARC arabic DC up 6 num_decimal 0.806284014263
33 SNARC arabic DC up 4 num_decimal 0.493471606238
33 SNARC arabic DC up 2 num_decimal 0.489115610786
33 SNARC arabic DC up 1 num_decimal 0.461326760553
33 SNARC arabic DC up 2 num_decimal 0.518242021445
33 SNARC arabic DC up 3 num_decimal 0.773067580399
33 SNARC arabic DC up 9 num_decimal 0.611582881326
33 SNARC arabic DC down 1 lctrl 0.587415453198
33 SNARC arabic DC up 4 num_decimal 0.594267388198
33 SNARC arabic DC down 3 lctrl 0.818253115288
33 SNARC arabic DC down 7 lctrl 0.588156675851
33 SNARC arabic DC up 3 num_decimal 0.494480550955
33 SNARC arabic DC up 8 num_decimal 0.701340815086
33 SNARC arabic DC down 4 lctrl 0.578357698374
33 SNARC arabic DC up 3 num_decimal 0.632381910948
33 SNARC arabic DC down 1 lctrl 0.715529384509
33 SNARC arabic DC down 4 lctrl 0.581856983224
33 SNARC arabic DC up 3 num_decimal 0.522516125442
33 SNARC arabic DC up 9 num_decimal 0.578126372513
33 SNARC arabic DC down 1 lctrl 0.728768503007
33 SNARC arabic DC down 3 lctrl 0.461000594588
33 SNARC arabic DC down 3 lctrl 0.422725788564
33 SNARC arabic DC up 5 num_decimal 0.5891547717
33 SNARC arabic DC down 1 lctrl 0.649073419189
33 SNARC arabic DC up 4 num_decimal 0.589460989746
33 SNARC arabic DC down 6 lctrl 0.673261845127
33 SNARC arabic DC up 7 num_decimal 0.44226774936
33 SNARC arabic DC up 5 num_decimal 0.560296433067
33 SNARC arabic DC down 7 lctrl 0.658192417622
33 SNARC arabic DC down 6 lctrl 0.518079288427
33 SNARC arabic DC down 9 lctrl 0.503751433537
33 SNARC arabic DC down 8 lctrl 0.493232231217
33 SNARC arabic DC down 8 lctrl 0.489788590561
33 SNARC arabic DC down 1 lctrl 0.606544457086
33 SNARC arabic DC down 6 lctrl 0.588138827713
33 SNARC arabic DC up 5 num_decimal 0.55116693573
33 SNARC arabic DC down 3 lctrl 0.530015842847
33 SNARC arabic DC down 8 lctrl 0.653510606168
33 SNARC arabic DC up 8 num_decimal 0.434156645754
33 SNARC arabic DC down 3 lctrl 0.658886395205
33 SNARC arabic DC up 5 num_decimal 0.745068052149
33 SNARC arabic DC up 5 num_decimal 0.493990252117
33 SNARC arabic DC down 2 lctrl 0.43596875666
33 SNARC arabic DC down 5 lctrl 0.52180919921
33 SNARC arabic DC down 6 lctrl 0.531852451197
33 SNARC arabic DC down 7 lctrl 0.687306579559
33 SNARC arabic DC down 5 lctrl 0.493097495277
33 SNARC arabic DC up 8 num_decimal 0.409451673718
33 SNARC arabic DC down 1 lctrl 0.544834346536
33 SNARC arabic DC down 9 lctrl 0.814986906116
33 SNARC arabic DC up 7 num_decimal 0.527024005045
33 SNARC arabic DC up 1 num_decimal 0.617058759919
33 SNARC arabic DC up 3 num_decimal 0.52223335495
33 SNARC arabic DC down 8 lctrl 0.492939661746
33 SNARC arabic DC down 4 lctrl 0.460866908538
33 SNARC arabic DC down 7 lctrl 0.578580275148
33 SNARC arabic DC down 7 lctrl 0.375853779658
33 SNARC arabic DC up 3 num_decimal 0.540983698351
33 SNARC arabic DC down 2 lctrl 0.520918892114
33 SNARC arabic DC up 1 num_decimal 1.25489240198
33 SNARC arabic DC down 3 lctrl 0.488585766076
33 SNARC arabic DC up 9 num_decimal 0.574887810457
33 SNARC arabic DC up 7 num_decimal 0.578823149804
33 SNARC arabic DC down 6 lctrl 0.502396374938
33 SNARC arabic DC down 1 lctrl 0.365842374349
33 SNARC arabic DC down 6 lctrl 0.436607440013
33 SNARC arabic DC up 9 num_decimal 0.650122609705
33 SNARC arabic DC up 9 num_decimal 0.418863241621
33 SNARC arabic DC down 6 lctrl 0.446196789366
33 SNARC arabic DC down 9 lctrl 0.433151200672
33 SNARC arabic DC down 4 lctrl 0.408704501685
33 SNARC arabic DC up 5 num_decimal 0.546717150066
33 SNARC arabic DC down 1 lctrl 0.700536599006
33 SNARC arabic DC down 2 lctrl 0.432840433101
33 SNARC arabic DC down 4 lctrl 0.450775361591
33 SNARC arabic DC down 5 lctrl 0.408384635063
33 SNARC arabic DC down 3 lctrl 0.323978692823
33 SNARC arabic DC up 6 num_decimal 0.547022668185
33 SNARC arabic DC up 3 num_decimal 0.475448136987
33 SNARC arabic DC up 3 num_decimal 0.419274098747
33 SNARC arabic DC down 9 lctrl 0.446639493169
33 SNARC arabic DC down 1 lctrl 0.432178652158
33 SNARC arabic DC down 4 lctrl 0.450512539016
33 SNARC arabic DC down 3 lctrl 0.347469641543
33 SNARC arabic DC up 7 num_decimal 0.465484676673
33 SNARC arabic DC up 2 num_decimal 0.436701930154
{'task': u'line', 'participant': u'33', 'dateStr': u'09_24_1227', 'notation': u'dot', 'response_buttons': u'DC', 'range_in_instr': True, 'interactive_setting': True, 'autopilot': False, 'exp_id': u'SNARC'}
33 SNARC dot DC up 40 num_decimal 1.23575184929
33 SNARC dot DC up 20 num_decimal 0.460786066974
33 SNARC dot DC up 20 num_decimal 0.390634487291
33 SNARC dot DC down 35 lctrl 0.50540326117
33 SNARC dot DC down 40 lctrl 0.389208736068
33 SNARC dot DC up 5 num_decimal 0.507342058857
33 SNARC dot DC down 25 lctrl 1.26743509315
33 SNARC dot DC down 45 lctrl 0.4880373733
33 SNARC dot DC up 45 num_decimal 0.474800704546
33 SNARC dot DC down 10 lctrl 0.685044415615
33 SNARC dot DC up 30 num_decimal 0.61381494841
33 SNARC dot DC down 20 lctrl 0.729569919379
33 SNARC dot DC up 40 num_decimal 0.418217908961
33 SNARC dot DC up 45 num_decimal 0.639710846173
33 SNARC dot DC down 5 lctrl 0.438800311188
33 SNARC dot DC up 40 num_decimal 0.63053340384
33 SNARC dot DC up 10 num_decimal 0.427958442537
33 SNARC dot DC up 15 num_decimal 0.35738620675
33 SNARC dot DC down 40 lctrl 0.572112250087
33 SNARC dot DC down 25 lctrl 0.415196324264
33 SNARC dot DC down 15 lctrl 0.352485318157
33 SNARC dot DC up 30 num_decimal 0.486647318353
33 SNARC dot DC down 5 lctrl 0.671977829114
33 SNARC dot DC down 10 lctrl 0.385308043105
33 SNARC dot DC down 30 lctrl 0.368497197317
33 SNARC dot DC down 40 lctrl 0.346571635249
33 SNARC dot DC up 30 num_decimal 0.453991875947
33 SNARC dot DC up 30 num_decimal 0.372527026804
33 SNARC dot DC down 25 lctrl 0.527389716884
33 SNARC dot DC up 45 num_decimal 0.44666574043
33 SNARC dot DC down 45 lctrl 0.539177886788
33 SNARC dot DC up 45 num_decimal 0.512954073242
33 SNARC dot DC down 5 lctrl 0.817573136243
33 SNARC dot DC down 10 lctrl 0.346640928019
33 SNARC dot DC down 45 lctrl 0.420901428936
33 SNARC dot DC up 30 num_decimal 0.440275407261
33 SNARC dot DC up 5 num_decimal 0.431668405401
33 SNARC dot DC up 45 num_decimal 0.407703956093
33 SNARC dot DC up 30 num_decimal 0.34009276132
33 SNARC dot DC down 15 lctrl 0.567982331043
33 SNARC dot DC down 25 lctrl 0.428929241234
33 SNARC dot DC up 40 num_decimal 0.534822941227
33 SNARC dot DC down 15 lctrl 0.469121497172
33 SNARC dot DC up 5 num_decimal 0.375461120631
33 SNARC dot DC down 35 lctrl 0.519371703563
33 SNARC dot DC up 35 num_decimal 0.581998718434
33 SNARC dot DC up 45 num_decimal 0.445595902067
33 SNARC dot DC down 35 lctrl 0.433924270003
33 SNARC dot DC down 45 lctrl 0.483912353746
33 SNARC dot DC down 40 lctrl 0.332135291682
33 SNARC dot DC up 45 num_decimal 0.428071130777
33 SNARC dot DC up 15 num_decimal 0.39965969551
33 SNARC dot DC down 30 lctrl 0.42464743804
33 SNARC dot DC down 35 lctrl 0.312259465725
33 SNARC dot DC down 25 lctrl 0.330471915256
33 SNARC dot DC down 15 lctrl 0.281974675942
33 SNARC dot DC up 15 lctrl 0.271114259227
33 SNARC dot DC up 45 num_decimal 0.46311577387
33 SNARC dot DC up 20 num_decimal 0.36719463324
33 SNARC dot DC down 40 lctrl 0.444430873638
33 SNARC dot DC up 25 num_decimal 0.40141581226
33 SNARC dot DC up 15 num_decimal 0.366898214171
33 SNARC dot DC up 20 num_decimal 0.339093615582
33 SNARC dot DC down 45 lctrl 0.468545107318
33 SNARC dot DC down 40 lctrl 0.416958740355
33 SNARC dot DC up 30 num_decimal 0.440104975045
33 SNARC dot DC down 5 lctrl 0.463435990455
33 SNARC dot DC up 5 num_decimal 0.351581712448
33 SNARC dot DC up 10 num_decimal 0.346852305962
33 SNARC dot DC up 15 num_decimal 0.39537019312
33 SNARC dot DC up 40 num_decimal 0.336543431692
33 SNARC dot DC down 15 num_decimal 0.224752497076
33 SNARC dot DC down 15 lctrl 0.549362873984
33 SNARC dot DC down 45 lctrl 0.38445798181
33 SNARC dot DC down 40 lctrl 0.279081527843
33 SNARC dot DC down 40 lctrl 0.36445336929
33 SNARC dot DC down 25 lctrl 0.377084601222
33 SNARC dot DC down 35 lctrl 0.40659492182
33 SNARC dot DC up 45 num_decimal 0.455513517164
33 SNARC dot DC up 35 num_decimal 0.472669776908
33 SNARC dot DC up 10 num_decimal 0.374834686
33 SNARC dot DC down 45 lctrl 0.458654439409
33 SNARC dot DC up 20 num_decimal 0.646691217771
33 SNARC dot DC up 40 num_decimal 0.364979714366
33 SNARC dot DC down 15 lctrl 0.436790120951
33 SNARC dot DC up 40 num_decimal 0.51732476716
33 SNARC dot DC down 5 lctrl 0.515722984306
33 SNARC dot DC up 40 num_decimal 0.390087144407
33 SNARC dot DC up 20 num_decimal 0.367229279625
33 SNARC dot DC down 45 lctrl 0.497035284368
33 SNARC dot DC up 5 num_decimal 1.2536262341
33 SNARC dot DC up 20 num_decimal 0.504314524779
33 SNARC dot DC down 25 lctrl 0.555928188894
33 SNARC dot DC up 40 num_decimal 0.545033125793
33 SNARC dot DC up 10 num_decimal 0.370873449356
33 SNARC dot DC down 35 lctrl 0.438630928862
33 SNARC dot DC up 20 num_decimal 0.367054297883
33 SNARC dot DC up 15 num_decimal 0.361111568008
33 SNARC dot DC up 15 num_decimal 0.460006348338
33 SNARC dot DC up 20 num_decimal 0.461168227096
33 SNARC dot DC down 5 lctrl 0.473398750841
33 SNARC dot DC down 10 lctrl 0.497927341282
33 SNARC dot DC up 25 num_decimal 0.473129978886
33 SNARC dot DC up 45 num_decimal 0.502216143745
33 SNARC dot DC up 45 num_decimal 0.441408589014
33 SNARC dot DC up 5 num_decimal 0.459678082592
33 SNARC dot DC up 25 num_decimal 0.362958325299
33 SNARC dot DC down 20 lctrl 0.549941713582
33 SNARC dot DC down 45 lctrl 0.88374633107
33 SNARC dot DC down 20 lctrl 0.376597102092
33 SNARC dot DC down 10 lctrl 0.342781530748
33 SNARC dot DC up 10 num_decimal 0.418819146222
33 SNARC dot DC down 35 lctrl 1.235850539
33 SNARC dot DC up 15 num_decimal 0.466385832638
33 SNARC dot DC down 30 lctrl 0.446834422828
33 SNARC dot DC up 15 num_decimal 0.456616252094
33 SNARC dot DC down 30 lctrl 0.428509285056
33 SNARC dot DC down 20 lctrl 0.43376223691
33 SNARC dot DC up 10 num_decimal 0.574726127328
33 SNARC dot DC down 20 lctrl 1.02737974292
33 SNARC dot DC up 40 num_decimal 0.885188180613
33 SNARC dot DC up 25 num_decimal 0.387015864894
33 SNARC dot DC up 30 num_decimal 0.316272496964
33 SNARC dot DC up 10 num_decimal 0.361071322208
33 SNARC dot DC down 35 lctrl 0.434215439619
33 SNARC dot DC down 45 lctrl 0.469341274238
33 SNARC dot DC up 45 num_decimal 0.573686385826
33 SNARC dot DC down 25 lctrl 0.379792968604
33 SNARC dot DC down 15 lctrl 0.366387267489
33 SNARC dot DC up 25 num_decimal 0.49067504806
33 SNARC dot DC down 20 lctrl 0.592792992051
33 SNARC dot DC up 45 num_decimal 0.442544220511
33 SNARC dot DC up 25 num_decimal 0.471258374188
33 SNARC dot DC down 35 lctrl 0.406333849062
33 SNARC dot DC down 15 lctrl 0.498517029748
33 SNARC dot DC up 35 num_decimal 0.440171468108
33 SNARC dot DC up 35 num_decimal 0.444277939598
33 SNARC dot DC up 5 num_decimal 0.417608972503
33 SNARC dot DC up 30 num_decimal 0.42511393936
33 SNARC dot DC down 5 lctrl 0.345867158762
33 SNARC dot DC down 25 lctrl 0.574921056987
33 SNARC dot DC up 5 num_decimal 0.492759080589
33 SNARC dot DC down 5 lctrl 0.449462998537
33 SNARC dot DC down 5 lctrl 0.392855355543
33 SNARC dot DC down 35 lctrl 0.407176211163
33 SNARC dot DC up 20 num_decimal 0.462715065682
33 SNARC dot DC down 10 lctrl 0.403066240038
33 SNARC dot DC down 45 lctrl 0.403312614329
33 SNARC dot DC up 30 num_decimal 0.487200260653
33 SNARC dot DC down 20 num_decimal 0.45190119411
33 SNARC dot DC down 35 lctrl 0.759694075923
33 SNARC dot DC down 20 lctrl 0.404827256275
33 SNARC dot DC up 45 num_decimal 0.450868451877
33 SNARC dot DC up 30 num_decimal 0.453478829484
33 SNARC dot DC up 25 num_decimal 0.415549087453
33 SNARC dot DC down 20 lctrl 0.418762102175
33 SNARC dot DC down 25 lctrl 0.44376664295
33 SNARC dot DC up 30 num_decimal 0.482408560666
33 SNARC dot DC down 40 lctrl 0.628913422885
33 SNARC dot DC up 40 num_decimal 1.32793922954
33 SNARC dot DC up 20 num_decimal 0.489884130591
33 SNARC dot DC up 15 num_decimal 0.413183334319
33 SNARC dot DC down 40 lctrl 0.444412675538
33 SNARC dot DC up 30 num_decimal 0.497351301392
33 SNARC dot DC down 10 lctrl 0.85158783681
33 SNARC dot DC up 15 num_decimal 0.711257030329
33 SNARC dot DC down 20 lctrl 0.507163227518
33 SNARC dot DC up 5 num_decimal 0.464527526553
33 SNARC dot DC down 5 lctrl 0.46720929671
33 SNARC dot DC up 30 num_decimal 0.525744538558
33 SNARC dot DC down 20 lctrl 0.403886204474
33 SNARC dot DC down 40 lctrl 0.533701658233
33 SNARC dot DC up 35 num_decimal 0.464284301934
33 SNARC dot DC down 15 lctrl 0.936425983949
33 SNARC dot DC down 20 lctrl 0.433472117184
33 SNARC dot DC down 5 lctrl 0.379050696059
33 SNARC dot DC down 5 lctrl 0.365094502389
33 SNARC dot DC up 35 num_decimal 0.430577569231
33 SNARC dot DC up 25 num_decimal 0.542422398223
33 SNARC dot DC down 40 lctrl 0.444592206803
33 SNARC dot DC down 15 lctrl 0.412934860247
33 SNARC dot DC up 20 num_decimal 0.434672841889
33 SNARC dot DC up 25 num_decimal 0.514772483491
33 SNARC dot DC down 40 lctrl 0.458122844881
33 SNARC dot DC up 5 num_decimal 0.606958113921
33 SNARC dot DC down 40 lctrl 0.444834381532
33 SNARC dot DC down 35 lctrl 0.325706812494
33 SNARC dot DC up 15 num_decimal 0.424013304212
33 SNARC dot DC up 25 num_decimal 0.513854529279
33 SNARC dot DC up 40 num_decimal 0.402625985978
33 SNARC dot DC up 30 num_decimal 0.354159893414
33 SNARC dot DC down 25 lctrl 0.456875924997
33 SNARC dot DC down 5 lctrl 0.378479205695
33 SNARC dot DC up 40 num_decimal 0.474349601619
33 SNARC dot DC up 30 num_decimal 0.468212991975
33 SNARC dot DC up 30 num_decimal 0.358892449573
33 SNARC dot DC down 40 lctrl 0.429933986388
33 SNARC dot DC up 15 num_decimal 1.05563264473
33 SNARC dot DC up 10 num_decimal 0.385174357056
33 SNARC dot DC up 25 num_decimal 0.334264469503
33 SNARC dot DC up 20 num_decimal 0.419353190495
33 SNARC dot DC up 45 num_decimal 0.356341565758
33 SNARC dot DC down 10 lctrl 0.416309558097
33 SNARC dot DC down 30 lctrl 0.340238346129
33 SNARC dot DC down 35 lctrl 0.322109187907
33 SNARC dot DC down 10 lctrl 0.385035771517
33 SNARC dot DC down 35 lctrl 0.411448915306
33 SNARC dot DC down 5 lctrl 0.375327784545
33 SNARC dot DC up 15 num_decimal 0.502966815413
33 SNARC dot DC down 10 lctrl 0.582884476004
33 SNARC dot DC up 10 num_decimal 0.489331888217
33 SNARC dot DC down 15 lctrl 1.04907222931
33 SNARC dot DC down 20 lctrl 0.366306775888
33 SNARC dot DC down 10 lctrl 0.342445565805
33 SNARC dot DC up 35 num_decimal 0.38385184506
33 SNARC dot DC down 35 lctrl 0.678947701807
33 SNARC dot DC down 15 lctrl 0.409080362464
33 SNARC dot DC down 20 lctrl 0.380370058385
33 SNARC dot DC down 5 lctrl 0.350587466199
33 SNARC dot DC up 40 num_decimal 0.545307497163
33 SNARC dot DC down 5 lctrl 0.524277491643
33 SNARC dot DC down 20 lctrl 0.404770562192
33 SNARC dot DC up 10 num_decimal 0.400418066375
33 SNARC dot DC down 35 lctrl 0.377564751118
33 SNARC dot DC down 35 lctrl 0.283236644256
33 SNARC dot DC up 10 num_decimal 0.513489167405
33 SNARC dot DC down 5 lctrl 0.392211422738
33 SNARC dot DC up 45 num_decimal 0.682371044581
33 SNARC dot DC up 30 num_decimal 0.439882048308
33 SNARC dot DC down 25 lctrl 0.497493036602
33 SNARC dot DC up 35 num_decimal 1.05901819145
33 SNARC dot DC down 20 lctrl 0.503603748949
33 SNARC dot DC up 5 num_decimal 0.323523390334
33 SNARC dot DC down 30 lctrl 0.399917618597
33 SNARC dot DC up 35 num_decimal 0.534950327933
33 SNARC dot DC down 35 lctrl 0.410597804119
33 SNARC dot DC up 40 num_decimal 0.404088483367
33 SNARC dot DC up 15 num_decimal 0.465997373174
33 SNARC dot DC down 30 lctrl 0.480797328798
33 SNARC dot DC down 20 lctrl 0.532199265006
33 SNARC dot DC down 25 lctrl 0.507644427304
33 SNARC dot DC down 10 lctrl 0.398805434653
33 SNARC dot DC down 10 lctrl 0.332484555236
33 SNARC dot DC up 5 num_decimal 0.465121764544
33 SNARC dot DC up 15 num_decimal 0.446566350802
33 SNARC dot DC up 10 num_decimal 0.385331140696
33 SNARC dot DC up 25 num_decimal 0.386707197104
33 SNARC dot DC up 45 num_decimal 0.347011889309
33 SNARC dot DC up 10 num_decimal 0.375386578411
33 SNARC dot DC down 15 lctrl 0.454638258498
33 SNARC dot DC up 15 num_decimal 0.438636528278
33 SNARC dot DC up 40 num_decimal 0.445595552104
33 SNARC dot DC up 5 num_decimal 0.350682306302
33 SNARC dot DC up 45 num_decimal 0.328091813619
33 SNARC dot DC down 20 lctrl 0.503593949971
33 SNARC dot DC down 40 lctrl 1.17171518152
33 SNARC dot DC down 15 lctrl 0.352290038534
33 SNARC dot DC up 20 num_decimal 0.409645203523
33 SNARC dot DC down 40 lctrl 0.49185232521
33 SNARC dot DC up 45 lctrl 0.426668827107
33 SNARC dot DC down 40 lctrl 0.604096462534
33 SNARC dot DC up 45 num_decimal 0.357358209671
33 SNARC dot DC up 10 num_decimal 0.511989223925
33 SNARC dot DC down 30 lctrl 0.467413325419
33 SNARC dot DC down 10 lctrl 0.498501281391
33 SNARC dot DC down 20 lctrl 0.433445869923
33 SNARC dot DC down 15 lctrl 0.380876105579
33 SNARC dot DC up 5 num_decimal 0.376362276596
33 SNARC dot DC down 40 lctrl 0.495166479377
33 SNARC dot DC up 25 num_decimal 0.632376311532
33 SNARC dot DC down 15 lctrl 0.56434901018
33 SNARC dot DC down 15 lctrl 0.455570561212
33 SNARC dot DC up 10 num_decimal 0.357588485642
33 SNARC dot DC down 35 lctrl 0.509238160997
33 SNARC dot DC down 15 lctrl 0.466113561049
33 SNARC dot DC up 25 num_decimal 0.58962827229
33 SNARC dot DC up 30 num_decimal 0.537849775376
33 SNARC dot DC up 35 num_decimal 0.534089767732
33 SNARC dot DC up 25 num_decimal 0.4621236274
33 SNARC dot DC down 35 lctrl 0.434387621652
33 SNARC dot DC up 35 num_decimal 0.482723177836
33 SNARC dot DC up 25 num_decimal 0.627452325351
33 SNARC dot DC down 40 lctrl 0.548275187484
33 SNARC dot DC up 45 num_decimal 0.442468628399
33 SNARC dot DC up 5 num_decimal 0.432081712273
33 SNARC dot DC down 10 lctrl 0.431559916722
33 SNARC dot DC up 40 num_decimal 0.403822861084
33 SNARC dot DC down 40 lctrl 0.444313985835
33 SNARC dot DC down 10 lctrl 0.530965993698
33 SNARC dot DC up 20 num_decimal 0.538116447548
33 SNARC dot DC up 40 num_decimal 0.516027802499
33 SNARC dot DC down 25 lctrl 0.499385989072
33 SNARC dot DC down 20 lctrl 0.975552601086
33 SNARC dot DC up 35 num_decimal 0.393706116766
33 SNARC dot DC up 25 num_decimal 0.386730294694
33 SNARC dot DC up 40 num_decimal 0.459967502391
33 SNARC dot DC up 30 num_decimal 0.387456118954
33 SNARC dot DC down 25 lctrl 0.457065955167
33 SNARC dot DC up 10 num_decimal 0.47061409142
33 SNARC dot DC down 15 lctrl 0.441169563956
33 SNARC dot DC up 35 num_decimal 0.553159977756
33 SNARC dot DC up 45 num_decimal 0.427320809074
33 SNARC dot DC up 35 num_decimal 0.373465278898
33 SNARC dot DC down 45 lctrl 0.415703421348
33 SNARC dot DC down 10 lctrl 0.558692900396
33 SNARC dot DC up 10 num_decimal 0.371812051412
33 SNARC dot DC up 25 num_decimal 0.330623099479
33 SNARC dot DC down 30 num_decimal 0.283890376039
33 SNARC dot DC up 30 num_decimal 0.425159434613
33 SNARC dot DC up 25 num_decimal 0.447976003704
33 SNARC dot DC down 45 lctrl 0.462613576274
33 SNARC dot DC down 10 lctrl 0.45564370358
33 SNARC dot DC up 5 num_decimal 0.460858509415
33 SNARC dot DC up 10 num_decimal 0.427643475404
33 SNARC dot DC up 45 num_decimal 0.41310704228
33 SNARC dot DC up 20 num_decimal 0.306432223798
33 SNARC dot DC down 10 lctrl 0.445228090449
33 SNARC dot DC up 25 num_decimal 0.335168075212
33 SNARC dot DC up 30 num_decimal 0.712766772787
33 SNARC dot DC up 25 num_decimal 0.372266653975
33 SNARC dot DC down 10 lctrl 0.540020248887
33 SNARC dot DC down 25 lctrl 0.476064422678
33 SNARC dot DC up 30 num_decimal 0.553381154677
33 SNARC dot DC down 35 lctrl 0.651030065012
33 SNARC dot DC down 25 lctrl 0.475908688929
33 SNARC dot DC down 5 lctrl 0.424944207071
33 SNARC dot DC up 5 num_decimal 0.5602855842
33 SNARC dot DC down 20 lctrl 0.573758478303
33 SNARC dot DC down 45 lctrl 0.639986967361
33 SNARC dot DC down 30 lctrl 0.453708405527
33 SNARC dot DC down 10 lctrl 0.314745606296
33 SNARC dot DC down 30 lctrl 0.443603559969
33 SNARC dot DC up 35 num_decimal 0.455105809709
33 SNARC dot DC up 35 num_decimal 0.383141069229
33 SNARC dot DC up 20 num_decimal 0.353045259727
33 SNARC dot DC down 5 lctrl 0.501137206333
33 SNARC dot DC up 15 num_decimal 0.593747692428
33 SNARC dot DC down 45 lctrl 1.04378638089
33 SNARC dot DC down 30 lctrl 0.382631872364
33 SNARC dot DC up 30 num_decimal 0.567931586339
33 SNARC dot DC up 25 num_decimal 0.429459435907
33 SNARC dot DC down 25 lctrl 0.570287190532
33 SNARC dot DC up 10 num_decimal 0.343440162019
33 SNARC dot DC up 15 num_decimal 0.409162603882
33 SNARC dot DC down 5 lctrl 0.462871499359
33 SNARC dot DC up 35 num_decimal 0.464622016692
33 SNARC dot DC up 5 num_decimal 0.431258598165
33 SNARC dot DC down 45 lctrl 0.543697665148
33 SNARC dot DC up 30 num_decimal 0.344804319669
33 SNARC dot DC down 5 lctrl 0.515452462535
33 SNARC dot DC down 15 lctrl 0.398732642249
33 SNARC dot DC up 35 num_decimal 0.479053810735
33 SNARC dot DC down 35 lctrl 0.420341487365
33 SNARC dot DC down 20 lctrl 0.73496425648
33 SNARC dot DC down 20 lctrl 0.418945133076
33 SNARC dot DC up 30 num_decimal 0.439922994036
33 SNARC dot DC up 45 num_decimal 0.459700130292
33 SNARC dot DC down 5 lctrl 0.472985793932
33 SNARC dot DC down 30 lctrl 0.482216430716
33 SNARC dot DC up 30 num_decimal 0.468615100014
