{'task': u'line', 'participant': u'alma', 'dateStr': u'09_22_1740', 'notation': u'arabic', 'response_buttons': u'DC', 'range_in_instr': True, 'interactive_setting': True, 'autopilot': False, 'exp_id': u'SNARC'}
alma SNARC arabic DC down 8 lctrl 1.98256397247
alma SNARC arabic DC up 8 num_delete 1.14419603348
alma SNARC arabic DC down 1 lctrl 0.638185977936
alma SNARC arabic DC down 4 lctrl 0.674111843109
alma SNARC arabic DC up 9 num_delete 0.63644194603
alma SNARC arabic DC down 4 lctrl 0.616138935089
alma SNARC arabic DC up 2 num_delete 0.812862873077
alma SNARC arabic DC up 6 num_delete 0.609327077866
alma SNARC arabic DC down 2 lctrl 0.678406000137
alma SNARC arabic DC down 4 lctrl 0.62485408783
alma SNARC arabic DC down 6 lctrl 0.541249036789
alma SNARC arabic DC up 4 num_delete 0.749000072479
alma SNARC arabic DC up 8 num_delete 0.620537996292
alma SNARC arabic DC up 9 num_delete 0.936619997025
alma SNARC arabic DC down 5 lctrl 0.64873790741
alma SNARC arabic DC down 5 lctrl 0.403928995132
alma SNARC arabic DC down 6 lctrl 0.450583934784
alma SNARC arabic DC up 8 num_delete 0.469802856445
alma SNARC arabic DC up 8 num_delete 0.416497945786
alma SNARC arabic DC up 8 num_delete 0.406254053116
alma SNARC arabic DC down 3 lctrl 0.468248128891
alma SNARC arabic DC up 8 num_delete 0.623404979706
alma SNARC arabic DC down 8 lctrl 0.612119913101
alma SNARC arabic DC up 9 num_delete 0.544842004776
alma SNARC arabic DC up 8 num_delete 0.872874975204
alma SNARC arabic DC up 8 num_delete 0.538474082947
alma SNARC arabic DC up 4 num_delete 0.77041220665
alma SNARC arabic DC up 5 num_delete 0.67501115799
alma SNARC arabic DC down 7 lctrl 0.570811986923
alma SNARC arabic DC up 7 num_delete 0.608964204788
alma SNARC arabic DC up 1 num_delete 1.15775799751
alma SNARC arabic DC down 8 lctrl 0.52375793457
alma SNARC arabic DC down 7 lctrl 0.557043075562
alma SNARC arabic DC up 2 num_delete 0.443475008011
alma SNARC arabic DC up 7 num_delete 0.73565196991
alma SNARC arabic DC up 8 num_delete 0.519740104675
alma SNARC arabic DC down 5 lctrl 0.497745990753
alma SNARC arabic DC down 4 num_delete 1.00239300728
alma SNARC arabic DC up 1 num_delete 1.45490288734
alma SNARC arabic DC down 6 lctrl 1.03261899948
alma SNARC arabic DC down 8 lctrl 0.763709068298
alma SNARC arabic DC up 4 num_delete 0.778084993362
alma SNARC arabic DC up 8 num_delete 0.887973070145
alma SNARC arabic DC up 1 num_delete 0.520915985107
alma SNARC arabic DC up 6 num_delete 0.56144285202
alma SNARC arabic DC up 6 num_delete 0.385104894638
alma SNARC arabic DC up 9 num_delete 0.599898099899
alma SNARC arabic DC up 2 num_delete 0.541492938995
alma SNARC arabic DC down 3 lctrl 0.517759084702
alma SNARC arabic DC up 5 num_delete 0.799296855927
alma SNARC arabic DC up 9 num_delete 0.60418009758
alma SNARC arabic DC down 5 lctrl 0.657357931137
alma SNARC arabic DC down 5 lctrl 0.516398906708
alma SNARC arabic DC up 5 num_delete 0.485606908798
alma SNARC arabic DC down 1 lctrl 0.616816997528
alma SNARC arabic DC down 5 lctrl 0.557734966278
alma SNARC arabic DC up 1 num_delete 0.452793121338
alma SNARC arabic DC down 1 lctrl 0.560629844666
alma SNARC arabic DC up 3 num_delete 0.81551194191
alma SNARC arabic DC down 3 lctrl 0.460083961487
alma SNARC arabic DC down 7 lctrl 0.53568482399
alma SNARC arabic DC down 3 lctrl 0.416394948959
alma SNARC arabic DC down 1 lctrl 1.16621994972
alma SNARC arabic DC up 8 num_delete 0.507348060608
alma SNARC arabic DC up 2 num_delete 0.980777978897
alma SNARC arabic DC down 5 lctrl 0.594256162643
alma SNARC arabic DC down 9 lctrl 0.536643028259
alma SNARC arabic DC up 2 num_delete 0.759909152985
alma SNARC arabic DC down 3 lctrl 0.630226135254
alma SNARC arabic DC up 7 num_delete 0.954711198807
alma SNARC arabic DC up 6 num_delete 0.712510108948
alma SNARC arabic DC up 2 num_delete 0.521689891815
alma SNARC arabic DC up 6 num_delete 0.530042886734
alma SNARC arabic DC down 7 lctrl 0.627360105515
alma SNARC arabic DC up 3 num_delete 1.79111504555
alma SNARC arabic DC up 5 num_delete 0.529385089874
alma SNARC arabic DC down 9 lctrl 0.690509080887
alma SNARC arabic DC up 2 num_delete 0.963205099106
alma SNARC arabic DC up 7 num_delete 0.585545063019
alma SNARC arabic DC down 1 lctrl 0.528224945068
alma SNARC arabic DC down 4 lctrl 0.544983148575
alma SNARC arabic DC down 1 lctrl 0.680934906006
alma SNARC arabic DC down 6 lctrl 0.563079833984
alma SNARC arabic DC up 6 num_delete 0.586091041565
alma SNARC arabic DC down 3 lctrl 0.601253986359
alma SNARC arabic DC up 7 num_delete 0.622493028641
alma SNARC arabic DC down 1 lctrl 0.523279190063
alma SNARC arabic DC up 9 num_delete 0.923445940018
alma SNARC arabic DC down 6 lctrl 0.410995006561
alma SNARC arabic DC down 3 lctrl 0.496788978577
alma SNARC arabic DC down 9 lctrl 0.411391973495
alma SNARC arabic DC down 5 lctrl 0.384682893753
alma SNARC arabic DC up 5 num_delete 0.423588037491
alma SNARC arabic DC up 3 num_delete 0.380267858505
alma SNARC arabic DC down 5 lctrl 0.41999912262
alma SNARC arabic DC up 6 num_delete 0.376595020294
alma SNARC arabic DC up 6 num_delete 0.911818027496
alma SNARC arabic DC down 7 lctrl 0.536278009415
alma SNARC arabic DC down 7 lctrl 0.447736978531
alma SNARC arabic DC up 3 num_delete 0.49250292778
alma SNARC arabic DC down 1 lctrl 0.486543893814
alma SNARC arabic DC down 8 lctrl 0.608710050583
alma SNARC arabic DC down 5 lctrl 0.477689981461
alma SNARC arabic DC down 1 lctrl 0.688529014587
alma SNARC arabic DC up 3 num_delete 0.72164106369
alma SNARC arabic DC down 9 num_delete 0.465901136398
alma SNARC arabic DC up 6 num_delete 0.845562934875
alma SNARC arabic DC down 1 lctrl 0.592844009399
alma SNARC arabic DC up 9 num_delete 0.886437892914
alma SNARC arabic DC down 2 lctrl 0.728003025055
alma SNARC arabic DC down 3 lctrl 0.568054199219
alma SNARC arabic DC down 7 lctrl 0.383326053619
alma SNARC arabic DC down 1 lctrl 0.461907863617
alma SNARC arabic DC up 4 num_delete 0.56173992157
alma SNARC arabic DC down 4 lctrl 0.753280162811
alma SNARC arabic DC down 8 lctrl 0.608854055405
alma SNARC arabic DC up 9 num_delete 0.525322914124
alma SNARC arabic DC down 1 lctrl 0.446048021317
alma SNARC arabic DC down 7 lctrl 0.810774803162
alma SNARC arabic DC up 3 num_delete 0.470897912979
alma SNARC arabic DC down 3 lctrl 0.505791187286
alma SNARC arabic DC down 1 lctrl 1.55545401573
alma SNARC arabic DC down 1 lctrl 0.688225030899
alma SNARC arabic DC down 4 lctrl 0.593630075455
alma SNARC arabic DC up 3 num_delete 0.495390892029
alma SNARC arabic DC down 1 lctrl 0.649440050125
alma SNARC arabic DC down 2 lctrl 0.509294986725
alma SNARC arabic DC up 2 num_delete 0.590362787247
alma SNARC arabic DC up 5 num_delete 0.708239078522
alma SNARC arabic DC up 7 num_delete 0.51705789566
alma SNARC arabic DC down 4 lctrl 0.566545963287
alma SNARC arabic DC down 6 lctrl 0.909806966782
alma SNARC arabic DC up 7 num_delete 0.67786192894
alma SNARC arabic DC up 7 num_delete 0.536091089249
alma SNARC arabic DC up 4 num_delete 0.51186299324
alma SNARC arabic DC up 9 num_delete 0.609440088272
alma SNARC arabic DC down 4 lctrl 0.454618930817
alma SNARC arabic DC up 1 num_delete 0.682012081146
alma SNARC arabic DC up 6 num_delete 0.436630964279
alma SNARC arabic DC up 6 num_delete 0.440191984177
alma SNARC arabic DC down 8 lctrl 0.412953138351
alma SNARC arabic DC down 2 num_delete 0.442786216736
alma SNARC arabic DC down 9 lctrl 1.15113115311
alma SNARC arabic DC up 5 num_delete 0.532668828964
alma SNARC arabic DC down 3 lctrl 0.589977025986
alma SNARC arabic DC down 2 lctrl 0.531574964523
alma SNARC arabic DC down 8 lctrl 0.548635959625
alma SNARC arabic DC up 4 num_delete 0.595803976059
alma SNARC arabic DC up 5 num_delete 0.537712097168
alma SNARC arabic DC up 5 num_delete 0.529690980911
alma SNARC arabic DC down 4 lctrl 1.18728494644
alma SNARC arabic DC up 2 num_delete 0.607134103775
alma SNARC arabic DC down 3 lctrl 0.490625858307
alma SNARC arabic DC up 4 num_delete 0.51820898056
alma SNARC arabic DC up 2 num_delete 0.615478038788
alma SNARC arabic DC down 5 lctrl 0.549027919769
alma SNARC arabic DC down 3 num_delete 3.22873306274
alma SNARC arabic DC up 1 num_delete 0.600959062576
alma SNARC arabic DC down 4 lctrl 0.551015138626
alma SNARC arabic DC up 7 num_delete 0.662751913071
alma SNARC arabic DC up 5 num_delete 0.665657997131
alma SNARC arabic DC down 7 lctrl 0.796840906143
alma SNARC arabic DC down 6 lctrl 0.601393938065
alma SNARC arabic DC up 1 num_delete 0.855579137802
alma SNARC arabic DC up 9 num_delete 0.929738998413
alma SNARC arabic DC up 6 num_delete 0.529433012009
alma SNARC arabic DC up 4 num_delete 1.49792194366
alma SNARC arabic DC down 7 lctrl 0.593396902084
alma SNARC arabic DC up 2 num_delete 0.526866912842
alma SNARC arabic DC up 7 num_delete 1.50358700752
alma SNARC arabic DC up 9 num_delete 0.414416074753
alma SNARC arabic DC up 2 num_delete 0.524080038071
alma SNARC arabic DC up 2 num_delete 0.444911003113
alma SNARC arabic DC down 6 lctrl 0.41748380661
alma SNARC arabic DC up 1 num_delete 0.519004106522
alma SNARC arabic DC down 6 lctrl 0.496340990067
alma SNARC arabic DC up 5 num_delete 0.394443035126
alma SNARC arabic DC up 3 num_delete 0.712643861771
alma SNARC arabic DC down 9 lctrl 0.553864002228
alma SNARC arabic DC down 3 lctrl 0.488630056381
alma SNARC arabic DC down 8 lctrl 0.651190042496
alma SNARC arabic DC up 7 lctrl 0.38291311264
alma SNARC arabic DC down 8 lctrl 1.60642910004
alma SNARC arabic DC down 6 lctrl 0.608444929123
alma SNARC arabic DC up 9 num_delete 0.564648866653
alma SNARC arabic DC down 3 lctrl 0.468156099319
alma SNARC arabic DC up 2 num_delete 0.983474969864
alma SNARC arabic DC up 7 num_delete 0.531925916672
alma SNARC arabic DC down 8 lctrl 0.613726854324
alma SNARC arabic DC up 5 num_delete 0.666579008102
alma SNARC arabic DC up 6 num_delete 1.38157320023
alma SNARC arabic DC down 9 lctrl 0.42575097084
alma SNARC arabic DC down 9 lctrl 0.678802967072
alma SNARC arabic DC up 3 num_delete 0.520698070526
alma SNARC arabic DC down 2 lctrl 0.449499130249
alma SNARC arabic DC up 7 num_delete 0.661821842194
alma SNARC arabic DC up 6 num_delete 0.552580833435
alma SNARC arabic DC up 8 num_delete 0.624509811401
alma SNARC arabic DC down 5 lctrl 0.581086874008
alma SNARC arabic DC down 2 lctrl 0.5318171978
alma SNARC arabic DC down 4 lctrl 0.492409944534
alma SNARC arabic DC up 5 num_delete 0.422315120697
alma SNARC arabic DC up 5 num_delete 0.499037027359
alma SNARC arabic DC up 6 num_delete 0.581296920776
alma SNARC arabic DC down 2 lctrl 0.452162981033
alma SNARC arabic DC up 7 num_delete 0.528169155121
alma SNARC arabic DC up 1 num_delete 0.896711111069
alma SNARC arabic DC up 7 num_delete 0.673713207245
alma SNARC arabic DC down 8 lctrl 0.484217882156
alma SNARC arabic DC down 7 lctrl 0.438924074173
alma SNARC arabic DC up 4 num_delete 0.547039031982
alma SNARC arabic DC up 1 num_delete 0.482998132706
alma SNARC arabic DC up 5 num_delete 0.765786170959
alma SNARC arabic DC up 7 num_delete 0.43684887886
alma SNARC arabic DC up 6 num_delete 0.568511962891
alma SNARC arabic DC down 3 lctrl 0.440225124359
alma SNARC arabic DC up 8 num_delete 0.564560174942
alma SNARC arabic DC up 2 num_delete 0.595361948013
alma SNARC arabic DC up 7 num_delete 0.433029174805
alma SNARC arabic DC down 9 lctrl 0.454452037811
alma SNARC arabic DC down 9 lctrl 0.513767004013
alma SNARC arabic DC up 5 num_delete 0.50726890564
alma SNARC arabic DC down 4 lctrl 0.644876003265
alma SNARC arabic DC up 7 num_delete 0.616197109222
alma SNARC arabic DC up 5 num_delete 0.469263076782
alma SNARC arabic DC up 1 num_delete 0.376131057739
alma SNARC arabic DC down 6 lctrl 0.46448302269
alma SNARC arabic DC up 6 num_delete 0.402797937393
alma SNARC arabic DC up 9 num_delete 0.464028120041
alma SNARC arabic DC down 8 lctrl 0.564182043076
alma SNARC arabic DC up 7 num_delete 0.587422132492
alma SNARC arabic DC down 4 lctrl 0.537500143051
alma SNARC arabic DC down 2 lctrl 0.545636892319
alma SNARC arabic DC up 9 num_delete 0.441095113754
alma SNARC arabic DC down 1 lctrl 0.413559913635
alma SNARC arabic DC up 1 num_delete 0.571046829224
alma SNARC arabic DC up 1 num_delete 0.945487976074
alma SNARC arabic DC down 5 lctrl 0.416501045227
alma SNARC arabic DC down 4 lctrl 0.838312149048
alma SNARC arabic DC up 1 num_delete 0.457104921341
alma SNARC arabic DC down 9 lctrl 0.484857082367
alma SNARC arabic DC up 4 num_delete 0.559350967407
alma SNARC arabic DC up 2 num_delete 0.52659201622
alma SNARC arabic DC up 8 lctrl 0.495618104935
alma SNARC arabic DC down 4 lctrl 0.841740131378
alma SNARC arabic DC up 8 num_delete 0.436438083649
alma SNARC arabic DC down 6 lctrl 1.16877985001
alma SNARC arabic DC up 7 num_delete 0.574077129364
alma SNARC arabic DC up 8 num_delete 0.436998128891
alma SNARC arabic DC up 9 num_delete 0.53694486618
alma SNARC arabic DC down 1 lctrl 0.74507522583
alma SNARC arabic DC up 7 num_delete 0.56013417244
alma SNARC arabic DC up 3 num_delete 0.511396884918
alma SNARC arabic DC down 7 lctrl 0.641651153564
alma SNARC arabic DC up 6 num_delete 0.419839143753
alma SNARC arabic DC up 2 num_delete 0.585501909256
alma SNARC arabic DC down 8 lctrl 2.16053199768
alma SNARC arabic DC down 9 lctrl 1.01048803329
alma SNARC arabic DC up 9 num_delete 0.48619389534
alma SNARC arabic DC down 6 lctrl 0.680410861969
alma SNARC arabic DC up 5 num_delete 1.15417003632
alma SNARC arabic DC down 8 lctrl 0.712709903717
alma SNARC arabic DC down 6 lctrl 0.489496946335
alma SNARC arabic DC up 3 num_delete 0.57939696312
alma SNARC arabic DC up 6 num_delete 0.505805015564
alma SNARC arabic DC up 2 num_delete 1.54772996902
alma SNARC arabic DC down 9 lctrl 0.6484811306
alma SNARC arabic DC down 7 lctrl 0.788177967072
alma SNARC arabic DC down 4 lctrl 0.649270057678
alma SNARC arabic DC down 4 lctrl 0.628821849823
alma SNARC arabic DC down 7 lctrl 0.561830043793
alma SNARC arabic DC down 2 lctrl 0.552358150482
alma SNARC arabic DC up 9 num_delete 0.568511009216
alma SNARC arabic DC up 2 num_delete 0.527364015579
alma SNARC arabic DC up 4 num_delete 0.624032974243
alma SNARC arabic DC up 7 num_delete 0.79647898674
alma SNARC arabic DC up 5 num_delete 0.609741926193
alma SNARC arabic DC up 2 num_delete 0.486700057983
alma SNARC arabic DC up 3 num_delete 0.440756082535
alma SNARC arabic DC down 5 lctrl 0.461287021637
alma SNARC arabic DC up 3 lctrl 0.432832956314
alma SNARC arabic DC down 4 lctrl 0.765944957733
alma SNARC arabic DC up 3 num_delete 0.428238153458
alma SNARC arabic DC up 3 num_delete 0.449033021927
alma SNARC arabic DC up 8 num_delete 0.357618093491
alma SNARC arabic DC up 8 num_delete 1.00532412529
alma SNARC arabic DC up 3 num_delete 0.40919303894
alma SNARC arabic DC down 4 num_delete 0.302932024002
alma SNARC arabic DC down 7 lctrl 1.1612701416
alma SNARC arabic DC up 9 num_delete 0.454391002655
alma SNARC arabic DC up 4 num_delete 0.513951063156
alma SNARC arabic DC up 1 num_delete 0.563280105591
alma SNARC arabic DC down 9 lctrl 0.603003025055
alma SNARC arabic DC up 7 num_delete 0.887567996979
alma SNARC arabic DC up 8 num_delete 0.656267166138
alma SNARC arabic DC up 3 num_delete 0.595468044281
alma SNARC arabic DC down 4 lctrl 0.585790872574
alma SNARC arabic DC down 4 lctrl 0.496039867401
alma SNARC arabic DC down 9 lctrl 0.441778898239
alma SNARC arabic DC up 3 num_delete 0.614648103714
alma SNARC arabic DC down 3 lctrl 0.555807113647
alma SNARC arabic DC down 2 lctrl 0.571051836014
alma SNARC arabic DC down 9 lctrl 0.833072900772
alma SNARC arabic DC down 5 lctrl 0.477138996124
alma SNARC arabic DC down 5 lctrl 0.423654079437
alma SNARC arabic DC down 8 lctrl 0.484750986099
alma SNARC arabic DC up 4 lctrl 0.295449972153
alma SNARC arabic DC up 5 num_delete 1.05816698074
alma SNARC arabic DC up 9 num_delete 0.667550086975
alma SNARC arabic DC up 2 num_delete 0.382760047913
alma SNARC arabic DC down 3 lctrl 0.485886096954
alma SNARC arabic DC down 1 lctrl 0.45610499382
alma SNARC arabic DC down 4 lctrl 0.523888111115
alma SNARC arabic DC down 1 lctrl 0.652750015259
alma SNARC arabic DC up 8 num_delete 0.567703962326
alma SNARC arabic DC down 9 lctrl 0.89587688446
alma SNARC arabic DC up 9 num_delete 1.11991810799
alma SNARC arabic DC down 8 lctrl 0.584750890732
alma SNARC arabic DC up 9 num_delete 0.421880960464
alma SNARC arabic DC down 1 lctrl 2.39496397972
alma SNARC arabic DC down 4 lctrl 0.538936853409
alma SNARC arabic DC up 2 num_delete 0.771282911301
alma SNARC arabic DC up 2 num_delete 0.505073070526
alma SNARC arabic DC down 1 lctrl 0.650953054428
alma SNARC arabic DC up 7 num_delete 0.454136133194
alma SNARC arabic DC down 5 lctrl 0.585973024368
alma SNARC arabic DC up 3 num_delete 0.552107095718
alma SNARC arabic DC up 8 num_delete 0.856110811234
alma SNARC arabic DC up 6 num_delete 0.778341054916
alma SNARC arabic DC up 6 num_delete 0.592115879059
alma SNARC arabic DC up 5 num_delete 0.462266921997
alma SNARC arabic DC up 5 num_delete 0.529713869095
alma SNARC arabic DC down 2 lctrl 0.394547939301
alma SNARC arabic DC down 5 lctrl 0.625119924545
alma SNARC arabic DC up 9 num_delete 0.63712310791
alma SNARC arabic DC up 2 num_delete 0.465061187744
alma SNARC arabic DC down 4 lctrl 0.500366926193
alma SNARC arabic DC down 6 lctrl 0.31035900116
alma SNARC arabic DC up 8 num_delete 0.5205078125
alma SNARC arabic DC up 6 num_delete 0.353226900101
alma SNARC arabic DC down 6 lctrl 0.433921098709
alma SNARC arabic DC up 3 lctrl 0.217810869217
alma SNARC arabic DC up 2 num_delete 0.771565914154
alma SNARC arabic DC down 3 lctrl 0.554215192795
alma SNARC arabic DC down 2 lctrl 0.649472951889
alma SNARC arabic DC up 1 num_delete 0.500355958939
alma SNARC arabic DC up 3 num_delete 0.55863404274
alma SNARC arabic DC up 9 num_delete 0.461632966995
alma SNARC arabic DC down 6 num_delete 0.393408060074
alma SNARC arabic DC up 2 num_delete 0.503526210785
alma SNARC arabic DC up 1 num_delete 0.593229055405
alma SNARC arabic DC down 1 lctrl 0.48724603653
alma SNARC arabic DC up 3 num_delete 0.656924009323
alma SNARC arabic DC down 1 lctrl 0.636065006256
alma SNARC arabic DC up 4 num_delete 0.664556026459
alma SNARC arabic DC down 6 lctrl 0.435505151749
alma SNARC arabic DC down 4 lctrl 0.79255604744
alma SNARC arabic DC down 7 lctrl 0.533705949783
alma SNARC arabic DC down 8 lctrl 0.510448932648
alma SNARC arabic DC down 2 lctrl 0.583773851395
{'task': u'line', 'participant': u'alma', 'dateStr': u'09_22_1751', 'notation': u'dot', 'response_buttons': u'DC', 'range_in_instr': True, 'interactive_setting': True, 'autopilot': False, 'exp_id': u'SNARC'}
alma SNARC dot DC down 25 lctrl 1.1196231842
alma SNARC dot DC down 35 lctrl 0.47772192955
alma SNARC dot DC down 20 lctrl 0.351234912872
alma SNARC dot DC down 5 lctrl 0.64776802063
alma SNARC dot DC up 35 num_delete 0.512969970703
alma SNARC dot DC up 15 num_delete 0.345524072647
alma SNARC dot DC down 10 lctrl 0.482725858688
alma SNARC dot DC down 40 lctrl 0.36317896843
alma SNARC dot DC down 40 lctrl 0.376868009567
alma SNARC dot DC down 30 lctrl 0.510601997375
alma SNARC dot DC down 5 lctrl 0.359976053238
alma SNARC dot DC up 5 num_delete 0.399678945541
alma SNARC dot DC up 25 num_delete 0.428653001785
alma SNARC dot DC down 5 lctrl 0.514622926712
alma SNARC dot DC up 5 lctrl 0.355994939804
alma SNARC dot DC down 25 lctrl 0.921485900879
alma SNARC dot DC down 20 lctrl 0.448880910873
alma SNARC dot DC down 30 lctrl 0.507193088531
alma SNARC dot DC down 35 lctrl 0.458329916
alma SNARC dot DC up 15 num_delete 0.509079933167
alma SNARC dot DC up 25 num_delete 0.741040945053
alma SNARC dot DC down 20 lctrl 0.579903841019
alma SNARC dot DC up 30 num_delete 0.776556015015
alma SNARC dot DC up 5 num_delete 0.486653089523
alma SNARC dot DC up 10 num_delete 0.448827028275
alma SNARC dot DC down 15 lctrl 0.476594209671
alma SNARC dot DC down 40 lctrl 0.420928955078
alma SNARC dot DC down 10 lctrl 0.698709011078
alma SNARC dot DC down 35 lctrl 0.857403039932
alma SNARC dot DC down 40 lctrl 0.393676042557
alma SNARC dot DC up 40 num_delete 0.397655010223
alma SNARC dot DC up 20 num_delete 0.483367919922
alma SNARC dot DC down 5 lctrl 0.478580951691
alma SNARC dot DC down 35 lctrl 0.407122135162
alma SNARC dot DC up 10 num_delete 0.516584157944
alma SNARC dot DC up 45 num_delete 0.411130905151
alma SNARC dot DC down 45 lctrl 0.438104152679
alma SNARC dot DC up 35 num_delete 0.488044977188
alma SNARC dot DC up 45 num_delete 0.447274923325
alma SNARC dot DC up 5 num_delete 0.467714071274
alma SNARC dot DC up 10 num_delete 0.407483100891
alma SNARC dot DC down 25 lctrl 0.475612163544
alma SNARC dot DC down 35 lctrl 0.492182970047
alma SNARC dot DC down 5 lctrl 0.422656059265
alma SNARC dot DC down 20 lctrl 0.466847896576
alma SNARC dot DC up 5 num_delete 0.653866052628
alma SNARC dot DC up 15 num_delete 0.416249036789
alma SNARC dot DC down 35 lctrl 0.412024021149
alma SNARC dot DC down 15 lctrl 0.328922986984
alma SNARC dot DC down 30 lctrl 0.441467046738
alma SNARC dot DC down 45 lctrl 0.466213226318
alma SNARC dot DC up 40 num_delete 0.468326807022
alma SNARC dot DC up 40 num_delete 0.396538972855
alma SNARC dot DC down 40 lctrl 0.465106010437
alma SNARC dot DC up 35 num_delete 0.762513875961
alma SNARC dot DC down 20 lctrl 0.544578075409
alma SNARC dot DC up 5 num_delete 0.384363889694
alma SNARC dot DC down 15 lctrl 0.543096065521
alma SNARC dot DC up 5 num_delete 0.590680122375
alma SNARC dot DC down 10 lctrl 0.42066192627
alma SNARC dot DC up 45 num_delete 0.614618062973
alma SNARC dot DC up 40 num_delete 0.489650011063
alma SNARC dot DC down 45 lctrl 0.456964015961
alma SNARC dot DC down 25 lctrl 0.530996084213
alma SNARC dot DC down 25 lctrl 0.498070001602
alma SNARC dot DC up 30 num_delete 0.61892580986
alma SNARC dot DC up 15 num_delete 0.583271026611
alma SNARC dot DC down 15 lctrl 0.805117845535
alma SNARC dot DC up 20 num_delete 0.600759983063
alma SNARC dot DC down 35 lctrl 0.932699203491
alma SNARC dot DC up 45 num_delete 0.57648897171
alma SNARC dot DC down 10 lctrl 0.623605966568
alma SNARC dot DC down 5 lctrl 0.564656019211
alma SNARC dot DC down 5 lctrl 0.626300096512
alma SNARC dot DC up 35 num_delete 0.621288061142
alma SNARC dot DC up 25 num_delete 0.400308132172
alma SNARC dot DC down 25 lctrl 0.453428983688
alma SNARC dot DC down 10 lctrl 0.409138917923
alma SNARC dot DC up 25 num_delete 0.485558986664
alma SNARC dot DC down 30 num_delete 0.310434103012
alma SNARC dot DC up 15 num_delete 0.567320108414
alma SNARC dot DC up 10 num_delete 0.519143104553
alma SNARC dot DC down 30 lctrl 0.58318400383
alma SNARC dot DC up 25 num_delete 0.459941148758
alma SNARC dot DC down 30 lctrl 1.01437902451
alma SNARC dot DC up 30 num_delete 0.848104000092
alma SNARC dot DC down 40 lctrl 0.498410224915
alma SNARC dot DC up 30 num_delete 0.618155002594
alma SNARC dot DC up 5 num_delete 0.479181051254
alma SNARC dot DC up 35 num_delete 0.519806861877
alma SNARC dot DC up 35 num_delete 1.19839191437
alma SNARC dot DC down 20 lctrl 0.47393321991
alma SNARC dot DC down 45 lctrl 0.690261125565
alma SNARC dot DC down 15 lctrl 1.11579084396
alma SNARC dot DC up 30 num_delete 0.44842505455
alma SNARC dot DC down 40 lctrl 0.47504901886
alma SNARC dot DC up 40 lctrl 0.443103790283
alma SNARC dot DC down 40 lctrl 0.645925045013
alma SNARC dot DC down 25 lctrl 0.519575119019
alma SNARC dot DC down 10 lctrl 0.400108098984
alma SNARC dot DC up 10 num_delete 0.510672092438
alma SNARC dot DC up 25 num_delete 0.367029190063
alma SNARC dot DC up 40 num_delete 0.38036108017
alma SNARC dot DC up 10 num_delete 0.395447969437
alma SNARC dot DC down 10 lctrl 0.602124929428
alma SNARC dot DC down 15 lctrl 0.551438808441
alma SNARC dot DC up 40 num_delete 0.572494029999
alma SNARC dot DC up 10 num_delete 0.363051891327
alma SNARC dot DC up 5 num_delete 0.603222846985
alma SNARC dot DC down 35 lctrl 0.622330904007
alma SNARC dot DC up 45 num_delete 0.74333691597
alma SNARC dot DC down 15 lctrl 0.502426147461
alma SNARC dot DC down 15 lctrl 0.567847967148
alma SNARC dot DC up 5 num_delete 0.574774026871
alma SNARC dot DC up 10 num_delete 0.381229877472
alma SNARC dot DC down 45 lctrl 0.41814494133
alma SNARC dot DC up 20 num_delete 0.526705026627
alma SNARC dot DC up 5 num_delete 0.40725684166
alma SNARC dot DC down 30 lctrl 0.42067193985
alma SNARC dot DC down 15 lctrl 0.664655923843
alma SNARC dot DC up 5 num_delete 0.338670969009
alma SNARC dot DC down 20 lctrl 0.858836889267
alma SNARC dot DC down 35 num_delete 0.411338090897
alma SNARC dot DC down 5 lctrl 0.472693920135
alma SNARC dot DC down 25 lctrl 0.394114017487
alma SNARC dot DC down 15 lctrl 0.367882013321
alma SNARC dot DC up 45 num_delete 0.388456106186
alma SNARC dot DC down 20 lctrl 0.490218877792
alma SNARC dot DC up 15 lctrl 0.459863901138
alma SNARC dot DC down 40 num_delete 0.51709318161
alma SNARC dot DC up 20 num_delete 0.925857067108
alma SNARC dot DC up 40 num_delete 0.530946016312
alma SNARC dot DC up 45 num_delete 0.536709070206
alma SNARC dot DC down 45 lctrl 0.5099568367
alma SNARC dot DC down 30 lctrl 0.574170827866
alma SNARC dot DC down 40 lctrl 0.474085092545
alma SNARC dot DC down 30 lctrl 0.515877008438
alma SNARC dot DC up 40 lctrl 0.29110789299
alma SNARC dot DC down 35 lctrl 0.627729892731
alma SNARC dot DC down 15 lctrl 0.399199962616
alma SNARC dot DC down 20 lctrl 0.548943042755
alma SNARC dot DC down 20 lctrl 0.468240976334
alma SNARC dot DC up 45 num_delete 0.48450088501
alma SNARC dot DC up 10 num_delete 0.495507955551
alma SNARC dot DC down 20 lctrl 0.593172073364
alma SNARC dot DC up 20 num_delete 0.549931049347
alma SNARC dot DC down 30 lctrl 0.636794090271
alma SNARC dot DC down 35 lctrl 1.17402791977
alma SNARC dot DC up 35 num_delete 0.608251094818
alma SNARC dot DC down 5 lctrl 0.525858879089
alma SNARC dot DC down 40 lctrl 0.637072086334
alma SNARC dot DC up 35 num_delete 1.32545280457
alma SNARC dot DC down 35 lctrl 0.522490024567
alma SNARC dot DC down 30 lctrl 0.897579908371
alma SNARC dot DC down 15 lctrl 0.633322000504
alma SNARC dot DC down 45 lctrl 0.554656982422
alma SNARC dot DC down 30 lctrl 0.40861415863
alma SNARC dot DC up 5 num_delete 0.574223995209
alma SNARC dot DC up 40 num_delete 0.362257003784
alma SNARC dot DC down 25 lctrl 0.561105012894
alma SNARC dot DC up 30 num_delete 1.15067887306
alma SNARC dot DC down 15 lctrl 0.764158964157
alma SNARC dot DC up 45 num_delete 0.43959903717
alma SNARC dot DC up 35 num_delete 0.601684093475
alma SNARC dot DC down 15 lctrl 0.471243143082
alma SNARC dot DC down 25 lctrl 0.480540037155
alma SNARC dot DC up 20 num_delete 0.49057507515
alma SNARC dot DC up 40 num_delete 0.466415882111
alma SNARC dot DC up 35 num_delete 0.355553865433
alma SNARC dot DC down 45 lctrl 0.488819122314
alma SNARC dot DC down 40 lctrl 0.880975008011
alma SNARC dot DC up 10 num_delete 0.514434099197
alma SNARC dot DC up 20 num_delete 0.499159097672
alma SNARC dot DC up 5 num_delete 1.02103114128
alma SNARC dot DC up 10 num_delete 0.400339841843
alma SNARC dot DC down 20 lctrl 0.414258956909
alma SNARC dot DC up 35 num_delete 0.52952504158
alma SNARC dot DC down 25 lctrl 0.440904140472
alma SNARC dot DC down 15 lctrl 0.452652215958
alma SNARC dot DC up 20 num_delete 0.647169828415
alma SNARC dot DC up 25 num_delete 0.417174816132
alma SNARC dot DC up 25 num_delete 0.365365028381
alma SNARC dot DC up 15 num_delete 0.372849225998
alma SNARC dot DC down 15 lctrl 0.387420892715
alma SNARC dot DC down 10 lctrl 0.433940887451
alma SNARC dot DC down 10 lctrl 0.407574892044
alma SNARC dot DC up 25 num_delete 0.546880960464
alma SNARC dot DC up 5 num_delete 0.410892009735
alma SNARC dot DC up 30 num_delete 0.367190122604
alma SNARC dot DC up 30 num_delete 0.461527824402
alma SNARC dot DC down 15 lctrl 0.520729064941
alma SNARC dot DC down 10 lctrl 0.4018471241
alma SNARC dot DC down 25 lctrl 0.582288980484
alma SNARC dot DC down 15 lctrl 0.460452079773
alma SNARC dot DC down 40 lctrl 0.669166088104
alma SNARC dot DC up 25 num_delete 0.390763998032
alma SNARC dot DC up 45 num_delete 0.498044013977
alma SNARC dot DC down 10 lctrl 0.452749013901
alma SNARC dot DC down 40 lctrl 0.685869932175
alma SNARC dot DC down 10 lctrl 0.456288099289
alma SNARC dot DC up 5 num_delete 0.539676904678
alma SNARC dot DC up 45 num_delete 0.496546030045
alma SNARC dot DC up 30 num_delete 0.433166027069
alma SNARC dot DC up 40 num_delete 0.508095979691
alma SNARC dot DC up 45 num_delete 0.330487966537
alma SNARC dot DC up 15 num_delete 0.91525888443
alma SNARC dot DC down 25 lctrl 0.401893138885
alma SNARC dot DC up 25 num_delete 0.374999046326
alma SNARC dot DC up 10 num_delete 0.414479017258
alma SNARC dot DC down 35 lctrl 0.497774124146
alma SNARC dot DC up 20 num_delete 1.51505613327
alma SNARC dot DC down 20 lctrl 0.489318132401
alma SNARC dot DC up 40 num_delete 0.504465103149
alma SNARC dot DC down 25 lctrl 0.640702009201
alma SNARC dot DC up 25 num_delete 0.610764026642
alma SNARC dot DC up 30 num_delete 0.518384933472
alma SNARC dot DC up 20 num_delete 0.50313782692
alma SNARC dot DC up 20 num_delete 0.9517390728
alma SNARC dot DC up 30 num_delete 0.388993024826
alma SNARC dot DC down 20 lctrl 0.475121021271
alma SNARC dot DC down 35 lctrl 0.411602973938
alma SNARC dot DC up 15 num_delete 0.648484945297
alma SNARC dot DC down 5 lctrl 0.660403966904
alma SNARC dot DC down 5 lctrl 0.775269985199
alma SNARC dot DC up 5 num_delete 0.428882837296
alma SNARC dot DC down 40 lctrl 0.815892934799
alma SNARC dot DC up 35 num_delete 0.417914152145
alma SNARC dot DC up 40 num_delete 0.637242078781
alma SNARC dot DC up 5 num_delete 0.585294008255
alma SNARC dot DC down 10 lctrl 0.607979059219
alma SNARC dot DC down 45 lctrl 0.642183065414
alma SNARC dot DC down 5 lctrl 0.525813102722
alma SNARC dot DC down 30 lctrl 0.43708896637
alma SNARC dot DC down 10 lctrl 0.857208967209
alma SNARC dot DC down 25 lctrl 0.530195951462
alma SNARC dot DC down 20 lctrl 0.39398598671
alma SNARC dot DC up 30 num_delete 0.454941034317
alma SNARC dot DC up 20 num_delete 1.18563890457
alma SNARC dot DC up 15 num_delete 0.309786081314
alma SNARC dot DC up 30 num_delete 0.278132915497
alma SNARC dot DC down 40 lctrl 0.823698043823
alma SNARC dot DC down 10 lctrl 0.803618907928
alma SNARC dot DC down 10 lctrl 0.472155094147
alma SNARC dot DC down 45 lctrl 0.647917032242
alma SNARC dot DC down 5 lctrl 0.404253005981
alma SNARC dot DC down 20 lctrl 0.456654071808
alma SNARC dot DC down 25 lctrl 0.410752058029
alma SNARC dot DC up 10 num_delete 0.400048017502
alma SNARC dot DC down 40 lctrl 0.749243021011
alma SNARC dot DC down 30 lctrl 0.466512918472
alma SNARC dot DC down 30 lctrl 0.476593971252
alma SNARC dot DC down 20 lctrl 0.542897939682
alma SNARC dot DC up 25 num_delete 0.389045953751
alma SNARC dot DC down 40 lctrl 0.489393949509
alma SNARC dot DC up 5 num_delete 0.371517896652
alma SNARC dot DC up 25 num_delete 0.39327788353
alma SNARC dot DC up 10 num_delete 0.367584943771
alma SNARC dot DC down 15 lctrl 0.511168956757
alma SNARC dot DC down 25 lctrl 0.678858041763
alma SNARC dot DC up 45 lctrl 0.334214925766
alma SNARC dot DC down 45 num_delete 0.484600067139
alma SNARC dot DC down 35 lctrl 1.0131380558
alma SNARC dot DC down 45 lctrl 0.422241926193
alma SNARC dot DC up 40 num_delete 0.47291302681
alma SNARC dot DC down 20 lctrl 0.779923915863
alma SNARC dot DC down 30 lctrl 0.639755010605
alma SNARC dot DC down 15 lctrl 0.506689071655
alma SNARC dot DC down 10 lctrl 0.604290962219
alma SNARC dot DC down 5 lctrl 0.418076992035
alma SNARC dot DC up 25 num_delete 0.565112829208
alma SNARC dot DC down 35 lctrl 0.682497024536
alma SNARC dot DC down 35 lctrl 0.538563013077
alma SNARC dot DC up 10 num_delete 0.602416038513
alma SNARC dot DC up 45 num_delete 1.09316396713
alma SNARC dot DC down 40 lctrl 0.579653024673
alma SNARC dot DC up 35 num_delete 0.639657020569
alma SNARC dot DC up 5 num_delete 0.627362012863
alma SNARC dot DC up 35 num_delete 0.461533784866
alma SNARC dot DC down 45 lctrl 0.574346065521
alma SNARC dot DC down 10 lctrl 0.621167182922
alma SNARC dot DC down 15 lctrl 0.520530939102
alma SNARC dot DC down 15 lctrl 0.416589021683
alma SNARC dot DC up 45 num_delete 0.523207902908
alma SNARC dot DC down 30 lctrl 1.06658601761
alma SNARC dot DC up 45 num_delete 0.497256040573
alma SNARC dot DC down 25 lctrl 0.514224052429
alma SNARC dot DC down 35 lctrl 0.529345989227
alma SNARC dot DC up 20 num_delete 0.624947071075
alma SNARC dot DC up 45 num_delete 0.530532121658
alma SNARC dot DC down 35 lctrl 0.569197893143
alma SNARC dot DC down 30 lctrl 0.71922492981
alma SNARC dot DC up 35 num_delete 0.525281906128
alma SNARC dot DC down 10 lctrl 0.510605096817
alma SNARC dot DC up 45 lctrl 0.948888778687
alma SNARC dot DC down 35 lctrl 0.642165899277
alma SNARC dot DC up 5 num_delete 0.436947822571
alma SNARC dot DC down 45 lctrl 0.350445985794
alma SNARC dot DC up 15 lctrl 0.638454914093
alma SNARC dot DC up 35 num_delete 0.607634067535
alma SNARC dot DC down 10 lctrl 0.420208930969
alma SNARC dot DC down 40 lctrl 1.35181903839
alma SNARC dot DC down 20 lctrl 0.444724798203
alma SNARC dot DC down 25 lctrl 0.375329017639
alma SNARC dot DC down 20 lctrl 0.653901100159
alma SNARC dot DC up 20 num_delete 0.423115968704
alma SNARC dot DC down 25 lctrl 1.14717411995
alma SNARC dot DC up 5 num_delete 0.601449012756
alma SNARC dot DC down 25 lctrl 0.630167961121
alma SNARC dot DC down 20 lctrl 0.537759065628
alma SNARC dot DC up 45 num_delete 0.438544988632
alma SNARC dot DC up 45 num_delete 0.495902061462
alma SNARC dot DC down 35 lctrl 0.512282848358
alma SNARC dot DC up 45 num_delete 0.422397136688
alma SNARC dot DC up 30 num_delete 0.65808391571
alma SNARC dot DC up 35 num_delete 0.40265583992
alma SNARC dot DC up 5 num_delete 0.441093921661
alma SNARC dot DC up 30 num_delete 1.10721206665
alma SNARC dot DC down 15 lctrl 0.682245969772
alma SNARC dot DC up 30 num_delete 1.1068611145
alma SNARC dot DC up 15 num_delete 0.449105024338
alma SNARC dot DC down 45 lctrl 0.42773103714
alma SNARC dot DC down 45 lctrl 0.501357078552
alma SNARC dot DC down 20 lctrl 0.406985044479
alma SNARC dot DC down 25 lctrl 0.410557031631
alma SNARC dot DC down 40 lctrl 0.446584939957
alma SNARC dot DC up 15 num_delete 0.474052906036
alma SNARC dot DC up 10 num_delete 0.532897949219
alma SNARC dot DC down 10 lctrl 0.605726003647
alma SNARC dot DC down 20 lctrl 1.51414704323
alma SNARC dot DC up 30 lctrl 0.399192094803
alma SNARC dot DC down 30 lctrl 0.66002702713
alma SNARC dot DC down 25 lctrl 0.764925003052
alma SNARC dot DC down 40 lctrl 0.561836957932
alma SNARC dot DC up 30 num_delete 0.735451936722
alma SNARC dot DC down 25 lctrl 1.18233919144
alma SNARC dot DC down 25 lctrl 0.578121185303
alma SNARC dot DC down 15 lctrl 0.559458017349
alma SNARC dot DC up 35 num_delete 0.476656913757
alma SNARC dot DC up 45 num_delete 0.347917079926
alma SNARC dot DC down 30 lctrl 0.620012998581
alma SNARC dot DC down 35 lctrl 0.829699993134
alma SNARC dot DC up 20 num_delete 0.552576065063
alma SNARC dot DC up 15 num_delete 0.343780994415
alma SNARC dot DC down 10 lctrl 0.513290882111
alma SNARC dot DC down 30 lctrl 0.528323888779
alma SNARC dot DC up 5 num_delete 0.688947916031
alma SNARC dot DC up 5 num_delete 0.626497983932
alma SNARC dot DC up 15 num_delete 0.438050031662
alma SNARC dot DC down 40 lctrl 0.664432048798
alma SNARC dot DC up 20 num_delete 0.50639295578
alma SNARC dot DC down 40 lctrl 0.673978090286
alma SNARC dot DC down 20 lctrl 1.35542798042
alma SNARC dot DC up 30 num_delete 0.886966943741
alma SNARC dot DC down 5 lctrl 1.63316011429
alma SNARC dot DC down 40 lctrl 0.64738702774
alma SNARC dot DC down 45 lctrl 0.488112926483
alma SNARC dot DC down 45 lctrl 0.631431102753
alma SNARC dot DC up 15 num_delete 0.458863973618
alma SNARC dot DC down 10 lctrl 0.41476392746
alma SNARC dot DC down 10 lctrl 0.556370019913
{'task': u'line', 'participant': u'alma', 'dateStr': u'09_22_1800', 'notation': u'arabic', 'response_buttons': u'CD', 'range_in_instr': True, 'interactive_setting': True, 'autopilot': False, 'exp_id': u'SNARC'}
alma SNARC arabic CD up 3 lctrl 1.48162102699
alma SNARC arabic CD up 8 lctrl 0.521682024002
alma SNARC arabic CD down 7 num_delete 0.633934020996
alma SNARC arabic CD up 7 lctrl 0.462782859802
alma SNARC arabic CD up 9 lctrl 0.570438146591
alma SNARC arabic CD down 1 num_delete 0.568592071533
alma SNARC arabic CD down 2 num_delete 2.10383486748
alma SNARC arabic CD down 7 num_delete 0.460741043091
alma SNARC arabic CD down 3 num_delete 0.368541955948
alma SNARC arabic CD down 6 num_delete 0.472218990326
alma SNARC arabic CD up 2 lctrl 0.507545948029
alma SNARC arabic CD up 5 lctrl 0.572078943253
alma SNARC arabic CD down 9 lctrl 0.571724891663
alma SNARC arabic CD down 2 num_delete 1.50553011894
alma SNARC arabic CD down 5 num_delete 0.568084955215
alma SNARC arabic CD down 4 num_delete 0.415050029755
alma SNARC arabic CD down 3 num_delete 0.373026132584
alma SNARC arabic CD up 4 lctrl 0.476433038712
alma SNARC arabic CD up 3 lctrl 0.423115968704
alma SNARC arabic CD down 9 num_delete 0.476011991501
alma SNARC arabic CD up 2 lctrl 0.543111085892
alma SNARC arabic CD up 5 lctrl 0.758929014206
alma SNARC arabic CD up 5 lctrl 0.597573041916
alma SNARC arabic CD up 4 lctrl 0.47588300705
alma SNARC arabic CD up 9 lctrl 0.510787010193
alma SNARC arabic CD down 2 num_delete 0.591422080994
alma SNARC arabic CD down 4 num_delete 0.445392131805
alma SNARC arabic CD down 8 num_delete 0.537916183472
alma SNARC arabic CD down 2 num_delete 1.07337808609
alma SNARC arabic CD up 8 lctrl 0.602709054947
alma SNARC arabic CD down 9 num_delete 0.752159118652
alma SNARC arabic CD up 6 lctrl 0.919907808304
alma SNARC arabic CD up 1 lctrl 1.73560905457
alma SNARC arabic CD up 2 lctrl 0.724847078323
alma SNARC arabic CD up 8 lctrl 0.805022001266
alma SNARC arabic CD up 8 lctrl 0.481404066086
alma SNARC arabic CD down 6 num_delete 1.04402208328
alma SNARC arabic CD up 2 lctrl 0.510788917542
alma SNARC arabic CD up 4 lctrl 0.439971923828
alma SNARC arabic CD up 5 lctrl 0.380224943161
alma SNARC arabic CD up 3 num_delete 0.475123882294
alma SNARC arabic CD down 9 num_delete 0.510121107101
alma SNARC arabic CD down 6 num_delete 0.399363040924
alma SNARC arabic CD down 1 num_delete 0.342037916183
alma SNARC arabic CD up 3 lctrl 0.566586971283
alma SNARC arabic CD down 8 lctrl 0.477929115295
alma SNARC arabic CD down 3 num_delete 1.23270201683
alma SNARC arabic CD down 5 num_delete 0.402538061142
alma SNARC arabic CD down 3 num_delete 0.376646995544
alma SNARC arabic CD up 7 lctrl 0.592170953751
alma SNARC arabic CD up 2 lctrl 0.573606967926
alma SNARC arabic CD up 9 lctrl 0.388434886932
alma SNARC arabic CD down 3 num_delete 0.530430078506
alma SNARC arabic CD down 4 num_delete 0.723304986954
alma SNARC arabic CD down 5 num_delete 0.41947388649
alma SNARC arabic CD down 1 num_delete 0.408089160919
alma SNARC arabic CD up 1 lctrl 0.622341871262
alma SNARC arabic CD down 9 num_delete 1.07436299324
alma SNARC arabic CD up 8 num_delete 1.49923992157
alma SNARC arabic CD up 5 lctrl 0.602653980255
alma SNARC arabic CD down 3 num_delete 0.60785984993
alma SNARC arabic CD up 4 lctrl 1.46212482452
alma SNARC arabic CD down 3 num_delete 0.581605911255
alma SNARC arabic CD down 1 num_delete 1.41230893135
alma SNARC arabic CD up 2 lctrl 0.4714179039
alma SNARC arabic CD up 6 lctrl 1.05018520355
alma SNARC arabic CD up 5 lctrl 0.396250963211
alma SNARC arabic CD down 5 num_delete 0.506333112717
alma SNARC arabic CD down 7 num_delete 0.483859062195
alma SNARC arabic CD down 9 num_delete 0.374424934387
alma SNARC arabic CD down 5 num_delete 0.389203071594
alma SNARC arabic CD up 2 lctrl 0.540564060211
alma SNARC arabic CD down 9 num_delete 1.18019795418
alma SNARC arabic CD down 4 num_delete 0.680397033691
alma SNARC arabic CD down 5 num_delete 0.595329999924
alma SNARC arabic CD down 9 lctrl 0.417121171951
alma SNARC arabic CD down 2 num_delete 0.398514032364
alma SNARC arabic CD down 6 num_delete 0.812855958939
alma SNARC arabic CD up 9 lctrl 0.593701124191
alma SNARC arabic CD down 3 num_delete 1.54334688187
alma SNARC arabic CD up 3 lctrl 0.524176836014
alma SNARC arabic CD up 7 lctrl 1.31708216667
alma SNARC arabic CD up 6 lctrl 0.428076982498
alma SNARC arabic CD down 2 num_delete 0.768718004227
alma SNARC arabic CD up 9 lctrl 3.16751813889
alma SNARC arabic CD up 9 lctrl 0.631711006165
alma SNARC arabic CD up 3 lctrl 0.475079059601
alma SNARC arabic CD up 3 lctrl 0.421903133392
alma SNARC arabic CD up 7 lctrl 0.467051029205
alma SNARC arabic CD up 6 lctrl 0.486484050751
alma SNARC arabic CD up 1 lctrl 0.384676933289
alma SNARC arabic CD up 5 lctrl 0.407692909241
alma SNARC arabic CD up 1 lctrl 0.501353025436
alma SNARC arabic CD down 3 num_delete 0.655154943466
alma SNARC arabic CD up 3 lctrl 0.650646924973
alma SNARC arabic CD up 3 lctrl 0.518074989319
alma SNARC arabic CD down 4 num_delete 0.511282920837
alma SNARC arabic CD down 4 num_delete 0.624644994736
alma SNARC arabic CD down 1 num_delete 0.508880138397
alma SNARC arabic CD up 1 lctrl 0.375113964081
alma SNARC arabic CD up 5 lctrl 0.589723825455
alma SNARC arabic CD down 7 num_delete 0.499497890472
alma SNARC arabic CD down 7 num_delete 1.28505897522
alma SNARC arabic CD down 6 num_delete 0.557833194733
alma SNARC arabic CD up 4 lctrl 0.549355983734
alma SNARC arabic CD down 3 num_delete 0.525094985962
alma SNARC arabic CD down 5 num_delete 0.557750940323
alma SNARC arabic CD down 5 num_delete 0.396790981293
alma SNARC arabic CD up 4 lctrl 0.835473060608
alma SNARC arabic CD up 1 lctrl 0.93537402153
alma SNARC arabic CD down 7 num_delete 0.50257897377
alma SNARC arabic CD down 7 num_delete 0.672491788864
alma SNARC arabic CD down 8 num_delete 1.27482819557
alma SNARC arabic CD up 5 lctrl 0.499253988266
alma SNARC arabic CD down 6 num_delete 1.1653380394
alma SNARC arabic CD up 5 lctrl 0.715210199356
alma SNARC arabic CD up 6 lctrl 0.596186876297
alma SNARC arabic CD down 3 num_delete 0.737300872803
alma SNARC arabic CD down 6 num_delete 1.22453904152
alma SNARC arabic CD up 1 lctrl 0.467722177505
alma SNARC arabic CD up 7 lctrl 1.07884693146
alma SNARC arabic CD up 3 lctrl 0.463824033737
alma SNARC arabic CD down 9 num_delete 0.51514005661
alma SNARC arabic CD up 7 lctrl 0.674844026566
alma SNARC arabic CD up 2 num_delete 0.480245828629
alma SNARC arabic CD down 9 num_delete 0.626356840134
alma SNARC arabic CD down 9 num_delete 0.734846830368
alma SNARC arabic CD up 5 lctrl 0.519582986832
alma SNARC arabic CD down 7 num_delete 0.575398921967
alma SNARC arabic CD down 4 num_delete 1.12599301338
alma SNARC arabic CD down 8 num_delete 0.428740978241
alma SNARC arabic CD up 8 lctrl 0.457745790482
alma SNARC arabic CD down 1 num_delete 0.541413068771
alma SNARC arabic CD down 3 num_delete 0.780985116959
alma SNARC arabic CD up 5 lctrl 0.555442810059
alma SNARC arabic CD down 1 num_delete 0.530267953873
alma SNARC arabic CD up 8 lctrl 1.01925301552
alma SNARC arabic CD down 1 num_delete 0.630943059921
alma SNARC arabic CD up 6 lctrl 0.652156829834
alma SNARC arabic CD up 8 lctrl 0.655100107193
alma SNARC arabic CD down 3 num_delete 0.449908018112
alma SNARC arabic CD up 4 lctrl 0.534869194031
alma SNARC arabic CD down 2 num_delete 1.06280779839
alma SNARC arabic CD down 5 num_delete 0.448541164398
alma SNARC arabic CD down 7 num_delete 0.460834026337
alma SNARC arabic CD down 7 num_delete 0.320161819458
alma SNARC arabic CD down 7 num_delete 0.337640047073
alma SNARC arabic CD up 9 num_delete 0.410174846649
alma SNARC arabic CD down 3 num_delete 0.567787885666
alma SNARC arabic CD up 1 lctrl 0.447052955627
alma SNARC arabic CD up 1 lctrl 0.40367102623
alma SNARC arabic CD up 7 lctrl 0.370986938477
alma SNARC arabic CD down 8 num_delete 0.536805868149
alma SNARC arabic CD down 7 num_delete 0.672860145569
alma SNARC arabic CD up 9 lctrl 0.491430997849
alma SNARC arabic CD down 6 num_delete 0.453323125839
alma SNARC arabic CD down 2 num_delete 0.408843994141
alma SNARC arabic CD up 2 lctrl 0.494703054428
alma SNARC arabic CD up 9 lctrl 0.472882986069
alma SNARC arabic CD down 4 num_delete 0.411474943161
alma SNARC arabic CD up 5 lctrl 0.481432914734
alma SNARC arabic CD down 9 num_delete 0.468083143234
alma SNARC arabic CD up 8 lctrl 0.399811029434
alma SNARC arabic CD up 4 lctrl 0.686215162277
alma SNARC arabic CD up 8 lctrl 0.400232076645
alma SNARC arabic CD up 6 lctrl 0.366673946381
alma SNARC arabic CD up 7 lctrl 0.510921001434
alma SNARC arabic CD down 8 num_delete 0.519820928574
alma SNARC arabic CD down 1 num_delete 0.440419912338
alma SNARC arabic CD up 3 lctrl 0.445010185242
alma SNARC arabic CD up 7 lctrl 0.369301080704
alma SNARC arabic CD up 8 lctrl 0.45652794838
alma SNARC arabic CD down 2 num_delete 0.459625005722
alma SNARC arabic CD down 5 num_delete 0.4631960392
alma SNARC arabic CD up 7 lctrl 0.491166114807
alma SNARC arabic CD down 2 num_delete 0.500993967056
alma SNARC arabic CD up 9 lctrl 0.431370973587
alma SNARC arabic CD down 1 num_delete 0.620107889175
alma SNARC arabic CD down 2 num_delete 0.552587032318
alma SNARC arabic CD up 6 lctrl 0.512578964233
alma SNARC arabic CD up 8 lctrl 0.433977842331
alma SNARC arabic CD up 1 lctrl 0.687634944916
alma SNARC arabic CD up 8 lctrl 0.53662610054
alma SNARC arabic CD down 9 num_delete 0.528351068497
alma SNARC arabic CD down 8 num_delete 0.432928085327
alma SNARC arabic CD up 8 lctrl 0.502789974213
alma SNARC arabic CD up 6 lctrl 0.351865053177
alma SNARC arabic CD down 5 num_delete 0.736021995544
alma SNARC arabic CD down 7 num_delete 0.599869966507
alma SNARC arabic CD down 1 num_delete 0.453763008118
alma SNARC arabic CD down 7 num_delete 0.425072908401
alma SNARC arabic CD down 3 num_delete 0.518234968185
alma SNARC arabic CD up 2 lctrl 0.912019014359
alma SNARC arabic CD up 8 lctrl 0.416782140732
alma SNARC arabic CD down 6 num_delete 0.509533882141
alma SNARC arabic CD down 6 num_delete 0.462424039841
alma SNARC arabic CD up 4 lctrl 0.570894956589
alma SNARC arabic CD down 2 num_delete 0.385094165802
alma SNARC arabic CD up 7 lctrl 0.800256967545
alma SNARC arabic CD up 8 lctrl 0.9735891819
alma SNARC arabic CD down 6 num_delete 0.362645864487
alma SNARC arabic CD up 5 lctrl 0.419317007065
alma SNARC arabic CD down 5 num_delete 0.463481903076
alma SNARC arabic CD up 1 lctrl 0.443248987198
alma SNARC arabic CD down 6 num_delete 0.439419031143
alma SNARC arabic CD down 1 num_delete 0.675574064255
alma SNARC arabic CD up 5 lctrl 0.590068101883
alma SNARC arabic CD up 4 lctrl 0.644193887711
alma SNARC arabic CD down 2 num_delete 1.27127695084
alma SNARC arabic CD down 1 num_delete 0.496500968933
alma SNARC arabic CD down 5 num_delete 1.3140039444
alma SNARC arabic CD down 6 num_delete 0.409198045731
alma SNARC arabic CD down 4 num_delete 0.486922979355
alma SNARC arabic CD down 9 num_delete 0.425195932388
alma SNARC arabic CD down 6 num_delete 0.438138008118
alma SNARC arabic CD up 8 lctrl 0.514629125595
alma SNARC arabic CD down 9 num_delete 0.459749937057
alma SNARC arabic CD up 8 lctrl 0.671638965607
alma SNARC arabic CD up 2 lctrl 0.817686080933
alma SNARC arabic CD down 7 num_delete 0.685993909836
alma SNARC arabic CD up 1 lctrl 0.513418912888
alma SNARC arabic CD up 1 lctrl 1.24969005585
alma SNARC arabic CD down 6 num_delete 0.523394823074
alma SNARC arabic CD up 3 lctrl 0.66036605835
alma SNARC arabic CD down 7 num_delete 0.414685964584
alma SNARC arabic CD down 4 num_delete 0.564602851868
alma SNARC arabic CD down 3 num_delete 0.627987861633
alma SNARC arabic CD up 2 lctrl 0.656477928162
alma SNARC arabic CD up 9 lctrl 1.25939488411
alma SNARC arabic CD down 9 num_delete 0.468332052231
alma SNARC arabic CD up 5 lctrl 0.375906944275
alma SNARC arabic CD down 2 num_delete 0.534829139709
alma SNARC arabic CD up 1 lctrl 0.863651990891
alma SNARC arabic CD down 3 num_delete 0.434237003326
alma SNARC arabic CD down 9 num_delete 0.463068962097
alma SNARC arabic CD down 1 num_delete 0.418656110764
alma SNARC arabic CD down 8 num_delete 0.480091094971
alma SNARC arabic CD up 9 lctrl 0.50728392601
alma SNARC arabic CD down 8 num_delete 0.63644695282
alma SNARC arabic CD down 8 num_delete 0.432188987732
alma SNARC arabic CD down 2 num_delete 0.597047805786
alma SNARC arabic CD down 5 num_delete 0.483337163925
alma SNARC arabic CD down 1 num_delete 0.630753040314
alma SNARC arabic CD up 7 lctrl 0.546303987503
alma SNARC arabic CD down 3 num_delete 0.553853034973
alma SNARC arabic CD down 3 num_delete 0.665355920792
alma SNARC arabic CD down 3 num_delete 0.516574144363
alma SNARC arabic CD up 7 lctrl 0.589767932892
alma SNARC arabic CD down 4 num_delete 0.507302999496
alma SNARC arabic CD up 2 lctrl 0.821074008942
alma SNARC arabic CD up 8 lctrl 1.87278795242
alma SNARC arabic CD down 6 num_delete 0.687660932541
alma SNARC arabic CD down 9 num_delete 0.409132003784
alma SNARC arabic CD down 6 num_delete 0.9429500103
alma SNARC arabic CD down 7 num_delete 0.645642995834
alma SNARC arabic CD down 1 num_delete 1.84104180336
alma SNARC arabic CD up 9 lctrl 0.713397979736
alma SNARC arabic CD up 5 lctrl 0.498822212219
alma SNARC arabic CD down 6 num_delete 0.516217947006
alma SNARC arabic CD down 6 num_delete 0.397514820099
alma SNARC arabic CD up 9 lctrl 0.708202123642
alma SNARC arabic CD up 3 lctrl 0.58188700676
alma SNARC arabic CD down 2 num_delete 0.563056945801
alma SNARC arabic CD down 4 num_delete 0.474457025528
alma SNARC arabic CD up 2 lctrl 0.517436981201
alma SNARC arabic CD up 2 lctrl 0.414971828461
alma SNARC arabic CD down 5 num_delete 0.427965164185
alma SNARC arabic CD down 8 num_delete 0.30535697937
alma SNARC arabic CD up 9 lctrl 1.19566893578
alma SNARC arabic CD up 9 lctrl 0.376123905182
alma SNARC arabic CD up 1 lctrl 0.62279510498
alma SNARC arabic CD down 6 num_delete 0.394964933395
alma SNARC arabic CD up 6 lctrl 0.417635917664
alma SNARC arabic CD down 5 num_delete 0.486648797989
alma SNARC arabic CD down 1 num_delete 0.425143003464
alma SNARC arabic CD down 8 num_delete 0.4061191082
alma SNARC arabic CD down 2 num_delete 0.635965824127
alma SNARC arabic CD up 9 lctrl 0.520279884338
alma SNARC arabic CD down 5 num_delete 0.568912982941
alma SNARC arabic CD up 1 lctrl 0.592596054077
alma SNARC arabic CD up 7 lctrl 0.614105939865
alma SNARC arabic CD down 4 num_delete 0.483037948608
alma SNARC arabic CD up 4 lctrl 0.55748295784
alma SNARC arabic CD down 7 num_delete 0.517107963562
alma SNARC arabic CD down 4 num_delete 0.622355937958
alma SNARC arabic CD up 6 lctrl 1.60301399231
alma SNARC arabic CD up 1 lctrl 0.421725034714
alma SNARC arabic CD down 3 num_delete 0.514396905899
alma SNARC arabic CD down 5 num_delete 0.603942871094
alma SNARC arabic CD down 4 num_delete 0.424800157547
alma SNARC arabic CD down 8 num_delete 0.566303014755
alma SNARC arabic CD down 2 num_delete 0.605090141296
alma SNARC arabic CD up 2 lctrl 0.610584974289
alma SNARC arabic CD up 4 lctrl 0.823371887207
alma SNARC arabic CD down 8 num_delete 0.491277217865
alma SNARC arabic CD up 2 lctrl 0.493510961533
alma SNARC arabic CD down 1 num_delete 0.48739695549
alma SNARC arabic CD down 6 num_delete 1.07350111008
alma SNARC arabic CD down 6 num_delete 0.986436843872
alma SNARC arabic CD up 6 num_delete 0.447635173798
alma SNARC arabic CD up 8 lctrl 0.46865105629
alma SNARC arabic CD up 7 lctrl 0.391535997391
alma SNARC arabic CD up 7 lctrl 0.382023096085
alma SNARC arabic CD down 1 num_delete 0.509113788605
alma SNARC arabic CD up 1 lctrl 0.510591983795
alma SNARC arabic CD up 1 lctrl 0.432505846024
alma SNARC arabic CD down 5 num_delete 0.500945806503
alma SNARC arabic CD down 3 num_delete 0.487015008926
alma SNARC arabic CD down 7 num_delete 1.01706194878
alma SNARC arabic CD down 5 num_delete 0.964879989624
alma SNARC arabic CD down 9 num_delete 0.602744102478
alma SNARC arabic CD down 7 num_delete 0.376132011414
alma SNARC arabic CD up 8 lctrl 0.53542304039
alma SNARC arabic CD down 1 num_delete 0.591820001602
alma SNARC arabic CD up 7 lctrl 0.709926843643
alma SNARC arabic CD down 4 num_delete 5.17442893982
alma SNARC arabic CD up 4 lctrl 0.583404064178
alma SNARC arabic CD down 4 num_delete 0.797877073288
alma SNARC arabic CD up 3 lctrl 0.417692899704
alma SNARC arabic CD down 4 num_delete 1.44805502892
alma SNARC arabic CD down 5 num_delete 0.449172973633
alma SNARC arabic CD down 2 num_delete 0.428559064865
alma SNARC arabic CD down 4 num_delete 0.385783910751
alma SNARC arabic CD up 4 num_delete 0.408226013184
alma SNARC arabic CD down 2 num_delete 0.421806097031
alma SNARC arabic CD up 8 lctrl 0.427701950073
alma SNARC arabic CD down 9 num_delete 0.464305877686
alma SNARC arabic CD down 4 num_delete 2.27530479431
alma SNARC arabic CD down 9 num_delete 0.399971961975
alma SNARC arabic CD down 4 num_delete 0.407148122787
alma SNARC arabic CD down 4 num_delete 0.532812833786
alma SNARC arabic CD up 3 lctrl 0.693193912506
alma SNARC arabic CD down 5 num_delete 0.510313987732
alma SNARC arabic CD up 3 lctrl 0.656615972519
alma SNARC arabic CD down 7 num_delete 0.555145025253
alma SNARC arabic CD down 2 num_delete 0.746263027191
alma SNARC arabic CD down 6 num_delete 0.56227684021
alma SNARC arabic CD up 6 lctrl 0.857425928116
alma SNARC arabic CD up 4 lctrl 0.867676973343
alma SNARC arabic CD down 5 num_delete 0.621807098389
alma SNARC arabic CD down 8 num_delete 0.634296894073
alma SNARC arabic CD down 7 num_delete 0.598166942596
alma SNARC arabic CD up 6 lctrl 0.620823860168
alma SNARC arabic CD up 6 lctrl 0.696791887283
alma SNARC arabic CD down 4 num_delete 0.537850141525
alma SNARC arabic CD up 3 lctrl 0.610242843628
alma SNARC arabic CD down 2 num_delete 0.751086950302
alma SNARC arabic CD down 8 num_delete 0.758148908615
alma SNARC arabic CD down 9 num_delete 0.925090074539
alma SNARC arabic CD down 8 num_delete 0.444430112839
alma SNARC arabic CD down 6 num_delete 0.448833942413
alma SNARC arabic CD down 7 num_delete 0.380964994431
alma SNARC arabic CD down 6 num_delete 0.436146974564
alma SNARC arabic CD up 2 lctrl 0.521145820618
alma SNARC arabic CD up 1 lctrl 0.377659797668
alma SNARC arabic CD down 4 num_delete 0.464308977127
alma SNARC arabic CD up 3 lctrl 0.780077934265
alma SNARC arabic CD down 4 num_delete 0.313998937607
alma SNARC arabic CD up 9 lctrl 0.427893877029
alma SNARC arabic CD down 8 num_delete 0.456706047058
{'task': u'line', 'participant': u'alma', 'dateStr': u'09_22_1810', 'notation': u'dot', 'response_buttons': u'CD', 'range_in_instr': True, 'interactive_setting': True, 'autopilot': False, 'exp_id': u'SNARC'}
alma SNARC dot CD down 20 num_delete 1.11199808121
alma SNARC dot CD up 45 lctrl 0.452993869781
alma SNARC dot CD up 40 lctrl 0.335006952286
alma SNARC dot CD up 25 lctrl 0.350307941437
alma SNARC dot CD down 25 num_delete 0.437278985977
alma SNARC dot CD up 20 lctrl 0.577596187592
alma SNARC dot CD down 15 num_delete 0.382551193237
alma SNARC dot CD up 15 lctrl 0.253209114075
alma SNARC dot CD down 45 num_delete 0.654189109802
alma SNARC dot CD up 45 lctrl 0.615031957626
alma SNARC dot CD down 40 lctrl 0.305566072464
alma SNARC dot CD up 30 lctrl 0.43411397934
alma SNARC dot CD down 30 num_delete 0.365811109543
alma SNARC dot CD up 30 lctrl 0.388202905655
alma SNARC dot CD up 15 lctrl 0.609918117523
alma SNARC dot CD down 5 num_delete 0.358813047409
alma SNARC dot CD down 30 num_delete 0.557159900665
alma SNARC dot CD down 10 num_delete 0.444402933121
alma SNARC dot CD up 35 lctrl 0.366396903992
alma SNARC dot CD up 5 lctrl 0.438606977463
alma SNARC dot CD up 30 lctrl 0.417334079742
alma SNARC dot CD down 10 num_delete 0.422884941101
alma SNARC dot CD down 25 num_delete 0.498399972916
alma SNARC dot CD up 10 lctrl 0.444690942764
alma SNARC dot CD down 40 num_delete 0.414597034454
alma SNARC dot CD down 15 num_delete 1.21170902252
alma SNARC dot CD down 20 num_delete 0.398148059845
alma SNARC dot CD up 35 lctrl 0.434604883194
alma SNARC dot CD down 20 num_delete 0.654637813568
alma SNARC dot CD down 5 num_delete 0.39356303215
alma SNARC dot CD down 20 num_delete 0.415349960327
alma SNARC dot CD up 25 lctrl 0.419829130173
alma SNARC dot CD down 15 num_delete 0.367762804031
alma SNARC dot CD up 15 lctrl 0.415240049362
alma SNARC dot CD down 45 num_delete 0.393670082092
alma SNARC dot CD down 35 num_delete 0.357897996902
alma SNARC dot CD down 25 num_delete 0.308601856232
alma SNARC dot CD up 35 lctrl 0.764575958252
alma SNARC dot CD up 40 lctrl 0.409646987915
alma SNARC dot CD up 35 lctrl 0.348606824875
alma SNARC dot CD down 35 num_delete 0.370787858963
alma SNARC dot CD up 5 lctrl 1.07431101799
alma SNARC dot CD up 10 lctrl 0.435800075531
alma SNARC dot CD down 10 num_delete 0.494964122772
alma SNARC dot CD down 20 num_delete 0.472403049469
alma SNARC dot CD up 5 lctrl 0.452177047729
alma SNARC dot CD down 35 num_delete 0.413381099701
alma SNARC dot CD up 20 lctrl 0.314803123474
alma SNARC dot CD up 15 lctrl 0.428074836731
alma SNARC dot CD down 10 num_delete 0.488836050034
alma SNARC dot CD up 45 lctrl 0.504180908203
alma SNARC dot CD up 45 lctrl 0.526519060135
alma SNARC dot CD down 10 num_delete 0.487267017365
alma SNARC dot CD down 15 num_delete 0.38466501236
alma SNARC dot CD down 5 num_delete 0.391648054123
alma SNARC dot CD up 45 lctrl 0.436352968216
alma SNARC dot CD down 40 num_delete 0.453463077545
alma SNARC dot CD down 15 num_delete 0.368340015411
alma SNARC dot CD down 15 num_delete 0.385603189468
alma SNARC dot CD up 30 lctrl 0.428235054016
alma SNARC dot CD down 25 num_delete 0.327844142914
alma SNARC dot CD up 30 lctrl 0.320122003555
alma SNARC dot CD down 40 num_delete 0.40696811676
alma SNARC dot CD up 30 lctrl 0.403469085693
alma SNARC dot CD down 15 num_delete 0.344170093536
alma SNARC dot CD up 10 lctrl 0.489228010178
alma SNARC dot CD down 30 num_delete 0.505429029465
alma SNARC dot CD up 5 lctrl 0.371160030365
alma SNARC dot CD up 40 lctrl 0.487992048264
alma SNARC dot CD down 10 num_delete 0.482053995132
alma SNARC dot CD up 20 lctrl 0.284297943115
alma SNARC dot CD down 45 num_delete 0.356642007828
alma SNARC dot CD down 5 num_delete 0.500542163849
alma SNARC dot CD down 20 num_delete 0.429824113846
alma SNARC dot CD up 35 lctrl 0.512747049332
alma SNARC dot CD up 30 lctrl 0.432813882828
alma SNARC dot CD down 35 num_delete 0.379851102829
alma SNARC dot CD down 25 num_delete 0.417309999466
alma SNARC dot CD up 40 lctrl 0.413062095642
alma SNARC dot CD down 45 lctrl 0.35981798172
alma SNARC dot CD up 30 num_delete 0.982110977173
alma SNARC dot CD up 5 lctrl 0.715390920639
alma SNARC dot CD down 15 num_delete 0.475382089615
alma SNARC dot CD up 15 lctrl 0.581775903702
alma SNARC dot CD down 40 num_delete 0.569535017014
alma SNARC dot CD up 20 lctrl 0.448431968689
alma SNARC dot CD down 45 num_delete 0.489063024521
alma SNARC dot CD up 25 lctrl 0.386014938354
alma SNARC dot CD down 30 num_delete 0.366652011871
alma SNARC dot CD up 45 lctrl 0.908468008041
alma SNARC dot CD down 25 num_delete 0.402507066727
alma SNARC dot CD down 10 num_delete 0.720273971558
alma SNARC dot CD down 45 num_delete 0.333211898804
alma SNARC dot CD up 25 lctrl 0.813925981522
alma SNARC dot CD down 40 num_delete 0.407483100891
alma SNARC dot CD up 25 lctrl 0.508042812347
alma SNARC dot CD down 15 num_delete 0.40495300293
alma SNARC dot CD up 25 lctrl 0.472898006439
alma SNARC dot CD down 35 num_delete 0.56143283844
alma SNARC dot CD down 35 num_delete 0.46226978302
alma SNARC dot CD down 15 num_delete 0.481343984604
alma SNARC dot CD up 25 lctrl 0.619476795197
alma SNARC dot CD up 10 lctrl 0.624102830887
alma SNARC dot CD up 10 lctrl 0.444463968277
alma SNARC dot CD down 25 num_delete 0.439048051834
alma SNARC dot CD down 25 num_delete 0.442041158676
alma SNARC dot CD down 40 num_delete 0.49986410141
alma SNARC dot CD up 20 lctrl 0.877684116364
alma SNARC dot CD up 10 lctrl 0.823343038559
alma SNARC dot CD down 25 num_delete 0.385304927826
alma SNARC dot CD up 40 lctrl 0.558427810669
alma SNARC dot CD up 40 lctrl 0.363576889038
alma SNARC dot CD up 10 lctrl 0.332009077072
alma SNARC dot CD up 20 lctrl 0.428630113602
alma SNARC dot CD up 20 lctrl 0.320232152939
alma SNARC dot CD up 25 lctrl 0.407941102982
alma SNARC dot CD up 5 lctrl 0.549874067307
alma SNARC dot CD up 10 lctrl 0.477939844131
alma SNARC dot CD up 35 lctrl 0.326414108276
alma SNARC dot CD up 30 lctrl 0.294386148453
alma SNARC dot CD down 30 num_delete 0.463402032852
alma SNARC dot CD down 35 num_delete 0.472737073898
alma SNARC dot CD up 25 lctrl 3.52236890793
alma SNARC dot CD up 25 lctrl 0.528673171997
alma SNARC dot CD down 20 num_delete 0.440825939178
alma SNARC dot CD up 40 lctrl 0.563113927841
alma SNARC dot CD down 35 num_delete 0.383623123169
alma SNARC dot CD up 20 lctrl 0.439395904541
alma SNARC dot CD down 35 num_delete 1.08048295975
alma SNARC dot CD down 5 lctrl 0.513756036758
alma SNARC dot CD down 25 num_delete 0.32936501503
alma SNARC dot CD down 35 num_delete 0.352416038513
alma SNARC dot CD up 5 lctrl 0.553300857544
alma SNARC dot CD up 20 lctrl 0.463172912598
alma SNARC dot CD up 40 lctrl 0.352576971054
alma SNARC dot CD up 30 lctrl 0.294932126999
alma SNARC dot CD down 10 lctrl 0.36176609993
alma SNARC dot CD down 25 num_delete 0.567667007446
alma SNARC dot CD down 20 num_delete 0.526340007782
alma SNARC dot CD down 25 num_delete 0.477647781372
alma SNARC dot CD up 5 lctrl 0.400777816772
alma SNARC dot CD up 10 lctrl 0.302994966507
alma SNARC dot CD up 5 lctrl 0.288679838181
alma SNARC dot CD down 35 num_delete 0.785570144653
alma SNARC dot CD down 40 num_delete 0.597469091415
alma SNARC dot CD down 15 num_delete 0.378180027008
alma SNARC dot CD up 20 lctrl 0.352289199829
alma SNARC dot CD up 45 lctrl 0.325906991959
alma SNARC dot CD up 40 lctrl 0.597085952759
alma SNARC dot CD down 15 num_delete 0.554125070572
alma SNARC dot CD down 45 num_delete 0.36629486084
alma SNARC dot CD down 20 num_delete 0.301583051682
alma SNARC dot CD down 5 num_delete 0.448375940323
alma SNARC dot CD up 5 lctrl 0.452779054642
alma SNARC dot CD up 20 lctrl 0.39949297905
alma SNARC dot CD down 5 num_delete 0.42994594574
alma SNARC dot CD up 15 lctrl 0.474874973297
alma SNARC dot CD up 35 lctrl 0.394651174545
alma SNARC dot CD up 5 num_delete 0.425192117691
alma SNARC dot CD down 15 num_delete 0.661532878876
alma SNARC dot CD down 30 num_delete 0.382853031158
alma SNARC dot CD up 35 lctrl 0.627954006195
alma SNARC dot CD up 40 lctrl 0.374694108963
alma SNARC dot CD up 45 lctrl 0.354557991028
alma SNARC dot CD down 30 num_delete 0.60879611969
alma SNARC dot CD down 15 num_delete 0.581142187119
alma SNARC dot CD up 15 lctrl 0.579414844513
alma SNARC dot CD down 20 num_delete 0.824913978577
alma SNARC dot CD down 20 num_delete 0.555862903595
alma SNARC dot CD up 10 lctrl 0.43538403511
alma SNARC dot CD down 5 num_delete 0.49610209465
alma SNARC dot CD down 45 num_delete 0.407194137573
alma SNARC dot CD down 10 num_delete 0.333096027374
alma SNARC dot CD up 25 num_delete 0.308756828308
alma SNARC dot CD up 40 lctrl 0.412638902664
alma SNARC dot CD down 40 num_delete 0.391988992691
alma SNARC dot CD up 30 lctrl 0.469394922256
alma SNARC dot CD down 40 num_delete 0.5658659935
alma SNARC dot CD up 20 lctrl 0.636672973633
alma SNARC dot CD down 25 num_delete 0.598520994186
alma SNARC dot CD down 45 num_delete 0.969142198563
alma SNARC dot CD down 40 num_delete 0.381372213364
alma SNARC dot CD down 15 num_delete 0.339901924133
alma SNARC dot CD up 45 lctrl 0.585556983948
alma SNARC dot CD up 30 num_delete 0.670559167862
alma SNARC dot CD down 25 num_delete 0.503371953964
alma SNARC dot CD up 10 lctrl 0.433000087738
alma SNARC dot CD down 35 num_delete 0.427442073822
alma SNARC dot CD up 45 lctrl 0.445980787277
alma SNARC dot CD up 30 lctrl 0.432780981064
alma SNARC dot CD up 25 lctrl 0.35591506958
alma SNARC dot CD up 20 lctrl 0.372133016586
alma SNARC dot CD down 45 lctrl 0.391627073288
alma SNARC dot CD down 5 num_delete 0.477926015854
alma SNARC dot CD down 30 num_delete 0.55136013031
alma SNARC dot CD up 25 lctrl 0.486567974091
alma SNARC dot CD up 10 lctrl 0.456232070923
alma SNARC dot CD down 25 num_delete 0.474035978317
alma SNARC dot CD up 5 lctrl 0.637253046036
alma SNARC dot CD up 5 lctrl 0.633369922638
alma SNARC dot CD up 10 lctrl 0.437223911285
alma SNARC dot CD down 45 num_delete 0.542340993881
alma SNARC dot CD up 5 lctrl 0.478735923767
alma SNARC dot CD up 40 lctrl 0.49582195282
alma SNARC dot CD down 15 num_delete 0.632464170456
alma SNARC dot CD down 30 num_delete 0.491209030151
alma SNARC dot CD up 10 lctrl 0.525763034821
alma SNARC dot CD down 35 num_delete 0.635949850082
alma SNARC dot CD up 25 num_delete 0.806895017624
alma SNARC dot CD up 40 lctrl 0.88923406601
alma SNARC dot CD down 15 num_delete 0.769382953644
alma SNARC dot CD down 40 num_delete 0.565788030624
alma SNARC dot CD up 25 lctrl 0.555685997009
alma SNARC dot CD up 15 lctrl 0.634412765503
alma SNARC dot CD up 25 lctrl 0.78202009201
alma SNARC dot CD up 45 lctrl 1.05620503426
alma SNARC dot CD up 35 lctrl 0.390991926193
alma SNARC dot CD down 35 num_delete 0.531097173691
alma SNARC dot CD down 30 num_delete 0.362121105194
alma SNARC dot CD up 30 num_delete 0.35262298584
alma SNARC dot CD up 20 lctrl 0.68017911911
alma SNARC dot CD up 15 lctrl 0.40176486969
alma SNARC dot CD down 45 num_delete 0.508834123611
alma SNARC dot CD down 15 num_delete 0.349732160568
alma SNARC dot CD up 45 lctrl 0.755306005478
alma SNARC dot CD up 30 lctrl 0.68078994751
alma SNARC dot CD up 20 lctrl 0.434934854507
alma SNARC dot CD up 40 lctrl 0.373059988022
alma SNARC dot CD down 45 num_delete 0.433912992477
alma SNARC dot CD down 10 num_delete 0.374572992325
alma SNARC dot CD down 40 num_delete 0.371803045273
alma SNARC dot CD down 15 num_delete 0.434164047241
alma SNARC dot CD down 10 num_delete 0.351258039474
alma SNARC dot CD down 30 num_delete 0.422512054443
alma SNARC dot CD up 35 num_delete 0.4011490345
alma SNARC dot CD down 5 num_delete 0.527755022049
alma SNARC dot CD up 20 lctrl 0.599934101105
alma SNARC dot CD up 10 lctrl 0.429806947708
alma SNARC dot CD up 25 lctrl 1.00910997391
alma SNARC dot CD up 5 lctrl 0.469069957733
alma SNARC dot CD down 30 num_delete 0.382212877274
alma SNARC dot CD down 45 num_delete 0.370739936829
alma SNARC dot CD down 40 num_delete 0.319408178329
alma SNARC dot CD up 30 lctrl 0.576172113419
alma SNARC dot CD down 15 lctrl 0.557060003281
alma SNARC dot CD up 10 lctrl 0.460773944855
alma SNARC dot CD up 30 lctrl 0.526776075363
alma SNARC dot CD up 25 lctrl 0.422437906265
alma SNARC dot CD down 30 num_delete 0.609189987183
alma SNARC dot CD up 35 lctrl 0.484483957291
alma SNARC dot CD up 40 lctrl 0.517182826996
alma SNARC dot CD down 40 num_delete 0.452047109604
alma SNARC dot CD up 45 lctrl 0.517776012421
alma SNARC dot CD up 20 lctrl 1.05447411537
alma SNARC dot CD up 5 lctrl 0.776216983795
alma SNARC dot CD down 25 num_delete 0.484148025513
alma SNARC dot CD down 20 num_delete 0.446496963501
alma SNARC dot CD up 10 lctrl 0.563006877899
alma SNARC dot CD up 35 lctrl 0.607975959778
alma SNARC dot CD down 15 num_delete 0.684134960175
alma SNARC dot CD up 5 lctrl 0.406795024872
alma SNARC dot CD up 25 lctrl 0.906939983368
alma SNARC dot CD down 5 num_delete 0.474755048752
alma SNARC dot CD up 40 lctrl 0.787734031677
alma SNARC dot CD up 30 lctrl 0.55944108963
alma SNARC dot CD down 35 num_delete 0.41223192215
alma SNARC dot CD up 25 lctrl 0.62498998642
alma SNARC dot CD up 35 lctrl 0.387059926987
alma SNARC dot CD down 10 num_delete 0.353306055069
alma SNARC dot CD down 20 num_delete 0.447021961212
alma SNARC dot CD up 40 lctrl 0.505308866501
alma SNARC dot CD up 20 lctrl 0.426138877869
alma SNARC dot CD down 20 num_delete 0.406136035919
alma SNARC dot CD up 5 lctrl 3.57998085022
alma SNARC dot CD down 15 num_delete 0.5604429245
alma SNARC dot CD down 20 num_delete 0.382725954056
alma SNARC dot CD up 40 lctrl 0.44397521019
alma SNARC dot CD down 35 num_delete 0.453474998474
alma SNARC dot CD up 5 lctrl 0.442014932632
alma SNARC dot CD down 35 num_delete 0.555222988129
alma SNARC dot CD up 10 lctrl 0.331036090851
alma SNARC dot CD up 15 lctrl 0.492149114609
alma SNARC dot CD down 15 num_delete 0.396761894226
alma SNARC dot CD up 20 lctrl 0.522330999374
alma SNARC dot CD up 5 lctrl 0.491786956787
alma SNARC dot CD up 45 lctrl 0.475784778595
alma SNARC dot CD up 20 lctrl 0.333477973938
alma SNARC dot CD down 35 num_delete 0.548631191254
alma SNARC dot CD down 10 num_delete 0.37228012085
alma SNARC dot CD down 10 num_delete 0.515555143356
alma SNARC dot CD up 5 lctrl 0.477010965347
alma SNARC dot CD down 40 num_delete 0.597283840179
alma SNARC dot CD down 45 num_delete 0.455942153931
alma SNARC dot CD down 20 num_delete 0.379219055176
alma SNARC dot CD up 35 num_delete 0.416445016861
alma SNARC dot CD down 45 num_delete 0.43511390686
alma SNARC dot CD down 30 num_delete 1.23030400276
alma SNARC dot CD up 30 lctrl 0.784486055374
alma SNARC dot CD up 10 lctrl 0.413819074631
alma SNARC dot CD down 10 num_delete 0.49137711525
alma SNARC dot CD down 35 num_delete 0.371285915375
alma SNARC dot CD down 20 num_delete 0.377709150314
alma SNARC dot CD up 15 num_delete 0.360326051712
alma SNARC dot CD down 40 num_delete 0.405788898468
alma SNARC dot CD up 10 lctrl 0.435712099075
alma SNARC dot CD up 25 num_delete 0.742415904999
alma SNARC dot CD down 45 num_delete 0.474503040314
alma SNARC dot CD up 40 lctrl 0.283886909485
alma SNARC dot CD up 35 lctrl 0.3888630867
alma SNARC dot CD down 25 num_delete 0.46577501297
alma SNARC dot CD down 5 num_delete 0.733335018158
alma SNARC dot CD up 10 lctrl 1.42953801155
alma SNARC dot CD down 45 num_delete 0.452054023743
alma SNARC dot CD down 15 num_delete 0.472638845444
alma SNARC dot CD up 45 lctrl 0.536108970642
alma SNARC dot CD down 15 num_delete 0.559154987335
alma SNARC dot CD up 15 lctrl 0.821669101715
alma SNARC dot CD down 30 num_delete 1.80785393715
alma SNARC dot CD up 35 lctrl 2.18338489532
alma SNARC dot CD up 35 lctrl 0.566797971725
alma SNARC dot CD down 40 num_delete 0.595574140549
alma SNARC dot CD down 35 num_delete 0.662973880768
alma SNARC dot CD up 10 lctrl 0.770575046539
alma SNARC dot CD down 20 num_delete 0.655229091644
alma SNARC dot CD up 30 lctrl 0.872941970825
alma SNARC dot CD down 5 num_delete 0.434442043304
alma SNARC dot CD down 5 num_delete 0.359170913696
alma SNARC dot CD up 40 lctrl 0.429198980331
alma SNARC dot CD down 5 num_delete 0.610025167465
alma SNARC dot CD up 25 lctrl 0.654012918472
alma SNARC dot CD down 15 num_delete 0.552616834641
alma SNARC dot CD down 40 num_delete 0.381473064423
alma SNARC dot CD up 25 lctrl 0.40366601944
alma SNARC dot CD up 35 lctrl 0.671160936356
alma SNARC dot CD up 5 lctrl 0.377523899078
alma SNARC dot CD down 5 num_delete 0.480419158936
alma SNARC dot CD up 35 lctrl 0.545331954956
alma SNARC dot CD up 10 lctrl 0.377496004105
alma SNARC dot CD up 45 lctrl 0.309529066086
alma SNARC dot CD up 45 lctrl 0.276636838913
alma SNARC dot CD up 20 lctrl 0.279309034348
alma SNARC dot CD up 30 lctrl 0.337475061417
alma SNARC dot CD up 45 lctrl 0.359111070633
alma SNARC dot CD up 15 lctrl 0.350318193436
alma SNARC dot CD up 10 lctrl 0.351294994354
alma SNARC dot CD up 45 lctrl 0.372605800629
alma SNARC dot CD up 5 lctrl 0.363684892654
alma SNARC dot CD down 45 num_delete 0.704779863358
alma SNARC dot CD down 40 num_delete 0.527069807053
alma SNARC dot CD up 10 lctrl 0.471679925919
alma SNARC dot CD down 5 num_delete 1.86673903465
alma SNARC dot CD up 30 lctrl 0.408550977707
alma SNARC dot CD up 45 lctrl 0.564243078232
alma SNARC dot CD down 20 num_delete 0.457369089127
alma SNARC dot CD down 30 num_delete 1.48382997513
alma SNARC dot CD down 45 num_delete 0.624571084976
alma SNARC dot CD up 35 lctrl 0.603444099426
alma SNARC dot CD down 15 num_delete 1.56716799736
alma SNARC dot CD up 30 lctrl 2.81888198853
alma SNARC dot CD up 30 lctrl 0.686986923218
