{'task': u'line', 'participant': u'greentea', 'dateStr': u'09_22_1808', 'notation': u'arabic', 'response_buttons': u'CD', 'range_in_instr': True, 'interactive_setting': True, 'autopilot': False, 'exp_id': u'SNARC'}
greentea SNARC arabic CD down 5 num_delete 3.46686506271
greentea SNARC arabic CD up 2 lctrl 0.803562879562
greentea SNARC arabic CD down 8 num_delete 0.875329017639
greentea SNARC arabic CD up 7 lctrl 0.784309864044
greentea SNARC arabic CD up 6 lctrl 1.11266303062
greentea SNARC arabic CD up 6 lctrl 0.924032211304
greentea SNARC arabic CD down 6 num_delete 0.926674127579
greentea SNARC arabic CD down 4 num_delete 0.649657964706
greentea SNARC arabic CD down 9 num_delete 0.59160399437
greentea SNARC arabic CD up 8 lctrl 0.952484130859
greentea SNARC arabic CD up 5 lctrl 0.705978870392
greentea SNARC arabic CD up 7 lctrl 0.74187707901
greentea SNARC arabic CD up 1 lctrl 0.784181118011
greentea SNARC arabic CD down 4 num_delete 0.752811908722
greentea SNARC arabic CD up 5 lctrl 0.738696813583
greentea SNARC arabic CD up 4 lctrl 0.821173191071
greentea SNARC arabic CD up 4 lctrl 0.868155956268
greentea SNARC arabic CD down 2 num_delete 1.05715799332
greentea SNARC arabic CD down 5 num_delete 0.870333194733
greentea SNARC arabic CD down 6 num_delete 1.02735280991
greentea SNARC arabic CD up 4 lctrl 0.834074020386
greentea SNARC arabic CD down 5 num_delete 0.896363973618
greentea SNARC arabic CD up 7 lctrl 0.612567186356
greentea SNARC arabic CD up 1 lctrl 0.732822179794
greentea SNARC arabic CD down 3 num_delete 0.887351036072
greentea SNARC arabic CD down 8 num_delete 0.803479909897
greentea SNARC arabic CD down 3 num_delete 0.739307165146
greentea SNARC arabic CD up 1 lctrl 0.91774392128
greentea SNARC arabic CD up 3 lctrl 0.96865606308
greentea SNARC arabic CD up 1 lctrl 0.961513996124
greentea SNARC arabic CD down 1 num_delete 1.09891700745
greentea SNARC arabic CD down 6 lctrl 0.798918008804
greentea SNARC arabic CD down 4 num_delete 1.53371500969
greentea SNARC arabic CD up 3 lctrl 1.02291703224
greentea SNARC arabic CD down 2 num_delete 0.933304071426
greentea SNARC arabic CD up 9 lctrl 1.1437189579
greentea SNARC arabic CD down 2 num_delete 0.585423946381
greentea SNARC arabic CD down 6 num_delete 0.72222495079
greentea SNARC arabic CD down 1 num_delete 0.58146905899
greentea SNARC arabic CD up 2 lctrl 0.735124111176
greentea SNARC arabic CD down 6 num_delete 0.769548177719
greentea SNARC arabic CD up 4 lctrl 0.666818857193
greentea SNARC arabic CD down 6 num_delete 0.74401307106
greentea SNARC arabic CD up 3 lctrl 0.79460811615
greentea SNARC arabic CD down 1 num_delete 0.795084953308
greentea SNARC arabic CD down 9 num_delete 0.835494995117
greentea SNARC arabic CD down 2 num_delete 0.921751022339
greentea SNARC arabic CD up 9 lctrl 0.828677892685
greentea SNARC arabic CD up 5 lctrl 0.883857965469
greentea SNARC arabic CD down 3 num_delete 0.919857978821
greentea SNARC arabic CD down 9 num_delete 0.93075299263
greentea SNARC arabic CD up 2 lctrl 1.46166491508
greentea SNARC arabic CD up 2 lctrl 0.698147058487
greentea SNARC arabic CD down 9 num_delete 0.670826911926
greentea SNARC arabic CD up 2 lctrl 1.14790606499
greentea SNARC arabic CD up 7 lctrl 0.725888967514
greentea SNARC arabic CD down 2 num_delete 0.809076070786
greentea SNARC arabic CD up 8 lctrl 0.968916893005
greentea SNARC arabic CD up 2 lctrl 0.825354099274
greentea SNARC arabic CD down 3 num_delete 1.44068288803
greentea SNARC arabic CD up 3 lctrl 1.30199098587
greentea SNARC arabic CD down 5 num_delete 0.664613008499
greentea SNARC arabic CD up 2 lctrl 0.566859960556
greentea SNARC arabic CD down 6 num_delete 0.64798784256
greentea SNARC arabic CD down 3 num_delete 0.622852802277
greentea SNARC arabic CD down 9 num_delete 1.1343729496
greentea SNARC arabic CD down 3 num_delete 0.912209033966
greentea SNARC arabic CD up 5 lctrl 0.627733945847
greentea SNARC arabic CD up 2 lctrl 0.611145973206
greentea SNARC arabic CD down 9 num_delete 0.731317996979
greentea SNARC arabic CD up 2 lctrl 1.19050693512
greentea SNARC arabic CD up 2 lctrl 0.662050962448
greentea SNARC arabic CD down 9 num_delete 0.659977912903
greentea SNARC arabic CD down 4 num_delete 0.866273164749
greentea SNARC arabic CD up 4 lctrl 0.703082799911
greentea SNARC arabic CD up 9 lctrl 0.803328990936
greentea SNARC arabic CD up 1 lctrl 0.770803928375
greentea SNARC arabic CD down 8 num_delete 0.715757846832
greentea SNARC arabic CD up 5 lctrl 1.33541107178
greentea SNARC arabic CD down 8 num_delete 0.864656925201
greentea SNARC arabic CD down 6 num_delete 0.918251037598
greentea SNARC arabic CD down 7 num_delete 1.20113706589
greentea SNARC arabic CD up 8 lctrl 0.944132089615
greentea SNARC arabic CD up 2 lctrl 0.938339948654
greentea SNARC arabic CD down 3 num_delete 0.772513151169
greentea SNARC arabic CD down 5 num_delete 0.693534851074
greentea SNARC arabic CD down 8 num_delete 0.898177862167
greentea SNARC arabic CD down 8 num_delete 0.822382926941
greentea SNARC arabic CD down 2 num_delete 0.757515192032
greentea SNARC arabic CD down 9 num_delete 0.839378118515
greentea SNARC arabic CD up 4 lctrl 0.717688083649
greentea SNARC arabic CD down 9 num_delete 0.680887937546
greentea SNARC arabic CD down 4 num_delete 0.774198055267
greentea SNARC arabic CD down 3 num_delete 0.895335197449
greentea SNARC arabic CD up 6 lctrl 0.803493976593
greentea SNARC arabic CD down 3 num_delete 0.947252035141
greentea SNARC arabic CD down 2 lctrl 0.741479158401
greentea SNARC arabic CD up 5 lctrl 1.38384699821
greentea SNARC arabic CD up 3 lctrl 0.935491085052
greentea SNARC arabic CD up 2 lctrl 1.06554603577
greentea SNARC arabic CD up 9 lctrl 0.950855016708
greentea SNARC arabic CD up 7 lctrl 0.864327907562
greentea SNARC arabic CD down 7 num_delete 0.669892787933
greentea SNARC arabic CD down 8 num_delete 1.13130712509
greentea SNARC arabic CD up 3 lctrl 0.797839164734
greentea SNARC arabic CD down 8 num_delete 0.702124834061
greentea SNARC arabic CD down 4 num_delete 0.770104885101
greentea SNARC arabic CD down 1 num_delete 0.963219165802
greentea SNARC arabic CD down 4 num_delete 1.16471099854
greentea SNARC arabic CD up 6 lctrl 0.757738113403
greentea SNARC arabic CD up 7 lctrl 0.695650100708
greentea SNARC arabic CD up 8 lctrl 0.9083070755
greentea SNARC arabic CD up 7 lctrl 1.03186798096
greentea SNARC arabic CD up 8 lctrl 0.726476192474
greentea SNARC arabic CD up 4 lctrl 0.697749137878
greentea SNARC arabic CD down 9 num_delete 0.790307998657
greentea SNARC arabic CD up 9 lctrl 0.742916107178
greentea SNARC arabic CD down 1 num_delete 1.92933082581
greentea SNARC arabic CD up 7 lctrl 0.593955993652
greentea SNARC arabic CD down 9 num_delete 0.747060060501
greentea SNARC arabic CD up 1 lctrl 0.701816082001
greentea SNARC arabic CD up 4 lctrl 0.633459091187
greentea SNARC arabic CD up 2 lctrl 0.712316036224
greentea SNARC arabic CD up 2 lctrl 0.74023103714
greentea SNARC arabic CD down 3 num_delete 0.654725074768
greentea SNARC arabic CD down 9 num_delete 0.788564920425
greentea SNARC arabic CD down 2 num_delete 0.725206851959
greentea SNARC arabic CD up 9 lctrl 0.712331056595
greentea SNARC arabic CD down 4 num_delete 0.684465885162
greentea SNARC arabic CD down 2 num_delete 0.721078872681
greentea SNARC arabic CD up 8 lctrl 0.71638417244
greentea SNARC arabic CD down 7 num_delete 0.671474218369
greentea SNARC arabic CD up 1 lctrl 0.684643030167
greentea SNARC arabic CD up 5 lctrl 0.825442075729
greentea SNARC arabic CD down 4 num_delete 0.760473012924
greentea SNARC arabic CD up 1 lctrl 0.698339939117
greentea SNARC arabic CD down 3 num_delete 0.662996053696
greentea SNARC arabic CD down 8 num_delete 0.804959058762
greentea SNARC arabic CD up 8 lctrl 0.652616977692
greentea SNARC arabic CD down 3 num_delete 0.642790079117
greentea SNARC arabic CD down 4 num_delete 0.945462942123
greentea SNARC arabic CD down 5 num_delete 0.595445156097
greentea SNARC arabic CD up 7 lctrl 0.620284080505
greentea SNARC arabic CD down 2 num_delete 0.675621986389
greentea SNARC arabic CD down 8 num_delete 0.649240970612
greentea SNARC arabic CD down 3 num_delete 0.887288808823
greentea SNARC arabic CD down 7 num_delete 0.755527019501
greentea SNARC arabic CD down 3 num_delete 0.797353029251
greentea SNARC arabic CD down 1 num_delete 0.621756076813
greentea SNARC arabic CD down 8 num_delete 0.805003166199
greentea SNARC arabic CD up 5 lctrl 0.629013061523
greentea SNARC arabic CD up 8 lctrl 0.508465051651
greentea SNARC arabic CD up 7 lctrl 0.672778844833
greentea SNARC arabic CD up 6 lctrl 0.718095064163
greentea SNARC arabic CD up 9 lctrl 0.721367120743
greentea SNARC arabic CD down 1 num_delete 0.604490995407
greentea SNARC arabic CD up 9 lctrl 0.428777933121
greentea SNARC arabic CD up 3 lctrl 0.548492908478
greentea SNARC arabic CD up 8 lctrl 0.718607902527
greentea SNARC arabic CD up 1 lctrl 0.873899936676
greentea SNARC arabic CD up 7 lctrl 0.718710899353
greentea SNARC arabic CD up 6 lctrl 0.722237110138
greentea SNARC arabic CD down 3 num_delete 0.533333063126
greentea SNARC arabic CD down 2 num_delete 0.584261894226
greentea SNARC arabic CD up 1 lctrl 0.585196018219
greentea SNARC arabic CD up 5 lctrl 0.762074947357
greentea SNARC arabic CD up 8 lctrl 0.747822999954
greentea SNARC arabic CD up 1 lctrl 1.04632997513
greentea SNARC arabic CD up 3 lctrl 0.740244150162
greentea SNARC arabic CD up 8 lctrl 0.65484213829
greentea SNARC arabic CD up 6 lctrl 0.884856939316
greentea SNARC arabic CD down 9 num_delete 0.673032045364
greentea SNARC arabic CD up 6 lctrl 0.646492004395
greentea SNARC arabic CD up 1 lctrl 1.31724190712
greentea SNARC arabic CD up 7 lctrl 1.09528613091
greentea SNARC arabic CD up 1 lctrl 0.787191867828
greentea SNARC arabic CD down 8 num_delete 0.723577976227
greentea SNARC arabic CD up 1 lctrl 0.598815917969
greentea SNARC arabic CD down 9 num_delete 0.718919038773
greentea SNARC arabic CD down 2 num_delete 0.602229833603
greentea SNARC arabic CD down 1 num_delete 0.866246938705
greentea SNARC arabic CD up 1 lctrl 0.710956096649
greentea SNARC arabic CD up 2 lctrl 0.683254003525
greentea SNARC arabic CD down 4 num_delete 0.655832052231
greentea SNARC arabic CD down 1 num_delete 0.629837036133
greentea SNARC arabic CD up 8 lctrl 0.757241010666
greentea SNARC arabic CD up 4 lctrl 0.607105016708
greentea SNARC arabic CD down 8 num_delete 0.679167985916
greentea SNARC arabic CD down 2 num_delete 0.588447093964
greentea SNARC arabic CD up 7 lctrl 0.557485818863
greentea SNARC arabic CD up 5 lctrl 0.543608903885
greentea SNARC arabic CD down 2 num_delete 0.794453859329
greentea SNARC arabic CD down 3 num_delete 0.547015190125
greentea SNARC arabic CD up 6 lctrl 0.589879989624
greentea SNARC arabic CD down 5 num_delete 0.606641054153
greentea SNARC arabic CD down 6 num_delete 1.03877902031
greentea SNARC arabic CD down 3 num_delete 0.644717931747
greentea SNARC arabic CD down 9 num_delete 0.65954208374
greentea SNARC arabic CD up 1 lctrl 0.673629999161
greentea SNARC arabic CD up 1 lctrl 0.599002838135
greentea SNARC arabic CD up 5 lctrl 0.647044897079
greentea SNARC arabic CD down 1 num_delete 0.66977596283
greentea SNARC arabic CD down 5 num_delete 0.875052928925
greentea SNARC arabic CD down 8 num_delete 0.768014907837
greentea SNARC arabic CD down 6 num_delete 0.809096097946
greentea SNARC arabic CD up 5 lctrl 0.62494301796
greentea SNARC arabic CD up 7 lctrl 0.552286863327
greentea SNARC arabic CD up 5 lctrl 0.634569168091
greentea SNARC arabic CD down 4 num_delete 0.633292913437
greentea SNARC arabic CD down 4 num_delete 0.560001850128
greentea SNARC arabic CD down 7 num_delete 0.690323114395
greentea SNARC arabic CD up 3 lctrl 0.614775896072
greentea SNARC arabic CD down 6 num_delete 0.590990781784
greentea SNARC arabic CD up 6 lctrl 0.487828016281
greentea SNARC arabic CD up 9 lctrl 0.684916973114
greentea SNARC arabic CD up 1 lctrl 0.617521047592
greentea SNARC arabic CD down 4 num_delete 0.68878698349
greentea SNARC arabic CD up 8 lctrl 0.677420139313
greentea SNARC arabic CD up 1 lctrl 0.602922916412
greentea SNARC arabic CD up 8 lctrl 0.507209777832
greentea SNARC arabic CD up 8 lctrl 0.583415031433
greentea SNARC arabic CD down 4 num_delete 0.600144863129
greentea SNARC arabic CD down 9 num_delete 0.568218946457
greentea SNARC arabic CD down 3 num_delete 0.649540901184
greentea SNARC arabic CD up 2 lctrl 0.599929094315
greentea SNARC arabic CD down 6 num_delete 0.687685012817
greentea SNARC arabic CD up 4 lctrl 0.660815954208
greentea SNARC arabic CD down 3 num_delete 0.762502908707
greentea SNARC arabic CD down 5 num_delete 0.580467939377
greentea SNARC arabic CD down 1 num_delete 0.565951108932
greentea SNARC arabic CD up 7 lctrl 0.591573953629
greentea SNARC arabic CD down 4 num_delete 0.552281141281
greentea SNARC arabic CD down 5 num_delete 0.986429929733
greentea SNARC arabic CD down 6 num_delete 0.514575004578
greentea SNARC arabic CD up 6 lctrl 0.542992115021
greentea SNARC arabic CD up 2 lctrl 0.60982298851
greentea SNARC arabic CD down 6 num_delete 0.529958963394
greentea SNARC arabic CD up 2 lctrl 0.589692831039
greentea SNARC arabic CD down 3 num_delete 0.638430118561
greentea SNARC arabic CD down 1 num_delete 0.629090070724
greentea SNARC arabic CD down 8 num_delete 0.692531108856
greentea SNARC arabic CD down 1 num_delete 0.601213932037
greentea SNARC arabic CD up 4 lctrl 0.697048902512
greentea SNARC arabic CD down 9 num_delete 0.62991809845
greentea SNARC arabic CD up 6 lctrl 0.517316102982
greentea SNARC arabic CD up 9 lctrl 0.64103102684
greentea SNARC arabic CD down 9 num_delete 0.599790096283
greentea SNARC arabic CD down 4 num_delete 0.511763811111
greentea SNARC arabic CD down 7 num_delete 0.812124013901
greentea SNARC arabic CD up 6 lctrl 0.692039966583
greentea SNARC arabic CD down 5 num_delete 0.504242897034
greentea SNARC arabic CD up 8 lctrl 0.628885984421
greentea SNARC arabic CD down 8 num_delete 0.564348936081
greentea SNARC arabic CD down 5 num_delete 0.774567127228
greentea SNARC arabic CD up 3 lctrl 0.647655010223
greentea SNARC arabic CD up 6 lctrl 0.558621168137
greentea SNARC arabic CD up 4 lctrl 0.864594936371
greentea SNARC arabic CD up 1 lctrl 0.766309022903
greentea SNARC arabic CD up 1 lctrl 0.647536993027
greentea SNARC arabic CD down 3 num_delete 0.558133840561
greentea SNARC arabic CD down 3 num_delete 0.424248218536
greentea SNARC arabic CD up 4 lctrl 0.536059856415
greentea SNARC arabic CD down 2 num_delete 0.779088973999
greentea SNARC arabic CD up 6 lctrl 0.500244140625
greentea SNARC arabic CD up 3 lctrl 0.560692071915
greentea SNARC arabic CD down 8 num_delete 0.79469704628
greentea SNARC arabic CD down 5 num_delete 0.939130067825
greentea SNARC arabic CD down 7 num_delete 0.765310049057
greentea SNARC arabic CD down 7 num_delete 0.678836107254
greentea SNARC arabic CD up 2 lctrl 0.796351909637
greentea SNARC arabic CD up 3 lctrl 0.61311006546
greentea SNARC arabic CD down 5 num_delete 0.701107978821
greentea SNARC arabic CD up 9 lctrl 0.673098087311
greentea SNARC arabic CD up 4 lctrl 0.678431034088
greentea SNARC arabic CD down 7 num_delete 0.76358294487
greentea SNARC arabic CD down 9 num_delete 0.597563028336
greentea SNARC arabic CD down 7 num_delete 0.790258169174
greentea SNARC arabic CD down 8 num_delete 0.774817943573
greentea SNARC arabic CD down 9 num_delete 0.439966917038
greentea SNARC arabic CD up 8 lctrl 0.70314002037
greentea SNARC arabic CD up 7 lctrl 0.746994018555
greentea SNARC arabic CD down 9 num_delete 0.613499879837
greentea SNARC arabic CD up 7 lctrl 0.55774307251
greentea SNARC arabic CD up 2 lctrl 0.655743122101
greentea SNARC arabic CD down 9 num_delete 0.733930110931
greentea SNARC arabic CD down 5 num_delete 0.608475923538
greentea SNARC arabic CD up 9 lctrl 0.60858798027
greentea SNARC arabic CD down 4 num_delete 0.648728132248
greentea SNARC arabic CD down 6 num_delete 0.622670888901
greentea SNARC arabic CD down 9 num_delete 0.750132083893
greentea SNARC arabic CD up 3 lctrl 0.631937980652
greentea SNARC arabic CD down 5 num_delete 0.550779104233
greentea SNARC arabic CD down 5 num_delete 0.504757165909
greentea SNARC arabic CD up 8 lctrl 0.693364143372
greentea SNARC arabic CD up 2 lctrl 0.810024023056
greentea SNARC arabic CD down 7 num_delete 0.721690893173
greentea SNARC arabic CD down 6 num_delete 0.660803079605
greentea SNARC arabic CD up 4 lctrl 0.698976039886
greentea SNARC arabic CD down 6 num_delete 0.86286687851
greentea SNARC arabic CD up 3 lctrl 0.620398044586
greentea SNARC arabic CD down 1 num_delete 0.571850776672
greentea SNARC arabic CD down 9 num_delete 0.797457933426
greentea SNARC arabic CD down 1 num_delete 0.717931032181
greentea SNARC arabic CD up 6 lctrl 0.66498708725
greentea SNARC arabic CD down 8 num_delete 0.743160009384
greentea SNARC arabic CD down 7 num_delete 0.729751825333
greentea SNARC arabic CD down 5 num_delete 0.812980175018
greentea SNARC arabic CD up 9 lctrl 0.77283000946
greentea SNARC arabic CD up 6 lctrl 0.637865066528
greentea SNARC arabic CD up 6 lctrl 0.868767023087
greentea SNARC arabic CD down 7 num_delete 0.745519161224
greentea SNARC arabic CD up 3 lctrl 1.08403110504
greentea SNARC arabic CD up 7 lctrl 0.647929191589
greentea SNARC arabic CD down 5 num_delete 0.75871014595
greentea SNARC arabic CD down 4 num_delete 0.736446857452
greentea SNARC arabic CD down 1 num_delete 0.722990989685
greentea SNARC arabic CD down 3 num_delete 0.638299942017
greentea SNARC arabic CD down 3 num_delete 0.917031049728
greentea SNARC arabic CD up 7 lctrl 0.735717058182
greentea SNARC arabic CD down 7 num_delete 0.570415973663
greentea SNARC arabic CD down 5 num_delete 0.69189620018
greentea SNARC arabic CD up 2 lctrl 0.66436290741
greentea SNARC arabic CD down 1 num_delete 0.718594789505
greentea SNARC arabic CD up 7 lctrl 0.673897027969
greentea SNARC arabic CD up 3 lctrl 0.767223119736
greentea SNARC arabic CD up 7 lctrl 0.848346948624
greentea SNARC arabic CD down 5 num_delete 0.766628026962
greentea SNARC arabic CD up 1 lctrl 0.671930074692
greentea SNARC arabic CD up 4 lctrl 0.685245037079
greentea SNARC arabic CD down 6 num_delete 0.689713001251
greentea SNARC arabic CD down 4 num_delete 0.55849313736
greentea SNARC arabic CD down 7 num_delete 0.824343919754
greentea SNARC arabic CD up 5 lctrl 0.663532972336
greentea SNARC arabic CD down 4 num_delete 0.573755025864
greentea SNARC arabic CD down 6 num_delete 0.767233848572
greentea SNARC arabic CD up 1 lctrl 0.616291999817
greentea SNARC arabic CD up 4 lctrl 0.751991987228
greentea SNARC arabic CD down 7 num_delete 0.753633975983
greentea SNARC arabic CD down 9 num_delete 0.603462219238
greentea SNARC arabic CD up 8 lctrl 0.579619884491
greentea SNARC arabic CD up 5 lctrl 0.56494808197
greentea SNARC arabic CD up 5 lctrl 0.606682062149
greentea SNARC arabic CD up 2 lctrl 0.702862977982
greentea SNARC arabic CD down 5 num_delete 0.578669071198
greentea SNARC arabic CD down 5 num_delete 0.39627289772
greentea SNARC arabic CD up 8 lctrl 0.589520931244
greentea SNARC arabic CD up 7 lctrl 0.614383220673
greentea SNARC arabic CD up 7 lctrl 0.726565122604
greentea SNARC arabic CD down 9 num_delete 0.697558879852
greentea SNARC arabic CD down 8 num_delete 0.510269165039
greentea SNARC arabic CD up 4 lctrl 0.65073299408
greentea SNARC arabic CD up 7 lctrl 0.544662952423
greentea SNARC arabic CD down 9 num_delete 0.747536897659
greentea SNARC arabic CD up 6 lctrl 0.598148822784
greentea SNARC arabic CD up 6 lctrl 0.678962945938
greentea SNARC arabic CD up 6 lctrl 0.812386035919
greentea SNARC arabic CD up 5 lctrl 0.843985080719
greentea SNARC arabic CD up 2 lctrl 0.530114889145
greentea SNARC arabic CD up 2 lctrl 0.677954912186
greentea SNARC arabic CD up 4 lctrl 0.65926194191
{'task': u'line', 'participant': u'greentea', 'dateStr': u'09_22_1820', 'notation': u'dot', 'response_buttons': u'CD', 'range_in_instr': True, 'interactive_setting': True, 'autopilot': False, 'exp_id': u'SNARC'}
greentea SNARC dot CD up 25 lctrl 1.46247410774
greentea SNARC dot CD down 15 num_delete 1.77848100662
greentea SNARC dot CD up 20 lctrl 0.68195605278
greentea SNARC dot CD up 35 lctrl 0.653651952744
greentea SNARC dot CD up 25 lctrl 0.683833837509
greentea SNARC dot CD down 35 num_delete 0.55170083046
greentea SNARC dot CD up 10 lctrl 0.633969068527
greentea SNARC dot CD up 25 lctrl 0.872740983963
greentea SNARC dot CD up 5 lctrl 0.533540964127
greentea SNARC dot CD up 5 lctrl 0.600605010986
greentea SNARC dot CD up 25 lctrl 0.576683044434
greentea SNARC dot CD down 30 num_delete 0.602131843567
greentea SNARC dot CD down 30 num_delete 0.530287027359
greentea SNARC dot CD up 35 lctrl 0.676862001419
greentea SNARC dot CD up 25 lctrl 0.562540769577
greentea SNARC dot CD down 25 num_delete 0.700762033463
greentea SNARC dot CD up 15 lctrl 0.488743066788
greentea SNARC dot CD down 40 num_delete 0.548897981644
greentea SNARC dot CD down 35 num_delete 0.614391088486
greentea SNARC dot CD down 25 num_delete 0.67060303688
greentea SNARC dot CD up 35 lctrl 0.555305957794
greentea SNARC dot CD down 25 num_delete 1.26958203316
greentea SNARC dot CD down 15 num_delete 0.553724050522
greentea SNARC dot CD down 15 num_delete 0.523895978928
greentea SNARC dot CD down 30 num_delete 0.687511920929
greentea SNARC dot CD down 30 num_delete 0.660190105438
greentea SNARC dot CD up 10 lctrl 0.602349996567
greentea SNARC dot CD up 45 lctrl 0.58525800705
greentea SNARC dot CD up 10 lctrl 0.666292905807
greentea SNARC dot CD up 5 lctrl 0.583781003952
greentea SNARC dot CD down 5 num_delete 0.536650896072
greentea SNARC dot CD down 40 num_delete 0.506880998611
greentea SNARC dot CD down 35 num_delete 0.942220926285
greentea SNARC dot CD up 10 lctrl 0.472656965256
greentea SNARC dot CD down 30 num_delete 0.422309160233
greentea SNARC dot CD up 25 lctrl 0.782207965851
greentea SNARC dot CD up 10 lctrl 0.53458404541
greentea SNARC dot CD up 40 lctrl 0.432845115662
greentea SNARC dot CD up 35 lctrl 0.574981927872
greentea SNARC dot CD up 40 lctrl 0.575889825821
greentea SNARC dot CD up 40 lctrl 0.464883089066
greentea SNARC dot CD up 40 lctrl 0.533833026886
greentea SNARC dot CD up 30 lctrl 0.600929021835
greentea SNARC dot CD down 15 num_delete 0.632904052734
greentea SNARC dot CD up 15 lctrl 0.559839010239
greentea SNARC dot CD down 10 num_delete 0.305882930756
greentea SNARC dot CD down 15 num_delete 0.598591089249
greentea SNARC dot CD up 10 lctrl 0.630748987198
greentea SNARC dot CD up 15 lctrl 0.590170145035
greentea SNARC dot CD up 10 lctrl 0.5270819664
greentea SNARC dot CD up 45 lctrl 0.721497058868
greentea SNARC dot CD up 35 lctrl 0.588382959366
greentea SNARC dot CD down 15 num_delete 0.605293035507
greentea SNARC dot CD up 20 lctrl 0.717396020889
greentea SNARC dot CD up 20 lctrl 0.800716161728
greentea SNARC dot CD down 35 num_delete 0.895297050476
greentea SNARC dot CD up 15 lctrl 0.572041034698
greentea SNARC dot CD down 45 num_delete 0.604450941086
greentea SNARC dot CD down 5 num_delete 0.604881048203
greentea SNARC dot CD down 5 num_delete 0.564915180206
greentea SNARC dot CD up 15 lctrl 0.694413900375
greentea SNARC dot CD up 15 lctrl 0.523228168488
greentea SNARC dot CD down 20 num_delete 0.558743000031
greentea SNARC dot CD down 30 num_delete 0.513046979904
greentea SNARC dot CD up 15 lctrl 0.669337034225
greentea SNARC dot CD down 25 num_delete 0.570643901825
greentea SNARC dot CD down 45 num_delete 0.579218864441
greentea SNARC dot CD up 35 lctrl 0.61239695549
greentea SNARC dot CD down 30 num_delete 0.660370111465
greentea SNARC dot CD up 35 lctrl 0.449388980865
greentea SNARC dot CD up 5 lctrl 0.432022094727
greentea SNARC dot CD up 25 lctrl 0.527423858643
greentea SNARC dot CD down 25 num_delete 0.450855016708
greentea SNARC dot CD up 15 lctrl 0.489356994629
greentea SNARC dot CD down 20 num_delete 0.566352844238
greentea SNARC dot CD down 10 num_delete 0.359743118286
greentea SNARC dot CD down 20 num_delete 0.522459030151
greentea SNARC dot CD down 45 num_delete 0.637212991714
greentea SNARC dot CD up 25 lctrl 0.644144058228
greentea SNARC dot CD up 40 lctrl 0.554230928421
greentea SNARC dot CD up 35 lctrl 0.515589952469
greentea SNARC dot CD up 40 lctrl 0.438676834106
greentea SNARC dot CD up 40 lctrl 0.501052856445
greentea SNARC dot CD up 40 lctrl 0.632474899292
greentea SNARC dot CD down 15 num_delete 0.495325088501
greentea SNARC dot CD up 10 lctrl 0.684472799301
greentea SNARC dot CD down 5 num_delete 0.48073720932
greentea SNARC dot CD up 40 lctrl 0.485918045044
greentea SNARC dot CD up 40 lctrl 0.562283039093
greentea SNARC dot CD down 25 num_delete 0.532577991486
greentea SNARC dot CD down 25 num_delete 0.583442211151
greentea SNARC dot CD up 10 lctrl 0.544404983521
greentea SNARC dot CD up 20 lctrl 0.579385042191
greentea SNARC dot CD down 35 num_delete 0.595863103867
greentea SNARC dot CD down 35 num_delete 0.564073085785
greentea SNARC dot CD down 10 num_delete 0.622398853302
greentea SNARC dot CD down 10 num_delete 0.685805082321
greentea SNARC dot CD down 10 num_delete 0.898520946503
greentea SNARC dot CD up 40 lctrl 0.669703960419
greentea SNARC dot CD up 15 lctrl 0.515341997147
greentea SNARC dot CD up 40 lctrl 0.566251039505
greentea SNARC dot CD down 35 num_delete 0.686911821365
greentea SNARC dot CD down 35 num_delete 0.499085903168
greentea SNARC dot CD up 20 lctrl 0.607417106628
greentea SNARC dot CD up 5 lctrl 0.519554138184
greentea SNARC dot CD up 30 lctrl 0.659254074097
greentea SNARC dot CD down 30 num_delete 0.625118017197
greentea SNARC dot CD up 5 lctrl 0.672533035278
greentea SNARC dot CD down 45 num_delete 0.605051040649
greentea SNARC dot CD up 35 lctrl 0.468629837036
greentea SNARC dot CD up 40 lctrl 0.665678024292
greentea SNARC dot CD up 30 lctrl 0.519021987915
greentea SNARC dot CD down 40 num_delete 0.665741205215
greentea SNARC dot CD down 35 num_delete 0.590481042862
greentea SNARC dot CD down 20 num_delete 0.783368110657
greentea SNARC dot CD up 45 lctrl 0.631055116653
greentea SNARC dot CD down 20 num_delete 0.414575099945
greentea SNARC dot CD down 25 num_delete 0.623024940491
greentea SNARC dot CD down 25 num_delete 0.526463031769
greentea SNARC dot CD down 15 num_delete 0.602099895477
greentea SNARC dot CD up 45 lctrl 0.601521968842
greentea SNARC dot CD down 20 num_delete 0.593612909317
greentea SNARC dot CD down 45 num_delete 0.441406965256
greentea SNARC dot CD up 45 lctrl 0.671733856201
greentea SNARC dot CD up 15 lctrl 0.501622915268
greentea SNARC dot CD up 10 lctrl 0.521575927734
greentea SNARC dot CD down 10 num_delete 0.613437175751
greentea SNARC dot CD down 45 num_delete 0.516469955444
greentea SNARC dot CD down 20 num_delete 0.440593957901
greentea SNARC dot CD up 15 lctrl 0.695604801178
greentea SNARC dot CD down 15 num_delete 0.476307868958
greentea SNARC dot CD up 5 lctrl 0.545872211456
greentea SNARC dot CD up 35 lctrl 0.676098108292
greentea SNARC dot CD down 20 num_delete 0.561506986618
greentea SNARC dot CD down 40 num_delete 0.499028921127
greentea SNARC dot CD down 10 num_delete 0.735338926315
greentea SNARC dot CD down 40 num_delete 0.569249153137
greentea SNARC dot CD up 30 lctrl 0.626803159714
greentea SNARC dot CD down 10 num_delete 0.602105855942
greentea SNARC dot CD down 25 num_delete 0.698325157166
greentea SNARC dot CD up 45 lctrl 0.622274160385
greentea SNARC dot CD down 20 num_delete 0.517644882202
greentea SNARC dot CD up 25 lctrl 0.417448043823
greentea SNARC dot CD up 20 lctrl 0.617242097855
greentea SNARC dot CD down 40 num_delete 0.551659107208
greentea SNARC dot CD down 10 num_delete 0.561986923218
greentea SNARC dot CD up 35 lctrl 0.547367095947
greentea SNARC dot CD down 25 num_delete 0.518421173096
greentea SNARC dot CD down 5 num_delete 0.634165048599
greentea SNARC dot CD down 45 num_delete 0.623893976212
greentea SNARC dot CD up 30 lctrl 0.591689109802
greentea SNARC dot CD up 35 lctrl 0.623661994934
greentea SNARC dot CD down 45 num_delete 0.486384868622
greentea SNARC dot CD up 5 lctrl 0.539390087128
greentea SNARC dot CD down 15 num_delete 0.398326873779
greentea SNARC dot CD down 5 num_delete 0.918765068054
greentea SNARC dot CD up 30 lctrl 0.513773918152
greentea SNARC dot CD up 40 lctrl 0.47735285759
greentea SNARC dot CD up 35 lctrl 0.722312927246
greentea SNARC dot CD up 30 lctrl 0.493654966354
greentea SNARC dot CD up 40 lctrl 0.649716854095
greentea SNARC dot CD down 20 num_delete 0.719846010208
greentea SNARC dot CD down 5 num_delete 0.475157976151
greentea SNARC dot CD up 25 lctrl 0.504892110825
greentea SNARC dot CD up 40 lctrl 0.516409158707
greentea SNARC dot CD up 45 lctrl 0.647495031357
greentea SNARC dot CD down 30 num_delete 0.454211950302
greentea SNARC dot CD down 20 num_delete 0.532551050186
greentea SNARC dot CD down 45 num_delete 0.414654016495
greentea SNARC dot CD up 5 lctrl 0.74250793457
greentea SNARC dot CD down 15 num_delete 0.657293081284
greentea SNARC dot CD up 10 lctrl 0.439160108566
greentea SNARC dot CD up 30 lctrl 0.558396816254
greentea SNARC dot CD down 15 num_delete 0.584497928619
greentea SNARC dot CD up 40 lctrl 0.584609031677
greentea SNARC dot CD up 10 lctrl 0.63360285759
greentea SNARC dot CD up 25 lctrl 0.616360902786
greentea SNARC dot CD up 45 lctrl 0.454782009125
greentea SNARC dot CD down 10 num_delete 0.437273979187
greentea SNARC dot CD up 15 lctrl 0.42046713829
greentea SNARC dot CD up 5 lctrl 0.668174982071
greentea SNARC dot CD up 25 lctrl 0.553627967834
greentea SNARC dot CD up 30 lctrl 0.564002037048
greentea SNARC dot CD up 20 lctrl 0.558137178421
greentea SNARC dot CD up 5 lctrl 0.544214010239
greentea SNARC dot CD up 15 lctrl 0.667143821716
greentea SNARC dot CD up 30 lctrl 0.576590061188
greentea SNARC dot CD up 25 lctrl 0.578125953674
greentea SNARC dot CD down 20 num_delete 0.539620876312
greentea SNARC dot CD down 45 num_delete 0.509761095047
greentea SNARC dot CD up 10 lctrl 0.538190841675
greentea SNARC dot CD up 35 lctrl 0.620251893997
greentea SNARC dot CD up 20 lctrl 0.555866956711
greentea SNARC dot CD down 40 num_delete 0.717102050781
greentea SNARC dot CD down 10 num_delete 0.71263718605
greentea SNARC dot CD down 20 num_delete 0.372467041016
greentea SNARC dot CD up 5 lctrl 0.55849814415
greentea SNARC dot CD down 5 num_delete 0.640578985214
greentea SNARC dot CD down 35 num_delete 0.574419021606
greentea SNARC dot CD up 15 lctrl 0.528143882751
greentea SNARC dot CD down 5 num_delete 0.491674184799
greentea SNARC dot CD up 40 lctrl 0.352202892303
greentea SNARC dot CD up 45 lctrl 0.585916042328
greentea SNARC dot CD up 45 lctrl 0.658189058304
greentea SNARC dot CD up 25 lctrl 0.640337944031
greentea SNARC dot CD down 10 num_delete 0.374565124512
greentea SNARC dot CD up 15 lctrl 0.472938776016
greentea SNARC dot CD down 30 num_delete 0.294623851776
greentea SNARC dot CD down 25 num_delete 0.555891990662
greentea SNARC dot CD up 40 lctrl 0.421190023422
greentea SNARC dot CD down 40 num_delete 0.564465045929
greentea SNARC dot CD up 15 lctrl 0.366824865341
greentea SNARC dot CD up 30 lctrl 0.520792961121
greentea SNARC dot CD down 40 num_delete 0.523454904556
greentea SNARC dot CD down 40 num_delete 0.62255692482
greentea SNARC dot CD down 30 num_delete 0.81397485733
greentea SNARC dot CD down 30 num_delete 0.621745824814
greentea SNARC dot CD up 45 lctrl 1.10047197342
greentea SNARC dot CD up 40 lctrl 0.4229991436
greentea SNARC dot CD up 20 lctrl 0.854845046997
greentea SNARC dot CD down 35 num_delete 0.451453924179
greentea SNARC dot CD down 45 num_delete 0.361338853836
greentea SNARC dot CD down 5 num_delete 0.468005895615
greentea SNARC dot CD up 25 lctrl 0.817766189575
greentea SNARC dot CD down 5 num_delete 0.400839090347
greentea SNARC dot CD up 15 lctrl 0.409338951111
greentea SNARC dot CD down 15 num_delete 0.521842956543
greentea SNARC dot CD up 40 lctrl 0.444302082062
greentea SNARC dot CD up 35 num_delete 0.315179109573
greentea SNARC dot CD down 5 num_delete 0.958407878876
greentea SNARC dot CD down 20 num_delete 0.607956886292
greentea SNARC dot CD down 35 num_delete 0.527215003967
greentea SNARC dot CD down 15 num_delete 0.746939897537
greentea SNARC dot CD up 25 lctrl 0.549513101578
greentea SNARC dot CD up 15 lctrl 0.479768037796
greentea SNARC dot CD up 10 lctrl 0.669498920441
greentea SNARC dot CD up 35 lctrl 0.818070888519
greentea SNARC dot CD up 40 lctrl 0.616449117661
greentea SNARC dot CD up 45 lctrl 0.615020036697
greentea SNARC dot CD up 5 lctrl 0.710689783096
greentea SNARC dot CD up 5 lctrl 0.626421928406
greentea SNARC dot CD down 45 num_delete 0.609258890152
greentea SNARC dot CD up 35 lctrl 0.616431951523
greentea SNARC dot CD down 30 num_delete 0.528120040894
greentea SNARC dot CD down 5 num_delete 0.739483833313
greentea SNARC dot CD down 10 num_delete 0.614258050919
greentea SNARC dot CD down 5 num_delete 0.582431077957
greentea SNARC dot CD up 25 lctrl 0.703377008438
greentea SNARC dot CD down 10 num_delete 0.579204082489
greentea SNARC dot CD down 10 num_delete 0.580525159836
greentea SNARC dot CD up 45 lctrl 0.645536184311
greentea SNARC dot CD up 35 lctrl 0.675520896912
greentea SNARC dot CD up 45 lctrl 0.720263957977
greentea SNARC dot CD down 45 num_delete 0.682546854019
greentea SNARC dot CD down 20 num_delete 0.6554210186
greentea SNARC dot CD down 35 num_delete 0.556713104248
greentea SNARC dot CD down 15 num_delete 0.574946880341
greentea SNARC dot CD down 10 num_delete 0.728482961655
greentea SNARC dot CD up 20 lctrl 0.619714021683
greentea SNARC dot CD up 40 lctrl 0.617804050446
greentea SNARC dot CD up 15 lctrl 0.665862083435
greentea SNARC dot CD down 45 num_delete 0.51841211319
greentea SNARC dot CD up 30 lctrl 0.658149003983
greentea SNARC dot CD up 5 lctrl 0.719885110855
greentea SNARC dot CD down 30 num_delete 0.587390184402
greentea SNARC dot CD up 15 lctrl 0.700311183929
greentea SNARC dot CD down 10 num_delete 0.400145053864
greentea SNARC dot CD up 30 lctrl 0.544856071472
greentea SNARC dot CD down 5 num_delete 0.539333820343
greentea SNARC dot CD down 35 num_delete 0.525444984436
greentea SNARC dot CD down 20 num_delete 0.745438098907
greentea SNARC dot CD down 35 num_delete 0.675288915634
greentea SNARC dot CD up 30 lctrl 0.936717033386
greentea SNARC dot CD down 40 num_delete 0.601819038391
greentea SNARC dot CD down 30 num_delete 0.682206869125
greentea SNARC dot CD up 40 lctrl 0.51006603241
greentea SNARC dot CD up 35 lctrl 0.67375421524
greentea SNARC dot CD down 20 num_delete 0.56708407402
greentea SNARC dot CD down 20 num_delete 0.57664513588
greentea SNARC dot CD up 20 lctrl 0.586241960526
greentea SNARC dot CD up 10 lctrl 0.683084011078
greentea SNARC dot CD up 5 lctrl 0.663702011108
greentea SNARC dot CD down 30 num_delete 0.57364988327
greentea SNARC dot CD up 30 lctrl 0.695289850235
greentea SNARC dot CD down 45 num_delete 0.619082927704
greentea SNARC dot CD down 20 num_delete 0.546558856964
greentea SNARC dot CD down 45 num_delete 0.500329017639
greentea SNARC dot CD up 10 lctrl 0.681117773056
greentea SNARC dot CD up 25 lctrl 0.758411884308
greentea SNARC dot CD up 10 lctrl 0.600203037262
greentea SNARC dot CD up 25 lctrl 0.584487915039
greentea SNARC dot CD down 5 num_delete 0.641136884689
greentea SNARC dot CD down 5 num_delete 0.719710111618
greentea SNARC dot CD down 10 num_delete 0.643163919449
greentea SNARC dot CD down 45 num_delete 0.689172029495
greentea SNARC dot CD down 40 num_delete 0.652726888657
greentea SNARC dot CD up 25 lctrl 0.643279790878
greentea SNARC dot CD up 20 lctrl 0.57000207901
greentea SNARC dot CD up 25 lctrl 0.563483953476
greentea SNARC dot CD down 5 num_delete 0.589622974396
greentea SNARC dot CD up 15 lctrl 0.534554958344
greentea SNARC dot CD down 35 num_delete 0.536698102951
greentea SNARC dot CD up 45 lctrl 0.467015981674
greentea SNARC dot CD down 45 num_delete 0.431553125381
greentea SNARC dot CD down 20 num_delete 0.703066825867
greentea SNARC dot CD down 10 num_delete 0.611010074615
greentea SNARC dot CD down 45 num_delete 0.754373073578
greentea SNARC dot CD down 15 num_delete 0.620320081711
greentea SNARC dot CD down 20 num_delete 0.611721992493
greentea SNARC dot CD down 10 num_delete 0.595756053925
greentea SNARC dot CD up 45 lctrl 0.611982107162
greentea SNARC dot CD up 35 lctrl 0.555386066437
greentea SNARC dot CD down 25 num_delete 0.613584041595
greentea SNARC dot CD down 20 num_delete 0.661804914474
greentea SNARC dot CD up 5 lctrl 0.619755029678
greentea SNARC dot CD up 20 lctrl 0.539248943329
greentea SNARC dot CD down 35 num_delete 0.573246002197
greentea SNARC dot CD down 35 num_delete 0.590246915817
greentea SNARC dot CD down 40 num_delete 0.678360939026
greentea SNARC dot CD down 35 num_delete 0.570837974548
greentea SNARC dot CD up 15 lctrl 0.564566850662
greentea SNARC dot CD down 20 num_delete 0.79879617691
greentea SNARC dot CD down 10 num_delete 0.558953046799
greentea SNARC dot CD down 5 num_delete 0.457432031631
greentea SNARC dot CD down 45 num_delete 0.574959993362
greentea SNARC dot CD down 25 num_delete 0.624695062637
greentea SNARC dot CD up 15 lctrl 0.528136014938
greentea SNARC dot CD up 25 lctrl 0.563720941544
greentea SNARC dot CD down 30 num_delete 0.629971027374
greentea SNARC dot CD down 40 num_delete 0.564651012421
greentea SNARC dot CD down 30 num_delete 0.630937099457
greentea SNARC dot CD up 15 lctrl 0.558385133743
greentea SNARC dot CD down 40 num_delete 0.511710166931
greentea SNARC dot CD up 20 lctrl 0.644212961197
greentea SNARC dot CD up 5 lctrl 0.514810085297
greentea SNARC dot CD up 40 lctrl 0.661556959152
greentea SNARC dot CD up 45 lctrl 0.698985099792
greentea SNARC dot CD up 30 lctrl 0.447233915329
greentea SNARC dot CD up 25 lctrl 0.614228963852
greentea SNARC dot CD up 5 lctrl 0.582464933395
greentea SNARC dot CD down 30 num_delete 0.535168170929
greentea SNARC dot CD up 30 lctrl 0.794098138809
greentea SNARC dot CD down 35 num_delete 0.425822973251
greentea SNARC dot CD up 20 lctrl 0.601664066315
greentea SNARC dot CD up 20 lctrl 0.585877895355
greentea SNARC dot CD up 45 lctrl 0.681630134583
greentea SNARC dot CD down 5 num_delete 0.494351148605
greentea SNARC dot CD up 5 lctrl 0.491466999054
greentea SNARC dot CD down 45 num_delete 0.543601989746
greentea SNARC dot CD up 25 lctrl 0.402932167053
greentea SNARC dot CD down 25 num_delete 0.515311002731
greentea SNARC dot CD down 20 lctrl 0.383105039597
greentea SNARC dot CD down 30 num_delete 0.832144021988
greentea SNARC dot CD down 25 num_delete 0.567230939865
greentea SNARC dot CD down 10 num_delete 0.480418920517
greentea SNARC dot CD up 45 lctrl 0.549688100815
greentea SNARC dot CD up 30 lctrl 0.551917076111
greentea SNARC dot CD down 10 num_delete 0.570204973221
greentea SNARC dot CD up 30 lctrl 0.595818042755
greentea SNARC dot CD down 30 num_delete 0.58055305481
{'task': u'line', 'participant': u'greentea', 'dateStr': u'09_22_1830', 'notation': u'arabic', 'response_buttons': u'DC', 'range_in_instr': True, 'interactive_setting': True, 'autopilot': False, 'exp_id': u'SNARC'}
greentea SNARC arabic DC down 8 lctrl 3.16268110275
greentea SNARC arabic DC up 4 num_delete 0.591914892197
greentea SNARC arabic DC down 3 lctrl 0.46471619606
greentea SNARC arabic DC up 1 num_delete 0.327090978622
greentea SNARC arabic DC down 7 lctrl 0.443157911301
greentea SNARC arabic DC down 3 lctrl 0.514222145081
greentea SNARC arabic DC down 2 lctrl 0.366637945175
greentea SNARC arabic DC up 3 num_delete 0.408189058304
greentea SNARC arabic DC up 2 num_delete 0.392826080322
greentea SNARC arabic DC up 2 num_delete 0.386089086533
greentea SNARC arabic DC down 3 lctrl 0.515507936478
greentea SNARC arabic DC down 1 lctrl 0.414823055267
greentea SNARC arabic DC down 2 lctrl 0.526817083359
greentea SNARC arabic DC down 7 lctrl 0.410187005997
greentea SNARC arabic DC up 4 num_delete 0.522907018661
greentea SNARC arabic DC down 8 lctrl 0.502585887909
greentea SNARC arabic DC down 8 lctrl 0.482744932175
greentea SNARC arabic DC up 7 num_delete 0.455883979797
greentea SNARC arabic DC down 2 lctrl 0.438266992569
greentea SNARC arabic DC up 7 num_delete 0.429342985153
greentea SNARC arabic DC up 3 num_delete 0.388877868652
greentea SNARC arabic DC up 7 num_delete 0.518451929092
greentea SNARC arabic DC up 1 num_delete 0.474054098129
greentea SNARC arabic DC up 8 num_delete 0.423794984818
greentea SNARC arabic DC up 9 num_delete 0.479401826859
greentea SNARC arabic DC down 3 lctrl 0.46137881279
greentea SNARC arabic DC up 8 num_delete 0.483589172363
greentea SNARC arabic DC down 5 lctrl 0.504589080811
greentea SNARC arabic DC down 5 lctrl 0.597006082535
greentea SNARC arabic DC down 7 lctrl 0.541651964188
greentea SNARC arabic DC up 7 num_delete 0.60847401619
greentea SNARC arabic DC down 6 lctrl 0.457181930542
greentea SNARC arabic DC up 3 num_delete 0.575219154358
greentea SNARC arabic DC down 1 lctrl 0.760595083237
greentea SNARC arabic DC down 7 lctrl 0.466646909714
greentea SNARC arabic DC down 3 lctrl 0.544400930405
greentea SNARC arabic DC down 5 lctrl 0.507369995117
greentea SNARC arabic DC up 6 num_delete 0.543642997742
greentea SNARC arabic DC down 7 lctrl 0.642515897751
greentea SNARC arabic DC up 3 num_delete 0.44907283783
greentea SNARC arabic DC up 4 num_delete 0.503504037857
greentea SNARC arabic DC up 5 num_delete 0.59595489502
greentea SNARC arabic DC up 2 num_delete 0.444539070129
greentea SNARC arabic DC down 3 lctrl 0.476006031036
greentea SNARC arabic DC up 7 num_delete 0.425714969635
greentea SNARC arabic DC up 4 num_delete 0.417525053024
greentea SNARC arabic DC up 4 num_delete 0.513059854507
greentea SNARC arabic DC down 6 lctrl 0.4856300354
greentea SNARC arabic DC up 3 num_delete 0.410444021225
greentea SNARC arabic DC down 4 lctrl 0.643316984177
greentea SNARC arabic DC down 3 lctrl 0.530012130737
greentea SNARC arabic DC down 4 lctrl 0.43746805191
greentea SNARC arabic DC up 5 num_delete 0.532377958298
greentea SNARC arabic DC down 7 lctrl 0.591492176056
greentea SNARC arabic DC up 3 num_delete 0.488154888153
greentea SNARC arabic DC down 4 lctrl 0.661509037018
greentea SNARC arabic DC down 9 lctrl 0.531430959702
greentea SNARC arabic DC up 2 num_delete 0.663084030151
greentea SNARC arabic DC up 5 num_delete 0.429059028625
greentea SNARC arabic DC down 5 lctrl 0.580966949463
greentea SNARC arabic DC up 5 num_delete 0.566302061081
greentea SNARC arabic DC down 5 lctrl 0.495919942856
greentea SNARC arabic DC down 5 lctrl 0.476649999619
greentea SNARC arabic DC down 8 lctrl 0.634361982346
greentea SNARC arabic DC up 3 num_delete 0.537335157394
greentea SNARC arabic DC down 8 lctrl 0.532360076904
greentea SNARC arabic DC up 9 num_delete 0.59916806221
greentea SNARC arabic DC down 4 lctrl 0.55956196785
greentea SNARC arabic DC up 9 num_delete 0.497519016266
greentea SNARC arabic DC up 5 num_delete 0.550532102585
greentea SNARC arabic DC down 2 lctrl 0.512516975403
greentea SNARC arabic DC up 5 num_delete 0.437055110931
greentea SNARC arabic DC down 8 lctrl 0.548043966293
greentea SNARC arabic DC down 3 lctrl 0.606894016266
greentea SNARC arabic DC down 5 lctrl 0.551331043243
greentea SNARC arabic DC up 9 num_delete 0.489467859268
greentea SNARC arabic DC down 6 lctrl 0.54274392128
greentea SNARC arabic DC down 8 lctrl 0.545511007309
greentea SNARC arabic DC up 3 num_delete 0.460431098938
greentea SNARC arabic DC down 9 lctrl 0.450845003128
greentea SNARC arabic DC up 6 num_delete 0.537189006805
greentea SNARC arabic DC down 6 lctrl 0.524177074432
greentea SNARC arabic DC up 2 num_delete 0.471751928329
greentea SNARC arabic DC down 2 lctrl 0.565433979034
greentea SNARC arabic DC up 6 num_delete 0.543052911758
greentea SNARC arabic DC down 8 lctrl 0.546044826508
greentea SNARC arabic DC down 1 lctrl 0.732865095139
greentea SNARC arabic DC up 6 num_delete 0.519320011139
greentea SNARC arabic DC up 7 num_delete 0.466777086258
greentea SNARC arabic DC down 4 lctrl 0.536777973175
greentea SNARC arabic DC up 4 lctrl 0.507441997528
greentea SNARC arabic DC up 9 num_delete 0.759052038193
greentea SNARC arabic DC up 9 num_delete 0.513180017471
greentea SNARC arabic DC up 1 num_delete 0.581457138062
greentea SNARC arabic DC down 5 lctrl 0.567173957825
greentea SNARC arabic DC down 8 lctrl 0.6486120224
greentea SNARC arabic DC down 9 lctrl 0.670641183853
greentea SNARC arabic DC up 2 num_delete 0.699656009674
greentea SNARC arabic DC down 1 lctrl 0.599863052368
greentea SNARC arabic DC up 9 num_delete 0.376003026962
greentea SNARC arabic DC up 1 num_delete 0.553858995438
greentea SNARC arabic DC up 1 num_delete 0.700078964233
greentea SNARC arabic DC up 7 num_delete 0.632012844086
greentea SNARC arabic DC down 3 lctrl 0.68673992157
greentea SNARC arabic DC up 5 num_delete 0.56329202652
greentea SNARC arabic DC down 1 lctrl 0.885755062103
greentea SNARC arabic DC down 5 lctrl 0.609919071198
greentea SNARC arabic DC down 9 lctrl 0.59396314621
greentea SNARC arabic DC down 5 lctrl 0.650591135025
greentea SNARC arabic DC up 8 num_delete 0.60883808136
greentea SNARC arabic DC down 6 lctrl 0.760924100876
greentea SNARC arabic DC down 4 lctrl 0.618937969208
greentea SNARC arabic DC down 1 lctrl 0.658332109451
greentea SNARC arabic DC down 6 lctrl 0.600307941437
greentea SNARC arabic DC down 7 lctrl 0.592320919037
greentea SNARC arabic DC down 9 lctrl 0.657210826874
greentea SNARC arabic DC up 7 num_delete 0.535259008408
greentea SNARC arabic DC up 5 num_delete 0.578135967255
greentea SNARC arabic DC up 8 num_delete 0.619508981705
greentea SNARC arabic DC down 2 lctrl 0.611191987991
greentea SNARC arabic DC down 2 lctrl 0.555437088013
greentea SNARC arabic DC down 6 lctrl 0.653640031815
greentea SNARC arabic DC up 6 num_delete 0.635581016541
greentea SNARC arabic DC down 7 lctrl 0.578330039978
greentea SNARC arabic DC up 8 num_delete 0.515555143356
greentea SNARC arabic DC down 8 lctrl 0.607414960861
greentea SNARC arabic DC down 4 lctrl 0.655657052994
greentea SNARC arabic DC up 1 num_delete 0.573626041412
greentea SNARC arabic DC up 1 num_delete 0.535114049911
greentea SNARC arabic DC up 6 num_delete 0.626090049744
greentea SNARC arabic DC up 5 num_delete 0.673408985138
greentea SNARC arabic DC down 6 lctrl 0.478796958923
greentea SNARC arabic DC up 8 num_delete 0.508470773697
greentea SNARC arabic DC up 2 num_delete 0.520812988281
greentea SNARC arabic DC down 4 lctrl 0.596551895142
greentea SNARC arabic DC up 7 num_delete 0.493040084839
greentea SNARC arabic DC down 2 lctrl 0.570295810699
greentea SNARC arabic DC down 8 lctrl 0.611978054047
greentea SNARC arabic DC up 8 num_delete 0.619966983795
greentea SNARC arabic DC up 6 num_delete 0.547410011292
greentea SNARC arabic DC down 1 lctrl 0.614316940308
greentea SNARC arabic DC down 4 lctrl 0.526448965073
greentea SNARC arabic DC down 1 lctrl 0.666079998016
greentea SNARC arabic DC up 4 num_delete 0.671399116516
greentea SNARC arabic DC down 3 lctrl 0.500789165497
greentea SNARC arabic DC down 9 lctrl 0.66518497467
greentea SNARC arabic DC down 6 lctrl 0.623034954071
greentea SNARC arabic DC down 7 lctrl 0.654700994492
greentea SNARC arabic DC up 4 num_delete 0.660614967346
greentea SNARC arabic DC up 7 num_delete 0.60231089592
greentea SNARC arabic DC up 5 num_delete 0.610696077347
greentea SNARC arabic DC up 5 num_delete 0.7388920784
greentea SNARC arabic DC up 7 num_delete 0.709357023239
greentea SNARC arabic DC up 1 num_delete 0.553353071213
greentea SNARC arabic DC down 7 lctrl 0.531468153
greentea SNARC arabic DC down 6 lctrl 0.671184062958
greentea SNARC arabic DC up 9 num_delete 0.556504964828
greentea SNARC arabic DC down 9 lctrl 0.598927021027
greentea SNARC arabic DC up 7 num_delete 0.582846164703
greentea SNARC arabic DC up 6 num_delete 0.719671964645
greentea SNARC arabic DC up 2 num_delete 0.698954105377
greentea SNARC arabic DC down 6 lctrl 0.782888889313
greentea SNARC arabic DC up 1 num_delete 0.479213953018
greentea SNARC arabic DC up 1 num_delete 0.749011993408
greentea SNARC arabic DC down 1 lctrl 0.598984003067
greentea SNARC arabic DC up 6 num_delete 0.542941093445
greentea SNARC arabic DC down 1 lctrl 0.937976121902
greentea SNARC arabic DC up 5 num_delete 0.644073963165
greentea SNARC arabic DC up 9 num_delete 0.538704872131
greentea SNARC arabic DC down 1 lctrl 0.557852983475
greentea SNARC arabic DC up 8 num_delete 0.471969127655
greentea SNARC arabic DC down 5 lctrl 0.861536026001
greentea SNARC arabic DC down 3 lctrl 0.603321075439
greentea SNARC arabic DC down 8 lctrl 0.723471164703
greentea SNARC arabic DC down 5 lctrl 0.678693056107
greentea SNARC arabic DC up 6 num_delete 0.65986084938
greentea SNARC arabic DC up 1 num_delete 0.482079029083
greentea SNARC arabic DC down 1 lctrl 0.663146972656
greentea SNARC arabic DC down 8 lctrl 0.685137033463
greentea SNARC arabic DC down 2 lctrl 0.529824018478
greentea SNARC arabic DC down 9 lctrl 0.645330905914
greentea SNARC arabic DC down 9 lctrl 0.604083061218
greentea SNARC arabic DC down 1 lctrl 0.612274885178
greentea SNARC arabic DC down 2 lctrl 0.324517965317
greentea SNARC arabic DC up 2 num_delete 0.584416151047
greentea SNARC arabic DC up 9 num_delete 0.488692998886
greentea SNARC arabic DC up 6 num_delete 0.710294008255
greentea SNARC arabic DC up 3 num_delete 0.418122053146
greentea SNARC arabic DC up 7 num_delete 0.417859792709
greentea SNARC arabic DC up 5 num_delete 0.61777806282
greentea SNARC arabic DC up 5 num_delete 0.641221046448
greentea SNARC arabic DC down 2 lctrl 0.495711803436
greentea SNARC arabic DC down 6 lctrl 0.69304895401
greentea SNARC arabic DC up 4 num_delete 0.521404981613
greentea SNARC arabic DC up 2 num_delete 0.557194948196
greentea SNARC arabic DC down 4 lctrl 0.623414039612
greentea SNARC arabic DC down 8 lctrl 0.598956108093
greentea SNARC arabic DC up 7 num_delete 0.542929172516
greentea SNARC arabic DC up 2 num_delete 0.52191400528
greentea SNARC arabic DC down 9 lctrl 0.469616889954
greentea SNARC arabic DC down 2 lctrl 0.571328878403
greentea SNARC arabic DC down 2 lctrl 0.572819948196
greentea SNARC arabic DC down 7 lctrl 0.622559070587
greentea SNARC arabic DC up 7 num_delete 0.677796125412
greentea SNARC arabic DC up 4 num_delete 0.595128059387
greentea SNARC arabic DC up 2 num_delete 0.659919023514
greentea SNARC arabic DC down 7 lctrl 0.521969795227
greentea SNARC arabic DC down 7 lctrl 0.589359998703
greentea SNARC arabic DC down 7 lctrl 0.614485025406
greentea SNARC arabic DC up 8 num_delete 0.550179004669
greentea SNARC arabic DC up 2 num_delete 0.656672000885
greentea SNARC arabic DC down 7 lctrl 0.518898963928
greentea SNARC arabic DC down 8 lctrl 0.634511947632
greentea SNARC arabic DC up 4 num_delete 0.681031942368
greentea SNARC arabic DC up 6 num_delete 0.550374031067
greentea SNARC arabic DC down 1 lctrl 0.720541000366
greentea SNARC arabic DC up 4 num_delete 0.355714082718
greentea SNARC arabic DC down 3 lctrl 0.478702068329
greentea SNARC arabic DC down 8 lctrl 0.700075149536
greentea SNARC arabic DC down 1 lctrl 0.57622385025
greentea SNARC arabic DC down 7 lctrl 0.641844034195
greentea SNARC arabic DC down 1 lctrl 0.592175006866
greentea SNARC arabic DC down 9 lctrl 0.465310811996
greentea SNARC arabic DC down 8 lctrl 0.471095085144
greentea SNARC arabic DC up 4 num_delete 0.420657157898
greentea SNARC arabic DC up 4 num_delete 0.564565181732
greentea SNARC arabic DC down 1 lctrl 0.550775051117
greentea SNARC arabic DC down 6 lctrl 0.776884078979
greentea SNARC arabic DC down 3 lctrl 0.642188072205
greentea SNARC arabic DC up 3 num_delete 0.576972961426
greentea SNARC arabic DC down 7 lctrl 0.714442968369
greentea SNARC arabic DC down 9 lctrl 0.622200012207
greentea SNARC arabic DC up 5 num_delete 0.80578494072
greentea SNARC arabic DC up 6 num_delete 0.5334649086
greentea SNARC arabic DC up 2 num_delete 0.736295938492
greentea SNARC arabic DC down 6 lctrl 0.602923870087
greentea SNARC arabic DC down 3 lctrl 0.72290802002
greentea SNARC arabic DC down 5 lctrl 0.846338033676
greentea SNARC arabic DC up 6 num_delete 0.516711950302
greentea SNARC arabic DC down 3 lctrl 0.584363937378
greentea SNARC arabic DC up 8 num_delete 0.561127901077
greentea SNARC arabic DC down 2 lctrl 0.635421037674
greentea SNARC arabic DC up 9 num_delete 0.521996974945
greentea SNARC arabic DC down 3 lctrl 0.557510137558
greentea SNARC arabic DC up 1 num_delete 0.543694019318
greentea SNARC arabic DC down 6 lctrl 0.450747013092
greentea SNARC arabic DC up 9 num_delete 0.665223121643
greentea SNARC arabic DC down 3 lctrl 0.526678800583
greentea SNARC arabic DC down 9 lctrl 0.562059879303
greentea SNARC arabic DC up 9 num_delete 0.580419778824
greentea SNARC arabic DC up 5 num_delete 0.709848880768
greentea SNARC arabic DC down 9 lctrl 0.481993913651
greentea SNARC arabic DC up 8 num_delete 0.62264585495
greentea SNARC arabic DC down 7 lctrl 0.518340826035
greentea SNARC arabic DC up 3 num_delete 0.441973924637
greentea SNARC arabic DC down 9 lctrl 0.769115924835
greentea SNARC arabic DC down 8 lctrl 0.490325927734
greentea SNARC arabic DC up 1 num_delete 0.551144123077
greentea SNARC arabic DC down 4 lctrl 0.649454116821
greentea SNARC arabic DC down 1 lctrl 0.703591108322
greentea SNARC arabic DC up 5 num_delete 0.459355831146
greentea SNARC arabic DC up 9 num_delete 0.537952184677
greentea SNARC arabic DC down 1 lctrl 0.604612112045
greentea SNARC arabic DC down 4 lctrl 0.493083953857
greentea SNARC arabic DC up 4 num_delete 0.529943943024
greentea SNARC arabic DC down 8 lctrl 0.597457170486
greentea SNARC arabic DC up 9 num_delete 0.446416854858
greentea SNARC arabic DC up 4 num_delete 0.58952498436
greentea SNARC arabic DC down 6 lctrl 0.542015075684
greentea SNARC arabic DC down 3 lctrl 0.537384033203
greentea SNARC arabic DC up 2 num_delete 0.499937057495
greentea SNARC arabic DC down 8 lctrl 0.608662843704
greentea SNARC arabic DC up 9 num_delete 0.624387979507
greentea SNARC arabic DC down 4 lctrl 0.647956132889
greentea SNARC arabic DC up 3 num_delete 0.510858058929
greentea SNARC arabic DC down 1 lctrl 0.571123838425
greentea SNARC arabic DC up 8 num_delete 0.516607999802
greentea SNARC arabic DC down 5 lctrl 0.576293945312
greentea SNARC arabic DC down 4 lctrl 0.617385149002
greentea SNARC arabic DC up 8 num_delete 0.54522395134
greentea SNARC arabic DC down 9 lctrl 0.78822517395
greentea SNARC arabic DC up 3 num_delete 0.500097990036
greentea SNARC arabic DC up 8 num_delete 0.560825109482
greentea SNARC arabic DC up 3 num_delete 0.587192058563
greentea SNARC arabic DC up 3 num_delete 0.571841955185
greentea SNARC arabic DC down 7 lctrl 0.629518985748
greentea SNARC arabic DC down 8 lctrl 0.588983058929
greentea SNARC arabic DC down 6 lctrl 0.605735063553
greentea SNARC arabic DC down 5 lctrl 0.589967012405
greentea SNARC arabic DC down 6 lctrl 0.550801038742
greentea SNARC arabic DC up 7 num_delete 0.600929021835
greentea SNARC arabic DC down 8 lctrl 0.649137020111
greentea SNARC arabic DC down 5 lctrl 0.623286008835
greentea SNARC arabic DC down 9 lctrl 0.542313814163
greentea SNARC arabic DC down 3 lctrl 0.561539888382
greentea SNARC arabic DC up 6 num_delete 0.507405996323
greentea SNARC arabic DC down 6 lctrl 0.680001020432
greentea SNARC arabic DC down 8 lctrl 0.533334970474
greentea SNARC arabic DC down 4 lctrl 0.488302946091
greentea SNARC arabic DC up 7 num_delete 0.637269020081
greentea SNARC arabic DC up 6 num_delete 0.47580909729
greentea SNARC arabic DC up 2 num_delete 0.425793170929
greentea SNARC arabic DC down 6 lctrl 0.58550286293
greentea SNARC arabic DC down 6 lctrl 0.434452056885
greentea SNARC arabic DC down 2 lctrl 0.657509088516
greentea SNARC arabic DC down 7 lctrl 0.575621128082
greentea SNARC arabic DC up 9 num_delete 0.64101099968
greentea SNARC arabic DC up 6 num_delete 0.527723073959
greentea SNARC arabic DC up 2 num_delete 0.619402170181
greentea SNARC arabic DC up 1 num_delete 0.586806058884
greentea SNARC arabic DC down 4 lctrl 0.61157989502
greentea SNARC arabic DC up 4 num_delete 0.667855978012
greentea SNARC arabic DC up 5 num_delete 0.4971139431
greentea SNARC arabic DC up 8 num_delete 0.534186124802
greentea SNARC arabic DC down 4 lctrl 0.61700797081
greentea SNARC arabic DC down 6 lctrl 0.768561124802
greentea SNARC arabic DC up 5 num_delete 0.481626987457
greentea SNARC arabic DC down 3 lctrl 0.598738908768
greentea SNARC arabic DC up 5 num_delete 0.558793067932
greentea SNARC arabic DC down 1 lctrl 0.561289072037
greentea SNARC arabic DC up 2 num_delete 0.563164949417
greentea SNARC arabic DC down 8 lctrl 0.629003047943
greentea SNARC arabic DC down 9 lctrl 0.484934091568
greentea SNARC arabic DC up 7 num_delete 0.425869941711
greentea SNARC arabic DC down 2 lctrl 0.585855960846
greentea SNARC arabic DC down 1 lctrl 0.522574901581
greentea SNARC arabic DC down 3 lctrl 0.486205101013
greentea SNARC arabic DC down 9 lctrl 0.43526506424
greentea SNARC arabic DC up 8 num_delete 0.522140979767
greentea SNARC arabic DC up 5 num_delete 0.597651958466
greentea SNARC arabic DC down 2 lctrl 0.710875988007
greentea SNARC arabic DC up 3 num_delete 0.434473991394
greentea SNARC arabic DC down 1 lctrl 0.553949832916
greentea SNARC arabic DC up 2 num_delete 0.491765022278
greentea SNARC arabic DC down 4 lctrl 0.449052095413
greentea SNARC arabic DC down 3 lctrl 0.519334077835
greentea SNARC arabic DC up 7 num_delete 0.43501996994
greentea SNARC arabic DC up 9 num_delete 0.418262958527
greentea SNARC arabic DC up 4 num_delete 0.473987817764
greentea SNARC arabic DC down 1 lctrl 0.487828016281
greentea SNARC arabic DC up 4 num_delete 0.620754003525
greentea SNARC arabic DC down 2 lctrl 0.524239063263
greentea SNARC arabic DC down 3 lctrl 0.591810941696
greentea SNARC arabic DC down 2 lctrl 0.568763017654
greentea SNARC arabic DC down 2 lctrl 0.602207899094
greentea SNARC arabic DC up 5 num_delete 0.522192001343
greentea SNARC arabic DC up 6 num_delete 0.493918895721
greentea SNARC arabic DC up 9 num_delete 0.57886505127
greentea SNARC arabic DC up 9 num_delete 0.596425056458
greentea SNARC arabic DC down 4 lctrl 0.509163856506
greentea SNARC arabic DC up 7 num_delete 0.465571880341
greentea SNARC arabic DC up 2 num_delete 0.3753490448
greentea SNARC arabic DC down 4 lctrl 0.537337064743
greentea SNARC arabic DC down 5 lctrl 0.547852993011
greentea SNARC arabic DC up 1 num_delete 0.446992874146
greentea SNARC arabic DC down 3 lctrl 0.542309999466
greentea SNARC arabic DC down 4 lctrl 0.521144866943
greentea SNARC arabic DC down 5 lctrl 0.620500802994
greentea SNARC arabic DC down 9 lctrl 0.540134906769
greentea SNARC arabic DC up 1 num_delete 0.430943012238
{'task': u'line', 'participant': u'greentea', 'dateStr': u'09_22_1839', 'notation': u'dot', 'response_buttons': u'DC', 'range_in_instr': True, 'interactive_setting': True, 'autopilot': False, 'exp_id': u'SNARC'}
greentea SNARC dot DC up 40 num_delete 0.850475072861
greentea SNARC dot DC down 35 lctrl 0.455671072006
greentea SNARC dot DC down 20 lctrl 0.406033992767
greentea SNARC dot DC down 45 lctrl 0.429749011993
greentea SNARC dot DC up 30 num_delete 0.693563938141
greentea SNARC dot DC down 20 lctrl 0.522363901138
greentea SNARC dot DC up 35 num_delete 0.533048152924
greentea SNARC dot DC up 15 num_delete 0.472059011459
greentea SNARC dot DC up 15 num_delete 0.525789022446
greentea SNARC dot DC up 40 num_delete 0.448647975922
greentea SNARC dot DC up 45 num_delete 0.502173185349
greentea SNARC dot DC down 10 lctrl 0.458863973618
greentea SNARC dot DC down 15 lctrl 0.441284179688
greentea SNARC dot DC up 35 num_delete 0.415476083755
greentea SNARC dot DC up 5 num_delete 0.503371953964
greentea SNARC dot DC down 20 lctrl 0.531841039658
greentea SNARC dot DC up 10 num_delete 0.398591041565
greentea SNARC dot DC up 10 num_delete 0.46318602562
greentea SNARC dot DC down 25 lctrl 0.445621013641
greentea SNARC dot DC up 25 num_delete 0.996646881104
greentea SNARC dot DC up 10 num_delete 0.404763936996
greentea SNARC dot DC up 30 num_delete 0.469257116318
greentea SNARC dot DC down 20 lctrl 0.466917991638
greentea SNARC dot DC up 30 num_delete 0.552663087845
greentea SNARC dot DC down 40 lctrl 0.450079202652
greentea SNARC dot DC down 45 lctrl 1.03991484642
greentea SNARC dot DC up 25 num_delete 0.36593079567
greentea SNARC dot DC up 40 num_delete 0.438877105713
greentea SNARC dot DC up 20 num_delete 0.358214855194
greentea SNARC dot DC down 35 lctrl 0.568171024323
greentea SNARC dot DC down 25 lctrl 0.513648986816
greentea SNARC dot DC up 40 num_delete 0.461205005646
greentea SNARC dot DC down 25 lctrl 0.587716817856
greentea SNARC dot DC up 40 num_delete 0.483772993088
greentea SNARC dot DC up 40 num_delete 0.456037998199
greentea SNARC dot DC up 30 num_delete 0.414535045624
greentea SNARC dot DC up 15 num_delete 0.431094884872
greentea SNARC dot DC down 35 lctrl 0.542140007019
greentea SNARC dot DC up 15 num_delete 0.377126932144
greentea SNARC dot DC down 20 lctrl 0.443125963211
greentea SNARC dot DC down 15 lctrl 0.529943943024
greentea SNARC dot DC up 5 num_delete 0.485593080521
greentea SNARC dot DC up 40 num_delete 0.449948072433
greentea SNARC dot DC down 5 lctrl 0.47253203392
greentea SNARC dot DC down 5 lctrl 0.446216821671
greentea SNARC dot DC up 10 num_delete 0.437030792236
greentea SNARC dot DC down 30 lctrl 0.556405067444
greentea SNARC dot DC down 40 lctrl 0.493911027908
greentea SNARC dot DC down 30 lctrl 0.395009040833
greentea SNARC dot DC down 45 lctrl 0.475215196609
greentea SNARC dot DC up 45 num_delete 0.336215019226
greentea SNARC dot DC down 5 lctrl 0.531610012054
greentea SNARC dot DC up 45 num_delete 0.365530967712
greentea SNARC dot DC down 20 lctrl 0.44000005722
greentea SNARC dot DC up 25 num_delete 0.454969882965
greentea SNARC dot DC down 45 lctrl 0.436744213104
greentea SNARC dot DC up 15 num_delete 0.443937063217
greentea SNARC dot DC up 30 num_delete 0.458957910538
greentea SNARC dot DC down 30 lctrl 0.649319887161
greentea SNARC dot DC down 15 lctrl 0.535494089127
greentea SNARC dot DC down 30 lctrl 0.490046977997
greentea SNARC dot DC up 15 num_delete 0.519401073456
greentea SNARC dot DC up 15 num_delete 0.394932985306
greentea SNARC dot DC down 35 lctrl 0.523586034775
greentea SNARC dot DC down 15 lctrl 0.510969161987
greentea SNARC dot DC down 15 lctrl 0.523504972458
greentea SNARC dot DC down 20 lctrl 0.511116981506
greentea SNARC dot DC up 5 num_delete 0.427416086197
greentea SNARC dot DC up 20 num_delete 0.451228141785
greentea SNARC dot DC down 30 lctrl 0.465657949448
greentea SNARC dot DC up 20 num_delete 0.447340965271
greentea SNARC dot DC down 30 lctrl 0.654411077499
greentea SNARC dot DC up 25 num_delete 0.356450080872
greentea SNARC dot DC down 25 lctrl 0.415180921555
greentea SNARC dot DC up 10 num_delete 0.326845884323
greentea SNARC dot DC down 30 lctrl 0.362932920456
greentea SNARC dot DC down 30 lctrl 0.509397983551
greentea SNARC dot DC up 5 num_delete 0.449688196182
greentea SNARC dot DC up 20 num_delete 0.424170017242
greentea SNARC dot DC up 35 num_delete 0.382938146591
greentea SNARC dot DC down 40 lctrl 0.415740966797
greentea SNARC dot DC up 30 num_delete 0.511612892151
greentea SNARC dot DC up 10 num_delete 0.427889823914
greentea SNARC dot DC down 45 lctrl 0.491095066071
greentea SNARC dot DC up 15 num_delete 0.512032985687
greentea SNARC dot DC up 5 num_delete 0.500338077545
greentea SNARC dot DC up 45 num_delete 0.567922115326
greentea SNARC dot DC down 30 lctrl 0.47360086441
greentea SNARC dot DC down 25 lctrl 0.559372901917
greentea SNARC dot DC down 45 lctrl 0.616879940033
greentea SNARC dot DC up 10 num_delete 0.472229957581
greentea SNARC dot DC up 30 num_delete 0.453897953033
greentea SNARC dot DC down 15 lctrl 0.532517910004
greentea SNARC dot DC down 10 lctrl 0.559113025665
greentea SNARC dot DC up 20 num_delete 0.585561990738
greentea SNARC dot DC down 20 lctrl 0.538367033005
greentea SNARC dot DC up 15 num_delete 0.421293020248
greentea SNARC dot DC down 35 lctrl 0.41232585907
greentea SNARC dot DC up 40 num_delete 0.467943906784
greentea SNARC dot DC down 5 lctrl 0.441804885864
greentea SNARC dot DC down 25 lctrl 0.561104059219
greentea SNARC dot DC down 35 lctrl 0.474250078201
greentea SNARC dot DC up 5 num_delete 0.408268213272
greentea SNARC dot DC up 20 num_delete 0.41680598259
greentea SNARC dot DC down 10 lctrl 0.512803077698
greentea SNARC dot DC up 20 num_delete 0.356934070587
greentea SNARC dot DC up 25 num_delete 0.455384969711
greentea SNARC dot DC down 40 lctrl 0.452991962433
greentea SNARC dot DC up 35 num_delete 0.458914995193
greentea SNARC dot DC down 10 lctrl 0.681317090988
greentea SNARC dot DC up 40 num_delete 0.397768974304
greentea SNARC dot DC down 5 lctrl 0.343247175217
greentea SNARC dot DC up 40 num_delete 0.545820951462
greentea SNARC dot DC down 35 lctrl 0.523735046387
greentea SNARC dot DC down 45 lctrl 0.454982042313
greentea SNARC dot DC up 30 num_delete 0.48531293869
greentea SNARC dot DC up 10 num_delete 0.490188837051
greentea SNARC dot DC down 5 lctrl 0.503113031387
greentea SNARC dot DC up 35 num_delete 0.434885025024
greentea SNARC dot DC up 45 num_delete 0.729326963425
greentea SNARC dot DC up 20 num_delete 0.372580051422
greentea SNARC dot DC down 35 lctrl 0.541623830795
greentea SNARC dot DC down 15 lctrl 0.472992897034
greentea SNARC dot DC up 10 num_delete 0.470360994339
greentea SNARC dot DC up 15 num_delete 0.492259025574
greentea SNARC dot DC up 30 num_delete 0.601301908493
greentea SNARC dot DC down 15 lctrl 0.593397140503
greentea SNARC dot DC up 5 num_delete 0.537938117981
greentea SNARC dot DC down 30 lctrl 0.557155132294
greentea SNARC dot DC down 40 lctrl 0.622803926468
greentea SNARC dot DC down 10 lctrl 0.510181903839
greentea SNARC dot DC down 10 lctrl 0.55427312851
greentea SNARC dot DC up 30 num_delete 0.57261300087
greentea SNARC dot DC down 25 lctrl 1.22210788727
greentea SNARC dot DC down 15 lctrl 0.460432052612
greentea SNARC dot DC up 25 num_delete 0.442842960358
greentea SNARC dot DC down 45 lctrl 0.569309949875
greentea SNARC dot DC down 5 lctrl 0.626914024353
greentea SNARC dot DC up 40 num_delete 0.545474052429
greentea SNARC dot DC down 15 lctrl 0.716475009918
greentea SNARC dot DC up 5 num_delete 0.511780977249
greentea SNARC dot DC down 15 lctrl 0.484199047089
greentea SNARC dot DC down 45 lctrl 0.592239141464
greentea SNARC dot DC up 5 num_delete 0.537249088287
greentea SNARC dot DC down 20 lctrl 0.564146995544
greentea SNARC dot DC down 15 lctrl 0.590059995651
greentea SNARC dot DC up 15 num_delete 0.607053995132
greentea SNARC dot DC down 20 lctrl 0.903445005417
greentea SNARC dot DC down 20 lctrl 0.514489889145
greentea SNARC dot DC up 45 num_delete 0.550437927246
greentea SNARC dot DC down 35 lctrl 0.503983020782
greentea SNARC dot DC up 35 num_delete 0.411242008209
greentea SNARC dot DC up 30 num_delete 0.452112913132
greentea SNARC dot DC up 30 num_delete 0.530512094498
greentea SNARC dot DC down 25 lctrl 0.550190925598
greentea SNARC dot DC down 40 lctrl 0.49533200264
greentea SNARC dot DC down 25 lctrl 0.420800924301
greentea SNARC dot DC down 35 lctrl 0.723685026169
greentea SNARC dot DC up 25 num_delete 0.455018043518
greentea SNARC dot DC up 5 num_delete 0.5414249897
greentea SNARC dot DC down 30 lctrl 0.528446912766
greentea SNARC dot DC up 10 num_delete 0.491686105728
greentea SNARC dot DC down 5 lctrl 0.416965961456
greentea SNARC dot DC up 25 num_delete 0.456809043884
greentea SNARC dot DC down 5 lctrl 0.53510594368
greentea SNARC dot DC down 40 lctrl 0.585536956787
greentea SNARC dot DC down 15 lctrl 0.514533996582
greentea SNARC dot DC up 5 num_delete 0.534512042999
greentea SNARC dot DC up 35 num_delete 0.496814966202
greentea SNARC dot DC down 15 lctrl 0.493921041489
greentea SNARC dot DC down 10 lctrl 0.578902959824
greentea SNARC dot DC up 35 num_delete 0.50753903389
greentea SNARC dot DC up 10 num_delete 0.440068006516
greentea SNARC dot DC up 20 num_delete 0.575120925903
greentea SNARC dot DC down 10 lctrl 0.608731031418
greentea SNARC dot DC up 40 num_delete 0.527942895889
greentea SNARC dot DC down 40 lctrl 0.739166975021
greentea SNARC dot DC up 15 num_delete 0.421644926071
greentea SNARC dot DC down 10 lctrl 0.381380796432
greentea SNARC dot DC up 5 num_delete 0.414566993713
greentea SNARC dot DC up 20 num_delete 0.455027103424
greentea SNARC dot DC up 25 num_delete 0.55752491951
greentea SNARC dot DC up 5 num_delete 0.519721984863
greentea SNARC dot DC up 15 num_delete 0.483340024948
greentea SNARC dot DC up 25 num_delete 0.544375181198
greentea SNARC dot DC up 45 num_delete 0.44239115715
greentea SNARC dot DC up 5 num_delete 0.481800079346
greentea SNARC dot DC up 10 num_delete 0.558752059937
greentea SNARC dot DC up 15 num_delete 0.361015081406
greentea SNARC dot DC up 15 num_delete 0.515403985977
greentea SNARC dot DC up 45 num_delete 0.486405849457
greentea SNARC dot DC up 45 num_delete 0.554769992828
greentea SNARC dot DC down 30 lctrl 0.581151008606
greentea SNARC dot DC down 25 lctrl 0.52656006813
greentea SNARC dot DC down 15 lctrl 0.41823887825
greentea SNARC dot DC up 15 num_delete 0.489948987961
greentea SNARC dot DC down 20 lctrl 0.527115106583
greentea SNARC dot DC up 10 num_delete 0.418593168259
greentea SNARC dot DC up 25 num_delete 0.882420063019
greentea SNARC dot DC up 40 num_delete 0.357884883881
greentea SNARC dot DC down 30 lctrl 0.512589931488
greentea SNARC dot DC up 15 num_delete 0.460988044739
greentea SNARC dot DC down 45 lctrl 0.410370111465
greentea SNARC dot DC down 45 lctrl 0.722624063492
greentea SNARC dot DC down 45 lctrl 0.540830850601
greentea SNARC dot DC down 45 lctrl 0.566794157028
greentea SNARC dot DC up 40 num_delete 0.536062002182
greentea SNARC dot DC up 10 num_delete 0.386862039566
greentea SNARC dot DC up 20 num_delete 0.372205972672
greentea SNARC dot DC down 25 lctrl 0.518002033234
greentea SNARC dot DC up 15 num_delete 0.513735055923
greentea SNARC dot DC up 35 num_delete 0.397305965424
greentea SNARC dot DC down 40 lctrl 0.605846166611
greentea SNARC dot DC down 40 lctrl 0.389365911484
greentea SNARC dot DC up 45 num_delete 0.57380604744
greentea SNARC dot DC up 20 num_delete 0.495346069336
greentea SNARC dot DC down 20 lctrl 0.516469955444
greentea SNARC dot DC down 15 lctrl 0.439939022064
greentea SNARC dot DC up 5 num_delete 0.58301782608
greentea SNARC dot DC down 10 lctrl 0.471969127655
greentea SNARC dot DC up 30 num_delete 0.477625131607
greentea SNARC dot DC up 40 num_delete 0.490175008774
greentea SNARC dot DC down 5 lctrl 0.519477844238
greentea SNARC dot DC down 25 lctrl 0.491343021393
greentea SNARC dot DC down 20 lctrl 0.504442930222
greentea SNARC dot DC up 25 num_delete 0.612531900406
greentea SNARC dot DC up 20 num_delete 0.468663930893
greentea SNARC dot DC up 25 num_delete 0.418446063995
greentea SNARC dot DC up 10 num_delete 0.450057029724
greentea SNARC dot DC down 10 lctrl 0.520672082901
greentea SNARC dot DC down 25 lctrl 0.556366920471
greentea SNARC dot DC down 30 lctrl 0.518617868423
greentea SNARC dot DC up 35 num_delete 0.497051000595
greentea SNARC dot DC up 45 num_delete 0.533758163452
greentea SNARC dot DC up 40 num_delete 0.37597990036
greentea SNARC dot DC up 45 num_delete 0.457189798355
greentea SNARC dot DC up 30 num_delete 0.575600862503
greentea SNARC dot DC down 5 lctrl 0.441127061844
greentea SNARC dot DC down 5 lctrl 0.48829293251
greentea SNARC dot DC up 35 num_delete 0.540096998215
greentea SNARC dot DC down 40 lctrl 0.854596853256
greentea SNARC dot DC up 25 num_delete 0.644076824188
greentea SNARC dot DC down 10 lctrl 0.451183795929
greentea SNARC dot DC up 45 num_delete 0.472917079926
greentea SNARC dot DC down 10 lctrl 0.470707178116
greentea SNARC dot DC down 30 lctrl 0.627998113632
greentea SNARC dot DC up 30 num_delete 0.467784881592
greentea SNARC dot DC up 40 num_delete 0.472715139389
greentea SNARC dot DC up 35 num_delete 0.461647033691
greentea SNARC dot DC up 5 num_delete 0.404105186462
greentea SNARC dot DC down 30 lctrl 0.460687875748
greentea SNARC dot DC up 35 num_delete 0.490447044373
greentea SNARC dot DC up 45 num_delete 0.494729042053
greentea SNARC dot DC down 25 lctrl 0.467960119247
greentea SNARC dot DC down 15 lctrl 0.593520879745
greentea SNARC dot DC up 45 num_delete 0.473249197006
greentea SNARC dot DC down 35 lctrl 0.558559894562
greentea SNARC dot DC up 35 num_delete 0.44022321701
greentea SNARC dot DC up 40 num_delete 0.518500089645
greentea SNARC dot DC down 35 lctrl 0.561338186264
greentea SNARC dot DC up 15 num_delete 0.387717008591
greentea SNARC dot DC down 5 lctrl 0.484986066818
greentea SNARC dot DC up 45 num_delete 0.345117807388
greentea SNARC dot DC down 45 lctrl 0.563493013382
greentea SNARC dot DC up 5 num_delete 0.526046991348
greentea SNARC dot DC up 35 num_delete 0.409041166306
greentea SNARC dot DC down 40 lctrl 0.504938840866
greentea SNARC dot DC up 40 num_delete 0.500504016876
greentea SNARC dot DC down 20 lctrl 0.696559906006
greentea SNARC dot DC down 20 lctrl 1.14141917229
greentea SNARC dot DC up 15 num_delete 0.343106985092
greentea SNARC dot DC down 20 lctrl 0.570643901825
greentea SNARC dot DC down 5 lctrl 0.420048952103
greentea SNARC dot DC up 5 num_delete 0.491828918457
greentea SNARC dot DC up 25 num_delete 0.440783023834
greentea SNARC dot DC up 45 num_delete 0.575010061264
greentea SNARC dot DC down 20 lctrl 0.576930046082
greentea SNARC dot DC down 5 lctrl 0.434424161911
greentea SNARC dot DC down 5 lctrl 0.369652032852
greentea SNARC dot DC down 25 lctrl 0.563355922699
greentea SNARC dot DC up 30 num_delete 0.437530994415
greentea SNARC dot DC up 45 num_delete 0.507780790329
greentea SNARC dot DC up 45 num_delete 0.335348129272
greentea SNARC dot DC up 25 num_delete 0.434904813766
greentea SNARC dot DC down 10 lctrl 0.577997922897
greentea SNARC dot DC down 35 lctrl 0.482959032059
greentea SNARC dot DC down 20 lctrl 0.735904932022
greentea SNARC dot DC up 10 num_delete 0.506330966949
greentea SNARC dot DC up 35 num_delete 0.64564704895
greentea SNARC dot DC up 5 num_delete 0.588760137558
greentea SNARC dot DC down 35 lctrl 0.516819953918
greentea SNARC dot DC up 5 num_delete 0.472230911255
greentea SNARC dot DC down 40 lctrl 0.397407054901
greentea SNARC dot DC down 15 lctrl 0.662806987762
greentea SNARC dot DC up 45 num_delete 0.500016927719
greentea SNARC dot DC up 30 num_delete 0.544361114502
greentea SNARC dot DC up 35 num_delete 0.48263502121
greentea SNARC dot DC up 25 num_delete 0.463649988174
greentea SNARC dot DC down 35 lctrl 0.58131980896
greentea SNARC dot DC down 20 lctrl 0.510851860046
greentea SNARC dot DC up 25 num_delete 0.443169116974
greentea SNARC dot DC up 10 num_delete 0.650325059891
greentea SNARC dot DC down 10 num_delete 0.608365058899
greentea SNARC dot DC down 25 lctrl 1.27984786034
greentea SNARC dot DC down 40 lctrl 0.482905864716
greentea SNARC dot DC up 10 num_delete 0.456235170364
greentea SNARC dot DC down 20 lctrl 0.590873003006
greentea SNARC dot DC down 40 lctrl 0.534958839417
greentea SNARC dot DC down 35 lctrl 0.473112106323
greentea SNARC dot DC down 45 lctrl 0.469952106476
greentea SNARC dot DC up 15 num_delete 0.427531957626
greentea SNARC dot DC down 10 lctrl 0.427589893341
greentea SNARC dot DC down 20 lctrl 0.539523124695
greentea SNARC dot DC down 45 lctrl 0.517588853836
greentea SNARC dot DC down 20 lctrl 0.569359064102
greentea SNARC dot DC up 45 num_delete 0.466100931168
greentea SNARC dot DC down 30 lctrl 0.479839086533
greentea SNARC dot DC up 5 num_delete 0.453387975693
greentea SNARC dot DC up 30 num_delete 0.524071931839
greentea SNARC dot DC down 5 lctrl 0.519754886627
greentea SNARC dot DC up 10 num_delete 0.435251951218
greentea SNARC dot DC up 20 num_delete 0.426371097565
greentea SNARC dot DC down 25 lctrl 0.4022397995
greentea SNARC dot DC up 35 num_delete 0.361913919449
greentea SNARC dot DC down 30 lctrl 0.52458691597
greentea SNARC dot DC up 35 num_delete 0.527337789536
greentea SNARC dot DC up 15 num_delete 0.675087928772
greentea SNARC dot DC up 30 num_delete 0.368456125259
greentea SNARC dot DC up 25 num_delete 0.44239115715
greentea SNARC dot DC up 30 num_delete 0.417502164841
greentea SNARC dot DC up 35 num_delete 0.384562015533
greentea SNARC dot DC up 10 num_delete 0.633734941483
greentea SNARC dot DC down 40 lctrl 0.543560028076
greentea SNARC dot DC up 20 num_delete 0.658735990524
greentea SNARC dot DC up 5 num_delete 0.560829877853
greentea SNARC dot DC up 30 num_delete 0.555035114288
greentea SNARC dot DC up 10 num_delete 0.437022924423
greentea SNARC dot DC up 25 num_delete 0.644322872162
greentea SNARC dot DC down 10 lctrl 0.451045036316
greentea SNARC dot DC up 45 num_delete 0.472780942917
greentea SNARC dot DC down 40 lctrl 0.421506166458
greentea SNARC dot DC up 45 num_delete 0.548532962799
greentea SNARC dot DC down 40 lctrl 0.374140977859
greentea SNARC dot DC up 25 num_delete 0.528347015381
greentea SNARC dot DC up 40 num_delete 0.515224933624
greentea SNARC dot DC up 35 num_delete 0.574083089828
greentea SNARC dot DC down 40 lctrl 0.52707195282
greentea SNARC dot DC up 35 num_delete 0.449773073196
greentea SNARC dot DC up 40 num_delete 0.671663045883
greentea SNARC dot DC up 10 num_delete 0.524996042252
greentea SNARC dot DC up 35 num_delete 0.575944900513
greentea SNARC dot DC down 10 lctrl 0.649661064148
greentea SNARC dot DC up 20 num_delete 0.503511190414
greentea SNARC dot DC down 25 lctrl 0.587888002396
greentea SNARC dot DC up 30 num_delete 0.52464389801
greentea SNARC dot DC down 20 lctrl 0.400366067886
greentea SNARC dot DC up 25 num_delete 0.472763061523
greentea SNARC dot DC up 5 num_delete 0.614405870438
greentea SNARC dot DC down 35 lctrl 0.517866134644
greentea SNARC dot DC down 45 lctrl 0.624798059464
