{'task': u'line', 'participant': u'kek', 'dateStr': u'09_22_1613', 'notation': u'dot', 'response_buttons': u'CD', 'range_in_instr': True, 'interactive_setting': True, 'autopilot': False, 'exp_id': u'SNARC'}
kek SNARC dot CD up 5 lctrl 1.85909819603
kek SNARC dot CD up 30 lctrl 0.593185901642
kek SNARC dot CD up 15 lctrl 0.510236978531
kek SNARC dot CD up 15 lctrl 0.439012050629
kek SNARC dot CD down 5 num_delete 0.419184923172
kek SNARC dot CD down 10 num_delete 0.57604598999
kek SNARC dot CD down 35 num_delete 0.508002996445
kek SNARC dot CD up 10 lctrl 0.502024888992
kek SNARC dot CD down 20 num_delete 0.367134809494
kek SNARC dot CD up 15 lctrl 0.494611978531
kek SNARC dot CD up 15 num_delete 0.319688081741
kek SNARC dot CD up 20 lctrl 0.736844778061
kek SNARC dot CD down 25 num_delete 0.478213071823
kek SNARC dot CD up 10 lctrl 0.465337991714
kek SNARC dot CD down 20 num_delete 0.4518699646
kek SNARC dot CD down 15 lctrl 0.415515899658
kek SNARC dot CD down 10 num_delete 0.917094945908
kek SNARC dot CD down 15 num_delete 0.540499210358
kek SNARC dot CD down 25 num_delete 0.490947961807
kek SNARC dot CD up 35 lctrl 0.419059991837
kek SNARC dot CD down 45 num_delete 0.485054969788
kek SNARC dot CD down 5 num_delete 0.551871061325
kek SNARC dot CD up 15 lctrl 0.45552110672
kek SNARC dot CD down 40 num_delete 0.408476114273
kek SNARC dot CD up 10 lctrl 0.582633018494
kek SNARC dot CD down 10 num_delete 0.428791999817
kek SNARC dot CD up 30 lctrl 0.54462313652
kek SNARC dot CD up 15 lctrl 0.40784406662
kek SNARC dot CD down 25 num_delete 0.427858114243
kek SNARC dot CD down 35 num_delete 0.454486846924
kek SNARC dot CD down 35 num_delete 0.431609869003
kek SNARC dot CD down 40 num_delete 0.370912075043
kek SNARC dot CD up 40 num_delete 0.375895023346
kek SNARC dot CD down 10 num_delete 0.767151117325
kek SNARC dot CD up 25 lctrl 0.39626288414
kek SNARC dot CD down 40 num_delete 0.440481901169
kek SNARC dot CD down 40 num_delete 0.45863199234
kek SNARC dot CD down 20 num_delete 0.525573015213
kek SNARC dot CD up 45 lctrl 0.435349941254
kek SNARC dot CD down 40 num_delete 0.357952833176
kek SNARC dot CD down 30 num_delete 0.420583963394
kek SNARC dot CD down 5 num_delete 0.305570840836
kek SNARC dot CD up 15 lctrl 0.387984037399
kek SNARC dot CD down 10 num_delete 0.473273992538
kek SNARC dot CD up 30 lctrl 0.538926124573
kek SNARC dot CD down 30 num_delete 0.35315990448
kek SNARC dot CD down 40 num_delete 0.40673494339
kek SNARC dot CD down 35 num_delete 0.490335941315
kek SNARC dot CD up 15 num_delete 0.371768951416
kek SNARC dot CD up 30 lctrl 0.585761070251
kek SNARC dot CD up 10 lctrl 0.472317934036
kek SNARC dot CD down 35 num_delete 0.752244949341
kek SNARC dot CD down 45 num_delete 0.66105890274
kek SNARC dot CD down 10 num_delete 0.472051858902
kek SNARC dot CD up 45 lctrl 0.535997867584
kek SNARC dot CD up 20 lctrl 0.687623023987
kek SNARC dot CD down 45 num_delete 0.621883869171
kek SNARC dot CD down 35 num_delete 0.95222401619
kek SNARC dot CD up 5 lctrl 0.606840848923
kek SNARC dot CD down 10 num_delete 0.588024139404
kek SNARC dot CD up 5 lctrl 0.482126951218
kek SNARC dot CD down 20 num_delete 0.379893064499
kek SNARC dot CD down 35 lctrl 0.472900867462
kek SNARC dot CD up 5 lctrl 0.77193903923
kek SNARC dot CD up 45 lctrl 0.63884806633
kek SNARC dot CD up 20 lctrl 0.425840139389
kek SNARC dot CD down 40 num_delete 0.556128978729
kek SNARC dot CD down 45 num_delete 0.712651014328
kek SNARC dot CD up 30 lctrl 0.440139055252
kek SNARC dot CD down 40 num_delete 0.426069021225
kek SNARC dot CD up 5 lctrl 0.975437164307
kek SNARC dot CD down 15 num_delete 0.484292984009
kek SNARC dot CD down 5 num_delete 0.934720039368
kek SNARC dot CD down 30 num_delete 0.364609956741
kek SNARC dot CD down 25 num_delete 0.3870677948
kek SNARC dot CD up 35 lctrl 0.44745516777
kek SNARC dot CD up 40 num_delete 0.417334079742
kek SNARC dot CD down 45 num_delete 0.564594984055
kek SNARC dot CD up 5 lctrl 0.555691957474
kek SNARC dot CD down 40 num_delete 0.504508972168
kek SNARC dot CD up 40 lctrl 0.792098999023
kek SNARC dot CD down 30 num_delete 0.563357114792
kek SNARC dot CD down 35 num_delete 0.600633859634
kek SNARC dot CD down 45 num_delete 0.387449026108
kek SNARC dot CD up 15 lctrl 0.369666099548
kek SNARC dot CD up 10 lctrl 0.432322978973
kek SNARC dot CD down 15 num_delete 0.452872991562
kek SNARC dot CD down 25 num_delete 0.454881906509
kek SNARC dot CD down 25 num_delete 0.384806871414
kek SNARC dot CD down 5 num_delete 0.576142072678
kek SNARC dot CD down 10 num_delete 0.527160167694
kek SNARC dot CD up 25 lctrl 0.494099855423
kek SNARC dot CD up 20 lctrl 0.943482875824
kek SNARC dot CD up 20 lctrl 0.429302930832
kek SNARC dot CD down 10 num_delete 0.466163873672
kek SNARC dot CD down 40 num_delete 0.531638860703
kek SNARC dot CD up 25 lctrl 0.442995071411
kek SNARC dot CD down 35 num_delete 0.580820083618
kek SNARC dot CD down 20 num_delete 0.530768871307
kek SNARC dot CD down 5 num_delete 0.42740893364
kek SNARC dot CD down 20 num_delete 0.367749214172
kek SNARC dot CD down 15 num_delete 0.398827075958
kek SNARC dot CD down 30 num_delete 0.379921913147
kek SNARC dot CD up 40 lctrl 0.313537120819
kek SNARC dot CD up 25 lctrl 0.401753902435
kek SNARC dot CD up 20 lctrl 0.415394067764
kek SNARC dot CD up 30 lctrl 0.371427774429
kek SNARC dot CD up 40 lctrl 0.280655860901
kek SNARC dot CD up 45 lctrl 0.336997032166
kek SNARC dot CD down 35 num_delete 0.399330854416
kek SNARC dot CD down 5 num_delete 0.509864091873
kek SNARC dot CD up 45 lctrl 0.404489040375
kek SNARC dot CD up 10 lctrl 0.626486063004
kek SNARC dot CD down 40 num_delete 0.428113222122
kek SNARC dot CD up 25 lctrl 0.376663923264
kek SNARC dot CD up 20 lctrl 0.36650800705
kek SNARC dot CD down 40 num_delete 0.467934131622
kek SNARC dot CD up 15 lctrl 0.646883964539
kek SNARC dot CD up 35 lctrl 0.336667060852
kek SNARC dot CD up 40 lctrl 0.358850955963
kek SNARC dot CD down 15 num_delete 0.485793113708
kek SNARC dot CD down 15 num_delete 0.559906959534
kek SNARC dot CD down 5 num_delete 0.847309827805
kek SNARC dot CD up 40 lctrl 0.496151924133
kek SNARC dot CD up 25 lctrl 0.488955974579
kek SNARC dot CD up 40 lctrl 0.328582048416
kek SNARC dot CD up 20 lctrl 0.353400945663
kek SNARC dot CD up 35 lctrl 0.343193054199
kek SNARC dot CD up 25 lctrl 0.350381135941
kek SNARC dot CD down 20 num_delete 0.358053207397
kek SNARC dot CD down 25 num_delete 0.452326059341
kek SNARC dot CD up 35 lctrl 0.501769065857
kek SNARC dot CD up 5 lctrl 0.520146131516
kek SNARC dot CD up 20 lctrl 0.408098936081
kek SNARC dot CD down 35 num_delete 0.547348976135
kek SNARC dot CD down 40 num_delete 0.417137145996
kek SNARC dot CD down 10 num_delete 0.414906978607
kek SNARC dot CD down 15 num_delete 0.332024097443
kek SNARC dot CD up 35 num_delete 0.331042051315
kek SNARC dot CD down 20 num_delete 0.387711048126
kek SNARC dot CD down 5 num_delete 0.546154022217
kek SNARC dot CD down 40 num_delete 0.399765968323
kek SNARC dot CD down 35 num_delete 0.428019046783
kek SNARC dot CD up 30 lctrl 0.560492038727
kek SNARC dot CD up 20 lctrl 0.478461027145
kek SNARC dot CD up 25 lctrl 0.535531997681
kek SNARC dot CD up 35 lctrl 0.358376026154
kek SNARC dot CD up 5 lctrl 0.334234952927
kek SNARC dot CD up 45 lctrl 0.404535055161
kek SNARC dot CD up 10 lctrl 0.354305028915
kek SNARC dot CD down 5 num_delete 0.585951805115
kek SNARC dot CD down 25 num_delete 0.415522098541
kek SNARC dot CD up 5 lctrl 0.636868000031
kek SNARC dot CD down 15 num_delete 0.439788818359
kek SNARC dot CD down 30 num_delete 0.466557025909
kek SNARC dot CD up 20 lctrl 0.429652929306
kek SNARC dot CD down 15 num_delete 0.418060064316
kek SNARC dot CD down 30 num_delete 0.573776006699
kek SNARC dot CD down 30 num_delete 0.482841014862
kek SNARC dot CD up 25 lctrl 0.4526450634
kek SNARC dot CD down 10 num_delete 0.471822023392
kek SNARC dot CD up 45 lctrl 0.416040897369
kek SNARC dot CD up 25 lctrl 0.380351781845
kek SNARC dot CD up 45 lctrl 0.384616136551
kek SNARC dot CD down 30 num_delete 0.462117910385
kek SNARC dot CD down 40 num_delete 0.975529909134
kek SNARC dot CD down 10 num_delete 0.564969062805
kek SNARC dot CD up 45 lctrl 0.417380809784
kek SNARC dot CD up 5 lctrl 0.511365890503
kek SNARC dot CD down 5 num_delete 0.920408964157
kek SNARC dot CD up 15 lctrl 0.520079135895
kek SNARC dot CD down 15 num_delete 0.447755098343
kek SNARC dot CD up 15 lctrl 0.515341043472
kek SNARC dot CD down 15 num_delete 0.467957019806
kek SNARC dot CD down 25 num_delete 0.541972875595
kek SNARC dot CD up 25 lctrl 0.748878955841
kek SNARC dot CD down 35 num_delete 0.68141078949
kek SNARC dot CD down 20 num_delete 0.475354194641
kek SNARC dot CD up 25 lctrl 0.588788032532
kek SNARC dot CD down 20 num_delete 0.529417991638
kek SNARC dot CD down 45 num_delete 0.478894948959
kek SNARC dot CD down 15 num_delete 0.474173069
kek SNARC dot CD up 30 lctrl 0.739264011383
kek SNARC dot CD up 40 lctrl 0.5123898983
kek SNARC dot CD up 20 lctrl 0.336988925934
kek SNARC dot CD down 5 lctrl 0.257838010788
kek SNARC dot CD down 40 num_delete 0.555412054062
kek SNARC dot CD up 40 lctrl 0.552597999573
kek SNARC dot CD up 25 lctrl 0.431195020676
kek SNARC dot CD up 5 lctrl 0.323635101318
kek SNARC dot CD down 45 num_delete 0.465653181076
kek SNARC dot CD down 20 num_delete 0.308733940125
kek SNARC dot CD up 20 num_delete 0.469877004623
kek SNARC dot CD down 10 num_delete 0.440667867661
kek SNARC dot CD up 30 lctrl 0.491098880768
kek SNARC dot CD down 40 num_delete 0.490760087967
kek SNARC dot CD down 45 num_delete 0.521835803986
kek SNARC dot CD down 10 lctrl 0.658504962921
kek SNARC dot CD down 5 lctrl 0.629951000214
kek SNARC dot CD up 30 lctrl 1.6006860733
kek SNARC dot CD up 20 lctrl 0.650687932968
kek SNARC dot CD down 40 num_delete 0.724012851715
kek SNARC dot CD down 45 num_delete 0.528932094574
kek SNARC dot CD up 30 lctrl 0.552701950073
kek SNARC dot CD up 30 lctrl 0.470557928085
kek SNARC dot CD down 25 num_delete 0.463616132736
kek SNARC dot CD up 15 lctrl 0.498640060425
kek SNARC dot CD up 20 lctrl 0.412847995758
kek SNARC dot CD up 25 lctrl 0.312543869019
kek SNARC dot CD down 10 num_delete 0.434638023376
kek SNARC dot CD up 30 lctrl 0.58996796608
kek SNARC dot CD down 15 num_delete 0.426847219467
kek SNARC dot CD up 10 lctrl 0.304701805115
kek SNARC dot CD down 30 num_delete 0.312415122986
kek SNARC dot CD up 40 lctrl 0.352579116821
kek SNARC dot CD down 35 num_delete 0.293884992599
kek SNARC dot CD down 40 lctrl 0.39077091217
kek SNARC dot CD down 35 num_delete 0.442571878433
kek SNARC dot CD down 20 num_delete 0.414713144302
kek SNARC dot CD down 15 num_delete 0.483376979828
kek SNARC dot CD up 45 lctrl 0.63551902771
kek SNARC dot CD up 30 lctrl 0.702242851257
kek SNARC dot CD down 5 num_delete 0.608081102371
kek SNARC dot CD down 45 num_delete 0.36190700531
kek SNARC dot CD down 35 num_delete 0.375313997269
kek SNARC dot CD down 30 num_delete 0.389233112335
kek SNARC dot CD down 25 num_delete 0.442306995392
kek SNARC dot CD up 45 lctrl 0.547959089279
kek SNARC dot CD down 10 num_delete 0.587779998779
kek SNARC dot CD up 30 num_delete 0.34389090538
kek SNARC dot CD up 30 lctrl 0.583450078964
kek SNARC dot CD down 30 lctrl 0.356584072113
kek SNARC dot CD up 45 lctrl 1.10545396805
kek SNARC dot CD up 35 lctrl 0.470826864243
kek SNARC dot CD up 10 lctrl 0.353660106659
kek SNARC dot CD down 20 num_delete 0.568631887436
kek SNARC dot CD down 5 num_delete 1.3759329319
kek SNARC dot CD up 5 lctrl 0.484100818634
kek SNARC dot CD down 10 num_delete 0.478782176971
kek SNARC dot CD down 20 num_delete 0.608927965164
kek SNARC dot CD up 30 lctrl 0.44495010376
kek SNARC dot CD up 15 lctrl 0.448343992233
kek SNARC dot CD up 45 lctrl 0.361582994461
kek SNARC dot CD down 45 num_delete 0.49440407753
kek SNARC dot CD down 40 num_delete 0.470410823822
kek SNARC dot CD down 15 num_delete 0.360595941544
kek SNARC dot CD down 40 num_delete 0.406122922897
kek SNARC dot CD down 15 num_delete 0.339130163193
kek SNARC dot CD down 15 num_delete 0.338962078094
kek SNARC dot CD down 15 num_delete 0.363003969193
kek SNARC dot CD down 40 num_delete 0.329359054565
kek SNARC dot CD up 15 num_delete 0.337994098663
kek SNARC dot CD up 30 lctrl 0.577153921127
kek SNARC dot CD up 25 lctrl 0.542974233627
kek SNARC dot CD down 10 num_delete 1.26243686676
kek SNARC dot CD down 10 num_delete 0.559283018112
kek SNARC dot CD down 45 num_delete 0.619396924973
kek SNARC dot CD down 35 num_delete 0.342394828796
kek SNARC dot CD up 5 lctrl 0.519005060196
kek SNARC dot CD down 35 num_delete 0.413846969604
kek SNARC dot CD up 10 lctrl 0.579579114914
kek SNARC dot CD up 30 lctrl 0.360299825668
kek SNARC dot CD up 5 lctrl 0.728459835052
kek SNARC dot CD up 30 lctrl 0.351109981537
kek SNARC dot CD up 25 lctrl 0.334196805954
kek SNARC dot CD down 20 lctrl 0.351413965225
kek SNARC dot CD up 20 num_delete 0.398389816284
kek SNARC dot CD up 40 lctrl 0.66686296463
kek SNARC dot CD down 35 num_delete 0.491442918777
kek SNARC dot CD up 20 lctrl 0.573644161224
kek SNARC dot CD down 45 num_delete 0.520468950272
kek SNARC dot CD up 25 lctrl 0.583997964859
kek SNARC dot CD down 35 num_delete 0.596158027649
kek SNARC dot CD up 5 lctrl 0.490776062012
kek SNARC dot CD up 10 lctrl 0.396811962128
kek SNARC dot CD down 25 num_delete 0.473052978516
kek SNARC dot CD down 45 num_delete 0.384973049164
kek SNARC dot CD up 35 lctrl 0.598814964294
kek SNARC dot CD down 35 num_delete 0.49764919281
kek SNARC dot CD up 35 lctrl 0.777527093887
kek SNARC dot CD up 5 lctrl 0.327522039413
kek SNARC dot CD down 30 num_delete 0.591297149658
kek SNARC dot CD down 45 num_delete 0.378261089325
kek SNARC dot CD down 25 num_delete 0.383877038956
kek SNARC dot CD down 40 num_delete 0.428406000137
kek SNARC dot CD up 45 lctrl 0.463284015656
kek SNARC dot CD down 25 num_delete 0.45717716217
kek SNARC dot CD up 45 lctrl 0.505932092667
kek SNARC dot CD up 45 lctrl 0.496464967728
kek SNARC dot CD down 5 num_delete 0.546503067017
kek SNARC dot CD up 35 lctrl 0.45637011528
kek SNARC dot CD down 35 num_delete 0.442159891129
kek SNARC dot CD up 15 lctrl 0.429592132568
kek SNARC dot CD up 10 lctrl 0.410655975342
kek SNARC dot CD down 25 num_delete 0.390570163727
kek SNARC dot CD up 45 lctrl 0.338100910187
kek SNARC dot CD down 30 num_delete 0.537240028381
kek SNARC dot CD up 40 lctrl 0.407014131546
kek SNARC dot CD up 20 lctrl 0.444081068039
kek SNARC dot CD up 25 lctrl 0.374957084656
kek SNARC dot CD up 10 lctrl 0.294502019882
kek SNARC dot CD down 45 num_delete 0.389732122421
kek SNARC dot CD up 15 lctrl 0.652401924133
kek SNARC dot CD down 5 num_delete 0.43923997879
kek SNARC dot CD down 10 num_delete 0.459599971771
kek SNARC dot CD down 30 num_delete 0.405217170715
kek SNARC dot CD up 20 lctrl 0.363270044327
kek SNARC dot CD up 35 lctrl 0.392488956451
kek SNARC dot CD down 10 num_delete 0.462821960449
kek SNARC dot CD up 30 num_delete 0.824350833893
kek SNARC dot CD down 15 lctrl 0.388031959534
kek SNARC dot CD up 20 lctrl 0.513585090637
kek SNARC dot CD up 20 lctrl 0.530343055725
kek SNARC dot CD up 40 lctrl 0.416902065277
kek SNARC dot CD down 10 num_delete 0.486351013184
kek SNARC dot CD up 25 lctrl 0.463142156601
kek SNARC dot CD down 35 num_delete 0.464445829391
kek SNARC dot CD up 10 lctrl 0.932420969009
kek SNARC dot CD up 25 lctrl 0.50620508194
kek SNARC dot CD up 40 lctrl 0.345503091812
kek SNARC dot CD up 25 lctrl 0.328505992889
kek SNARC dot CD down 45 lctrl 0.318896770477
kek SNARC dot CD up 25 lctrl 0.56694984436
kek SNARC dot CD up 5 lctrl 0.566895961761
kek SNARC dot CD up 10 lctrl 0.341378927231
kek SNARC dot CD up 30 lctrl 0.492584943771
kek SNARC dot CD down 30 num_delete 0.581043958664
kek SNARC dot CD down 20 num_delete 0.418787956238
kek SNARC dot CD up 10 lctrl 0.480828046799
kek SNARC dot CD up 20 lctrl 0.338848829269
kek SNARC dot CD up 35 lctrl 0.33728313446
kek SNARC dot CD down 35 num_delete 0.455749988556
kek SNARC dot CD up 45 lctrl 0.480232954025
kek SNARC dot CD down 5 num_delete 0.427220106125
kek SNARC dot CD down 45 num_delete 0.404865026474
kek SNARC dot CD up 25 lctrl 0.561568975449
kek SNARC dot CD down 5 lctrl 0.424638986588
kek SNARC dot CD down 20 num_delete 0.917037963867
kek SNARC dot CD down 15 num_delete 0.308534860611
kek SNARC dot CD up 35 lctrl 0.508460998535
kek SNARC dot CD down 15 num_delete 0.476716995239
kek SNARC dot CD up 20 lctrl 0.487109899521
kek SNARC dot CD down 10 num_delete 0.488916873932
kek SNARC dot CD up 5 lctrl 0.53933596611
kek SNARC dot CD down 45 num_delete 0.456114053726
kek SNARC dot CD up 5 lctrl 0.468142032623
kek SNARC dot CD down 5 num_delete 0.623674154282
kek SNARC dot CD up 35 lctrl 0.642287015915
kek SNARC dot CD down 45 num_delete 0.689998865128
kek SNARC dot CD down 5 num_delete 0.508045911789
kek SNARC dot CD down 30 num_delete 0.3959171772
kek SNARC dot CD up 10 lctrl 0.562572002411
kek SNARC dot CD down 15 num_delete 0.480718135834
kek SNARC dot CD up 40 lctrl 0.529734134674
kek SNARC dot CD down 25 num_delete 0.472635984421
kek SNARC dot CD down 25 num_delete 0.546170949936
kek SNARC dot CD up 35 lctrl 0.487960100174
kek SNARC dot CD up 45 lctrl 0.471331119537
kek SNARC dot CD up 30 lctrl 0.296725034714
kek SNARC dot CD down 40 num_delete 0.569067001343
{'task': u'line', 'participant': u'kek', 'dateStr': u'09_22_1622', 'notation': u'arabic', 'response_buttons': u'CD', 'range_in_instr': True, 'interactive_setting': True, 'autopilot': False, 'exp_id': u'SNARC'}
kek SNARC arabic CD down 3 num_delete 2.10386586189
kek SNARC arabic CD up 7 lctrl 0.781147956848
kek SNARC arabic CD down 8 num_delete 1.49873113632
kek SNARC arabic CD up 4 lctrl 0.642641067505
kek SNARC arabic CD down 2 lctrl 0.397878170013
kek SNARC arabic CD up 6 lctrl 0.628290891647
kek SNARC arabic CD down 3 num_delete 0.648103952408
kek SNARC arabic CD down 5 num_delete 0.492031097412
kek SNARC arabic CD down 1 lctrl 0.606337070465
kek SNARC arabic CD up 2 lctrl 1.33951401711
kek SNARC arabic CD up 5 lctrl 0.552798032761
kek SNARC arabic CD down 4 num_delete 0.775530099869
kek SNARC arabic CD up 5 lctrl 0.622030973434
kek SNARC arabic CD up 9 lctrl 0.514355182648
kek SNARC arabic CD down 2 num_delete 0.507380962372
kek SNARC arabic CD up 7 lctrl 0.549019813538
kek SNARC arabic CD down 1 num_delete 0.500873804092
kek SNARC arabic CD down 7 num_delete 0.44757604599
kek SNARC arabic CD down 6 num_delete 0.555526971817
kek SNARC arabic CD down 3 num_delete 0.426165103912
kek SNARC arabic CD down 6 num_delete 0.431504011154
kek SNARC arabic CD up 1 lctrl 0.404751062393
kek SNARC arabic CD up 9 lctrl 0.554454088211
kek SNARC arabic CD up 8 lctrl 0.378534078598
kek SNARC arabic CD down 7 num_delete 0.464195966721
kek SNARC arabic CD down 3 num_delete 0.372151136398
kek SNARC arabic CD up 9 num_delete 0.3953769207
kek SNARC arabic CD up 1 lctrl 0.601917028427
kek SNARC arabic CD down 3 num_delete 0.48749089241
kek SNARC arabic CD up 5 lctrl 0.641967058182
kek SNARC arabic CD up 2 lctrl 0.55001282692
kek SNARC arabic CD up 3 lctrl 0.333433151245
kek SNARC arabic CD down 8 lctrl 0.318797111511
kek SNARC arabic CD down 8 num_delete 0.51171207428
kek SNARC arabic CD up 3 lctrl 0.617202997208
kek SNARC arabic CD down 8 num_delete 0.582707881927
kek SNARC arabic CD up 7 lctrl 0.492802858353
kek SNARC arabic CD down 5 num_delete 0.502995014191
kek SNARC arabic CD down 9 num_delete 0.68035697937
kek SNARC arabic CD up 4 lctrl 0.474560022354
kek SNARC arabic CD down 2 num_delete 0.389183998108
kek SNARC arabic CD down 2 num_delete 0.36360001564
kek SNARC arabic CD up 1 lctrl 0.467787981033
kek SNARC arabic CD up 6 lctrl 0.591466903687
kek SNARC arabic CD up 4 lctrl 0.421862125397
kek SNARC arabic CD down 8 num_delete 0.577749013901
kek SNARC arabic CD down 8 num_delete 0.640775918961
kek SNARC arabic CD down 5 num_delete 0.444097042084
kek SNARC arabic CD up 4 lctrl 0.48908996582
kek SNARC arabic CD up 3 lctrl 0.378741979599
kek SNARC arabic CD down 1 num_delete 0.69764995575
kek SNARC arabic CD up 6 lctrl 0.867178916931
kek SNARC arabic CD down 3 num_delete 0.493564128876
kek SNARC arabic CD down 2 num_delete 0.487210988998
kek SNARC arabic CD up 7 lctrl 0.626082897186
kek SNARC arabic CD up 5 lctrl 0.382297039032
kek SNARC arabic CD down 2 num_delete 0.453299045563
kek SNARC arabic CD down 2 num_delete 0.352606058121
kek SNARC arabic CD down 2 num_delete 0.376688957214
kek SNARC arabic CD down 1 num_delete 0.439737081528
kek SNARC arabic CD down 6 num_delete 0.356051921844
kek SNARC arabic CD down 9 num_delete 0.307951927185
kek SNARC arabic CD up 7 num_delete 0.333837032318
kek SNARC arabic CD down 7 num_delete 0.46338391304
kek SNARC arabic CD down 4 num_delete 0.3625831604
kek SNARC arabic CD down 7 num_delete 0.314605951309
kek SNARC arabic CD up 9 num_delete 0.348701953888
kek SNARC arabic CD up 5 lctrl 0.469544887543
kek SNARC arabic CD up 2 lctrl 0.256330013275
kek SNARC arabic CD down 5 lctrl 0.300434112549
kek SNARC arabic CD up 5 lctrl 0.687738180161
kek SNARC arabic CD down 2 num_delete 0.608542919159
kek SNARC arabic CD down 2 num_delete 0.365646123886
kek SNARC arabic CD up 8 lctrl 0.445703983307
kek SNARC arabic CD up 1 lctrl 0.353908061981
kek SNARC arabic CD down 9 lctrl 0.305614948273
kek SNARC arabic CD down 4 num_delete 0.779613018036
kek SNARC arabic CD down 3 num_delete 0.465516090393
kek SNARC arabic CD up 3 lctrl 0.661302089691
kek SNARC arabic CD up 8 lctrl 1.07242012024
kek SNARC arabic CD down 7 num_delete 0.409476995468
kek SNARC arabic CD up 7 lctrl 0.535531044006
kek SNARC arabic CD down 6 lctrl 0.33562207222
kek SNARC arabic CD up 5 num_delete 0.495699167252
kek SNARC arabic CD up 5 lctrl 1.33024001122
kek SNARC arabic CD down 2 num_delete 0.504271030426
kek SNARC arabic CD down 9 num_delete 0.441465139389
kek SNARC arabic CD up 1 lctrl 0.526033163071
kek SNARC arabic CD down 8 num_delete 0.926685094833
kek SNARC arabic CD up 9 lctrl 0.422094106674
kek SNARC arabic CD down 2 num_delete 0.490695953369
kek SNARC arabic CD up 3 lctrl 0.653261184692
kek SNARC arabic CD up 9 lctrl 0.504190921783
kek SNARC arabic CD up 1 lctrl 0.417606830597
kek SNARC arabic CD down 7 num_delete 0.383257865906
kek SNARC arabic CD up 5 lctrl 0.414479970932
kek SNARC arabic CD down 5 lctrl 0.364223003387
kek SNARC arabic CD up 3 lctrl 0.772117853165
kek SNARC arabic CD up 5 lctrl 0.498549938202
kek SNARC arabic CD down 7 num_delete 0.563771009445
kek SNARC arabic CD down 1 lctrl 0.451222896576
kek SNARC arabic CD down 1 num_delete 0.894907951355
kek SNARC arabic CD up 3 num_delete 0.911864042282
kek SNARC arabic CD down 3 num_delete 0.640433073044
kek SNARC arabic CD down 4 num_delete 0.515946865082
kek SNARC arabic CD up 7 lctrl 0.469638824463
kek SNARC arabic CD up 5 lctrl 0.385134935379
kek SNARC arabic CD down 1 lctrl 0.559458017349
kek SNARC arabic CD down 4 num_delete 0.574574947357
kek SNARC arabic CD down 4 num_delete 0.645057916641
kek SNARC arabic CD down 4 num_delete 0.528991937637
kek SNARC arabic CD down 5 num_delete 0.449416875839
kek SNARC arabic CD down 8 num_delete 0.437904119492
kek SNARC arabic CD up 8 lctrl 0.610227108002
kek SNARC arabic CD up 7 lctrl 0.43937587738
kek SNARC arabic CD up 6 lctrl 0.387763977051
kek SNARC arabic CD down 8 num_delete 0.634222984314
kek SNARC arabic CD down 9 num_delete 0.3580930233
kek SNARC arabic CD up 7 lctrl 0.486298084259
kek SNARC arabic CD up 7 lctrl 0.336386919022
kek SNARC arabic CD up 1 lctrl 0.360879898071
kek SNARC arabic CD up 2 lctrl 0.480800867081
kek SNARC arabic CD down 7 lctrl 0.44380903244
kek SNARC arabic CD up 7 lctrl 0.480443954468
kek SNARC arabic CD up 6 lctrl 0.706906080246
kek SNARC arabic CD up 3 lctrl 0.475487947464
kek SNARC arabic CD up 6 lctrl 0.390393018723
kek SNARC arabic CD down 8 num_delete 0.516257047653
kek SNARC arabic CD up 1 lctrl 0.446041822433
kek SNARC arabic CD up 1 lctrl 0.371014118195
kek SNARC arabic CD up 6 lctrl 0.713526964188
kek SNARC arabic CD down 1 num_delete 0.56183719635
kek SNARC arabic CD down 7 num_delete 0.393257141113
kek SNARC arabic CD down 9 num_delete 0.479990959167
kek SNARC arabic CD down 2 num_delete 0.474968910217
kek SNARC arabic CD down 4 num_delete 0.373490810394
kek SNARC arabic CD up 1 lctrl 0.404609918594
kek SNARC arabic CD down 6 num_delete 0.393874168396
kek SNARC arabic CD down 3 num_delete 0.456614017487
kek SNARC arabic CD up 1 lctrl 0.428608894348
kek SNARC arabic CD up 8 lctrl 0.37831401825
kek SNARC arabic CD down 7 lctrl 0.392708063126
kek SNARC arabic CD down 9 num_delete 0.447016954422
kek SNARC arabic CD up 8 lctrl 0.435518980026
kek SNARC arabic CD down 3 num_delete 0.399784803391
kek SNARC arabic CD down 6 num_delete 0.382215976715
kek SNARC arabic CD up 8 lctrl 0.541759967804
kek SNARC arabic CD up 1 lctrl 0.493701934814
kek SNARC arabic CD up 6 lctrl 0.367707014084
kek SNARC arabic CD down 3 num_delete 0.487645149231
kek SNARC arabic CD up 5 lctrl 0.466160058975
kek SNARC arabic CD down 1 num_delete 0.597276926041
kek SNARC arabic CD down 1 num_delete 0.354951858521
kek SNARC arabic CD up 8 lctrl 0.522733211517
kek SNARC arabic CD down 2 num_delete 0.435430049896
kek SNARC arabic CD down 5 num_delete 0.376523971558
kek SNARC arabic CD up 3 num_delete 0.551687002182
kek SNARC arabic CD up 8 lctrl 0.431822061539
kek SNARC arabic CD down 9 lctrl 0.300723075867
kek SNARC arabic CD up 3 lctrl 0.527726888657
kek SNARC arabic CD down 9 num_delete 0.496116876602
kek SNARC arabic CD down 5 num_delete 0.505977153778
kek SNARC arabic CD up 1 lctrl 0.47625207901
kek SNARC arabic CD down 9 num_delete 0.646393060684
kek SNARC arabic CD up 7 num_delete 1.02597618103
kek SNARC arabic CD up 5 lctrl 0.62141919136
kek SNARC arabic CD up 9 lctrl 0.345612049103
kek SNARC arabic CD down 4 num_delete 0.450621128082
kek SNARC arabic CD up 7 lctrl 0.534659147263
kek SNARC arabic CD down 9 num_delete 0.447505950928
kek SNARC arabic CD up 4 lctrl 0.500085830688
kek SNARC arabic CD up 8 lctrl 0.389663934708
kek SNARC arabic CD down 8 num_delete 0.363871097565
kek SNARC arabic CD up 9 lctrl 0.379860162735
kek SNARC arabic CD up 4 lctrl 0.427711009979
kek SNARC arabic CD down 2 num_delete 0.48016500473
kek SNARC arabic CD down 2 num_delete 0.426649093628
kek SNARC arabic CD down 9 num_delete 0.343585014343
kek SNARC arabic CD down 3 num_delete 0.40024805069
kek SNARC arabic CD up 4 lctrl 0.479460000992
kek SNARC arabic CD down 6 num_delete 1.20998811722
kek SNARC arabic CD down 1 num_delete 0.564627170563
kek SNARC arabic CD up 9 lctrl 0.436293125153
kek SNARC arabic CD up 3 lctrl 0.416496038437
kek SNARC arabic CD down 7 num_delete 0.43789601326
kek SNARC arabic CD up 9 lctrl 0.434437036514
kek SNARC arabic CD down 7 num_delete 0.519208908081
kek SNARC arabic CD down 4 num_delete 0.440549135208
kek SNARC arabic CD down 9 num_delete 0.46071600914
kek SNARC arabic CD down 6 num_delete 0.352813959122
kek SNARC arabic CD down 7 num_delete 0.616250991821
kek SNARC arabic CD down 7 num_delete 0.381261110306
kek SNARC arabic CD up 7 lctrl 0.508764028549
kek SNARC arabic CD down 3 num_delete 0.429958105087
kek SNARC arabic CD down 9 num_delete 0.418914079666
kek SNARC arabic CD up 4 lctrl 0.488983869553
kek SNARC arabic CD down 6 lctrl 0.411566019058
kek SNARC arabic CD down 2 num_delete 0.624299049377
kek SNARC arabic CD down 2 num_delete 0.364665031433
kek SNARC arabic CD down 9 num_delete 0.324609994888
kek SNARC arabic CD down 7 num_delete 0.365911006927
kek SNARC arabic CD down 7 num_delete 0.341641902924
kek SNARC arabic CD up 1 lctrl 0.534654140472
kek SNARC arabic CD down 5 num_delete 0.479179143906
kek SNARC arabic CD up 1 lctrl 0.474246025085
kek SNARC arabic CD down 2 num_delete 0.41273188591
kek SNARC arabic CD up 3 lctrl 0.546622037888
kek SNARC arabic CD up 3 lctrl 0.498552083969
kek SNARC arabic CD up 9 lctrl 0.332581043243
kek SNARC arabic CD down 9 lctrl 0.326143026352
kek SNARC arabic CD up 9 lctrl 0.89525604248
kek SNARC arabic CD up 1 lctrl 0.544289112091
kek SNARC arabic CD up 4 lctrl 0.488187074661
kek SNARC arabic CD up 6 lctrl 0.378221035004
kek SNARC arabic CD down 4 num_delete 0.59304690361
kek SNARC arabic CD down 9 num_delete 0.350756168365
kek SNARC arabic CD up 1 lctrl 0.439422130585
kek SNARC arabic CD up 5 lctrl 0.612060070038
kek SNARC arabic CD up 4 lctrl 0.392877101898
kek SNARC arabic CD up 6 lctrl 0.383536100388
kek SNARC arabic CD down 9 num_delete 0.518903970718
kek SNARC arabic CD up 3 lctrl 0.480118989944
kek SNARC arabic CD up 2 lctrl 0.411511898041
kek SNARC arabic CD down 8 num_delete 0.424388170242
kek SNARC arabic CD down 7 num_delete 0.413378953934
kek SNARC arabic CD down 9 num_delete 0.403514146805
kek SNARC arabic CD up 1 lctrl 0.472887992859
kek SNARC arabic CD down 8 num_delete 0.443451881409
kek SNARC arabic CD up 2 lctrl 0.520246982574
kek SNARC arabic CD up 6 lctrl 0.53683590889
kek SNARC arabic CD down 8 num_delete 0.832581996918
kek SNARC arabic CD down 7 num_delete 0.420186042786
kek SNARC arabic CD up 5 lctrl 0.417546033859
kek SNARC arabic CD down 8 num_delete 0.310883045197
kek SNARC arabic CD up 9 num_delete 0.529000043869
kek SNARC arabic CD down 5 num_delete 0.353678941727
kek SNARC arabic CD down 1 num_delete 0.409314870834
kek SNARC arabic CD up 5 lctrl 0.47149682045
kek SNARC arabic CD down 5 num_delete 0.441933870316
kek SNARC arabic CD down 6 num_delete 0.382161140442
kek SNARC arabic CD up 8 lctrl 0.485580921173
kek SNARC arabic CD down 1 num_delete 0.752384901047
kek SNARC arabic CD up 4 lctrl 0.599843025208
kek SNARC arabic CD up 2 lctrl 0.365792036057
kek SNARC arabic CD down 5 num_delete 0.541262865067
kek SNARC arabic CD up 4 lctrl 0.469590902328
kek SNARC arabic CD down 4 num_delete 0.560143947601
kek SNARC arabic CD up 6 lctrl 0.431524991989
kek SNARC arabic CD up 7 lctrl 0.740541934967
kek SNARC arabic CD down 6 num_delete 0.444091081619
kek SNARC arabic CD down 8 num_delete 0.392049074173
kek SNARC arabic CD down 9 num_delete 0.566437005997
kek SNARC arabic CD up 8 lctrl 0.478237867355
kek SNARC arabic CD down 2 num_delete 0.360321044922
kek SNARC arabic CD down 4 num_delete 0.384305000305
kek SNARC arabic CD up 3 lctrl 0.383604049683
kek SNARC arabic CD up 4 lctrl 0.471354961395
kek SNARC arabic CD down 6 num_delete 0.345510959625
kek SNARC arabic CD down 9 num_delete 0.354225158691
kek SNARC arabic CD down 8 num_delete 0.393858909607
kek SNARC arabic CD down 9 num_delete 0.328175067902
kek SNARC arabic CD up 2 lctrl 0.377733945847
kek SNARC arabic CD down 5 num_delete 0.44087600708
kek SNARC arabic CD up 4 lctrl 0.445299863815
kek SNARC arabic CD up 2 lctrl 0.625638008118
kek SNARC arabic CD down 4 num_delete 0.461597919464
kek SNARC arabic CD up 4 lctrl 0.553223848343
kek SNARC arabic CD down 3 num_delete 0.352427959442
kek SNARC arabic CD down 5 num_delete 0.368350028992
kek SNARC arabic CD up 5 lctrl 0.424757957458
kek SNARC arabic CD down 8 num_delete 0.389039993286
kek SNARC arabic CD down 4 num_delete 0.491617202759
kek SNARC arabic CD up 5 lctrl 0.621922969818
kek SNARC arabic CD up 6 lctrl 0.474296092987
kek SNARC arabic CD up 6 lctrl 0.444715023041
kek SNARC arabic CD down 1 num_delete 0.457176923752
kek SNARC arabic CD down 3 num_delete 0.348801136017
kek SNARC arabic CD up 7 lctrl 0.573635101318
kek SNARC arabic CD up 6 lctrl 0.45269203186
kek SNARC arabic CD up 7 lctrl 0.479510068893
kek SNARC arabic CD down 2 num_delete 0.602221012115
kek SNARC arabic CD up 3 lctrl 0.440179109573
kek SNARC arabic CD up 3 lctrl 0.533771038055
kek SNARC arabic CD down 1 num_delete 0.51686000824
kek SNARC arabic CD up 8 lctrl 0.758690834045
kek SNARC arabic CD down 5 num_delete 0.453027963638
kek SNARC arabic CD down 2 num_delete 0.4405169487
kek SNARC arabic CD down 5 num_delete 0.356899023056
kek SNARC arabic CD up 5 lctrl 0.572997093201
kek SNARC arabic CD up 7 lctrl 0.36345911026
kek SNARC arabic CD up 6 lctrl 0.363313913345
kek SNARC arabic CD down 6 lctrl 0.331039905548
kek SNARC arabic CD down 6 lctrl 0.492416858673
kek SNARC arabic CD up 6 lctrl 0.693892002106
kek SNARC arabic CD down 7 num_delete 0.543833017349
kek SNARC arabic CD down 1 num_delete 0.479533910751
kek SNARC arabic CD down 6 num_delete 0.586513996124
kek SNARC arabic CD up 9 lctrl 0.496586084366
kek SNARC arabic CD down 6 lctrl 0.418557882309
kek SNARC arabic CD up 4 lctrl 0.600680828094
kek SNARC arabic CD up 6 lctrl 0.64626789093
kek SNARC arabic CD down 3 num_delete 0.361779928207
kek SNARC arabic CD down 3 num_delete 0.369519948959
kek SNARC arabic CD up 3 lctrl 0.480818033218
kek SNARC arabic CD up 3 lctrl 0.499802112579
kek SNARC arabic CD up 8 lctrl 0.453919887543
kek SNARC arabic CD up 9 lctrl 0.401338815689
kek SNARC arabic CD up 1 lctrl 0.408209085464
kek SNARC arabic CD up 4 lctrl 0.39747595787
kek SNARC arabic CD down 8 num_delete 0.435708045959
kek SNARC arabic CD down 6 num_delete 0.360360145569
kek SNARC arabic CD down 4 num_delete 0.37592792511
kek SNARC arabic CD up 2 lctrl 0.518962144852
kek SNARC arabic CD up 1 lctrl 0.471719026566
kek SNARC arabic CD up 9 lctrl 0.426801919937
kek SNARC arabic CD down 4 num_delete 0.407409191132
kek SNARC arabic CD down 5 num_delete 0.389266014099
kek SNARC arabic CD up 4 lctrl 0.419949054718
kek SNARC arabic CD up 2 lctrl 0.376953840256
kek SNARC arabic CD up 4 lctrl 0.384056091309
kek SNARC arabic CD up 3 lctrl 0.495184183121
kek SNARC arabic CD down 2 lctrl 0.361278057098
kek SNARC arabic CD up 4 lctrl 0.528993844986
kek SNARC arabic CD down 3 num_delete 0.409581899643
kek SNARC arabic CD up 5 lctrl 0.751431941986
kek SNARC arabic CD down 8 num_delete 0.598363876343
kek SNARC arabic CD up 4 lctrl 0.476619005203
kek SNARC arabic CD down 2 num_delete 0.879280090332
kek SNARC arabic CD up 2 lctrl 0.489044904709
kek SNARC arabic CD down 5 num_delete 0.49084186554
kek SNARC arabic CD down 4 num_delete 0.42911696434
kek SNARC arabic CD down 9 num_delete 0.354053974152
kek SNARC arabic CD up 1 lctrl 0.474761962891
kek SNARC arabic CD up 1 lctrl 0.485448122025
kek SNARC arabic CD down 6 lctrl 0.31928396225
kek SNARC arabic CD up 9 lctrl 0.409188985825
kek SNARC arabic CD up 6 lctrl 0.470691919327
kek SNARC arabic CD up 5 lctrl 0.60965180397
kek SNARC arabic CD down 2 num_delete 0.518173933029
kek SNARC arabic CD up 2 lctrl 0.448003053665
kek SNARC arabic CD down 3 num_delete 0.500034093857
kek SNARC arabic CD up 2 lctrl 0.502545833588
kek SNARC arabic CD up 7 lctrl 0.536502122879
kek SNARC arabic CD up 8 lctrl 0.480684995651
kek SNARC arabic CD up 3 lctrl 0.443441152573
kek SNARC arabic CD down 8 num_delete 0.43160200119
kek SNARC arabic CD up 8 lctrl 0.628674983978
kek SNARC arabic CD down 6 num_delete 0.432869911194
kek SNARC arabic CD down 6 num_delete 0.397989034653
kek SNARC arabic CD up 4 lctrl 0.452404975891
kek SNARC arabic CD down 2 num_delete 0.383727073669
kek SNARC arabic CD down 1 lctrl 0.447062969208
kek SNARC arabic CD up 1 lctrl 0.379484176636
kek SNARC arabic CD up 7 lctrl 0.658587932587
kek SNARC arabic CD down 6 num_delete 0.436818122864
kek SNARC arabic CD down 5 num_delete 0.369603157043
kek SNARC arabic CD up 7 lctrl 0.457001924515
kek SNARC arabic CD up 8 lctrl 0.348463058472
kek SNARC arabic CD up 8 lctrl 0.324676036835
kek SNARC arabic CD down 8 num_delete 0.518049001694
{'task': u'line', 'participant': u'kek', 'dateStr': u'09_22_1631', 'notation': u'dot', 'response_buttons': u'DC', 'range_in_instr': True, 'interactive_setting': True, 'autopilot': False, 'exp_id': u'SNARC'}
kek SNARC dot DC up 5 num_delete 1.04711890221
kek SNARC dot DC up 30 num_delete 0.408804893494
kek SNARC dot DC up 30 num_delete 0.397084951401
kek SNARC dot DC down 40 lctrl 0.977571964264
kek SNARC dot DC up 5 num_delete 0.406662940979
kek SNARC dot DC down 25 num_delete 0.37886095047
kek SNARC dot DC up 40 num_delete 1.27980279922
kek SNARC dot DC up 10 num_delete 0.432198047638
kek SNARC dot DC down 10 lctrl 0.413491010666
kek SNARC dot DC up 40 num_delete 0.648452997208
kek SNARC dot DC down 45 lctrl 0.441744089127
kek SNARC dot DC up 35 num_delete 0.33180809021
kek SNARC dot DC up 10 num_delete 0.757005929947
kek SNARC dot DC up 25 num_delete 0.361826181412
kek SNARC dot DC up 35 num_delete 0.327659845352
kek SNARC dot DC down 10 lctrl 0.47338104248
kek SNARC dot DC up 15 num_delete 0.411004781723
kek SNARC dot DC up 5 num_delete 0.393373966217
kek SNARC dot DC up 5 num_delete 0.335390090942
kek SNARC dot DC down 45 lctrl 0.453822851181
kek SNARC dot DC down 45 lctrl 0.358638048172
kek SNARC dot DC down 20 lctrl 0.357783079147
kek SNARC dot DC up 30 num_delete 0.371853113174
kek SNARC dot DC down 5 num_delete 0.459187984467
kek SNARC dot DC down 10 lctrl 0.646970033646
kek SNARC dot DC up 20 num_delete 0.506005048752
kek SNARC dot DC up 35 num_delete 1.29656887054
kek SNARC dot DC down 30 lctrl 0.48708820343
kek SNARC dot DC down 15 lctrl 0.448684930801
kek SNARC dot DC down 15 lctrl 0.372182130814
kek SNARC dot DC up 30 num_delete 0.441708087921
kek SNARC dot DC up 5 num_delete 0.358500957489
kek SNARC dot DC down 35 lctrl 0.467863082886
kek SNARC dot DC up 15 num_delete 0.406498908997
kek SNARC dot DC down 30 lctrl 0.394809961319
kek SNARC dot DC up 35 num_delete 0.471119880676
kek SNARC dot DC up 15 num_delete 0.545035123825
kek SNARC dot DC up 20 num_delete 0.408533811569
kek SNARC dot DC up 35 num_delete 0.387880086899
kek SNARC dot DC down 20 lctrl 0.46590089798
kek SNARC dot DC down 20 lctrl 0.412737846375
kek SNARC dot DC down 25 lctrl 0.409068107605
kek SNARC dot DC down 35 lctrl 0.372996091843
kek SNARC dot DC down 25 lctrl 0.378305912018
kek SNARC dot DC down 45 lctrl 0.318483829498
kek SNARC dot DC up 35 num_delete 0.470066070557
kek SNARC dot DC up 45 num_delete 0.326109886169
kek SNARC dot DC up 30 num_delete 0.341797113419
kek SNARC dot DC down 30 lctrl 0.469357967377
kek SNARC dot DC up 10 num_delete 0.432060003281
kek SNARC dot DC up 40 num_delete 0.29070687294
kek SNARC dot DC up 5 num_delete 0.301681995392
kek SNARC dot DC up 30 num_delete 0.350775957108
kek SNARC dot DC down 25 lctrl 0.478182077408
kek SNARC dot DC down 5 lctrl 0.313129901886
kek SNARC dot DC up 35 lctrl 0.33683681488
kek SNARC dot DC down 45 lctrl 2.19053983688
kek SNARC dot DC up 5 num_delete 0.487879037857
kek SNARC dot DC up 45 num_delete 0.359082937241
kek SNARC dot DC down 35 lctrl 0.470111846924
kek SNARC dot DC down 30 lctrl 0.670485973358
kek SNARC dot DC down 10 lctrl 0.872601985931
kek SNARC dot DC up 25 num_delete 0.504637956619
kek SNARC dot DC down 15 lctrl 0.617347002029
kek SNARC dot DC up 35 num_delete 0.5320520401
kek SNARC dot DC down 15 num_delete 0.812372207642
kek SNARC dot DC up 15 num_delete 0.543813943863
kek SNARC dot DC down 20 num_delete 0.495522022247
kek SNARC dot DC up 5 num_delete 0.617665052414
kek SNARC dot DC down 40 lctrl 0.524351119995
kek SNARC dot DC up 35 lctrl 0.338927984238
kek SNARC dot DC down 30 num_delete 0.569784879684
kek SNARC dot DC down 25 lctrl 0.6393699646
kek SNARC dot DC up 45 num_delete 0.471655130386
kek SNARC dot DC up 15 num_delete 0.48974609375
kek SNARC dot DC down 5 lctrl 0.460086107254
kek SNARC dot DC down 20 lctrl 0.574836015701
kek SNARC dot DC down 20 lctrl 0.340862035751
kek SNARC dot DC up 35 num_delete 0.42693400383
kek SNARC dot DC down 25 num_delete 0.558616161346
kek SNARC dot DC up 45 num_delete 0.546736001968
kek SNARC dot DC down 10 lctrl 0.491199970245
kek SNARC dot DC down 15 lctrl 0.404558897018
kek SNARC dot DC down 20 lctrl 0.369359970093
kek SNARC dot DC down 5 lctrl 0.344734191895
kek SNARC dot DC up 35 num_delete 0.44683599472
kek SNARC dot DC up 15 num_delete 0.362365961075
kek SNARC dot DC down 45 lctrl 0.375555038452
kek SNARC dot DC down 30 lctrl 0.964329004288
kek SNARC dot DC down 40 lctrl 0.329137802124
kek SNARC dot DC down 45 lctrl 0.311523914337
kek SNARC dot DC up 10 num_delete 0.401509046555
kek SNARC dot DC up 45 num_delete 0.323924064636
kek SNARC dot DC up 40 num_delete 0.68336892128
kek SNARC dot DC up 10 num_delete 0.341726064682
kek SNARC dot DC down 15 num_delete 0.30139708519
kek SNARC dot DC up 30 num_delete 0.286633014679
kek SNARC dot DC up 25 num_delete 0.400116920471
kek SNARC dot DC down 35 lctrl 1.02055907249
kek SNARC dot DC up 35 lctrl 0.622169971466
kek SNARC dot DC up 15 num_delete 0.465476989746
kek SNARC dot DC up 5 num_delete 0.317385911942
kek SNARC dot DC down 10 lctrl 0.431412935257
kek SNARC dot DC down 5 lctrl 0.308573961258
kek SNARC dot DC down 25 lctrl 0.357003927231
kek SNARC dot DC down 10 lctrl 0.349012136459
kek SNARC dot DC down 5 lctrl 0.357228040695
kek SNARC dot DC up 40 num_delete 0.610948801041
kek SNARC dot DC up 40 num_delete 0.349539041519
kek SNARC dot DC down 35 num_delete 1.17198514938
kek SNARC dot DC down 45 lctrl 0.550272941589
kek SNARC dot DC down 40 lctrl 0.29196190834
kek SNARC dot DC up 20 lctrl 0.317985057831
kek SNARC dot DC down 20 lctrl 0.975511789322
kek SNARC dot DC up 5 num_delete 0.524476051331
kek SNARC dot DC down 40 lctrl 0.539250135422
kek SNARC dot DC up 20 num_delete 0.434098958969
kek SNARC dot DC up 10 num_delete 0.439252138138
kek SNARC dot DC up 45 num_delete 0.35248708725
kek SNARC dot DC down 35 lctrl 0.614494085312
kek SNARC dot DC down 15 lctrl 0.579303979874
kek SNARC dot DC down 20 lctrl 0.336517810822
kek SNARC dot DC up 30 num_delete 0.415580034256
kek SNARC dot DC up 20 num_delete 0.756722927094
kek SNARC dot DC down 30 lctrl 0.394095897675
kek SNARC dot DC up 45 num_delete 0.300904989243
kek SNARC dot DC down 5 lctrl 0.432646036148
kek SNARC dot DC down 45 lctrl 0.378360033035
kek SNARC dot DC down 5 lctrl 0.457587957382
kek SNARC dot DC down 5 lctrl 0.357810974121
kek SNARC dot DC down 35 lctrl 0.314699888229
kek SNARC dot DC down 20 lctrl 0.308220863342
kek SNARC dot DC up 5 lctrl 0.262204170227
kek SNARC dot DC up 45 num_delete 0.487057924271
kek SNARC dot DC up 10 num_delete 0.497270822525
kek SNARC dot DC down 40 lctrl 0.465559959412
kek SNARC dot DC down 45 lctrl 0.433913946152
kek SNARC dot DC down 20 lctrl 0.334510087967
kek SNARC dot DC up 25 lctrl 0.246226072311
kek SNARC dot DC down 25 lctrl 0.425085067749
kek SNARC dot DC up 25 num_delete 0.468355894089
kek SNARC dot DC down 40 lctrl 0.454043149948
kek SNARC dot DC up 20 num_delete 0.536615133286
kek SNARC dot DC up 40 num_delete 0.294327974319
kek SNARC dot DC down 45 lctrl 0.382481098175
kek SNARC dot DC down 30 lctrl 0.348160028458
kek SNARC dot DC up 15 num_delete 0.379873991013
kek SNARC dot DC down 20 lctrl 0.418426990509
kek SNARC dot DC up 35 lctrl 0.430017948151
kek SNARC dot DC down 15 lctrl 0.746320962906
kek SNARC dot DC down 45 lctrl 0.34281206131
kek SNARC dot DC down 40 lctrl 0.308849096298
kek SNARC dot DC down 25 lctrl 0.309736013412
kek SNARC dot DC up 10 num_delete 0.391595840454
kek SNARC dot DC up 35 num_delete 0.363718032837
kek SNARC dot DC down 45 lctrl 0.432996034622
kek SNARC dot DC down 5 lctrl 0.310158967972
kek SNARC dot DC up 35 num_delete 0.381552934647
kek SNARC dot DC up 45 num_delete 0.289660215378
kek SNARC dot DC down 5 lctrl 0.524900913239
kek SNARC dot DC up 45 num_delete 0.450191020966
kek SNARC dot DC down 25 lctrl 0.446053981781
kek SNARC dot DC up 30 num_delete 0.431655168533
kek SNARC dot DC down 30 lctrl 0.516459941864
kek SNARC dot DC down 20 lctrl 0.413438081741
kek SNARC dot DC down 40 lctrl 0.272161960602
kek SNARC dot DC up 30 lctrl 0.306003093719
kek SNARC dot DC up 10 num_delete 0.55633187294
kek SNARC dot DC down 25 lctrl 0.297703027725
kek SNARC dot DC down 15 lctrl 0.308201789856
kek SNARC dot DC down 40 lctrl 0.259724855423
kek SNARC dot DC down 5 lctrl 0.600180864334
kek SNARC dot DC down 40 lctrl 0.32358789444
kek SNARC dot DC up 10 num_delete 0.444868087769
kek SNARC dot DC down 5 lctrl 0.393440961838
kek SNARC dot DC down 15 lctrl 0.502944946289
kek SNARC dot DC up 45 lctrl 0.621323823929
kek SNARC dot DC down 40 lctrl 0.400246858597
kek SNARC dot DC up 10 num_delete 0.541995048523
kek SNARC dot DC down 40 lctrl 0.395956993103
kek SNARC dot DC down 15 lctrl 0.497619867325
kek SNARC dot DC down 40 lctrl 0.329657077789
kek SNARC dot DC up 15 num_delete 0.417907953262
kek SNARC dot DC up 20 num_delete 0.390990972519
kek SNARC dot DC down 35 lctrl 0.411306858063
kek SNARC dot DC down 5 lctrl 0.361171960831
kek SNARC dot DC down 25 lctrl 0.303308963776
kek SNARC dot DC up 15 lctrl 0.296905994415
kek SNARC dot DC down 25 lctrl 0.330081939697
kek SNARC dot DC up 20 num_delete 0.546602010727
kek SNARC dot DC up 45 num_delete 0.295418977737
kek SNARC dot DC down 35 num_delete 0.720018863678
kek SNARC dot DC down 15 lctrl 0.511779069901
kek SNARC dot DC down 15 lctrl 0.552412986755
kek SNARC dot DC down 25 lctrl 0.302973985672
kek SNARC dot DC down 20 lctrl 0.288187026978
kek SNARC dot DC up 20 num_delete 0.56989812851
kek SNARC dot DC up 30 num_delete 0.455095052719
kek SNARC dot DC down 5 lctrl 0.386641025543
kek SNARC dot DC down 25 lctrl 0.352677106857
kek SNARC dot DC down 45 lctrl 0.268680095673
kek SNARC dot DC down 25 lctrl 0.318952083588
kek SNARC dot DC up 25 num_delete 0.438210964203
kek SNARC dot DC down 20 lctrl 0.42635512352
kek SNARC dot DC up 20 num_delete 0.334004163742
kek SNARC dot DC down 20 lctrl 0.487247943878
kek SNARC dot DC down 40 lctrl 0.335010051727
kek SNARC dot DC down 15 lctrl 0.311740875244
kek SNARC dot DC down 5 lctrl 0.289668083191
kek SNARC dot DC up 25 num_delete 0.402770996094
kek SNARC dot DC down 25 num_delete 0.375020027161
kek SNARC dot DC down 35 lctrl 0.563889026642
kek SNARC dot DC down 25 lctrl 0.330146074295
kek SNARC dot DC up 20 num_delete 0.458353996277
kek SNARC dot DC down 45 lctrl 0.93927192688
kek SNARC dot DC up 15 num_delete 0.457060098648
kek SNARC dot DC down 15 lctrl 0.420184135437
kek SNARC dot DC down 15 lctrl 0.312371969223
kek SNARC dot DC down 10 lctrl 0.298483848572
kek SNARC dot DC down 40 lctrl 0.355431079865
kek SNARC dot DC down 5 lctrl 0.307028055191
kek SNARC dot DC down 10 lctrl 0.332846879959
kek SNARC dot DC up 40 num_delete 0.587649106979
kek SNARC dot DC down 10 lctrl 0.425787210464
kek SNARC dot DC up 30 num_delete 0.389149904251
kek SNARC dot DC down 10 num_delete 0.523619174957
kek SNARC dot DC down 35 lctrl 0.53004193306
kek SNARC dot DC down 40 lctrl 0.297164916992
kek SNARC dot DC down 10 lctrl 0.379671096802
kek SNARC dot DC up 15 num_delete 0.529757976532
kek SNARC dot DC down 30 num_delete 0.513027906418
kek SNARC dot DC up 20 lctrl 0.409837007523
kek SNARC dot DC up 35 num_delete 0.597259044647
kek SNARC dot DC down 25 lctrl 0.729867935181
kek SNARC dot DC up 40 num_delete 0.495505094528
kek SNARC dot DC up 45 num_delete 0.321019887924
kek SNARC dot DC down 35 lctrl 1.07806611061
kek SNARC dot DC down 25 lctrl 0.301536083221
kek SNARC dot DC down 45 lctrl 0.293802976608
kek SNARC dot DC up 30 num_delete 0.502554178238
kek SNARC dot DC up 20 num_delete 0.383147001266
kek SNARC dot DC up 10 num_delete 0.33494591713
kek SNARC dot DC down 45 lctrl 0.893487930298
kek SNARC dot DC down 25 lctrl 0.531842947006
kek SNARC dot DC down 10 lctrl 0.325287103653
kek SNARC dot DC up 5 lctrl 0.286473989487
kek SNARC dot DC up 45 lctrl 0.422238826752
kek SNARC dot DC down 15 lctrl 0.738483905792
kek SNARC dot DC up 30 num_delete 0.816348075867
kek SNARC dot DC up 45 num_delete 0.3775639534
kek SNARC dot DC down 35 lctrl 0.526991844177
kek SNARC dot DC down 35 lctrl 0.325627088547
kek SNARC dot DC down 15 lctrl 0.310277938843
kek SNARC dot DC down 15 lctrl 0.375467061996
kek SNARC dot DC down 30 lctrl 0.381570100784
kek SNARC dot DC down 45 lctrl 0.305112838745
kek SNARC dot DC down 25 lctrl 0.36200594902
kek SNARC dot DC up 35 lctrl 0.287586927414
kek SNARC dot DC up 15 num_delete 0.425541877747
kek SNARC dot DC up 15 num_delete 0.35768699646
kek SNARC dot DC down 30 lctrl 0.572165966034
kek SNARC dot DC up 10 num_delete 0.538852930069
kek SNARC dot DC down 30 lctrl 0.410075187683
kek SNARC dot DC up 35 num_delete 0.533106803894
kek SNARC dot DC up 35 lctrl 0.627299070358
kek SNARC dot DC up 25 num_delete 0.454267978668
kek SNARC dot DC up 25 num_delete 0.584401845932
kek SNARC dot DC down 30 lctrl 0.790297985077
kek SNARC dot DC down 5 lctrl 0.35481095314
kek SNARC dot DC up 45 num_delete 1.09540700912
kek SNARC dot DC up 15 num_delete 0.327100038528
kek SNARC dot DC down 10 lctrl 0.688815832138
kek SNARC dot DC up 30 num_delete 0.608529090881
kek SNARC dot DC down 45 lctrl 0.402786970139
kek SNARC dot DC down 30 lctrl 0.42320895195
kek SNARC dot DC down 10 lctrl 0.444246053696
kek SNARC dot DC up 5 num_delete 0.568295001984
kek SNARC dot DC down 15 lctrl 0.43895316124
kek SNARC dot DC down 35 lctrl 0.897088050842
kek SNARC dot DC down 20 lctrl 0.442497968674
kek SNARC dot DC down 45 lctrl 0.338553905487
kek SNARC dot DC up 15 num_delete 0.466367959976
kek SNARC dot DC up 35 num_delete 2.63571000099
kek SNARC dot DC down 40 lctrl 0.43198299408
kek SNARC dot DC down 25 num_delete 0.555199146271
kek SNARC dot DC down 10 lctrl 0.378852128983
kek SNARC dot DC up 20 lctrl 0.185808897018
kek SNARC dot DC up 40 num_delete 0.421805858612
kek SNARC dot DC up 5 num_delete 0.610866069794
kek SNARC dot DC up 40 num_delete 0.373643159866
kek SNARC dot DC up 20 num_delete 0.428138971329
kek SNARC dot DC up 5 num_delete 0.377254962921
kek SNARC dot DC down 30 lctrl 0.375113964081
kek SNARC dot DC up 10 num_delete 0.437510967255
kek SNARC dot DC down 10 num_delete 0.482265949249
kek SNARC dot DC down 10 lctrl 0.485399961472
kek SNARC dot DC up 20 num_delete 0.431264877319
kek SNARC dot DC down 10 lctrl 0.47632598877
kek SNARC dot DC down 35 lctrl 0.44498705864
kek SNARC dot DC up 30 num_delete 0.423810958862
kek SNARC dot DC down 5 lctrl 0.405017137527
kek SNARC dot DC up 40 lctrl 0.408488988876
kek SNARC dot DC down 35 lctrl 0.700032949448
kek SNARC dot DC up 15 lctrl 0.365414857864
kek SNARC dot DC up 30 num_delete 0.538918018341
kek SNARC dot DC down 25 num_delete 0.825543880463
kek SNARC dot DC down 25 lctrl 0.563949108124
kek SNARC dot DC up 40 num_delete 0.600638151169
kek SNARC dot DC down 35 num_delete 0.868483066559
kek SNARC dot DC down 20 lctrl 0.662152051926
kek SNARC dot DC down 5 lctrl 0.417287826538
kek SNARC dot DC up 5 num_delete 0.550740003586
kek SNARC dot DC up 30 num_delete 2.19727087021
kek SNARC dot DC down 40 lctrl 0.405124902725
kek SNARC dot DC up 20 lctrl 0.457310914993
kek SNARC dot DC up 40 num_delete 0.49032497406
kek SNARC dot DC up 40 num_delete 0.346311092377
kek SNARC dot DC up 5 num_delete 0.330716848373
kek SNARC dot DC down 10 lctrl 0.532589912415
kek SNARC dot DC down 45 lctrl 0.617980003357
kek SNARC dot DC down 40 lctrl 0.356755018234
kek SNARC dot DC up 35 num_delete 0.490399122238
kek SNARC dot DC down 45 lctrl 0.425850868225
kek SNARC dot DC up 40 lctrl 0.42084312439
kek SNARC dot DC up 25 num_delete 0.328279972076
kek SNARC dot DC down 15 num_delete 0.255833864212
kek SNARC dot DC down 10 lctrl 0.49390912056
kek SNARC dot DC down 20 lctrl 0.710129022598
kek SNARC dot DC down 25 lctrl 0.309971809387
kek SNARC dot DC up 35 num_delete 0.933536052704
kek SNARC dot DC up 25 num_delete 0.355497837067
kek SNARC dot DC down 30 lctrl 0.394155979156
kek SNARC dot DC down 10 lctrl 0.424876928329
kek SNARC dot DC up 10 num_delete 0.50147986412
kek SNARC dot DC down 20 lctrl 0.414191007614
kek SNARC dot DC down 15 lctrl 0.378790140152
kek SNARC dot DC up 25 num_delete 0.544112205505
kek SNARC dot DC up 30 num_delete 0.454587221146
kek SNARC dot DC up 20 num_delete 0.425631999969
kek SNARC dot DC up 10 num_delete 0.358550071716
kek SNARC dot DC down 40 lctrl 0.476616859436
kek SNARC dot DC down 15 lctrl 0.326618909836
kek SNARC dot DC down 40 lctrl 0.349677085876
kek SNARC dot DC up 10 num_delete 0.902359962463
kek SNARC dot DC down 30 lctrl 0.405602931976
kek SNARC dot DC down 25 lctrl 0.29015994072
kek SNARC dot DC up 45 num_delete 0.417410135269
kek SNARC dot DC up 30 num_delete 0.438019990921
kek SNARC dot DC up 5 num_delete 0.290103912354
kek SNARC dot DC down 30 lctrl 0.42765212059
kek SNARC dot DC down 20 lctrl 0.327975988388
kek SNARC dot DC up 20 lctrl 0.296561956406
kek SNARC dot DC down 5 num_delete 0.387033939362
kek SNARC dot DC up 5 num_delete 1.36977720261
kek SNARC dot DC up 40 num_delete 0.507891178131
kek SNARC dot DC down 45 lctrl 0.54748916626
kek SNARC dot DC down 30 lctrl 0.337331056595
kek SNARC dot DC up 40 num_delete 0.503458976746
kek SNARC dot DC up 10 num_delete 1.36095404625
kek SNARC dot DC up 25 num_delete 0.347682952881
{'task': u'line', 'participant': u'kek', 'dateStr': u'09_22_1639', 'notation': u'arabic', 'response_buttons': u'DC', 'range_in_instr': True, 'interactive_setting': True, 'autopilot': False, 'exp_id': u'SNARC'}
kek SNARC arabic DC down 4 lctrl 1.68692994118
kek SNARC arabic DC down 4 lctrl 0.398390769958
kek SNARC arabic DC up 7 num_delete 0.428506135941
kek SNARC arabic DC down 6 lctrl 0.401700973511
kek SNARC arabic DC down 1 num_delete 0.368156909943
kek SNARC arabic DC down 8 lctrl 0.632514953613
kek SNARC arabic DC down 5 lctrl 0.325006008148
kek SNARC arabic DC up 9 num_delete 0.493436098099
kek SNARC arabic DC down 6 lctrl 0.352066993713
kek SNARC arabic DC up 1 num_delete 0.440341949463
kek SNARC arabic DC down 9 lctrl 0.388802051544
kek SNARC arabic DC down 7 lctrl 0.490782976151
kek SNARC arabic DC up 9 num_delete 0.397753953934
kek SNARC arabic DC up 9 num_delete 0.363550901413
kek SNARC arabic DC down 9 num_delete 0.507489919662
kek SNARC arabic DC down 5 lctrl 0.621621131897
kek SNARC arabic DC up 9 num_delete 0.433168172836
kek SNARC arabic DC up 3 num_delete 0.390152931213
kek SNARC arabic DC up 6 num_delete 0.412572860718
kek SNARC arabic DC up 8 num_delete 0.354584932327
kek SNARC arabic DC up 7 num_delete 0.402050971985
kek SNARC arabic DC up 6 num_delete 0.320371866226
kek SNARC arabic DC down 4 num_delete 0.329758882523
kek SNARC arabic DC up 9 num_delete 0.371220111847
kek SNARC arabic DC up 4 num_delete 0.410362958908
kek SNARC arabic DC down 6 lctrl 0.391916036606
kek SNARC arabic DC down 8 lctrl 0.318526029587
kek SNARC arabic DC up 1 num_delete 0.439864873886
kek SNARC arabic DC down 2 lctrl 0.348860025406
kek SNARC arabic DC down 5 lctrl 0.33173584938
kek SNARC arabic DC down 2 lctrl 0.342231988907
kek SNARC arabic DC down 6 lctrl 0.32684803009
kek SNARC arabic DC down 9 lctrl 0.304070949554
kek SNARC arabic DC up 9 lctrl 0.322022914886
kek SNARC arabic DC up 4 num_delete 0.514996051788
kek SNARC arabic DC up 7 num_delete 0.668479919434
kek SNARC arabic DC up 1 num_delete 0.447464942932
kek SNARC arabic DC up 5 num_delete 0.355834960938
kek SNARC arabic DC up 4 num_delete 0.33144903183
kek SNARC arabic DC up 1 num_delete 0.340883970261
kek SNARC arabic DC down 1 lctrl 0.509813785553
kek SNARC arabic DC down 1 lctrl 0.375087022781
kek SNARC arabic DC up 4 num_delete 0.5100440979
kek SNARC arabic DC down 1 num_delete 0.639276981354
kek SNARC arabic DC down 3 lctrl 0.499320030212
kek SNARC arabic DC down 7 lctrl 0.333051204681
kek SNARC arabic DC down 2 lctrl 0.366976976395
kek SNARC arabic DC up 3 num_delete 0.486256122589
kek SNARC arabic DC up 3 num_delete 0.352836847305
kek SNARC arabic DC up 7 num_delete 0.311779975891
kek SNARC arabic DC up 4 num_delete 0.329764127731
kek SNARC arabic DC up 1 num_delete 0.379628896713
kek SNARC arabic DC up 1 num_delete 0.338788032532
kek SNARC arabic DC down 5 lctrl 0.492100954056
kek SNARC arabic DC down 7 lctrl 0.294164896011
kek SNARC arabic DC up 7 num_delete 0.504197835922
kek SNARC arabic DC up 6 num_delete 0.497225999832
kek SNARC arabic DC down 4 num_delete 0.299663066864
kek SNARC arabic DC down 9 lctrl 0.398693084717
kek SNARC arabic DC up 1 num_delete 0.556857824326
kek SNARC arabic DC down 7 lctrl 0.477536916733
kek SNARC arabic DC up 8 num_delete 0.519324064255
kek SNARC arabic DC up 1 num_delete 0.423640012741
kek SNARC arabic DC down 5 lctrl 0.452879905701
kek SNARC arabic DC up 3 num_delete 0.408014059067
kek SNARC arabic DC down 5 lctrl 0.334175109863
kek SNARC arabic DC up 4 num_delete 0.462512016296
kek SNARC arabic DC down 6 num_delete 0.370731115341
kek SNARC arabic DC down 7 lctrl 0.554162979126
kek SNARC arabic DC up 5 num_delete 0.488976955414
kek SNARC arabic DC up 8 lctrl 0.507210016251
kek SNARC arabic DC up 7 num_delete 0.588757991791
kek SNARC arabic DC up 8 num_delete 0.32993388176
kek SNARC arabic DC down 1 lctrl 0.507863998413
kek SNARC arabic DC down 2 lctrl 0.341727972031
kek SNARC arabic DC up 1 num_delete 0.405729055405
kek SNARC arabic DC down 1 num_delete 0.627384901047
kek SNARC arabic DC down 1 lctrl 0.472085952759
kek SNARC arabic DC up 5 num_delete 0.642521858215
kek SNARC arabic DC up 3 num_delete 0.766195058823
kek SNARC arabic DC down 6 lctrl 0.597178936005
kek SNARC arabic DC up 8 num_delete 0.523042917252
kek SNARC arabic DC down 3 lctrl 0.435580968857
kek SNARC arabic DC down 8 lctrl 0.408999919891
kek SNARC arabic DC up 9 num_delete 0.470079183578
kek SNARC arabic DC up 5 num_delete 1.45677900314
kek SNARC arabic DC down 8 lctrl 0.897516965866
kek SNARC arabic DC down 4 lctrl 0.634484052658
kek SNARC arabic DC up 6 num_delete 0.454648017883
kek SNARC arabic DC down 7 lctrl 0.57032585144
kek SNARC arabic DC up 2 num_delete 0.400583982468
kek SNARC arabic DC up 8 num_delete 0.375056028366
kek SNARC arabic DC down 9 lctrl 0.534313201904
kek SNARC arabic DC up 7 num_delete 0.582774877548
kek SNARC arabic DC down 4 lctrl 0.437713861465
kek SNARC arabic DC down 8 lctrl 0.441862106323
kek SNARC arabic DC up 6 lctrl 0.374227046967
kek SNARC arabic DC down 8 lctrl 0.525167942047
kek SNARC arabic DC up 8 num_delete 0.445686101913
kek SNARC arabic DC up 2 num_delete 0.425835132599
kek SNARC arabic DC down 9 num_delete 0.430767059326
kek SNARC arabic DC down 5 lctrl 0.612215995789
kek SNARC arabic DC down 1 lctrl 1.00189089775
kek SNARC arabic DC down 7 lctrl 0.301810979843
kek SNARC arabic DC up 7 num_delete 0.488303899765
kek SNARC arabic DC down 5 lctrl 0.362661838531
kek SNARC arabic DC down 4 lctrl 0.298606872559
kek SNARC arabic DC up 3 lctrl 0.197297096252
kek SNARC arabic DC up 7 num_delete 0.476145982742
kek SNARC arabic DC down 3 lctrl 0.623389005661
kek SNARC arabic DC up 7 num_delete 0.395020961761
kek SNARC arabic DC down 6 num_delete 0.409497022629
kek SNARC arabic DC up 6 num_delete 0.543411016464
kek SNARC arabic DC down 3 lctrl 0.383655071259
kek SNARC arabic DC up 1 lctrl 0.430773019791
kek SNARC arabic DC down 3 num_delete 0.427606105804
kek SNARC arabic DC up 9 num_delete 2.16049098969
kek SNARC arabic DC up 1 num_delete 0.634598016739
kek SNARC arabic DC up 7 num_delete 0.502894163132
kek SNARC arabic DC up 5 num_delete 0.360614061356
kek SNARC arabic DC down 2 lctrl 0.584295988083
kek SNARC arabic DC down 2 lctrl 0.359071016312
kek SNARC arabic DC up 3 num_delete 0.646657943726
kek SNARC arabic DC down 9 num_delete 0.60231590271
kek SNARC arabic DC up 9 lctrl 0.480458974838
kek SNARC arabic DC down 4 lctrl 0.595165967941
kek SNARC arabic DC up 3 num_delete 0.512535810471
kek SNARC arabic DC down 5 lctrl 0.682443141937
kek SNARC arabic DC up 1 num_delete 0.452373981476
kek SNARC arabic DC down 4 num_delete 0.40925693512
kek SNARC arabic DC up 4 num_delete 0.438447952271
kek SNARC arabic DC down 6 lctrl 0.371248006821
kek SNARC arabic DC up 5 lctrl 0.48208117485
kek SNARC arabic DC up 9 num_delete 0.44509601593
kek SNARC arabic DC up 4 num_delete 0.496873140335
kek SNARC arabic DC down 3 lctrl 0.427317142487
kek SNARC arabic DC up 5 num_delete 0.376050949097
kek SNARC arabic DC down 1 lctrl 0.455395936966
kek SNARC arabic DC down 8 lctrl 0.499073982239
kek SNARC arabic DC down 4 lctrl 0.341710090637
kek SNARC arabic DC down 6 lctrl 0.373761177063
kek SNARC arabic DC down 8 lctrl 0.316762924194
kek SNARC arabic DC up 8 lctrl 0.310973167419
kek SNARC arabic DC up 6 num_delete 0.536559104919
kek SNARC arabic DC up 7 num_delete 0.39212012291
kek SNARC arabic DC up 8 num_delete 0.359086036682
kek SNARC arabic DC down 6 num_delete 0.398847103119
kek SNARC arabic DC down 8 lctrl 0.605566978455
kek SNARC arabic DC up 8 num_delete 0.626173019409
kek SNARC arabic DC down 7 num_delete 0.350444793701
kek SNARC arabic DC down 2 lctrl 0.671277999878
kek SNARC arabic DC up 6 num_delete 0.441694021225
kek SNARC arabic DC up 9 num_delete 0.501785993576
kek SNARC arabic DC up 4 num_delete 0.447983026505
kek SNARC arabic DC up 3 num_delete 0.356226921082
kek SNARC arabic DC up 7 lctrl 0.604287862778
kek SNARC arabic DC down 5 lctrl 0.857948064804
kek SNARC arabic DC down 1 lctrl 0.467872858047
kek SNARC arabic DC down 4 lctrl 0.695199012756
kek SNARC arabic DC down 9 lctrl 0.416636943817
kek SNARC arabic DC down 2 lctrl 0.479007005692
kek SNARC arabic DC down 4 lctrl 0.497232913971
kek SNARC arabic DC down 7 lctrl 0.459290027618
kek SNARC arabic DC down 9 lctrl 0.519113063812
kek SNARC arabic DC down 6 lctrl 0.456317901611
kek SNARC arabic DC up 8 num_delete 0.387726068497
kek SNARC arabic DC up 1 num_delete 0.386056900024
kek SNARC arabic DC down 2 lctrl 0.552624940872
kek SNARC arabic DC down 5 lctrl 0.368582963943
kek SNARC arabic DC up 1 num_delete 0.408186912537
kek SNARC arabic DC up 4 num_delete 0.526044130325
kek SNARC arabic DC up 7 num_delete 0.359001874924
kek SNARC arabic DC up 2 num_delete 0.414593935013
kek SNARC arabic DC up 1 num_delete 0.428163051605
kek SNARC arabic DC down 1 num_delete 0.433249950409
kek SNARC arabic DC down 4 lctrl 0.590496063232
kek SNARC arabic DC down 5 lctrl 0.34030008316
kek SNARC arabic DC up 7 num_delete 0.43669295311
kek SNARC arabic DC down 2 lctrl 0.321300983429
kek SNARC arabic DC up 4 num_delete 0.610198974609
kek SNARC arabic DC down 5 lctrl 0.415482997894
kek SNARC arabic DC up 2 num_delete 0.660974025726
kek SNARC arabic DC up 8 num_delete 0.359757184982
kek SNARC arabic DC down 5 lctrl 0.407947063446
kek SNARC arabic DC down 6 lctrl 0.357768058777
kek SNARC arabic DC up 9 num_delete 0.517313957214
kek SNARC arabic DC down 1 lctrl 0.591622114182
kek SNARC arabic DC down 7 lctrl 0.436718940735
kek SNARC arabic DC up 7 num_delete 0.504668951035
kek SNARC arabic DC down 6 lctrl 0.386349916458
kek SNARC arabic DC down 5 lctrl 0.361140012741
kek SNARC arabic DC down 5 lctrl 0.336619853973
kek SNARC arabic DC down 2 lctrl 0.361391067505
kek SNARC arabic DC down 2 lctrl 0.296970844269
kek SNARC arabic DC up 8 num_delete 0.427623987198
kek SNARC arabic DC down 6 lctrl 0.384712934494
kek SNARC arabic DC up 2 lctrl 0.480048179626
kek SNARC arabic DC down 5 lctrl 0.778929948807
kek SNARC arabic DC up 4 num_delete 0.704447031021
kek SNARC arabic DC down 3 num_delete 0.497406959534
kek SNARC arabic DC up 5 num_delete 0.667402982712
kek SNARC arabic DC down 2 num_delete 0.438236951828
kek SNARC arabic DC down 5 lctrl 0.738795042038
kek SNARC arabic DC down 4 lctrl 0.410183906555
kek SNARC arabic DC down 3 lctrl 0.351739883423
kek SNARC arabic DC up 2 num_delete 0.616199970245
kek SNARC arabic DC up 2 num_delete 0.501188993454
kek SNARC arabic DC up 3 num_delete 0.351401090622
kek SNARC arabic DC down 7 lctrl 0.584784984589
kek SNARC arabic DC down 9 lctrl 0.358575105667
kek SNARC arabic DC up 7 num_delete 0.558505058289
kek SNARC arabic DC down 8 lctrl 0.430217981339
kek SNARC arabic DC up 1 num_delete 0.506698846817
kek SNARC arabic DC down 8 lctrl 1.16425085068
kek SNARC arabic DC down 4 lctrl 0.353754043579
kek SNARC arabic DC up 6 num_delete 0.531464099884
kek SNARC arabic DC up 7 lctrl 0.818778038025
kek SNARC arabic DC down 6 lctrl 0.5188601017
kek SNARC arabic DC down 8 lctrl 0.352000951767
kek SNARC arabic DC down 3 lctrl 0.384493112564
kek SNARC arabic DC up 4 num_delete 0.527504920959
kek SNARC arabic DC up 4 num_delete 0.38410615921
kek SNARC arabic DC down 6 lctrl 0.38410282135
kek SNARC arabic DC down 8 lctrl 0.471114873886
kek SNARC arabic DC down 3 lctrl 0.393487930298
kek SNARC arabic DC down 9 lctrl 0.296838998795
kek SNARC arabic DC up 7 lctrl 0.17872595787
kek SNARC arabic DC up 3 num_delete 0.442290067673
kek SNARC arabic DC down 2 lctrl 0.44678902626
kek SNARC arabic DC down 9 lctrl 0.34711098671
kek SNARC arabic DC down 8 lctrl 0.555943012238
kek SNARC arabic DC up 2 num_delete 0.490617036819
kek SNARC arabic DC down 3 lctrl 0.460761070251
kek SNARC arabic DC down 5 lctrl 0.464554786682
kek SNARC arabic DC up 8 lctrl 0.315908193588
kek SNARC arabic DC down 5 lctrl 0.406025886536
kek SNARC arabic DC down 3 lctrl 0.731860160828
kek SNARC arabic DC up 6 num_delete 0.45200586319
kek SNARC arabic DC up 9 num_delete 0.407961845398
kek SNARC arabic DC up 4 num_delete 0.349510908127
kek SNARC arabic DC up 8 num_delete 0.357845067978
kek SNARC arabic DC up 9 num_delete 0.302145004272
kek SNARC arabic DC up 6 num_delete 0.319916009903
kek SNARC arabic DC up 1 num_delete 0.816946983337
kek SNARC arabic DC up 3 num_delete 0.341870069504
kek SNARC arabic DC down 4 num_delete 0.374660015106
kek SNARC arabic DC down 3 lctrl 1.15753006935
kek SNARC arabic DC up 3 lctrl 0.339188098907
kek SNARC arabic DC down 2 lctrl 0.379734992981
kek SNARC arabic DC down 8 lctrl 0.346238136292
kek SNARC arabic DC down 2 lctrl 0.395884990692
kek SNARC arabic DC down 5 lctrl 0.361780881882
kek SNARC arabic DC down 8 lctrl 0.449830055237
kek SNARC arabic DC up 3 num_delete 0.565717935562
kek SNARC arabic DC up 5 num_delete 0.644972085953
kek SNARC arabic DC down 4 lctrl 0.56071805954
kek SNARC arabic DC down 6 lctrl 0.464031934738
kek SNARC arabic DC down 7 lctrl 0.363700866699
kek SNARC arabic DC down 9 lctrl 0.33133482933
kek SNARC arabic DC down 2 lctrl 0.325664043427
kek SNARC arabic DC down 9 lctrl 0.246110916138
kek SNARC arabic DC up 5 lctrl 0.243052959442
kek SNARC arabic DC down 2 lctrl 0.279940843582
kek SNARC arabic DC up 9 num_delete 0.443061113358
kek SNARC arabic DC up 5 num_delete 0.415406942368
kek SNARC arabic DC down 8 lctrl 0.421301841736
kek SNARC arabic DC down 4 lctrl 0.377949953079
kek SNARC arabic DC up 4 num_delete 0.497328042984
kek SNARC arabic DC up 9 num_delete 0.459246873856
kek SNARC arabic DC down 3 lctrl 0.428470134735
kek SNARC arabic DC up 8 num_delete 0.387841939926
kek SNARC arabic DC up 3 lctrl 0.474483013153
kek SNARC arabic DC down 6 lctrl 0.357137918472
kek SNARC arabic DC down 1 lctrl 0.397723913193
kek SNARC arabic DC up 5 lctrl 0.347635984421
kek SNARC arabic DC up 3 num_delete 0.499783992767
kek SNARC arabic DC up 2 num_delete 0.429954051971
kek SNARC arabic DC down 9 lctrl 0.44337105751
kek SNARC arabic DC up 1 num_delete 0.423259973526
kek SNARC arabic DC up 7 num_delete 0.500398159027
kek SNARC arabic DC up 6 lctrl 0.774500846863
kek SNARC arabic DC down 1 lctrl 0.420694828033
kek SNARC arabic DC up 6 num_delete 0.513200044632
kek SNARC arabic DC up 2 num_delete 0.402718067169
kek SNARC arabic DC up 6 num_delete 0.768500089645
kek SNARC arabic DC down 1 num_delete 0.294950962067
kek SNARC arabic DC up 1 lctrl 0.665970087051
kek SNARC arabic DC down 7 lctrl 1.17310094833
kek SNARC arabic DC up 4 num_delete 1.43345499039
kek SNARC arabic DC down 9 lctrl 0.459843873978
kek SNARC arabic DC up 4 num_delete 0.518913984299
kek SNARC arabic DC up 4 num_delete 0.496196985245
kek SNARC arabic DC up 9 num_delete 0.522319078445
kek SNARC arabic DC up 8 num_delete 0.3948969841
kek SNARC arabic DC down 8 lctrl 0.561723947525
kek SNARC arabic DC up 9 num_delete 0.416754007339
kek SNARC arabic DC up 7 num_delete 0.350428104401
kek SNARC arabic DC down 6 lctrl 0.487816095352
kek SNARC arabic DC down 3 lctrl 0.553276062012
kek SNARC arabic DC up 1 num_delete 0.632884979248
kek SNARC arabic DC down 9 lctrl 0.556818962097
kek SNARC arabic DC up 2 lctrl 0.404721021652
kek SNARC arabic DC down 2 lctrl 0.393879890442
kek SNARC arabic DC down 3 lctrl 0.448431015015
kek SNARC arabic DC down 2 lctrl 0.380547046661
kek SNARC arabic DC up 8 num_delete 0.523437976837
kek SNARC arabic DC down 2 num_delete 0.860161066055
kek SNARC arabic DC up 1 num_delete 0.582476139069
kek SNARC arabic DC down 5 lctrl 0.645318984985
kek SNARC arabic DC down 2 lctrl 0.344881057739
kek SNARC arabic DC up 9 num_delete 0.456942081451
kek SNARC arabic DC down 2 num_delete 0.524792909622
kek SNARC arabic DC up 6 num_delete 0.509511947632
kek SNARC arabic DC up 7 num_delete 0.654791116714
kek SNARC arabic DC up 8 num_delete 0.345495939255
kek SNARC arabic DC up 3 num_delete 0.338322877884
kek SNARC arabic DC down 4 lctrl 0.522926092148
kek SNARC arabic DC up 7 num_delete 0.451553106308
kek SNARC arabic DC down 3 lctrl 0.392410993576
kek SNARC arabic DC up 9 num_delete 0.342418909073
kek SNARC arabic DC up 3 num_delete 0.414901018143
kek SNARC arabic DC down 6 lctrl 0.476850986481
kek SNARC arabic DC up 9 num_delete 0.487395048141
kek SNARC arabic DC down 7 num_delete 0.353450059891
kek SNARC arabic DC down 2 lctrl 0.465522050858
kek SNARC arabic DC up 2 num_delete 0.772830963135
kek SNARC arabic DC down 8 lctrl 0.475082874298
kek SNARC arabic DC up 3 num_delete 0.429425001144
kek SNARC arabic DC down 3 num_delete 0.426737070084
kek SNARC arabic DC up 2 num_delete 0.735488891602
kek SNARC arabic DC down 7 lctrl 0.600392103195
kek SNARC arabic DC down 2 lctrl 0.37355017662
kek SNARC arabic DC up 1 num_delete 0.492628097534
kek SNARC arabic DC up 5 num_delete 0.414520978928
kek SNARC arabic DC up 9 num_delete 0.348174095154
kek SNARC arabic DC down 3 lctrl 0.502249002457
kek SNARC arabic DC down 6 lctrl 0.391340970993
kek SNARC arabic DC down 1 lctrl 0.333919048309
kek SNARC arabic DC down 1 lctrl 0.374915122986
kek SNARC arabic DC down 6 lctrl 0.414093971252
kek SNARC arabic DC up 5 num_delete 0.435535907745
kek SNARC arabic DC down 3 lctrl 0.40826010704
kek SNARC arabic DC up 5 lctrl 0.61400103569
kek SNARC arabic DC down 3 lctrl 0.354944944382
kek SNARC arabic DC down 2 lctrl 0.395369052887
kek SNARC arabic DC up 5 num_delete 0.681040048599
kek SNARC arabic DC up 5 num_delete 0.427150011063
kek SNARC arabic DC down 1 lctrl 0.680500984192
kek SNARC arabic DC down 7 lctrl 0.323364019394
kek SNARC arabic DC down 4 lctrl 0.29213809967
kek SNARC arabic DC down 6 lctrl 0.382524013519
kek SNARC arabic DC up 9 num_delete 0.45361495018
kek SNARC arabic DC up 5 num_delete 0.425266981125
kek SNARC arabic DC down 7 lctrl 0.758239984512
kek SNARC arabic DC down 6 lctrl 0.397079944611
kek SNARC arabic DC up 2 lctrl 0.323552131653
kek SNARC arabic DC up 6 num_delete 0.468065977097
kek SNARC arabic DC up 4 num_delete 0.367939949036
kek SNARC arabic DC up 8 num_delete 0.375967979431
kek SNARC arabic DC up 8 num_delete 0.463168859482
