{'task': u'line', 'participant': u'kukorica', 'dateStr': u'09_22_1224', 'notation': u'dot', 'response_buttons': u'DC', 'range_in_instr': True, 'interactive_setting': True, 'autopilot': False, 'exp_id': u'SNARC'}
kukorica SNARC dot DC down 45 lctrl 1.03053466371
kukorica SNARC dot DC down 40 lctrl 0.630425265124
kukorica SNARC dot DC down 25 lctrl 0.611144727048
kukorica SNARC dot DC down 20 lctrl 0.538522755151
kukorica SNARC dot DC down 15 lctrl 0.630990806109
kukorica SNARC dot DC down 25 lctrl 0.526794778965
kukorica SNARC dot DC up 40 num_decimal 0.590383843446
kukorica SNARC dot DC down 20 lctrl 0.475589872197
kukorica SNARC dot DC up 35 num_decimal 0.499643912158
kukorica SNARC dot DC down 5 lctrl 0.329867528323
kukorica SNARC dot DC down 35 lctrl 0.477651857029
kukorica SNARC dot DC down 10 lctrl 0.489045968053
kukorica SNARC dot DC up 35 num_decimal 0.525415222921
kukorica SNARC dot DC down 40 lctrl 0.525628000718
kukorica SNARC dot DC down 35 lctrl 0.471857161705
kukorica SNARC dot DC up 45 num_decimal 0.506461900701
kukorica SNARC dot DC down 45 lctrl 0.55845107563
kukorica SNARC dot DC up 30 num_decimal 0.449019594805
kukorica SNARC dot DC up 20 num_decimal 0.468776783143
kukorica SNARC dot DC up 10 num_decimal 0.4932707272
kukorica SNARC dot DC up 35 num_decimal 0.62746842367
kukorica SNARC dot DC down 10 lctrl 0.542255115679
kukorica SNARC dot DC up 35 num_decimal 0.51989314915
kukorica SNARC dot DC up 35 num_decimal 0.416369751816
kukorica SNARC dot DC down 10 lctrl 0.411592400333
kukorica SNARC dot DC down 10 lctrl 0.41539300374
kukorica SNARC dot DC up 10 num_decimal 0.473481342222
kukorica SNARC dot DC down 30 lctrl 0.400905215541
kukorica SNARC dot DC down 40 num_decimal 0.437400107299
kukorica SNARC dot DC down 5 lctrl 0.691119431687
kukorica SNARC dot DC down 20 lctrl 0.419286697433
kukorica SNARC dot DC up 35 num_decimal 0.458989004497
kukorica SNARC dot DC down 20 num_decimal 0.478767890571
kukorica SNARC dot DC down 45 lctrl 0.395794698823
kukorica SNARC dot DC up 10 num_decimal 0.723735678182
kukorica SNARC dot DC down 40 lctrl 0.45354777229
kukorica SNARC dot DC up 25 num_decimal 0.681358250267
kukorica SNARC dot DC up 45 num_decimal 0.453868338839
kukorica SNARC dot DC up 40 num_decimal 0.462050485032
kukorica SNARC dot DC down 30 lctrl 0.473591230755
kukorica SNARC dot DC up 25 lctrl 0.523127861608
kukorica SNARC dot DC up 10 num_decimal 0.361528374514
kukorica SNARC dot DC up 10 num_decimal 0.58744590002
kukorica SNARC dot DC down 35 lctrl 0.684054018963
kukorica SNARC dot DC down 15 lctrl 0.621921152528
kukorica SNARC dot DC up 5 num_decimal 0.575400856921
kukorica SNARC dot DC up 20 num_decimal 0.562134091308
kukorica SNARC dot DC down 45 lctrl 0.561434514308
kukorica SNARC dot DC down 40 lctrl 0.416462492139
kukorica SNARC dot DC down 45 lctrl 0.438452447487
kukorica SNARC dot DC down 5 lctrl 0.347510237307
kukorica SNARC dot DC down 40 lctrl 0.388270483975
kukorica SNARC dot DC down 25 lctrl 0.501048315608
kukorica SNARC dot DC up 45 num_decimal 0.490579508028
kukorica SNARC dot DC up 20 num_decimal 0.611993738453
kukorica SNARC dot DC up 15 num_decimal 0.474809453634
kukorica SNARC dot DC down 10 lctrl 0.3952113097
kukorica SNARC dot DC down 40 lctrl 0.410814081551
kukorica SNARC dot DC up 25 num_decimal 0.487532375997
kukorica SNARC dot DC down 10 lctrl 0.344452256407
kukorica SNARC dot DC up 30 num_decimal 0.424768175441
kukorica SNARC dot DC down 20 lctrl 0.437534843239
kukorica SNARC dot DC up 25 num_decimal 0.541870155849
kukorica SNARC dot DC down 30 lctrl 0.438050339447
kukorica SNARC dot DC down 35 lctrl 0.4375610905
kukorica SNARC dot DC up 40 num_decimal 0.49607743432
kukorica SNARC dot DC up 10 num_decimal 0.514094954192
kukorica SNARC dot DC up 40 num_decimal 0.450594430471
kukorica SNARC dot DC down 35 lctrl 0.53638552817
kukorica SNARC dot DC up 5 num_decimal 0.400264082443
kukorica SNARC dot DC up 45 num_decimal 0.488549369873
kukorica SNARC dot DC up 40 num_decimal 0.494649933279
kukorica SNARC dot DC up 5 num_decimal 0.543892944771
kukorica SNARC dot DC down 20 lctrl 0.447097245402
kukorica SNARC dot DC down 5 lctrl 0.475763804047
kukorica SNARC dot DC up 10 num_decimal 0.445379624636
kukorica SNARC dot DC up 5 num_decimal 0.452103822966
kukorica SNARC dot DC up 20 num_decimal 0.397968671969
kukorica SNARC dot DC down 5 lctrl 0.441953132191
kukorica SNARC dot DC up 25 num_decimal 0.445452067077
kukorica SNARC dot DC up 10 num_decimal 0.547135356426
kukorica SNARC dot DC down 30 lctrl 0.478137606341
kukorica SNARC dot DC down 35 lctrl 0.506263121443
kukorica SNARC dot DC down 35 lctrl 0.373561868819
kukorica SNARC dot DC up 35 num_decimal 0.411747784119
kukorica SNARC dot DC up 15 num_decimal 0.44777757441
kukorica SNARC dot DC up 20 num_decimal 0.396066970412
kukorica SNARC dot DC down 5 lctrl 0.356092391759
kukorica SNARC dot DC down 35 lctrl 0.363626405585
kukorica SNARC dot DC up 35 num_decimal 0.759082339758
kukorica SNARC dot DC down 20 lctrl 0.939013963893
kukorica SNARC dot DC up 20 num_decimal 0.392074587017
kukorica SNARC dot DC up 35 num_decimal 0.515486758957
kukorica SNARC dot DC up 35 num_decimal 0.459685781789
kukorica SNARC dot DC up 35 num_decimal 0.44009937563
kukorica SNARC dot DC down 30 lctrl 0.60910723966
kukorica SNARC dot DC up 15 num_decimal 0.374095563128
kukorica SNARC dot DC down 40 lctrl 0.685264892608
kukorica SNARC dot DC down 40 lctrl 0.400290329704
kukorica SNARC dot DC down 25 lctrl 0.534881385127
kukorica SNARC dot DC down 5 lctrl 0.58069755421
kukorica SNARC dot DC up 35 num_decimal 0.680630676189
kukorica SNARC dot DC up 30 num_decimal 0.560540357614
kukorica SNARC dot DC down 40 lctrl 0.523275546197
kukorica SNARC dot DC up 5 num_decimal 0.536297337373
kukorica SNARC dot DC down 30 lctrl 0.482339617861
kukorica SNARC dot DC up 40 num_decimal 1.05331378671
kukorica SNARC dot DC up 45 num_decimal 0.485847301834
kukorica SNARC dot DC up 30 num_decimal 0.486518181828
kukorica SNARC dot DC down 45 lctrl 0.462267812354
kukorica SNARC dot DC up 35 num_decimal 0.433373777446
kukorica SNARC dot DC up 10 num_decimal 0.440919340067
kukorica SNARC dot DC down 20 lctrl 0.417510282802
kukorica SNARC dot DC down 25 lctrl 0.479332031703
kukorica SNARC dot DC down 30 lctrl 0.463066778982
kukorica SNARC dot DC up 40 num_decimal 0.537594302035
kukorica SNARC dot DC up 15 num_decimal 0.366587096636
kukorica SNARC dot DC up 25 num_decimal 0.445431419231
kukorica SNARC dot DC down 20 lctrl 0.431484674574
kukorica SNARC dot DC down 45 lctrl 0.385074617464
kukorica SNARC dot DC up 25 num_decimal 0.448945752511
kukorica SNARC dot DC down 30 lctrl 0.442694004881
kukorica SNARC dot DC down 25 lctrl 0.407977627535
kukorica SNARC dot DC down 40 lctrl 0.382422244239
kukorica SNARC dot DC down 35 lctrl 0.360804999998
kukorica SNARC dot DC down 5 lctrl 0.359320454911
kukorica SNARC dot DC down 15 lctrl 0.3505836166
kukorica SNARC dot DC down 40 lctrl 0.384870588754
kukorica SNARC dot DC up 20 num_decimal 0.47418581871
kukorica SNARC dot DC up 5 num_decimal 0.38921188574
kukorica SNARC dot DC down 30 lctrl 0.510019629452
kukorica SNARC dot DC up 35 num_decimal 0.43310570542
kukorica SNARC dot DC up 15 num_decimal 0.506921752715
kukorica SNARC dot DC up 35 num_decimal 0.446064853133
kukorica SNARC dot DC up 5 num_decimal 0.485769259978
kukorica SNARC dot DC down 15 lctrl 0.527698384674
kukorica SNARC dot DC up 10 num_decimal 0.45329544862
kukorica SNARC dot DC up 5 num_decimal 0.578253409257
kukorica SNARC dot DC up 5 num_decimal 0.39758476203
kukorica SNARC dot DC up 15 num_decimal 0.397742245597
kukorica SNARC dot DC down 10 lctrl 0.637695056521
kukorica SNARC dot DC down 35 lctrl 0.382735461555
kukorica SNARC dot DC down 15 lctrl 0.52526228888
kukorica SNARC dot DC up 30 num_decimal 0.635466139108
kukorica SNARC dot DC up 10 num_decimal 0.497776157058
kukorica SNARC dot DC up 40 num_decimal 0.528724827564
kukorica SNARC dot DC up 5 num_decimal 0.694501828734
kukorica SNARC dot DC down 35 lctrl 0.470541648979
kukorica SNARC dot DC down 45 lctrl 0.390062646963
kukorica SNARC dot DC down 30 lctrl 0.422210642319
kukorica SNARC dot DC down 35 lctrl 0.488048572132
kukorica SNARC dot DC up 25 num_decimal 0.595364173748
kukorica SNARC dot DC down 25 lctrl 0.428023885708
kukorica SNARC dot DC down 40 lctrl 0.380315114118
kukorica SNARC dot DC up 40 lctrl 0.495383456736
kukorica SNARC dot DC up 35 num_decimal 0.273131798697
kukorica SNARC dot DC up 15 num_decimal 0.372887839154
kukorica SNARC dot DC up 20 num_decimal 0.376761584929
kukorica SNARC dot DC up 25 num_decimal 0.421894625296
kukorica SNARC dot DC down 30 lctrl 0.431361487429
kukorica SNARC dot DC down 25 lctrl 0.374363635155
kukorica SNARC dot DC down 30 lctrl 0.349257954932
kukorica SNARC dot DC down 5 lctrl 0.36763698708
kukorica SNARC dot DC down 45 lctrl 0.702546789243
kukorica SNARC dot DC down 5 lctrl 0.533885039096
kukorica SNARC dot DC down 5 lctrl 0.453942181133
kukorica SNARC dot DC down 35 lctrl 0.501176402242
kukorica SNARC dot DC up 25 num_decimal 0.512915927223
kukorica SNARC dot DC up 20 num_decimal 0.628058812063
kukorica SNARC dot DC up 5 num_decimal 0.503248536015
kukorica SNARC dot DC up 25 num_decimal 0.426600934192
kukorica SNARC dot DC up 35 num_decimal 0.34382827152
kukorica SNARC dot DC down 35 lctrl 0.425549993858
kukorica SNARC dot DC up 15 num_decimal 0.446864869651
kukorica SNARC dot DC up 30 num_decimal 0.35831710961
kukorica SNARC dot DC up 40 num_decimal 0.399398622754
kukorica SNARC dot DC up 10 num_decimal 0.383037830002
kukorica SNARC dot DC up 25 num_decimal 0.345761119827
kukorica SNARC dot DC down 40 lctrl 0.479780684885
kukorica SNARC dot DC down 40 lctrl 0.519809857841
kukorica SNARC dot DC up 20 num_decimal 0.497536782037
kukorica SNARC dot DC up 30 num_decimal 0.33898092734
kukorica SNARC dot DC up 30 num_decimal 0.357747019099
kukorica SNARC dot DC up 5 num_decimal 0.352482168486
kukorica SNARC dot DC up 45 num_decimal 0.394783654326
kukorica SNARC dot DC up 30 num_decimal 0.338482229379
kukorica SNARC dot DC up 15 num_decimal 0.342743384728
kukorica SNARC dot DC up 15 num_decimal 0.305917427516
kukorica SNARC dot DC down 20 lctrl 0.400881418024
kukorica SNARC dot DC up 25 num_decimal 0.461418450985
kukorica SNARC dot DC down 5 lctrl 0.666062396389
kukorica SNARC dot DC down 25 lctrl 0.445453466931
kukorica SNARC dot DC down 10 lctrl 0.398628703095
kukorica SNARC dot DC down 30 lctrl 0.381383202663
kukorica SNARC dot DC up 15 num_decimal 0.681251861368
kukorica SNARC dot DC up 5 num_decimal 0.344883761379
kukorica SNARC dot DC down 10 lctrl 0.510475981831
kukorica SNARC dot DC down 40 lctrl 0.448797717958
kukorica SNARC dot DC up 10 num_decimal 0.657812357281
kukorica SNARC dot DC up 10 num_decimal 0.4482108292
kukorica SNARC dot DC down 15 lctrl 0.459878261703
kukorica SNARC dot DC down 45 lctrl 0.375792536049
kukorica SNARC dot DC down 30 lctrl 0.413656484946
kukorica SNARC dot DC down 15 lctrl 0.368441903087
kukorica SNARC dot DC down 15 lctrl 0.333730075267
kukorica SNARC dot DC up 15 num_decimal 0.522944480743
kukorica SNARC dot DC up 25 num_decimal 0.363580210405
kukorica SNARC dot DC down 30 lctrl 0.593740343195
kukorica SNARC dot DC up 40 num_decimal 0.438163027688
kukorica SNARC dot DC down 5 lctrl 0.688527602145
kukorica SNARC dot DC down 15 lctrl 0.427363154655
kukorica SNARC dot DC up 20 num_decimal 0.547839832913
kukorica SNARC dot DC down 25 lctrl 0.499400687538
kukorica SNARC dot DC down 45 lctrl 0.516428510685
kukorica SNARC dot DC up 20 num_decimal 0.457820476433
kukorica SNARC dot DC down 45 lctrl 0.651209246315
kukorica SNARC dot DC up 25 num_decimal 0.778396474328
kukorica SNARC dot DC down 45 lctrl 0.439889397541
kukorica SNARC dot DC down 5 lctrl 0.461503142147
kukorica SNARC dot DC down 25 lctrl 0.393517836414
kukorica SNARC dot DC up 5 num_decimal 0.510698208642
kukorica SNARC dot DC up 10 num_decimal 0.34634450895
kukorica SNARC dot DC down 20 lctrl 0.800467971167
kukorica SNARC dot DC up 20 num_decimal 0.359190268496
kukorica SNARC dot DC up 10 num_decimal 0.363999466656
kukorica SNARC dot DC down 45 lctrl 0.413283423875
kukorica SNARC dot DC down 15 lctrl 0.512494571191
kukorica SNARC dot DC up 25 num_decimal 0.491535958223
kukorica SNARC dot DC down 40 lctrl 0.576694321947
kukorica SNARC dot DC up 45 num_decimal 0.423237435174
kukorica SNARC dot DC down 30 lctrl 0.492305877882
kukorica SNARC dot DC up 45 num_decimal 0.429824097855
kukorica SNARC dot DC up 40 num_decimal 0.414184229876
kukorica SNARC dot DC down 25 lctrl 0.611588480742
kukorica SNARC dot DC down 15 lctrl 0.419801843678
kukorica SNARC dot DC down 30 lctrl 0.514238439219
kukorica SNARC dot DC up 45 num_decimal 0.474106726963
kukorica SNARC dot DC up 15 num_decimal 0.498233909292
kukorica SNARC dot DC down 35 lctrl 0.491356426957
kukorica SNARC dot DC down 15 lctrl 0.389879266099
kukorica SNARC dot DC up 15 num_decimal 0.4544475284
kukorica SNARC dot DC down 15 lctrl 0.437647881444
kukorica SNARC dot DC up 45 num_decimal 0.433329332084
kukorica SNARC dot DC up 45 num_decimal 0.382859348627
kukorica SNARC dot DC up 30 num_decimal 0.395260654551
kukorica SNARC dot DC up 35 num_decimal 0.341990263316
kukorica SNARC dot DC up 5 num_decimal 0.432746292924
kukorica SNARC dot DC down 45 lctrl 0.47998016407
kukorica SNARC dot DC up 10 num_decimal 0.496604829286
kukorica SNARC dot DC down 10 lctrl 0.402314868443
kukorica SNARC dot DC up 35 num_decimal 0.39151394552
kukorica SNARC dot DC down 20 lctrl 0.388792979453
kukorica SNARC dot DC up 20 num_decimal 0.395301950242
kukorica SNARC dot DC up 10 num_decimal 0.375705395142
kukorica SNARC dot DC up 25 num_decimal 0.420765293142
kukorica SNARC dot DC down 45 lctrl 0.544039929433
kukorica SNARC dot DC down 10 lctrl 0.509218563043
kukorica SNARC dot DC up 10 num_decimal 0.402710677141
kukorica SNARC dot DC up 45 num_decimal 0.445879022524
kukorica SNARC dot DC down 40 lctrl 0.433772035888
kukorica SNARC dot DC down 15 lctrl 0.42637345793
kukorica SNARC dot DC up 40 num_decimal 0.435234183313
kukorica SNARC dot DC up 10 num_decimal 0.358224719251
kukorica SNARC dot DC down 10 lctrl 0.398020116601
kukorica SNARC dot DC down 45 lctrl 0.477288944899
kukorica SNARC dot DC down 5 lctrl 0.397360785402
kukorica SNARC dot DC down 25 lctrl 0.351530267817
kukorica SNARC dot DC down 25 lctrl 0.361421985616
kukorica SNARC dot DC up 25 num_decimal 0.382997584202
kukorica SNARC dot DC up 45 num_decimal 0.337087624906
kukorica SNARC dot DC down 20 lctrl 0.479174198172
kukorica SNARC dot DC down 20 lctrl 0.356054245739
kukorica SNARC dot DC down 30 lctrl 0.382525133502
kukorica SNARC dot DC up 35 num_decimal 0.399077706241
kukorica SNARC dot DC up 10 num_decimal 0.456045111693
kukorica SNARC dot DC up 30 num_decimal 0.385093165528
kukorica SNARC dot DC up 25 num_decimal 0.376050109171
kukorica SNARC dot DC down 45 lctrl 0.623185570586
kukorica SNARC dot DC up 30 num_decimal 0.632957950838
kukorica SNARC dot DC down 15 lctrl 0.429750955488
kukorica SNARC dot DC down 35 lctrl 0.371325602173
kukorica SNARC dot DC down 25 lctrl 0.45860019507
kukorica SNARC dot DC down 30 lctrl 0.335265365059
kukorica SNARC dot DC up 10 num_decimal 0.503204090653
kukorica SNARC dot DC down 45 lctrl 0.5082271165
kukorica SNARC dot DC down 35 lctrl 0.503463763556
kukorica SNARC dot DC down 30 lctrl 0.369865204566
kukorica SNARC dot DC down 30 lctrl 0.367583092704
kukorica SNARC dot DC down 20 lctrl 0.351544966283
kukorica SNARC dot DC down 20 lctrl 0.345080440856
kukorica SNARC dot DC down 10 lctrl 0.346969543728
kukorica SNARC dot DC up 15 num_decimal 0.489908278071
kukorica SNARC dot DC up 20 num_decimal 0.495782415105
kukorica SNARC dot DC up 5 num_decimal 0.30055668691
kukorica SNARC dot DC up 25 num_decimal 0.335274814073
kukorica SNARC dot DC up 20 num_decimal 0.479010765227
kukorica SNARC dot DC up 15 num_decimal 0.403713322515
kukorica SNARC dot DC up 45 num_decimal 0.409141956037
kukorica SNARC dot DC up 20 num_decimal 0.486291405492
kukorica SNARC dot DC down 35 lctrl 0.420014621474
kukorica SNARC dot DC down 40 lctrl 0.642630591498
kukorica SNARC dot DC up 30 num_decimal 0.426132683055
kukorica SNARC dot DC up 25 num_decimal 0.412025305159
kukorica SNARC dot DC down 45 lctrl 0.461371555878
kukorica SNARC dot DC down 10 lctrl 0.300893351779
kukorica SNARC dot DC up 15 num_decimal 0.463660317046
kukorica SNARC dot DC down 40 lctrl 0.418351944975
kukorica SNARC dot DC up 15 num_decimal 0.582498466285
kukorica SNARC dot DC up 10 num_decimal 0.324805306566
kukorica SNARC dot DC down 10 lctrl 0.34791269531
kukorica SNARC dot DC up 40 num_decimal 0.358525337881
kukorica SNARC dot DC down 45 lctrl 0.396958327399
kukorica SNARC dot DC up 20 num_decimal 0.487937283744
kukorica SNARC dot DC down 40 lctrl 0.424838168137
kukorica SNARC dot DC down 15 lctrl 0.384168212047
kukorica SNARC dot DC up 20 num_decimal 0.798583067857
kukorica SNARC dot DC up 20 num_decimal 0.447498303552
kukorica SNARC dot DC up 30 num_decimal 0.397436377514
kukorica SNARC dot DC up 5 num_decimal 0.379384211258
kukorica SNARC dot DC up 45 num_decimal 0.364750488287
kukorica SNARC dot DC down 25 lctrl 0.407732303134
kukorica SNARC dot DC up 40 num_decimal 0.32991442343
kukorica SNARC dot DC up 45 num_decimal 0.331334925201
kukorica SNARC dot DC down 5 lctrl 0.491702190876
kukorica SNARC dot DC down 45 lctrl 0.401319222339
kukorica SNARC dot DC down 15 lctrl 0.344883061453
kukorica SNARC dot DC down 15 lctrl 0.323293464327
kukorica SNARC dot DC down 35 lctrl 0.360102973255
kukorica SNARC dot DC up 45 num_decimal 0.417109574616
kukorica SNARC dot DC up 5 num_decimal 0.353223041176
kukorica SNARC dot DC up 5 num_decimal 0.303171964006
kukorica SNARC dot DC up 5 num_decimal 0.335060986386
kukorica SNARC dot DC up 30 num_decimal 0.277096185013
kukorica SNARC dot DC up 25 num_decimal 0.30181130599
kukorica SNARC dot DC down 5 lctrl 0.450910447495
kukorica SNARC dot DC up 20 num_decimal 0.427076534564
kukorica SNARC dot DC down 15 lctrl 0.617115454002
kukorica SNARC dot DC down 5 lctrl 0.407273151047
kukorica SNARC dot DC up 15 num_decimal 0.442458129494
kukorica SNARC dot DC down 20 lctrl 0.42168289739
kukorica SNARC dot DC up 30 num_decimal 0.319197491742
kukorica SNARC dot DC down 10 lctrl 0.693858245892
kukorica SNARC dot DC down 40 lctrl 0.372178463177
kukorica SNARC dot DC up 25 num_decimal 0.447750977186
kukorica SNARC dot DC up 5 num_decimal 0.417626820641
kukorica SNARC dot DC down 5 lctrl 0.386717696008
kukorica SNARC dot DC up 20 num_decimal 1.09502488415
kukorica SNARC dot DC down 25 lctrl 0.812093058089
kukorica SNARC dot DC down 30 lctrl 0.554310307719
kukorica SNARC dot DC up 40 num_decimal 0.456870325582
kukorica SNARC dot DC down 30 lctrl 0.747131086871
kukorica SNARC dot DC up 20 num_decimal 0.538094049886
kukorica SNARC dot DC down 30 lctrl 0.582374229249
kukorica SNARC dot DC up 45 num_decimal 0.361608866115
kukorica SNARC dot DC down 15 lctrl 0.377383819998
kukorica SNARC dot DC up 15 num_decimal 0.307413521399
kukorica SNARC dot DC up 40 num_decimal 0.395792599042
kukorica SNARC dot DC down 40 lctrl 0.504572797829
kukorica SNARC dot DC down 10 lctrl 0.419232803057
kukorica SNARC dot DC down 35 lctrl 0.346731568561
{'task': u'line', 'participant': u'kukorica', 'dateStr': u'09_22_1232', 'notation': u'arabic', 'response_buttons': u'CD', 'range_in_instr': True, 'interactive_setting': True, 'autopilot': False, 'exp_id': u'SNARC'}
kukorica SNARC arabic CD up 2 num_decimal 3.90511440131
kukorica SNARC arabic CD down 2 lctrl 1.12917222088
kukorica SNARC arabic CD down 8 lctrl 0.742455924724
kukorica SNARC arabic CD down 9 lctrl 23.5487119419
kukorica SNARC arabic CD up 5 num_decimal 1.96076454422
{'task': u'line', 'participant': u'kukorica', 'dateStr': u'09_22_1233', 'notation': u'arabic', 'response_buttons': u'DC', 'range_in_instr': True, 'interactive_setting': True, 'autopilot': False, 'exp_id': u'SNARC'}
kukorica SNARC arabic DC up 8 num_decimal 0.657272013665
kukorica SNARC arabic DC down 3 lctrl 0.700013053638
kukorica SNARC arabic DC up 3 num_decimal 0.531376850826
kukorica SNARC arabic DC down 9 lctrl 0.56097221255
kukorica SNARC arabic DC down 2 lctrl 0.411751283754
kukorica SNARC arabic DC up 9 num_decimal 0.465312844605
kukorica SNARC arabic DC down 1 lctrl 0.551782871457
kukorica SNARC arabic DC up 5 num_decimal 1.17020333928
kukorica SNARC arabic DC down 6 lctrl 0.434270383885
kukorica SNARC arabic DC up 7 num_decimal 0.530314361696
kukorica SNARC arabic DC up 4 num_decimal 0.443052367485
kukorica SNARC arabic DC up 8 num_decimal 0.399065807483
kukorica SNARC arabic DC up 5 num_decimal 0.33875870053
kukorica SNARC arabic DC up 8 num_decimal 0.341086307644
kukorica SNARC arabic DC down 7 lctrl 0.409292440334
kukorica SNARC arabic DC down 7 lctrl 0.407792496853
kukorica SNARC arabic DC down 4 lctrl 0.568528624038
kukorica SNARC arabic DC up 3 num_decimal 0.652383023831
kukorica SNARC arabic DC up 6 num_decimal 0.53950685246
kukorica SNARC arabic DC up 5 num_decimal 0.400826823721
kukorica SNARC arabic DC down 7 lctrl 0.622572434566
kukorica SNARC arabic DC up 8 num_decimal 0.958794949747
kukorica SNARC arabic DC down 6 lctrl 1.23814035005
kukorica SNARC arabic DC up 9 num_decimal 0.636452686162
kukorica SNARC arabic DC down 7 num_decimal 0.452551776222
kukorica SNARC arabic DC up 2 num_decimal 0.851519943894
kukorica SNARC arabic DC up 9 num_decimal 0.974243037739
kukorica SNARC arabic DC up 5 num_decimal 0.500369386455
kukorica SNARC arabic DC up 7 num_decimal 0.434119549625
kukorica SNARC arabic DC up 1 num_decimal 0.466768342723
kukorica SNARC arabic DC up 1 num_decimal 0.505082344657
kukorica SNARC arabic DC down 2 lctrl 0.54973243542
kukorica SNARC arabic DC down 3 lctrl 0.52600211168
kukorica SNARC arabic DC up 5 num_decimal 0.421294437925
kukorica SNARC arabic DC up 5 num_decimal 0.362468026461
kukorica SNARC arabic DC down 6 lctrl 0.537113452211
kukorica SNARC arabic DC up 4 num_decimal 0.448624136071
kukorica SNARC arabic DC up 3 num_decimal 0.39641063455
kukorica SNARC arabic DC down 9 lctrl 0.693918089647
kukorica SNARC arabic DC down 7 num_decimal 0.586148235432
kukorica SNARC arabic DC up 9 num_decimal 0.884106093529
kukorica SNARC arabic DC down 1 lctrl 0.407221706415
kukorica SNARC arabic DC down 5 lctrl 0.488423732983
kukorica SNARC arabic DC down 9 lctrl 0.458760478344
kukorica SNARC arabic DC down 3 lctrl 0.360499481879
kukorica SNARC arabic DC down 8 lctrl 0.332157339382
kukorica SNARC arabic DC up 1 num_decimal 0.380699024057
kukorica SNARC arabic DC up 8 num_decimal 0.362810990673
kukorica SNARC arabic DC up 9 num_decimal 0.352487767901
kukorica SNARC arabic DC down 4 lctrl 0.358204421369
kukorica SNARC arabic DC up 3 num_decimal 0.355916010164
kukorica SNARC arabic DC down 1 lctrl 0.364351529918
kukorica SNARC arabic DC up 7 num_decimal 0.534721101853
kukorica SNARC arabic DC down 3 lctrl 0.444948469627
kukorica SNARC arabic DC down 2 lctrl 0.41089037359
kukorica SNARC arabic DC down 5 lctrl 0.456130502782
kukorica SNARC arabic DC up 4 num_decimal 0.384416336155
kukorica SNARC arabic DC up 6 num_decimal 0.390421359531
kukorica SNARC arabic DC down 9 num_decimal 0.357565038088
kukorica SNARC arabic DC up 4 num_decimal 0.407732653098
kukorica SNARC arabic DC down 8 lctrl 0.43679607033
kukorica SNARC arabic DC down 8 lctrl 0.42520737961
kukorica SNARC arabic DC up 5 num_decimal 0.588943043793
kukorica SNARC arabic DC up 3 num_decimal 0.394745508306
kukorica SNARC arabic DC down 2 lctrl 0.426327962677
kukorica SNARC arabic DC up 8 num_decimal 0.426451499786
kukorica SNARC arabic DC up 3 num_decimal 0.344296872621
kukorica SNARC arabic DC up 2 num_decimal 0.360077075957
kukorica SNARC arabic DC up 9 num_decimal 0.374489971971
kukorica SNARC arabic DC down 8 num_decimal 0.33376262187
kukorica SNARC arabic DC up 3 num_decimal 0.694495879355
kukorica SNARC arabic DC down 3 lctrl 0.584752931032
kukorica SNARC arabic DC down 7 lctrl 0.408927078459
kukorica SNARC arabic DC up 4 num_decimal 0.486748107835
kukorica SNARC arabic DC up 5 num_decimal 0.392193224637
kukorica SNARC arabic DC up 3 num_decimal 0.380244771458
kukorica SNARC arabic DC down 8 lctrl 0.397971121713
kukorica SNARC arabic DC up 7 num_decimal 0.399701341165
kukorica SNARC arabic DC up 8 num_decimal 0.362381585482
kukorica SNARC arabic DC down 1 lctrl 0.359998334174
kukorica SNARC arabic DC down 7 lctrl 0.435500855486
kukorica SNARC arabic DC up 1 num_decimal 0.427069885257
kukorica SNARC arabic DC up 8 num_decimal 0.358526037808
kukorica SNARC arabic DC down 5 lctrl 0.45715064633
kukorica SNARC arabic DC up 2 num_decimal 0.529840861106
kukorica SNARC arabic DC up 2 num_decimal 0.455329436373
kukorica SNARC arabic DC down 7 lctrl 0.392533739104
kukorica SNARC arabic DC down 8 lctrl 0.659716508582
kukorica SNARC arabic DC up 2 num_decimal 0.59979051186
kukorica SNARC arabic DC down 2 lctrl 0.587669876648
kukorica SNARC arabic DC up 8 num_decimal 0.415656876205
kukorica SNARC arabic DC down 6 lctrl 0.535049717562
kukorica SNARC arabic DC up 3 num_decimal 0.384985376776
kukorica SNARC arabic DC up 6 num_decimal 0.531398898525
kukorica SNARC arabic DC up 8 num_decimal 0.382768008158
kukorica SNARC arabic DC up 3 num_decimal 0.354592098315
kukorica SNARC arabic DC down 7 lctrl 0.453015127871
kukorica SNARC arabic DC up 9 num_decimal 0.455812735941
kukorica SNARC arabic DC up 5 num_decimal 0.673761942941
kukorica SNARC arabic DC down 3 lctrl 0.408936877437
kukorica SNARC arabic DC down 5 lctrl 1.29978116784
kukorica SNARC arabic DC down 4 lctrl 0.770310218129
kukorica SNARC arabic DC up 7 num_decimal 0.448798417885
kukorica SNARC arabic DC down 2 lctrl 1.0050464734
kukorica SNARC arabic DC down 7 lctrl 0.79283526764
kukorica SNARC arabic DC down 4 lctrl 0.713736521594
kukorica SNARC arabic DC up 1 num_decimal 0.647277406603
kukorica SNARC arabic DC up 9 num_decimal 0.593187750858
kukorica SNARC arabic DC up 1 num_decimal 0.480983859334
kukorica SNARC arabic DC up 3 num_decimal 0.428843850144
kukorica SNARC arabic DC down 8 lctrl 0.663264788319
kukorica SNARC arabic DC up 6 num_decimal 0.629219290967
kukorica SNARC arabic DC up 1 num_decimal 0.569213502571
kukorica SNARC arabic DC down 7 lctrl 0.562917659542
kukorica SNARC arabic DC up 3 num_decimal 0.439637423835
kukorica SNARC arabic DC down 9 lctrl 0.533199460636
kukorica SNARC arabic DC down 1 lctrl 0.471126437956
kukorica SNARC arabic DC up 8 num_decimal 0.48662702047
kukorica SNARC arabic DC up 2 num_decimal 0.459985000565
kukorica SNARC arabic DC up 8 num_decimal 0.409164703663
kukorica SNARC arabic DC up 9 num_decimal 0.38517575691
kukorica SNARC arabic DC down 7 lctrl 0.501585509552
kukorica SNARC arabic DC down 2 lctrl 0.419514173696
kukorica SNARC arabic DC up 5 num_decimal 0.543392496993
kukorica SNARC arabic DC up 3 num_decimal 0.354706186409
kukorica SNARC arabic DC up 4 num_decimal 0.396970226157
kukorica SNARC arabic DC down 4 lctrl 0.48923564826
kukorica SNARC arabic DC up 3 num_decimal 0.41651183699
kukorica SNARC arabic DC up 8 num_decimal 0.383122171201
kukorica SNARC arabic DC down 5 lctrl 0.484316561567
kukorica SNARC arabic DC up 7 num_decimal 0.344932756267
kukorica SNARC arabic DC down 2 lctrl 0.535107461536
kukorica SNARC arabic DC up 9 num_decimal 0.417667766369
kukorica SNARC arabic DC up 7 num_decimal 0.443077214893
kukorica SNARC arabic DC down 7 lctrl 0.447204684191
kukorica SNARC arabic DC down 2 lctrl 0.53076511466
kukorica SNARC arabic DC up 6 num_decimal 0.400747382011
kukorica SNARC arabic DC up 1 num_decimal 0.7838965004
kukorica SNARC arabic DC down 7 lctrl 0.569624709662
kukorica SNARC arabic DC up 1 num_decimal 0.649630911014
kukorica SNARC arabic DC down 1 lctrl 0.900657966341
kukorica SNARC arabic DC up 6 num_decimal 0.561850620888
kukorica SNARC arabic DC up 1 num_decimal 0.439412047353
kukorica SNARC arabic DC up 4 num_decimal 0.465186507788
kukorica SNARC arabic DC up 5 num_decimal 0.39901226307
kukorica SNARC arabic DC up 9 num_decimal 0.4524992817
kukorica SNARC arabic DC up 9 num_decimal 0.380821861239
kukorica SNARC arabic DC up 1 num_decimal 0.461074786846
kukorica SNARC arabic DC down 2 lctrl 0.527698734637
kukorica SNARC arabic DC down 3 lctrl 0.471722075801
kukorica SNARC arabic DC down 9 lctrl 0.473704968886
kukorica SNARC arabic DC down 4 lctrl 0.378704582177
kukorica SNARC arabic DC up 9 num_decimal 0.391021896865
kukorica SNARC arabic DC down 8 lctrl 0.643843564924
kukorica SNARC arabic DC up 5 num_decimal 0.452667614134
kukorica SNARC arabic DC up 3 num_decimal 0.413006952724
kukorica SNARC arabic DC down 4 lctrl 0.47748107485
kukorica SNARC arabic DC down 1 lctrl 0.559042863877
kukorica SNARC arabic DC up 4 num_decimal 0.457551354516
kukorica SNARC arabic DC down 1 lctrl 0.621804614688
kukorica SNARC arabic DC up 3 num_decimal 0.412666788221
kukorica SNARC arabic DC down 1 lctrl 0.400668640227
kukorica SNARC arabic DC down 8 lctrl 0.406967282964
kukorica SNARC arabic DC up 5 num_decimal 0.384789397226
kukorica SNARC arabic DC down 8 lctrl 0.486276007099
kukorica SNARC arabic DC down 5 lctrl 0.384393238566
kukorica SNARC arabic DC down 6 lctrl 0.426635580577
kukorica SNARC arabic DC up 5 num_decimal 0.362576515141
kukorica SNARC arabic DC up 6 num_decimal 0.420816037846
kukorica SNARC arabic DC up 3 num_decimal 0.356671231357
kukorica SNARC arabic DC up 2 num_decimal 0.439031637049
kukorica SNARC arabic DC down 7 lctrl 0.392814059853
kukorica SNARC arabic DC up 4 num_decimal 0.396722801976
kukorica SNARC arabic DC up 9 num_decimal 0.324773809853
kukorica SNARC arabic DC up 6 num_decimal 0.368467800385
kukorica SNARC arabic DC up 7 lctrl 0.403940798778
kukorica SNARC arabic DC down 5 lctrl 0.536445021962
kukorica SNARC arabic DC down 6 lctrl 0.537175395747
kukorica SNARC arabic DC down 1 lctrl 0.399337029181
kukorica SNARC arabic DC down 7 lctrl 0.430885887058
kukorica SNARC arabic DC down 1 lctrl 0.374740545824
kukorica SNARC arabic DC up 2 num_decimal 0.436495101736
kukorica SNARC arabic DC down 7 lctrl 0.519703468943
kukorica SNARC arabic DC down 5 lctrl 0.612308355623
kukorica SNARC arabic DC down 7 lctrl 0.3585232381
kukorica SNARC arabic DC up 6 num_decimal 0.830129126026
kukorica SNARC arabic DC up 2 num_decimal 0.438039840543
kukorica SNARC arabic DC up 4 num_decimal 0.637868638408
kukorica SNARC arabic DC down 5 lctrl 0.721786731555
kukorica SNARC arabic DC down 5 lctrl 0.515839522146
kukorica SNARC arabic DC up 6 num_decimal 0.409892277741
kukorica SNARC arabic DC down 6 lctrl 0.795648274103
kukorica SNARC arabic DC down 6 lctrl 0.539543248662
kukorica SNARC arabic DC up 4 num_decimal 0.523515971108
kukorica SNARC arabic DC up 4 num_decimal 0.515634443546
kukorica SNARC arabic DC up 4 num_decimal 0.493395314199
kukorica SNARC arabic DC down 9 lctrl 0.418573821822
kukorica SNARC arabic DC down 4 lctrl 0.503591500227
kukorica SNARC arabic DC down 2 lctrl 0.578059529488
kukorica SNARC arabic DC down 5 lctrl 0.409461122732
kukorica SNARC arabic DC up 2 num_decimal 0.409494369263
kukorica SNARC arabic DC up 4 num_decimal 0.46673579612
kukorica SNARC arabic DC up 9 num_decimal 0.485389199637
kukorica SNARC arabic DC up 6 num_decimal 0.53928672543
kukorica SNARC arabic DC up 2 num_decimal 0.36102932659
kukorica SNARC arabic DC down 7 lctrl 0.392375205647
kukorica SNARC arabic DC down 2 lctrl 0.441418737955
kukorica SNARC arabic DC down 6 lctrl 0.543735111241
kukorica SNARC arabic DC up 4 num_decimal 0.523299693677
kukorica SNARC arabic DC up 4 num_decimal 0.357079988703
kukorica SNARC arabic DC up 9 num_decimal 0.415108833393
kukorica SNARC arabic DC down 6 lctrl 0.467310786119
kukorica SNARC arabic DC down 3 lctrl 0.513756889469
kukorica SNARC arabic DC down 5 lctrl 0.465728251257
kukorica SNARC arabic DC down 1 lctrl 0.363538914714
kukorica SNARC arabic DC down 5 lctrl 0.445046109438
kukorica SNARC arabic DC up 7 lctrl 0.360862743973
kukorica SNARC arabic DC down 9 lctrl 0.732591154113
kukorica SNARC arabic DC down 8 lctrl 0.522051373939
kukorica SNARC arabic DC up 4 num_decimal 0.492054604102
kukorica SNARC arabic DC up 1 num_decimal 0.587739519381
kukorica SNARC arabic DC down 9 lctrl 0.434726736265
kukorica SNARC arabic DC up 4 num_decimal 0.519615978073
kukorica SNARC arabic DC down 9 lctrl 0.583488512974
kukorica SNARC arabic DC down 2 lctrl 0.41534575867
kukorica SNARC arabic DC up 7 num_decimal 0.388656843658
kukorica SNARC arabic DC up 4 num_decimal 0.497861548147
kukorica SNARC arabic DC up 1 num_decimal 0.595853422695
kukorica SNARC arabic DC up 8 num_decimal 0.52562415112
kukorica SNARC arabic DC up 4 num_decimal 0.450785160569
kukorica SNARC arabic DC down 2 lctrl 0.465287647234
kukorica SNARC arabic DC down 1 lctrl 0.479169298684
kukorica SNARC arabic DC down 5 lctrl 0.42503449765
kukorica SNARC arabic DC down 8 lctrl 0.485819304756
kukorica SNARC arabic DC down 7 lctrl 0.445481464009
kukorica SNARC arabic DC up 6 num_decimal 0.464924035177
kukorica SNARC arabic DC up 2 num_decimal 0.416947191561
kukorica SNARC arabic DC down 3 lctrl 0.370869949721
kukorica SNARC arabic DC down 1 lctrl 0.485612826302
kukorica SNARC arabic DC down 2 lctrl 0.52748490695
kukorica SNARC arabic DC down 1 lctrl 0.396739600223
kukorica SNARC arabic DC up 8 num_decimal 0.465675056808
kukorica SNARC arabic DC up 6 num_decimal 0.509427491241
kukorica SNARC arabic DC up 8 num_decimal 0.51291767704
kukorica SNARC arabic DC down 3 lctrl 0.40456023414
kukorica SNARC arabic DC up 2 num_decimal 0.461954245075
kukorica SNARC arabic DC down 6 lctrl 0.491566405046
kukorica SNARC arabic DC down 6 lctrl 0.400942661633
kukorica SNARC arabic DC up 5 lctrl 0.395033528251
kukorica SNARC arabic DC up 2 num_decimal 0.650789640101
kukorica SNARC arabic DC down 1 lctrl 0.580192556907
kukorica SNARC arabic DC down 9 lctrl 0.469522905285
kukorica SNARC arabic DC up 7 num_decimal 0.507889051777
kukorica SNARC arabic DC up 9 num_decimal 0.523424280676
kukorica SNARC arabic DC down 3 lctrl 0.575696926026
kukorica SNARC arabic DC down 2 lctrl 0.425525146451
kukorica SNARC arabic DC up 5 num_decimal 0.918480906517
kukorica SNARC arabic DC up 1 num_decimal 0.565244566729
kukorica SNARC arabic DC up 2 num_decimal 0.460703825556
kukorica SNARC arabic DC up 5 num_decimal 0.412797674563
kukorica SNARC arabic DC up 9 num_decimal 0.420892329885
kukorica SNARC arabic DC up 9 num_decimal 0.406818198521
kukorica SNARC arabic DC up 2 num_decimal 0.518917800927
kukorica SNARC arabic DC up 9 num_decimal 0.542954692678
kukorica SNARC arabic DC down 9 lctrl 0.848930214132
kukorica SNARC arabic DC up 3 num_decimal 0.632328716498
kukorica SNARC arabic DC down 6 lctrl 0.501060914294
kukorica SNARC arabic DC down 6 lctrl 0.51147407768
kukorica SNARC arabic DC down 9 lctrl 0.393238215592
kukorica SNARC arabic DC up 2 lctrl 0.469059203672
kukorica SNARC arabic DC up 8 num_decimal 0.492642192787
kukorica SNARC arabic DC down 4 lctrl 0.549134347831
kukorica SNARC arabic DC down 6 lctrl 0.521535177804
kukorica SNARC arabic DC down 5 lctrl 0.591612915192
kukorica SNARC arabic DC up 3 num_decimal 0.477204253736
kukorica SNARC arabic DC up 1 num_decimal 0.510520777157
kukorica SNARC arabic DC up 1 num_decimal 0.438647027183
kukorica SNARC arabic DC down 4 lctrl 0.446965659133
kukorica SNARC arabic DC down 6 lctrl 0.449827660484
kukorica SNARC arabic DC down 5 lctrl 0.495342161045
kukorica SNARC arabic DC up 5 num_decimal 0.756071603928
kukorica SNARC arabic DC down 8 lctrl 0.7032985108
kukorica SNARC arabic DC down 7 lctrl 0.970476030826
kukorica SNARC arabic DC up 9 num_decimal 0.437036495242
kukorica SNARC arabic DC down 3 lctrl 0.657703868601
kukorica SNARC arabic DC down 6 lctrl 0.368515745382
kukorica SNARC arabic DC down 1 lctrl 0.359951089104
kukorica SNARC arabic DC down 7 lctrl 0.328679052341
kukorica SNARC arabic DC up 4 lctrl 0.342414769019
kukorica SNARC arabic DC down 6 lctrl 0.668605231044
kukorica SNARC arabic DC down 2 lctrl 0.39686803682
kukorica SNARC arabic DC down 7 lctrl 0.423048804857
kukorica SNARC arabic DC up 3 num_decimal 0.507767614449
kukorica SNARC arabic DC down 3 lctrl 0.67209506688
kukorica SNARC arabic DC up 8 num_decimal 0.534536321135
kukorica SNARC arabic DC down 2 lctrl 0.786191910874
kukorica SNARC arabic DC up 9 num_decimal 0.490965867712
kukorica SNARC arabic DC up 4 num_decimal 1.11986599198
kukorica SNARC arabic DC down 1 lctrl 0.65549419918
kukorica SNARC arabic DC down 7 lctrl 0.998996654699
kukorica SNARC arabic DC down 4 lctrl 0.560081205526
kukorica SNARC arabic DC down 2 lctrl 0.549271883479
kukorica SNARC arabic DC down 2 lctrl 0.494617386676
kukorica SNARC arabic DC up 1 num_decimal 2.22108138016
kukorica SNARC arabic DC up 8 num_decimal 0.405706714504
kukorica SNARC arabic DC down 4 lctrl 0.408858485617
kukorica SNARC arabic DC down 7 lctrl 0.419354940312
kukorica SNARC arabic DC up 6 num_decimal 0.532756406869
kukorica SNARC arabic DC up 1 num_decimal 1.29466470174
kukorica SNARC arabic DC down 7 lctrl 0.552806164677
kukorica SNARC arabic DC down 5 lctrl 1.82449226423
kukorica SNARC arabic DC down 3 lctrl 0.448810666607
kukorica SNARC arabic DC up 9 num_decimal 0.818479191696
kukorica SNARC arabic DC down 6 num_decimal 0.71764456379
kukorica SNARC arabic DC down 5 lctrl 0.604185353258
kukorica SNARC arabic DC down 1 lctrl 0.506613434888
kukorica SNARC arabic DC up 8 num_decimal 0.598455401179
kukorica SNARC arabic DC down 3 lctrl 1.28010902062
kukorica SNARC arabic DC down 3 lctrl 0.545688607394
kukorica SNARC arabic DC down 7 lctrl 0.561400917814
kukorica SNARC arabic DC down 6 lctrl 0.418532876094
kukorica SNARC arabic DC up 5 num_decimal 0.513197997789
kukorica SNARC arabic DC up 4 num_decimal 0.958817697373
kukorica SNARC arabic DC up 2 num_decimal 0.724189580817
kukorica SNARC arabic DC down 2 lctrl 0.547211298501
kukorica SNARC arabic DC up 8 num_decimal 0.849566797705
kukorica SNARC arabic DC down 9 lctrl 0.529248022969
kukorica SNARC arabic DC down 8 lctrl 0.759660129465
kukorica SNARC arabic DC down 8 lctrl 0.533046526595
kukorica SNARC arabic DC down 1 lctrl 0.593430975478
kukorica SNARC arabic DC down 6 lctrl 0.631145489968
kukorica SNARC arabic DC down 2 lctrl 0.550939459467
kukorica SNARC arabic DC up 8 num_decimal 0.822577963989
kukorica SNARC arabic DC up 4 num_decimal 0.467377279181
kukorica SNARC arabic DC down 9 lctrl 0.532035132134
kukorica SNARC arabic DC up 6 num_decimal 1.46799881432
kukorica SNARC arabic DC down 7 lctrl 0.61345098639
kukorica SNARC arabic DC down 3 lctrl 0.491072956537
kukorica SNARC arabic DC up 8 num_decimal 0.638314491883
kukorica SNARC arabic DC up 5 num_decimal 0.573604494371
kukorica SNARC arabic DC down 3 lctrl 0.541816261473
kukorica SNARC arabic DC down 6 lctrl 0.515570750192
kukorica SNARC arabic DC down 5 lctrl 0.553735667683
kukorica SNARC arabic DC down 1 lctrl 0.990655975049
kukorica SNARC arabic DC up 5 num_decimal 0.502221043234
kukorica SNARC arabic DC up 3 num_decimal 0.532747307818
kukorica SNARC arabic DC down 8 lctrl 0.618870170898
kukorica SNARC arabic DC up 6 num_decimal 0.592464726306
kukorica SNARC arabic DC down 7 lctrl 0.573426362959
kukorica SNARC arabic DC down 6 lctrl 0.583452466735
kukorica SNARC arabic DC up 9 num_decimal 0.539245079776
kukorica SNARC arabic DC down 4 lctrl 0.619703433947
kukorica SNARC arabic DC up 1 lctrl 0.523373186008
kukorica SNARC arabic DC down 3 lctrl 0.606925217354
kukorica SNARC arabic DC down 4 lctrl 1.43047642978
kukorica SNARC arabic DC down 4 lctrl 0.498690611635
kukorica SNARC arabic DC up 8 num_decimal 0.422777583159
kukorica SNARC arabic DC up 9 num_decimal 0.465356240076
kukorica SNARC arabic DC up 6 num_decimal 0.846512666403
kukorica SNARC arabic DC down 4 lctrl 2.20549190692
{'task': u'line', 'participant': u'kukorica', 'dateStr': u'09_22_1242', 'notation': u'dot', 'response_buttons': u'CD', 'range_in_instr': True, 'interactive_setting': True, 'autopilot': False, 'exp_id': u'SNARC'}
kukorica SNARC dot CD up 30 lctrl 1.86246470181
kukorica SNARC dot CD up 30 lctrl 0.336764608613
kukorica SNARC dot CD up 20 lctrl 0.34681590976
kukorica SNARC dot CD up 15 lctrl 0.33005615864
kukorica SNARC dot CD down 40 num_decimal 0.794650878181
kukorica SNARC dot CD down 35 num_decimal 2.16646117978
kukorica SNARC dot CD up 5 lctrl 1.4683421285
kukorica SNARC dot CD down 45 num_decimal 0.432600708116
kukorica SNARC dot CD down 10 num_decimal 0.46143209956
kukorica SNARC dot CD up 35 lctrl 0.46966814013
kukorica SNARC dot CD down 45 num_decimal 0.60976272126
kukorica SNARC dot CD down 20 num_decimal 1.07343948659
kukorica SNARC dot CD down 5 num_decimal 0.489322789167
kukorica SNARC dot CD down 35 num_decimal 2.08742577712
kukorica SNARC dot CD up 20 lctrl 0.567362545718
kukorica SNARC dot CD down 5 num_decimal 0.617411873071
kukorica SNARC dot CD up 35 lctrl 0.655492449363
kukorica SNARC dot CD up 40 lctrl 0.474377948661
kukorica SNARC dot CD down 10 num_decimal 0.477631559147
kukorica SNARC dot CD down 15 num_decimal 1.02708787338
kukorica SNARC dot CD down 25 num_decimal 0.418049226563
kukorica SNARC dot CD down 35 num_decimal 0.357515343274
kukorica SNARC dot CD down 5 num_decimal 0.304898683822
kukorica SNARC dot CD up 25 lctrl 0.437823213148
kukorica SNARC dot CD down 20 num_decimal 0.460058142933
kukorica SNARC dot CD up 35 lctrl 0.434182893015
kukorica SNARC dot CD up 40 lctrl 0.480881669998
kukorica SNARC dot CD down 40 num_decimal 0.414247573266
kukorica SNARC dot CD up 30 lctrl 0.343569298544
kukorica SNARC dot CD down 15 num_decimal 0.578980283407
kukorica SNARC dot CD down 25 num_decimal 0.357410704193
kukorica SNARC dot CD down 30 num_decimal 0.365611048487
kukorica SNARC dot CD down 20 num_decimal 0.744476613865
kukorica SNARC dot CD up 45 lctrl 0.488516123343
kukorica SNARC dot CD down 10 num_decimal 0.482824317282
kukorica SNARC dot CD up 30 lctrl 0.402583290434
kukorica SNARC dot CD up 35 lctrl 0.377185740668
kukorica SNARC dot CD up 10 lctrl 0.354708636154
kukorica SNARC dot CD up 20 lctrl 0.352340433276
kukorica SNARC dot CD down 25 num_decimal 0.349204060556
kukorica SNARC dot CD up 35 lctrl 0.714109582665
kukorica SNARC dot CD up 15 lctrl 0.310990148178
kukorica SNARC dot CD down 5 num_decimal 0.398797735456
kukorica SNARC dot CD up 10 lctrl 0.380086238001
kukorica SNARC dot CD down 15 num_decimal 0.332793223027
kukorica SNARC dot CD down 25 num_decimal 0.439992986732
kukorica SNARC dot CD up 45 lctrl 0.366757878815
kukorica SNARC dot CD up 30 lctrl 0.504876916094
kukorica SNARC dot CD down 25 num_decimal 0.689509599673
kukorica SNARC dot CD down 40 num_decimal 0.677132091266
kukorica SNARC dot CD up 30 lctrl 0.50657143927
kukorica SNARC dot CD down 20 num_decimal 0.338711105496
kukorica SNARC dot CD up 15 lctrl 0.422839526695
kukorica SNARC dot CD down 35 num_decimal 0.479580855738
kukorica SNARC dot CD down 20 num_decimal 0.462273761733
kukorica SNARC dot CD up 35 lctrl 0.606848575351
kukorica SNARC dot CD down 10 num_decimal 0.601491684343
kukorica SNARC dot CD down 5 num_decimal 0.321175835302
kukorica SNARC dot CD down 40 num_decimal 0.378137641337
kukorica SNARC dot CD up 40 lctrl 0.572712787421
kukorica SNARC dot CD down 10 lctrl 0.534879285347
kukorica SNARC dot CD up 25 lctrl 0.491925817541
kukorica SNARC dot CD up 10 lctrl 0.344000803516
kukorica SNARC dot CD up 15 lctrl 0.341248690699
kukorica SNARC dot CD down 30 num_decimal 0.337081325564
kukorica SNARC dot CD up 45 lctrl 0.388971460828
kukorica SNARC dot CD up 5 lctrl 0.499196658829
kukorica SNARC dot CD down 30 num_decimal 0.370059784262
kukorica SNARC dot CD down 10 num_decimal 0.370003440141
kukorica SNARC dot CD up 45 lctrl 0.422699191339
kukorica SNARC dot CD up 35 lctrl 0.375105557735
kukorica SNARC dot CD up 30 lctrl 0.349324447994
kukorica SNARC dot CD up 10 lctrl 0.350162610532
kukorica SNARC dot CD up 25 lctrl 0.300140230367
kukorica SNARC dot CD down 35 num_decimal 0.419255550683
kukorica SNARC dot CD down 15 num_decimal 0.441378142191
kukorica SNARC dot CD down 10 num_decimal 0.313871747483
kukorica SNARC dot CD down 10 num_decimal 0.295221493637
kukorica SNARC dot CD up 30 lctrl 0.381071385201
kukorica SNARC dot CD down 15 num_decimal 0.524021318375
kukorica SNARC dot CD up 45 lctrl 0.46912429688
kukorica SNARC dot CD down 40 num_decimal 0.323727769007
kukorica SNARC dot CD down 45 num_decimal 0.437124686039
kukorica SNARC dot CD down 25 num_decimal 0.431967274215
kukorica SNARC dot CD up 40 lctrl 0.407855840243
kukorica SNARC dot CD up 15 lctrl 0.482212231154
kukorica SNARC dot CD down 40 num_decimal 0.441891188654
kukorica SNARC dot CD up 5 lctrl 0.98917527956
kukorica SNARC dot CD down 35 num_decimal 0.509277006944
kukorica SNARC dot CD up 20 lctrl 0.773817202175
kukorica SNARC dot CD up 15 lctrl 0.405849149641
kukorica SNARC dot CD down 35 num_decimal 0.44145443423
kukorica SNARC dot CD down 40 num_decimal 0.415719169705
kukorica SNARC dot CD up 45 lctrl 0.371957286257
kukorica SNARC dot CD up 10 lctrl 0.36559530013
kukorica SNARC dot CD up 40 lctrl 0.3504590296
kukorica SNARC dot CD up 30 lctrl 0.510626466128
kukorica SNARC dot CD down 35 num_decimal 0.573206585893
kukorica SNARC dot CD up 25 lctrl 0.46752391388
kukorica SNARC dot CD down 35 num_decimal 0.409166453481
kukorica SNARC dot CD up 25 lctrl 0.449809812346
kukorica SNARC dot CD down 5 num_decimal 0.328699700186
kukorica SNARC dot CD down 40 num_decimal 0.383533378292
kukorica SNARC dot CD up 35 lctrl 0.634723516601
kukorica SNARC dot CD up 20 lctrl 0.521909288766
kukorica SNARC dot CD down 10 num_decimal 0.34851183279
kukorica SNARC dot CD up 30 lctrl 0.359607774929
kukorica SNARC dot CD down 40 num_decimal 0.42487666412
kukorica SNARC dot CD up 20 lctrl 1.36376639098
kukorica SNARC dot CD down 20 num_decimal 0.467227144847
kukorica SNARC dot CD up 30 lctrl 0.561058303566
kukorica SNARC dot CD up 40 lctrl 0.403897053342
kukorica SNARC dot CD up 5 lctrl 0.435261830428
kukorica SNARC dot CD down 20 num_decimal 0.41340661102
kukorica SNARC dot CD down 5 num_decimal 0.414378109644
kukorica SNARC dot CD up 15 lctrl 0.413794370557
kukorica SNARC dot CD down 5 num_decimal 0.847029212502
kukorica SNARC dot CD up 20 lctrl 0.467112006862
kukorica SNARC dot CD up 5 lctrl 0.4317345485
kukorica SNARC dot CD down 15 num_decimal 1.16399568705
kukorica SNARC dot CD up 30 lctrl 0.495657478142
kukorica SNARC dot CD up 15 lctrl 0.401474956088
kukorica SNARC dot CD up 5 lctrl 0.522037725363
kukorica SNARC dot CD down 15 num_decimal 0.482091493753
kukorica SNARC dot CD up 25 lctrl 0.423799476525
kukorica SNARC dot CD up 25 lctrl 0.580836839676
kukorica SNARC dot CD down 35 num_decimal 0.324327956378
kukorica SNARC dot CD up 5 lctrl 0.402702627981
kukorica SNARC dot CD up 40 lctrl 0.385974723538
kukorica SNARC dot CD up 5 lctrl 0.411076904125
kukorica SNARC dot CD down 5 num_decimal 0.328621308366
kukorica SNARC dot CD up 45 lctrl 0.434914316691
kukorica SNARC dot CD up 25 lctrl 0.358079484406
kukorica SNARC dot CD down 10 num_decimal 0.4466727397
kukorica SNARC dot CD up 20 lctrl 0.742489521218
kukorica SNARC dot CD up 35 lctrl 0.368837011858
kukorica SNARC dot CD down 35 num_decimal 0.487263254079
kukorica SNARC dot CD up 10 lctrl 0.624802751833
kukorica SNARC dot CD down 45 num_decimal 0.680234167565
kukorica SNARC dot CD down 25 num_decimal 0.675067306727
kukorica SNARC dot CD down 15 num_decimal 0.387293035972
kukorica SNARC dot CD down 20 num_decimal 0.466730196704
kukorica SNARC dot CD up 45 lctrl 0.396892884228
kukorica SNARC dot CD up 30 lctrl 0.407569920079
kukorica SNARC dot CD up 5 lctrl 0.369453297548
kukorica SNARC dot CD down 10 num_decimal 0.431467526364
kukorica SNARC dot CD up 20 lctrl 0.430441083473
kukorica SNARC dot CD up 35 lctrl 0.486005835291
kukorica SNARC dot CD down 10 num_decimal 0.398848830125
kukorica SNARC dot CD up 30 lctrl 0.579366993054
kukorica SNARC dot CD down 20 num_decimal 0.547920324514
kukorica SNARC dot CD down 45 num_decimal 0.575833411783
kukorica SNARC dot CD up 5 lctrl 0.657721366775
kukorica SNARC dot CD down 15 lctrl 0.548408873534
kukorica SNARC dot CD up 30 lctrl 0.581417779055
kukorica SNARC dot CD down 25 lctrl 0.699665189937
kukorica SNARC dot CD down 20 num_decimal 0.474947689209
kukorica SNARC dot CD up 30 lctrl 0.56435495956
kukorica SNARC dot CD up 35 lctrl 0.501571511013
kukorica SNARC dot CD down 10 num_decimal 0.673311189977
kukorica SNARC dot CD down 30 num_decimal 0.638522720154
kukorica SNARC dot CD down 20 num_decimal 0.334662727944
kukorica SNARC dot CD up 45 lctrl 0.418999377415
kukorica SNARC dot CD down 30 num_decimal 0.614844191009
kukorica SNARC dot CD up 35 lctrl 1.17154299949
kukorica SNARC dot CD up 5 lctrl 0.571810931529
kukorica SNARC dot CD down 10 num_decimal 0.378636339298
kukorica SNARC dot CD down 10 num_decimal 0.448592989322
kukorica SNARC dot CD up 15 lctrl 0.452124120848
kukorica SNARC dot CD up 15 lctrl 0.443589911393
kukorica SNARC dot CD down 20 num_decimal 0.405048433196
kukorica SNARC dot CD down 40 num_decimal 0.538771929149
kukorica SNARC dot CD up 25 lctrl 0.539843517329
kukorica SNARC dot CD down 10 num_decimal 0.88827905808
kukorica SNARC dot CD down 15 num_decimal 0.72510368543
kukorica SNARC dot CD up 40 lctrl 0.459650785441
kukorica SNARC dot CD up 10 lctrl 0.500920928901
kukorica SNARC dot CD down 35 num_decimal 0.468922367951
kukorica SNARC dot CD down 10 num_decimal 0.681648719956
kukorica SNARC dot CD down 5 num_decimal 1.87647513982
kukorica SNARC dot CD down 40 num_decimal 0.400805125985
kukorica SNARC dot CD down 45 num_decimal 0.362980372998
kukorica SNARC dot CD up 35 lctrl 0.508919344266
kukorica SNARC dot CD down 10 num_decimal 0.750267809554
kukorica SNARC dot CD down 30 num_decimal 0.554347053885
kukorica SNARC dot CD down 45 num_decimal 0.515551852164
kukorica SNARC dot CD down 25 num_decimal 0.440414342763
kukorica SNARC dot CD up 20 lctrl 0.679966795465
kukorica SNARC dot CD down 10 num_decimal 1.35217595044
kukorica SNARC dot CD down 40 num_decimal 2.11577421896
kukorica SNARC dot CD up 45 lctrl 0.452981181414
kukorica SNARC dot CD down 15 num_decimal 0.895860316976
kukorica SNARC dot CD down 30 num_decimal 0.415816109589
kukorica SNARC dot CD up 45 lctrl 0.618360274105
kukorica SNARC dot CD down 40 num_decimal 0.518162579735
kukorica SNARC dot CD up 15 lctrl 0.716580674807
kukorica SNARC dot CD up 5 lctrl 0.570094710617
kukorica SNARC dot CD down 20 num_decimal 0.905683441933
kukorica SNARC dot CD down 30 num_decimal 0.700243329609
kukorica SNARC dot CD up 20 lctrl 1.07715889847
kukorica SNARC dot CD up 20 lctrl 0.4613215111
kukorica SNARC dot CD down 5 num_decimal 0.690114686532
kukorica SNARC dot CD down 40 num_decimal 0.361908434855
kukorica SNARC dot CD down 15 num_decimal 0.377190640157
kukorica SNARC dot CD up 45 lctrl 0.498787551519
kukorica SNARC dot CD up 15 lctrl 0.481812922822
kukorica SNARC dot CD up 45 lctrl 0.405765158406
kukorica SNARC dot CD down 15 num_decimal 0.604338987227
kukorica SNARC dot CD down 35 num_decimal 0.659200662411
kukorica SNARC dot CD down 5 num_decimal 1.58663013515
kukorica SNARC dot CD up 35 lctrl 0.508663870925
kukorica SNARC dot CD up 35 lctrl 0.39709621301
kukorica SNARC dot CD down 40 num_decimal 0.404519288412
kukorica SNARC dot CD down 35 num_decimal 0.456769186135
kukorica SNARC dot CD up 45 lctrl 0.517835013916
kukorica SNARC dot CD up 10 lctrl 0.420172804968
kukorica SNARC dot CD down 10 num_decimal 0.338233405344
kukorica SNARC dot CD up 10 lctrl 0.506672228753
kukorica SNARC dot CD down 10 num_decimal 1.20779956612
kukorica SNARC dot CD down 45 num_decimal 0.615536418775
kukorica SNARC dot CD up 10 lctrl 0.585226081658
kukorica SNARC dot CD down 35 num_decimal 0.573574747475
kukorica SNARC dot CD down 25 num_decimal 0.510360843846
kukorica SNARC dot CD down 30 num_decimal 0.429745006109
kukorica SNARC dot CD up 20 lctrl 0.537344078145
kukorica SNARC dot CD up 20 lctrl 0.545579068824
kukorica SNARC dot CD down 5 num_decimal 0.765986419317
kukorica SNARC dot CD up 30 lctrl 0.545943380808
kukorica SNARC dot CD down 35 num_decimal 0.444632802567
kukorica SNARC dot CD down 20 num_decimal 0.471344465205
kukorica SNARC dot CD down 45 num_decimal 0.513097208306
kukorica SNARC dot CD down 40 num_decimal 0.439835153202
kukorica SNARC dot CD down 5 num_decimal 0.370624975284
kukorica SNARC dot CD up 5 lctrl 0.538932212424
kukorica SNARC dot CD up 45 lctrl 0.69676224286
kukorica SNARC dot CD up 35 lctrl 0.434993758401
kukorica SNARC dot CD up 45 lctrl 0.502271787939
kukorica SNARC dot CD down 20 num_decimal 0.908656381707
kukorica SNARC dot CD up 25 num_decimal 0.462201669256
kukorica SNARC dot CD down 15 num_decimal 1.30950280338
kukorica SNARC dot CD down 10 num_decimal 0.542502889823
kukorica SNARC dot CD down 40 num_decimal 0.387698293683
kukorica SNARC dot CD up 35 lctrl 0.47645778163
kukorica SNARC dot CD down 15 num_decimal 3.47218227778
kukorica SNARC dot CD down 15 num_decimal 0.489279743659
kukorica SNARC dot CD down 20 num_decimal 0.460652380924
kukorica SNARC dot CD up 30 lctrl 0.367182384518
kukorica SNARC dot CD down 45 num_decimal 0.866698560005
kukorica SNARC dot CD down 35 num_decimal 0.406018531966
kukorica SNARC dot CD down 35 num_decimal 0.539768625144
kukorica SNARC dot CD down 15 num_decimal 0.52189669008
kukorica SNARC dot CD up 5 lctrl 0.495934649219
kukorica SNARC dot CD down 5 num_decimal 0.756646943891
kukorica SNARC dot CD down 25 num_decimal 0.766892824734
kukorica SNARC dot CD down 5 num_decimal 0.521144968523
kukorica SNARC dot CD up 20 lctrl 0.40898447247
kukorica SNARC dot CD down 25 lctrl 0.653433264239
kukorica SNARC dot CD down 25 num_decimal 0.539967754365
kukorica SNARC dot CD up 5 lctrl 0.691892151054
kukorica SNARC dot CD down 25 num_decimal 2.16823024517
kukorica SNARC dot CD up 30 lctrl 1.03957177069
kukorica SNARC dot CD down 5 num_decimal 0.461916449019
kukorica SNARC dot CD up 45 lctrl 0.543751559525
kukorica SNARC dot CD down 40 num_decimal 0.502763836594
kukorica SNARC dot CD up 40 lctrl 1.5479031763
kukorica SNARC dot CD down 40 num_decimal 0.594726540285
kukorica SNARC dot CD down 5 num_decimal 3.59551500801
kukorica SNARC dot CD up 40 lctrl 0.391636432738
kukorica SNARC dot CD down 40 num_decimal 0.460046594138
kukorica SNARC dot CD up 30 lctrl 0.756350524823
kukorica SNARC dot CD up 45 lctrl 0.552927602005
kukorica SNARC dot CD down 20 num_decimal 0.786255254264
kukorica SNARC dot CD up 15 lctrl 2.63178802292
kukorica SNARC dot CD up 45 lctrl 0.456199095624
kukorica SNARC dot CD down 30 num_decimal 0.502633300215
kukorica SNARC dot CD up 25 lctrl 0.453032626045
kukorica SNARC dot CD down 5 num_decimal 1.20217285326
kukorica SNARC dot CD down 5 num_decimal 0.551543496436
kukorica SNARC dot CD up 40 lctrl 1.14001373957
kukorica SNARC dot CD up 25 lctrl 0.382651470319
kukorica SNARC dot CD down 5 num_decimal 0.547598008148
kukorica SNARC dot CD up 35 lctrl 0.737319510709
kukorica SNARC dot CD down 15 num_decimal 1.82631312423
kukorica SNARC dot CD up 40 lctrl 0.493770125087
kukorica SNARC dot CD down 45 num_decimal 0.54980172819
kukorica SNARC dot CD down 30 num_decimal 0.390862313518
kukorica SNARC dot CD up 25 lctrl 1.04541651079
kukorica SNARC dot CD down 30 num_decimal 1.99717054525
kukorica SNARC dot CD up 45 lctrl 0.412993304149
kukorica SNARC dot CD up 15 lctrl 0.586000550843
kukorica SNARC dot CD down 35 num_decimal 0.565123479365
kukorica SNARC dot CD down 25 num_decimal 0.958386542364
kukorica SNARC dot CD up 40 lctrl 0.731018068265
kukorica SNARC dot CD up 20 lctrl 1.35056016905
kukorica SNARC dot CD down 10 num_decimal 1.71045351418
kukorica SNARC dot CD up 25 lctrl 0.629755784984
kukorica SNARC dot CD up 25 lctrl 0.516800521866
kukorica SNARC dot CD down 35 num_decimal 1.70716350749
kukorica SNARC dot CD up 30 lctrl 0.435471808517
kukorica SNARC dot CD down 40 num_decimal 0.578919389762
kukorica SNARC dot CD up 20 lctrl 0.705878091621
kukorica SNARC dot CD up 15 lctrl 0.546687753133
kukorica SNARC dot CD up 5 lctrl 0.407809995027
kukorica SNARC dot CD down 25 num_decimal 0.436603240452
kukorica SNARC dot CD down 45 num_decimal 1.11037463241
kukorica SNARC dot CD up 25 lctrl 1.45349352795
kukorica SNARC dot CD down 25 num_decimal 1.62420011472
kukorica SNARC dot CD up 5 lctrl 0.794229172186
kukorica SNARC dot CD up 10 lctrl 0.544919387662
kukorica SNARC dot CD down 30 num_decimal 0.498968132675
kukorica SNARC dot CD down 45 num_decimal 0.553330409972
kukorica SNARC dot CD up 15 lctrl 0.66293512272
kukorica SNARC dot CD down 20 num_decimal 0.34616252794
kukorica SNARC dot CD up 30 lctrl 0.485807755961
kukorica SNARC dot CD up 45 lctrl 0.416804056497
kukorica SNARC dot CD up 10 lctrl 0.362019023315
kukorica SNARC dot CD up 30 lctrl 0.459497851399
kukorica SNARC dot CD down 30 num_decimal 0.429953584343
kukorica SNARC dot CD down 40 num_decimal 0.321484153129
kukorica SNARC dot CD up 25 lctrl 0.397456325432
kukorica SNARC dot CD down 25 num_decimal 0.402242775966
kukorica SNARC dot CD up 5 lctrl 0.457302180517
kukorica SNARC dot CD up 40 lctrl 0.40244925442
kukorica SNARC dot CD up 25 lctrl 0.422273285783
kukorica SNARC dot CD down 10 num_decimal 0.637625413788
kukorica SNARC dot CD up 30 lctrl 0.599125581246
kukorica SNARC dot CD up 15 lctrl 1.09950686646
kukorica SNARC dot CD down 45 num_decimal 0.469648892138
kukorica SNARC dot CD down 45 num_decimal 0.343494756322
kukorica SNARC dot CD down 45 num_decimal 0.282934975735
kukorica SNARC dot CD down 30 num_decimal 0.322499397188
kukorica SNARC dot CD up 35 lctrl 0.400656041542
kukorica SNARC dot CD down 20 lctrl 0.444648900887
kukorica SNARC dot CD down 45 num_decimal 0.45428059582
kukorica SNARC dot CD up 20 lctrl 0.545293498623
kukorica SNARC dot CD up 45 lctrl 0.746819269409
kukorica SNARC dot CD down 10 num_decimal 0.584807175371
kukorica SNARC dot CD down 25 num_decimal 0.441506578789
kukorica SNARC dot CD down 15 num_decimal 0.313435343022
kukorica SNARC dot CD down 25 num_decimal 0.271232546884
kukorica SNARC dot CD down 10 num_decimal 0.299955099685
kukorica SNARC dot CD up 30 lctrl 0.497192767935
kukorica SNARC dot CD up 15 lctrl 0.518129683168
kukorica SNARC dot CD down 20 num_decimal 0.485071432796
kukorica SNARC dot CD down 40 num_decimal 0.767292133066
kukorica SNARC dot CD up 5 lctrl 0.364260539413
kukorica SNARC dot CD down 40 num_decimal 1.27110621007
kukorica SNARC dot CD down 25 num_decimal 1.09267732912
kukorica SNARC dot CD down 25 num_decimal 0.399508511287
kukorica SNARC dot CD down 20 num_decimal 0.450518138432
kukorica SNARC dot CD down 40 num_decimal 0.33538505257
kukorica SNARC dot CD up 10 lctrl 0.668254917599
kukorica SNARC dot CD up 35 lctrl 0.444803234782
kukorica SNARC dot CD up 15 lctrl 0.391561890517
kukorica SNARC dot CD down 15 num_decimal 1.74474573578
kukorica SNARC dot CD up 45 lctrl 0.521624768455
kukorica SNARC dot CD up 15 lctrl 0.692918943908
kukorica SNARC dot CD down 10 num_decimal 2.01124852622
kukorica SNARC dot CD up 20 lctrl 0.368420205352
kukorica SNARC dot CD down 40 num_decimal 0.425721825927
{'task': u'line', 'participant': u'kukorica', 'dateStr': u'09_22_1251', 'notation': u'arabic', 'response_buttons': u'CD', 'range_in_instr': True, 'interactive_setting': True, 'autopilot': False, 'exp_id': u'SNARC'}
kukorica SNARC arabic CD down 8 num_decimal 0.868778742938
kukorica SNARC arabic CD up 5 lctrl 0.424514451917
kukorica SNARC arabic CD up 4 lctrl 2.86428906144
kukorica SNARC arabic CD down 5 num_decimal 0.430360591872
kukorica SNARC arabic CD down 4 num_decimal 0.358803208885
kukorica SNARC arabic CD up 9 num_decimal 0.331879118414
kukorica SNARC arabic CD down 3 num_decimal 0.384878637914
kukorica SNARC arabic CD down 1 num_decimal 0.402491949965
kukorica SNARC arabic CD up 6 lctrl 0.375759989445
kukorica SNARC arabic CD up 2 lctrl 0.60036550186
kukorica SNARC arabic CD up 3 lctrl 0.396037923443
kukorica SNARC arabic CD down 6 num_decimal 0.409557712653
kukorica SNARC arabic CD up 3 lctrl 1.56885024048
kukorica SNARC arabic CD up 7 lctrl 0.436255726715
kukorica SNARC arabic CD up 7 lctrl 0.366426113435
kukorica SNARC arabic CD up 2 lctrl 0.352112607049
kukorica SNARC arabic CD up 3 lctrl 0.362578264958
kukorica SNARC arabic CD up 8 lctrl 0.384082121031
kukorica SNARC arabic CD down 5 num_decimal 0.46920373859
kukorica SNARC arabic CD down 9 num_decimal 0.41025309009
kukorica SNARC arabic CD up 8 lctrl 0.351560014712
kukorica SNARC arabic CD up 6 lctrl 0.619561698737
kukorica SNARC arabic CD up 5 lctrl 0.671302749558
kukorica SNARC arabic CD down 3 num_decimal 0.375923072427
kukorica SNARC arabic CD down 3 num_decimal 0.434800228596
kukorica SNARC arabic CD down 3 num_decimal 0.384790097153
kukorica SNARC arabic CD down 9 num_decimal 0.39866439937
kukorica SNARC arabic CD down 7 num_decimal 0.408720250042
kukorica SNARC arabic CD up 8 lctrl 0.376404622178
kukorica SNARC arabic CD down 4 num_decimal 0.87609122988
kukorica SNARC arabic CD up 6 lctrl 1.00660416086
kukorica SNARC arabic CD up 7 lctrl 0.573421113507
kukorica SNARC arabic CD down 3 lctrl 0.575595086653
kukorica SNARC arabic CD up 4 lctrl 0.60644331764
kukorica SNARC arabic CD up 7 lctrl 0.412668888002
kukorica SNARC arabic CD down 1 num_decimal 0.505252426909
kukorica SNARC arabic CD down 9 num_decimal 0.472720871577
kukorica SNARC arabic CD up 8 lctrl 1.50039493379
kukorica SNARC arabic CD down 5 num_decimal 0.669151524038
kukorica SNARC arabic CD down 1 num_decimal 0.653524954671
kukorica SNARC arabic CD down 4 num_decimal 0.396880285542
kukorica SNARC arabic CD up 2 lctrl 0.521172265674
kukorica SNARC arabic CD down 5 num_decimal 0.48687724436
kukorica SNARC arabic CD down 2 num_decimal 0.587429451737
kukorica SNARC arabic CD up 3 lctrl 0.516854066278
kukorica SNARC arabic CD down 8 lctrl 0.433091006953
kukorica SNARC arabic CD down 2 num_decimal 0.486736909004
kukorica SNARC arabic CD up 5 lctrl 0.585051449881
kukorica SNARC arabic CD up 2 lctrl 1.10688899613
kukorica SNARC arabic CD down 4 num_decimal 0.501436075146
kukorica SNARC arabic CD up 5 lctrl 0.565012540941
kukorica SNARC arabic CD up 5 lctrl 0.354969008984
kukorica SNARC arabic CD down 5 num_decimal 0.443463924539
kukorica SNARC arabic CD up 2 lctrl 0.61112582902
kukorica SNARC arabic CD down 4 num_decimal 0.521801500013
kukorica SNARC arabic CD down 6 num_decimal 0.449037792906
kukorica SNARC arabic CD down 1 num_decimal 0.436718378437
kukorica SNARC arabic CD up 6 lctrl 0.407042875076
kukorica SNARC arabic CD down 7 num_decimal 0.64841408799
kukorica SNARC arabic CD down 4 num_decimal 0.474644970797
kukorica SNARC arabic CD up 1 lctrl 0.410393425446
kukorica SNARC arabic CD up 9 lctrl 0.370361102819
kukorica SNARC arabic CD down 9 num_decimal 0.470725379807
kukorica SNARC arabic CD down 8 num_decimal 0.498862093741
kukorica SNARC arabic CD up 4 num_decimal 0.561463211314
kukorica SNARC arabic CD down 1 num_decimal 0.516284325731
kukorica SNARC arabic CD up 6 lctrl 0.667343262731
kukorica SNARC arabic CD down 6 num_decimal 0.466952073551
kukorica SNARC arabic CD down 9 lctrl 0.741750748309
kukorica SNARC arabic CD up 6 lctrl 0.618501309388
kukorica SNARC arabic CD up 2 lctrl 0.661306742641
kukorica SNARC arabic CD down 7 num_decimal 0.498988780521
kukorica SNARC arabic CD up 9 lctrl 0.418710657543
kukorica SNARC arabic CD down 2 num_decimal 0.412442111666
kukorica SNARC arabic CD down 6 num_decimal 2.31067028156
kukorica SNARC arabic CD down 1 num_decimal 0.412841769961
kukorica SNARC arabic CD up 8 lctrl 0.346037590977
kukorica SNARC arabic CD down 4 num_decimal 0.429214461471
kukorica SNARC arabic CD up 9 lctrl 0.526377272532
kukorica SNARC arabic CD up 4 lctrl 0.64008250739
kukorica SNARC arabic CD down 5 num_decimal 0.440046531144
kukorica SNARC arabic CD down 6 num_decimal 0.475536327784
kukorica SNARC arabic CD up 5 lctrl 0.514913518774
kukorica SNARC arabic CD down 6 num_decimal 0.517035347361
kukorica SNARC arabic CD down 6 num_decimal 0.456583005563
kukorica SNARC arabic CD down 6 num_decimal 0.406503931315
kukorica SNARC arabic CD down 8 num_decimal 0.334104536192
kukorica SNARC arabic CD up 3 lctrl 1.31189585367
kukorica SNARC arabic CD up 3 num_decimal 0.543527582897
kukorica SNARC arabic CD down 4 num_decimal 0.5510311499
kukorica SNARC arabic CD down 9 num_decimal 0.350886684974
kukorica SNARC arabic CD up 7 lctrl 0.406727208016
kukorica SNARC arabic CD down 2 num_decimal 0.416321106892
kukorica SNARC arabic CD down 7 num_decimal 0.442976775373
kukorica SNARC arabic CD up 8 lctrl 1.13922177221
kukorica SNARC arabic CD up 8 lctrl 0.558827286373
kukorica SNARC arabic CD down 7 num_decimal 0.368490198048
kukorica SNARC arabic CD down 5 num_decimal 0.386092661231
kukorica SNARC arabic CD up 2 lctrl 0.601616971269
kukorica SNARC arabic CD up 4 lctrl 0.487110670002
kukorica SNARC arabic CD down 4 num_decimal 0.495169279086
kukorica SNARC arabic CD up 3 lctrl 0.377668340309
kukorica SNARC arabic CD up 1 lctrl 0.456910921345
kukorica SNARC arabic CD up 3 lctrl 0.402380661578
kukorica SNARC arabic CD down 8 num_decimal 0.470979803258
kukorica SNARC arabic CD down 1 num_decimal 0.392303463134
kukorica SNARC arabic CD up 8 lctrl 0.876097879186
kukorica SNARC arabic CD up 1 lctrl 2.02702313014
kukorica SNARC arabic CD up 7 lctrl 0.549470662736
kukorica SNARC arabic CD up 5 lctrl 0.456849327773
kukorica SNARC arabic CD up 6 lctrl 0.575253872258
kukorica SNARC arabic CD up 1 lctrl 0.408797591971
kukorica SNARC arabic CD down 2 num_decimal 0.411084603322
kukorica SNARC arabic CD up 5 num_decimal 0.45709640199
kukorica SNARC arabic CD down 1 num_decimal 0.365601599473
kukorica SNARC arabic CD up 7 lctrl 0.470663086307
kukorica SNARC arabic CD down 4 num_decimal 0.434894368773
kukorica SNARC arabic CD up 8 lctrl 0.468997960063
kukorica SNARC arabic CD up 2 lctrl 0.353166697055
kukorica SNARC arabic CD down 2 num_decimal 0.614691256967
kukorica SNARC arabic CD up 2 lctrl 0.685768840022
kukorica SNARC arabic CD up 4 lctrl 0.430920533442
kukorica SNARC arabic CD up 8 lctrl 0.404826206385
kukorica SNARC arabic CD down 7 num_decimal 0.435240482656
kukorica SNARC arabic CD up 4 lctrl 0.40815505902
kukorica SNARC arabic CD down 2 num_decimal 0.39044340723
kukorica SNARC arabic CD down 1 num_decimal 0.440326151966
kukorica SNARC arabic CD up 7 lctrl 0.606677443209
kukorica SNARC arabic CD up 1 lctrl 1.14112137398
kukorica SNARC arabic CD up 5 lctrl 0.569551567294
kukorica SNARC arabic CD up 1 lctrl 0.360087574862
kukorica SNARC arabic CD down 4 lctrl 0.366496806058
kukorica SNARC arabic CD up 8 num_decimal 0.490516864565
kukorica SNARC arabic CD up 2 lctrl 0.813971312094
kukorica SNARC arabic CD up 6 lctrl 0.465440581275
kukorica SNARC arabic CD down 7 num_decimal 0.483513745341
kukorica SNARC arabic CD up 7 lctrl 0.591316846087
kukorica SNARC arabic CD down 6 num_decimal 0.799953174886
kukorica SNARC arabic CD down 2 num_decimal 0.536724992747
kukorica SNARC arabic CD down 3 num_decimal 0.643777071863
kukorica SNARC arabic CD down 5 num_decimal 0.392471795568
kukorica SNARC arabic CD down 9 num_decimal 0.440727210116
kukorica SNARC arabic CD up 2 lctrl 0.653414366211
kukorica SNARC arabic CD up 1 lctrl 0.484669324756
kukorica SNARC arabic CD down 1 lctrl 0.402938153404
kukorica SNARC arabic CD down 3 num_decimal 0.512658354101
kukorica SNARC arabic CD down 9 num_decimal 0.470679534591
kukorica SNARC arabic CD up 8 lctrl 0.565603629261
kukorica SNARC arabic CD up 3 lctrl 0.633790863923
kukorica SNARC arabic CD up 7 lctrl 1.22967368355
kukorica SNARC arabic CD down 4 num_decimal 0.525535960323
kukorica SNARC arabic CD up 3 lctrl 0.637283499467
kukorica SNARC arabic CD down 2 lctrl 1.08896421658
kukorica SNARC arabic CD up 7 num_decimal 0.383898740166
kukorica SNARC arabic CD up 9 lctrl 0.590468534608
kukorica SNARC arabic CD up 7 lctrl 0.529098238599
kukorica SNARC arabic CD up 1 lctrl 0.442909582385
kukorica SNARC arabic CD up 9 lctrl 0.497512634557
kukorica SNARC arabic CD up 1 lctrl 0.452765603909
kukorica SNARC arabic CD up 8 lctrl 0.670177267002
kukorica SNARC arabic CD down 2 num_decimal 0.486457288182
kukorica SNARC arabic CD up 1 lctrl 0.515366721483
kukorica SNARC arabic CD down 7 num_decimal 0.619268779303
kukorica SNARC arabic CD down 1 num_decimal 2.20445496512
kukorica SNARC arabic CD up 6 lctrl 0.70272142102
kukorica SNARC arabic CD down 2 num_decimal 0.695500974473
kukorica SNARC arabic CD up 7 lctrl 0.49853837752
kukorica SNARC arabic CD up 5 lctrl 0.474493086646
kukorica SNARC arabic CD up 1 lctrl 0.478439974789
kukorica SNARC arabic CD up 8 lctrl 0.380727021135
kukorica SNARC arabic CD up 2 lctrl 0.492886467297
kukorica SNARC arabic CD down 2 num_decimal 0.377030006919
kukorica SNARC arabic CD down 8 num_decimal 0.426704523383
kukorica SNARC arabic CD up 3 lctrl 0.382643771122
kukorica SNARC arabic CD down 4 num_decimal 0.999498502331
kukorica SNARC arabic CD up 7 lctrl 1.11068924958
kukorica SNARC arabic CD up 2 lctrl 0.555233861347
kukorica SNARC arabic CD down 9 num_decimal 0.665846468921
kukorica SNARC arabic CD up 3 lctrl 1.17345275021
kukorica SNARC arabic CD down 6 num_decimal 0.456749238217
kukorica SNARC arabic CD up 8 lctrl 0.470877963884
kukorica SNARC arabic CD down 1 num_decimal 0.491425719726
kukorica SNARC arabic CD down 5 num_decimal 0.406057727876
kukorica SNARC arabic CD down 5 num_decimal 0.364218893758
kukorica SNARC arabic CD down 1 num_decimal 0.381701319467
kukorica SNARC arabic CD up 1 lctrl 0.392375205647
kukorica SNARC arabic CD up 6 num_decimal 0.436653985157
kukorica SNARC arabic CD down 8 num_decimal 0.589999933507
kukorica SNARC arabic CD down 9 num_decimal 0.527211235508
kukorica SNARC arabic CD down 8 num_decimal 0.444222645367
kukorica SNARC arabic CD up 1 lctrl 0.450441146466
kukorica SNARC arabic CD down 3 num_decimal 0.355911810603
kukorica SNARC arabic CD up 7 lctrl 0.386001670726
kukorica SNARC arabic CD down 7 num_decimal 0.421128205272
kukorica SNARC arabic CD down 3 num_decimal 0.394901941982
kukorica SNARC arabic CD down 2 num_decimal 0.370451393397
kukorica SNARC arabic CD up 4 lctrl 0.494403209025
kukorica SNARC arabic CD up 9 lctrl 0.988832665311
kukorica SNARC arabic CD down 6 num_decimal 0.519347906046
kukorica SNARC arabic CD up 8 lctrl 0.522501426976
kukorica SNARC arabic CD down 1 num_decimal 1.07686387925
kukorica SNARC arabic CD down 8 num_decimal 0.387985963665
kukorica SNARC arabic CD up 3 num_decimal 0.400597947604
kukorica SNARC arabic CD down 6 num_decimal 0.481586846413
kukorica SNARC arabic CD up 4 lctrl 0.438495492995
kukorica SNARC arabic CD up 6 lctrl 0.48919540246
kukorica SNARC arabic CD down 4 num_decimal 0.72959616664
kukorica SNARC arabic CD up 8 lctrl 0.518974495011
kukorica SNARC arabic CD down 8 num_decimal 1.67150187878
kukorica SNARC arabic CD down 3 num_decimal 0.502266188523
kukorica SNARC arabic CD down 2 num_decimal 1.92951525508
kukorica SNARC arabic CD up 8 lctrl 0.365811227598
kukorica SNARC arabic CD down 4 num_decimal 0.962959865138
kukorica SNARC arabic CD down 3 num_decimal 0.507013793111
kukorica SNARC arabic CD down 7 num_decimal 0.513160551696
kukorica SNARC arabic CD down 6 num_decimal 0.458160640937
kukorica SNARC arabic CD down 1 num_decimal 0.502212994074
kukorica SNARC arabic CD down 6 num_decimal 0.339701852112
kukorica SNARC arabic CD up 2 lctrl 0.472118584426
kukorica SNARC arabic CD up 4 num_decimal 0.671924284701
kukorica SNARC arabic CD up 4 lctrl 0.525778135052
kukorica SNARC arabic CD up 1 lctrl 0.685815735128
kukorica SNARC arabic CD down 2 num_decimal 0.454933627676
kukorica SNARC arabic CD up 8 lctrl 0.531339404733
kukorica SNARC arabic CD down 4 num_decimal 1.00218097242
kukorica SNARC arabic CD up 7 lctrl 0.582523313692
kukorica SNARC arabic CD down 7 num_decimal 0.442949828185
kukorica SNARC arabic CD up 3 lctrl 1.84460536543
kukorica SNARC arabic CD up 5 lctrl 0.468993060574
kukorica SNARC arabic CD up 9 lctrl 0.411042607704
kukorica SNARC arabic CD down 9 num_decimal 0.481419913832
kukorica SNARC arabic CD down 9 num_decimal 0.627090113147
kukorica SNARC arabic CD down 7 num_decimal 0.547622505592
kukorica SNARC arabic CD up 2 lctrl 1.62439434445
kukorica SNARC arabic CD down 6 num_decimal 0.605202697099
kukorica SNARC arabic CD down 5 num_decimal 0.569407732303
kukorica SNARC arabic CD down 9 num_decimal 0.488580516623
kukorica SNARC arabic CD up 2 lctrl 0.479854177217
kukorica SNARC arabic CD down 7 num_decimal 0.666044198288
kukorica SNARC arabic CD up 4 lctrl 1.30389218885
kukorica SNARC arabic CD down 5 num_decimal 0.535482622388
kukorica SNARC arabic CD down 1 num_decimal 0.434369773514
kukorica SNARC arabic CD up 7 lctrl 0.992406842346
kukorica SNARC arabic CD down 3 num_decimal 0.581562663936
kukorica SNARC arabic CD down 4 num_decimal 0.394810951477
kukorica SNARC arabic CD down 2 num_decimal 0.428435092798
kukorica SNARC arabic CD down 9 num_decimal 0.484762065078
kukorica SNARC arabic CD up 5 lctrl 0.633321912858
kukorica SNARC arabic CD up 3 lctrl 1.10878089871
kukorica SNARC arabic CD down 3 num_decimal 1.87204320229
kukorica SNARC arabic CD down 3 num_decimal 0.468752985626
kukorica SNARC arabic CD up 9 lctrl 0.763742803438
kukorica SNARC arabic CD up 7 lctrl 0.743865227663
kukorica SNARC arabic CD down 6 num_decimal 3.01770395259
kukorica SNARC arabic CD down 3 num_decimal 0.426008446019
kukorica SNARC arabic CD up 4 lctrl 0.514417270558
kukorica SNARC arabic CD down 5 num_decimal 0.876344603441
kukorica SNARC arabic CD down 6 num_decimal 0.4099444223
kukorica SNARC arabic CD down 8 num_decimal 0.422847925819
kukorica SNARC arabic CD down 4 num_decimal 1.05082519639
kukorica SNARC arabic CD down 7 num_decimal 0.398685397179
kukorica SNARC arabic CD down 8 num_decimal 0.384484229071
kukorica SNARC arabic CD up 5 lctrl 0.384181160696
kukorica SNARC arabic CD up 2 lctrl 0.38782568039
kukorica SNARC arabic CD down 8 lctrl 0.482282573813
kukorica SNARC arabic CD down 9 num_decimal 0.388651594206
kukorica SNARC arabic CD up 9 lctrl 0.615393633674
kukorica SNARC arabic CD up 4 lctrl 0.548770035847
kukorica SNARC arabic CD up 7 lctrl 0.486836998559
kukorica SNARC arabic CD up 7 lctrl 1.27995258695
kukorica SNARC arabic CD down 9 num_decimal 0.757882664944
kukorica SNARC arabic CD down 4 num_decimal 0.388866471784
kukorica SNARC arabic CD down 3 num_decimal 0.346134180898
kukorica SNARC arabic CD up 5 lctrl 0.488451730062
kukorica SNARC arabic CD up 2 lctrl 0.534989873807
kukorica SNARC arabic CD up 1 lctrl 0.372881889775
kukorica SNARC arabic CD down 9 num_decimal 0.462906495707
kukorica SNARC arabic CD down 2 num_decimal 0.527195837114
kukorica SNARC arabic CD down 5 num_decimal 0.498198213016
kukorica SNARC arabic CD up 7 lctrl 0.939694992828
kukorica SNARC arabic CD down 3 num_decimal 0.488798193908
kukorica SNARC arabic CD up 7 lctrl 3.56484805811
kukorica SNARC arabic CD down 1 num_decimal 1.06527518853
kukorica SNARC arabic CD down 4 num_decimal 0.528407410687
kukorica SNARC arabic CD down 5 num_decimal 0.414044594447
kukorica SNARC arabic CD up 6 lctrl 0.42475697661
kukorica SNARC arabic CD up 8 lctrl 0.559397376884
kukorica SNARC arabic CD up 9 lctrl 0.510652013462
kukorica SNARC arabic CD down 8 num_decimal 0.352711044603
kukorica SNARC arabic CD up 6 lctrl 0.713456900772
kukorica SNARC arabic CD down 8 num_decimal 0.448558342937
kukorica SNARC arabic CD up 9 lctrl 1.00860140244
kukorica SNARC arabic CD down 6 num_decimal 1.21741516273
kukorica SNARC arabic CD down 8 num_decimal 0.452267605875
kukorica SNARC arabic CD down 9 num_decimal 0.401894912266
kukorica SNARC arabic CD up 1 lctrl 0.729562920109
kukorica SNARC arabic CD up 6 lctrl 1.35594015764
kukorica SNARC arabic CD up 6 lctrl 0.350605314335
kukorica SNARC arabic CD down 5 num_decimal 1.87357814212
kukorica SNARC arabic CD down 4 num_decimal 0.469985557007
kukorica SNARC arabic CD down 9 num_decimal 0.333964900763
kukorica SNARC arabic CD down 1 num_decimal 0.300288614883
kukorica SNARC arabic CD down 5 num_decimal 0.351741645759
kukorica SNARC arabic CD down 9 num_decimal 0.33003201116
kukorica SNARC arabic CD down 9 num_decimal 0.322318116105
kukorica SNARC arabic CD up 8 lctrl 0.466196852358
kukorica SNARC arabic CD up 6 num_decimal 0.456181947414
kukorica SNARC arabic CD up 3 lctrl 0.532164268659
kukorica SNARC arabic CD up 7 lctrl 0.60638802341
kukorica SNARC arabic CD down 1 num_decimal 0.412608344319
kukorica SNARC arabic CD down 5 num_decimal 0.374328638807
kukorica SNARC arabic CD up 1 lctrl 0.458142092873
kukorica SNARC arabic CD up 9 lctrl 0.466021170691
kukorica SNARC arabic CD up 9 lctrl 0.419226503714
kukorica SNARC arabic CD down 5 num_decimal 0.418596919411
kukorica SNARC arabic CD down 6 num_decimal 0.426410904022
kukorica SNARC arabic CD up 4 lctrl 0.502766286338
kukorica SNARC arabic CD down 1 num_decimal 0.649082168276
kukorica SNARC arabic CD down 4 num_decimal 0.916090305977
kukorica SNARC arabic CD down 5 num_decimal 0.390799670054
kukorica SNARC arabic CD down 9 num_decimal 0.402325717311
kukorica SNARC arabic CD up 4 lctrl 0.365879120514
kukorica SNARC arabic CD down 8 num_decimal 0.770030597307
kukorica SNARC arabic CD down 6 num_decimal 0.539319621997
kukorica SNARC arabic CD up 7 lctrl 0.718969175567
kukorica SNARC arabic CD up 2 lctrl 0.433242891104
kukorica SNARC arabic CD down 7 num_decimal 0.459915357832
kukorica SNARC arabic CD up 2 lctrl 1.00408442379
kukorica SNARC arabic CD down 8 num_decimal 0.351024220623
kukorica SNARC arabic CD up 6 lctrl 0.533121068817
kukorica SNARC arabic CD down 8 num_decimal 0.459419459579
kukorica SNARC arabic CD down 3 num_decimal 0.520466739296
kukorica SNARC arabic CD up 9 lctrl 0.578643618538
kukorica SNARC arabic CD down 2 num_decimal 0.524723695082
kukorica SNARC arabic CD down 5 num_decimal 0.548936968427
kukorica SNARC arabic CD down 9 num_decimal 0.535826986454
kukorica SNARC arabic CD down 5 num_decimal 0.3947791048
kukorica SNARC arabic CD down 6 num_decimal 0.458794424802
kukorica SNARC arabic CD down 3 num_decimal 0.384334794664
kukorica SNARC arabic CD up 5 lctrl 1.04017020824
kukorica SNARC arabic CD up 3 lctrl 0.390881561509
kukorica SNARC arabic CD down 3 num_decimal 0.382482437958
kukorica SNARC arabic CD down 9 num_decimal 0.43625222708
kukorica SNARC arabic CD up 5 lctrl 0.432061064428
kukorica SNARC arabic CD up 5 lctrl 0.358172224728
kukorica SNARC arabic CD down 1 num_decimal 0.319896368814
kukorica SNARC arabic CD up 4 num_decimal 0.378436160187
kukorica SNARC arabic CD down 7 num_decimal 0.365781830666
kukorica SNARC arabic CD down 6 num_decimal 0.408382885246
kukorica SNARC arabic CD up 9 lctrl 0.391849210535
kukorica SNARC arabic CD up 5 num_decimal 0.30826008306
kukorica SNARC arabic CD down 3 num_decimal 0.442036073536
kukorica SNARC arabic CD down 6 num_decimal 0.380720021866
kukorica SNARC arabic CD down 4 num_decimal 0.442089267985
kukorica SNARC arabic CD down 2 num_decimal 0.357893653797
kukorica SNARC arabic CD down 1 num_decimal 0.324265312915
kukorica SNARC arabic CD up 3 lctrl 0.411943413705
kukorica SNARC arabic CD up 1 lctrl 0.338467880877
kukorica SNARC arabic CD up 2 lctrl 0.358101882069
kukorica SNARC arabic CD down 3 num_decimal 0.41686669996
