{'task': u'line', 'participant': u'szbese', 'dateStr': u'09_22_1909', 'notation': u'arabic', 'response_buttons': u'CD', 'range_in_instr': True, 'interactive_setting': True, 'autopilot': False, 'exp_id': u'SNARC'}
szbese SNARC arabic CD up 7 lctrl 1.95891904831
szbese SNARC arabic CD up 1 lctrl 1.53812813759
szbese SNARC arabic CD up 5 lctrl 3.81548905373
szbese SNARC arabic CD up 5 lctrl 2.51478481293
szbese SNARC arabic CD up 1 lctrl 3.1979830265
szbese SNARC arabic CD down 3 num_delete 0.907365083694
szbese SNARC arabic CD up 3 lctrl 0.619837999344
szbese SNARC arabic CD up 1 lctrl 0.616120815277
szbese SNARC arabic CD up 4 lctrl 3.50920796394
szbese SNARC arabic CD down 1 num_delete 0.829878091812
szbese SNARC arabic CD down 5 num_delete 0.617431879044
szbese SNARC arabic CD down 5 num_delete 0.510742902756
szbese SNARC arabic CD up 8 lctrl 0.560345888138
szbese SNARC arabic CD up 2 lctrl 0.576075077057
szbese SNARC arabic CD down 2 num_delete 0.805853843689
szbese SNARC arabic CD down 2 num_delete 0.48227596283
szbese SNARC arabic CD down 9 num_delete 0.389127016068
szbese SNARC arabic CD down 4 num_delete 0.41139292717
szbese SNARC arabic CD down 7 num_delete 0.457274913788
szbese SNARC arabic CD down 4 num_delete 0.580717086792
szbese SNARC arabic CD down 4 num_delete 0.563462972641
szbese SNARC arabic CD down 8 num_delete 1.1546690464
szbese SNARC arabic CD up 6 lctrl 0.61616396904
szbese SNARC arabic CD down 7 num_delete 0.565065860748
szbese SNARC arabic CD up 6 lctrl 0.4605448246
szbese SNARC arabic CD down 9 num_delete 0.503756999969
szbese SNARC arabic CD up 8 lctrl 0.513579845428
szbese SNARC arabic CD up 9 lctrl 1.1874358654
szbese SNARC arabic CD up 6 lctrl 0.575538873672
szbese SNARC arabic CD down 4 num_delete 0.517663955688
szbese SNARC arabic CD up 1 lctrl 0.711560964584
szbese SNARC arabic CD down 2 num_delete 0.511846065521
szbese SNARC arabic CD up 8 lctrl 0.497550010681
szbese SNARC arabic CD down 9 num_delete 0.523270130157
szbese SNARC arabic CD down 3 num_delete 0.979719877243
szbese SNARC arabic CD down 1 num_delete 0.529417991638
szbese SNARC arabic CD up 8 lctrl 0.562337875366
szbese SNARC arabic CD down 9 num_delete 0.5534491539
szbese SNARC arabic CD down 4 num_delete 0.568514108658
szbese SNARC arabic CD up 5 lctrl 0.488039016724
szbese SNARC arabic CD down 2 num_delete 0.633605957031
szbese SNARC arabic CD up 1 lctrl 0.550532102585
szbese SNARC arabic CD down 1 num_delete 0.598014831543
szbese SNARC arabic CD down 4 num_delete 0.412036895752
szbese SNARC arabic CD down 8 num_delete 0.385876893997
szbese SNARC arabic CD up 1 lctrl 0.464993953705
szbese SNARC arabic CD down 9 num_delete 0.459682941437
szbese SNARC arabic CD up 4 lctrl 0.591553211212
szbese SNARC arabic CD down 5 num_delete 0.525217056274
szbese SNARC arabic CD down 4 num_delete 0.509599924088
szbese SNARC arabic CD down 2 num_delete 0.623270988464
szbese SNARC arabic CD down 1 num_delete 1.30011701584
szbese SNARC arabic CD down 4 num_delete 0.619063854218
szbese SNARC arabic CD down 9 num_delete 0.44025015831
szbese SNARC arabic CD down 3 num_delete 0.364477872849
szbese SNARC arabic CD up 6 lctrl 0.516767024994
szbese SNARC arabic CD down 8 num_delete 0.781492948532
szbese SNARC arabic CD up 5 lctrl 0.460003137589
szbese SNARC arabic CD up 6 lctrl 0.815474033356
szbese SNARC arabic CD down 8 num_delete 0.467696905136
szbese SNARC arabic CD down 7 num_delete 0.463271141052
szbese SNARC arabic CD up 9 lctrl 0.651089191437
szbese SNARC arabic CD up 1 lctrl 0.542496919632
szbese SNARC arabic CD down 6 num_delete 0.486330032349
szbese SNARC arabic CD down 8 num_delete 0.536518096924
szbese SNARC arabic CD down 5 num_delete 0.416136980057
szbese SNARC arabic CD down 5 num_delete 0.390167951584
szbese SNARC arabic CD up 5 lctrl 0.684604883194
szbese SNARC arabic CD up 6 lctrl 0.463340997696
szbese SNARC arabic CD up 2 lctrl 0.554703950882
szbese SNARC arabic CD down 4 num_delete 0.569421052933
szbese SNARC arabic CD up 2 lctrl 0.528503894806
szbese SNARC arabic CD up 1 lctrl 1.16902112961
szbese SNARC arabic CD down 9 num_delete 0.622227907181
szbese SNARC arabic CD down 8 num_delete 0.578485965729
szbese SNARC arabic CD down 4 num_delete 0.417047023773
szbese SNARC arabic CD down 9 num_delete 0.414381027222
szbese SNARC arabic CD down 8 num_delete 0.468519926071
szbese SNARC arabic CD up 9 lctrl 0.512234926224
szbese SNARC arabic CD down 8 num_delete 0.498189926147
szbese SNARC arabic CD up 4 lctrl 1.21187496185
szbese SNARC arabic CD up 4 lctrl 0.69557094574
szbese SNARC arabic CD up 7 lctrl 0.600500106812
szbese SNARC arabic CD down 1 num_delete 0.5741147995
szbese SNARC arabic CD down 5 num_delete 0.612499952316
szbese SNARC arabic CD up 9 lctrl 0.561716794968
szbese SNARC arabic CD down 6 num_delete 0.545028924942
szbese SNARC arabic CD up 3 lctrl 0.657048940659
szbese SNARC arabic CD up 4 lctrl 0.620501041412
szbese SNARC arabic CD down 6 num_delete 0.440183162689
szbese SNARC arabic CD down 7 num_delete 0.452363014221
szbese SNARC arabic CD down 8 num_delete 0.487982034683
szbese SNARC arabic CD up 7 lctrl 0.45782494545
szbese SNARC arabic CD down 9 num_delete 0.465737104416
szbese SNARC arabic CD up 7 lctrl 0.5376060009
szbese SNARC arabic CD up 1 lctrl 0.449529886246
szbese SNARC arabic CD down 4 num_delete 0.405467987061
szbese SNARC arabic CD up 5 lctrl 0.507534980774
szbese SNARC arabic CD up 7 lctrl 0.476754903793
szbese SNARC arabic CD up 7 lctrl 1.27151179314
szbese SNARC arabic CD down 2 num_delete 0.512570858002
szbese SNARC arabic CD down 8 num_delete 0.449882984161
szbese SNARC arabic CD up 1 lctrl 0.550298929214
szbese SNARC arabic CD up 1 lctrl 0.606206893921
szbese SNARC arabic CD down 8 num_delete 0.523099184036
szbese SNARC arabic CD up 6 lctrl 0.435998916626
szbese SNARC arabic CD up 9 lctrl 1.00066614151
szbese SNARC arabic CD down 8 num_delete 0.396645069122
szbese SNARC arabic CD up 7 lctrl 0.570687055588
szbese SNARC arabic CD down 7 num_delete 0.433610916138
szbese SNARC arabic CD up 6 lctrl 0.590909004211
szbese SNARC arabic CD down 1 num_delete 0.57236289978
szbese SNARC arabic CD up 6 lctrl 0.515024900436
szbese SNARC arabic CD down 7 num_delete 0.460222959518
szbese SNARC arabic CD down 3 num_delete 0.43181681633
szbese SNARC arabic CD up 4 lctrl 0.46112203598
szbese SNARC arabic CD down 1 num_delete 0.464630842209
szbese SNARC arabic CD up 3 lctrl 0.523776054382
szbese SNARC arabic CD up 1 lctrl 0.588913917542
szbese SNARC arabic CD down 7 num_delete 0.650506019592
szbese SNARC arabic CD up 9 lctrl 0.495107889175
szbese SNARC arabic CD up 7 lctrl 0.384506225586
szbese SNARC arabic CD down 9 lctrl 0.367526054382
szbese SNARC arabic CD up 8 lctrl 2.35199213028
szbese SNARC arabic CD down 7 num_delete 0.473695993423
szbese SNARC arabic CD up 5 lctrl 0.988385915756
szbese SNARC arabic CD down 4 num_delete 0.560892105103
szbese SNARC arabic CD down 3 num_delete 0.640033006668
szbese SNARC arabic CD down 9 num_delete 0.62788105011
szbese SNARC arabic CD down 9 num_delete 0.584254980087
szbese SNARC arabic CD down 5 num_delete 0.494676113129
szbese SNARC arabic CD up 6 lctrl 0.592828989029
szbese SNARC arabic CD up 6 lctrl 0.79092502594
szbese SNARC arabic CD down 6 num_delete 0.435717821121
szbese SNARC arabic CD up 2 lctrl 0.592231988907
szbese SNARC arabic CD up 2 lctrl 0.565968990326
szbese SNARC arabic CD up 5 lctrl 0.597207069397
szbese SNARC arabic CD up 8 lctrl 0.467233896255
szbese SNARC arabic CD up 2 lctrl 0.422480106354
szbese SNARC arabic CD down 3 num_delete 0.419411897659
szbese SNARC arabic CD up 3 lctrl 0.608690977097
szbese SNARC arabic CD down 9 num_delete 0.690599918365
szbese SNARC arabic CD up 2 lctrl 0.816041946411
szbese SNARC arabic CD down 1 num_delete 0.436251163483
szbese SNARC arabic CD up 4 lctrl 0.560729980469
szbese SNARC arabic CD down 1 num_delete 0.439933776855
szbese SNARC arabic CD up 6 lctrl 0.468173027039
szbese SNARC arabic CD down 9 num_delete 0.471549987793
szbese SNARC arabic CD down 7 num_delete 0.48242521286
szbese SNARC arabic CD down 7 num_delete 0.341150045395
szbese SNARC arabic CD down 1 num_delete 0.374210119247
szbese SNARC arabic CD down 9 num_delete 0.38866686821
szbese SNARC arabic CD down 7 num_delete 0.419416904449
szbese SNARC arabic CD up 1 lctrl 0.568522930145
szbese SNARC arabic CD down 5 num_delete 0.719604969025
szbese SNARC arabic CD up 2 lctrl 0.529153823853
szbese SNARC arabic CD up 8 lctrl 0.745572090149
szbese SNARC arabic CD up 4 lctrl 0.472615003586
szbese SNARC arabic CD down 3 num_delete 0.467166185379
szbese SNARC arabic CD up 6 lctrl 0.359575986862
szbese SNARC arabic CD down 9 num_delete 0.439157009125
szbese SNARC arabic CD up 2 lctrl 0.466839075089
szbese SNARC arabic CD down 6 num_delete 0.478410959244
szbese SNARC arabic CD down 6 num_delete 0.497545003891
szbese SNARC arabic CD down 8 num_delete 0.483357906342
szbese SNARC arabic CD up 7 lctrl 0.438518047333
szbese SNARC arabic CD up 7 lctrl 0.418776035309
szbese SNARC arabic CD down 9 num_delete 0.520154953003
szbese SNARC arabic CD down 5 num_delete 0.376657962799
szbese SNARC arabic CD up 7 lctrl 0.384477853775
szbese SNARC arabic CD down 4 num_delete 0.391128063202
szbese SNARC arabic CD up 4 lctrl 0.49379491806
szbese SNARC arabic CD up 1 lctrl 0.448469877243
szbese SNARC arabic CD up 5 lctrl 0.532190799713
szbese SNARC arabic CD down 7 lctrl 0.373309850693
szbese SNARC arabic CD down 2 num_delete 0.531772851944
szbese SNARC arabic CD down 3 num_delete 0.476986885071
szbese SNARC arabic CD up 6 lctrl 0.839624166489
szbese SNARC arabic CD down 3 num_delete 0.546412944794
szbese SNARC arabic CD down 6 num_delete 0.394280910492
szbese SNARC arabic CD down 1 num_delete 0.37673997879
szbese SNARC arabic CD down 7 num_delete 0.359723091125
szbese SNARC arabic CD down 3 num_delete 0.39967417717
szbese SNARC arabic CD up 4 lctrl 0.358403921127
szbese SNARC arabic CD down 6 num_delete 2.03799891472
szbese SNARC arabic CD down 9 num_delete 0.438008069992
szbese SNARC arabic CD up 8 lctrl 0.39435005188
szbese SNARC arabic CD down 7 num_delete 0.512717962265
szbese SNARC arabic CD up 3 lctrl 0.546009063721
szbese SNARC arabic CD up 3 lctrl 0.458362102509
szbese SNARC arabic CD up 9 lctrl 0.613598108292
szbese SNARC arabic CD up 1 lctrl 0.370979070663
szbese SNARC arabic CD up 5 lctrl 0.426026105881
szbese SNARC arabic CD up 8 lctrl 0.382925033569
szbese SNARC arabic CD up 6 lctrl 0.414260864258
szbese SNARC arabic CD up 5 lctrl 0.411926984787
szbese SNARC arabic CD up 6 lctrl 0.36958193779
szbese SNARC arabic CD up 4 lctrl 0.36976313591
szbese SNARC arabic CD down 8 num_delete 0.391740083694
szbese SNARC arabic CD up 8 lctrl 0.502346038818
szbese SNARC arabic CD up 2 lctrl 0.440454006195
szbese SNARC arabic CD up 6 lctrl 0.348997831345
szbese SNARC arabic CD up 8 lctrl 0.349401950836
szbese SNARC arabic CD down 2 num_delete 0.517591953278
szbese SNARC arabic CD up 6 lctrl 0.359357118607
szbese SNARC arabic CD down 9 num_delete 0.446679115295
szbese SNARC arabic CD up 3 lctrl 0.38842010498
szbese SNARC arabic CD up 2 lctrl 0.401782035828
szbese SNARC arabic CD down 2 lctrl 0.376188993454
szbese SNARC arabic CD down 2 num_delete 0.455166101456
szbese SNARC arabic CD down 6 num_delete 0.450466156006
szbese SNARC arabic CD up 5 lctrl 0.487098932266
szbese SNARC arabic CD down 4 num_delete 0.385155916214
szbese SNARC arabic CD up 2 lctrl 0.440898180008
szbese SNARC arabic CD up 3 lctrl 0.612509965897
szbese SNARC arabic CD up 2 lctrl 0.46640086174
szbese SNARC arabic CD down 9 num_delete 0.556874990463
szbese SNARC arabic CD up 2 lctrl 0.628656864166
szbese SNARC arabic CD down 8 num_delete 0.488653898239
szbese SNARC arabic CD up 7 lctrl 0.87503695488
szbese SNARC arabic CD up 2 lctrl 0.48493885994
szbese SNARC arabic CD up 1 lctrl 0.3992831707
szbese SNARC arabic CD down 7 num_delete 0.422297000885
szbese SNARC arabic CD down 5 num_delete 1.01048994064
szbese SNARC arabic CD up 2 lctrl 0.621953964233
szbese SNARC arabic CD down 4 num_delete 0.434891939163
szbese SNARC arabic CD up 7 lctrl 0.456215858459
szbese SNARC arabic CD down 7 num_delete 0.395266056061
szbese SNARC arabic CD down 3 num_delete 0.441976070404
szbese SNARC arabic CD down 8 num_delete 0.446162939072
szbese SNARC arabic CD up 1 lctrl 0.418743848801
szbese SNARC arabic CD up 5 lctrl 0.448369026184
szbese SNARC arabic CD down 3 num_delete 0.452331066132
szbese SNARC arabic CD down 4 num_delete 0.472516059875
szbese SNARC arabic CD down 6 num_delete 0.37152504921
szbese SNARC arabic CD up 9 lctrl 0.490897893906
szbese SNARC arabic CD down 3 num_delete 0.396744966507
szbese SNARC arabic CD up 2 lctrl 0.379499912262
szbese SNARC arabic CD down 9 num_delete 0.418209075928
szbese SNARC arabic CD down 5 num_delete 0.631922960281
szbese SNARC arabic CD down 2 num_delete 0.436575889587
szbese SNARC arabic CD down 9 num_delete 0.360773801804
szbese SNARC arabic CD down 4 num_delete 0.360385894775
szbese SNARC arabic CD up 8 lctrl 0.408442974091
szbese SNARC arabic CD up 1 lctrl 0.518359184265
szbese SNARC arabic CD up 3 lctrl 0.375581979752
szbese SNARC arabic CD up 3 lctrl 0.438586950302
szbese SNARC arabic CD up 5 lctrl 0.387684106827
szbese SNARC arabic CD up 1 lctrl 0.40914607048
szbese SNARC arabic CD down 5 num_delete 0.41511297226
szbese SNARC arabic CD down 3 num_delete 0.396775960922
szbese SNARC arabic CD down 1 num_delete 0.363244056702
szbese SNARC arabic CD up 5 lctrl 0.523170948029
szbese SNARC arabic CD up 6 lctrl 0.483984947205
szbese SNARC arabic CD up 7 lctrl 0.463433027267
szbese SNARC arabic CD down 4 num_delete 0.618163824081
szbese SNARC arabic CD up 8 lctrl 0.351249933243
szbese SNARC arabic CD up 8 lctrl 0.416011810303
szbese SNARC arabic CD down 5 num_delete 0.381498098373
szbese SNARC arabic CD down 5 num_delete 0.372902870178
szbese SNARC arabic CD up 3 lctrl 0.403735160828
szbese SNARC arabic CD down 8 num_delete 0.409483909607
szbese SNARC arabic CD up 3 lctrl 0.543373823166
szbese SNARC arabic CD up 5 lctrl 0.463255882263
szbese SNARC arabic CD up 3 lctrl 0.410899877548
szbese SNARC arabic CD down 3 num_delete 0.47238612175
szbese SNARC arabic CD down 4 num_delete 0.427200078964
szbese SNARC arabic CD up 5 lctrl 0.384464025497
szbese SNARC arabic CD down 8 num_delete 0.335283994675
szbese SNARC arabic CD up 2 lctrl 0.3688621521
szbese SNARC arabic CD up 4 lctrl 0.455556869507
szbese SNARC arabic CD down 3 num_delete 0.387220144272
szbese SNARC arabic CD up 6 lctrl 0.697926998138
szbese SNARC arabic CD up 3 lctrl 0.339408874512
szbese SNARC arabic CD down 5 num_delete 0.39580988884
szbese SNARC arabic CD up 8 lctrl 0.522392988205
szbese SNARC arabic CD up 1 lctrl 0.667252063751
szbese SNARC arabic CD down 9 num_delete 0.373867034912
szbese SNARC arabic CD up 1 lctrl 0.445281028748
szbese SNARC arabic CD down 4 num_delete 0.409302949905
szbese SNARC arabic CD up 2 lctrl 0.39976477623
szbese SNARC arabic CD down 5 num_delete 0.457118988037
szbese SNARC arabic CD up 6 lctrl 0.481683969498
szbese SNARC arabic CD up 7 lctrl 0.500699043274
szbese SNARC arabic CD up 5 lctrl 0.446841001511
szbese SNARC arabic CD up 2 lctrl 0.451282978058
szbese SNARC arabic CD down 8 num_delete 0.535163164139
szbese SNARC arabic CD up 5 lctrl 0.504101991653
szbese SNARC arabic CD up 2 lctrl 0.449415922165
szbese SNARC arabic CD up 9 lctrl 0.37369799614
szbese SNARC arabic CD up 3 lctrl 0.388758182526
szbese SNARC arabic CD up 9 lctrl 0.387321949005
szbese SNARC arabic CD down 9 num_delete 0.48946595192
szbese SNARC arabic CD up 6 lctrl 0.436000823975
szbese SNARC arabic CD down 1 num_delete 0.400023937225
szbese SNARC arabic CD down 6 num_delete 0.454455852509
szbese SNARC arabic CD down 1 num_delete 0.425786972046
szbese SNARC arabic CD up 6 lctrl 0.375092983246
szbese SNARC arabic CD up 1 lctrl 0.374209880829
szbese SNARC arabic CD up 7 lctrl 0.477556943893
szbese SNARC arabic CD up 5 lctrl 0.440224170685
szbese SNARC arabic CD up 6 lctrl 0.372431993484
szbese SNARC arabic CD down 3 num_delete 0.451292991638
szbese SNARC arabic CD up 4 lctrl 0.456552028656
szbese SNARC arabic CD down 6 lctrl 0.331325054169
szbese SNARC arabic CD up 8 lctrl 0.620755910873
szbese SNARC arabic CD up 3 lctrl 0.417074918747
szbese SNARC arabic CD up 1 lctrl 0.43080496788
szbese SNARC arabic CD up 4 lctrl 0.427819013596
szbese SNARC arabic CD up 4 lctrl 0.376710891724
szbese SNARC arabic CD down 4 num_delete 0.527527093887
szbese SNARC arabic CD up 8 lctrl 0.424510002136
szbese SNARC arabic CD down 5 num_delete 0.453091144562
szbese SNARC arabic CD up 8 lctrl 0.377104043961
szbese SNARC arabic CD down 1 num_delete 0.368061065674
szbese SNARC arabic CD down 4 num_delete 0.599822998047
szbese SNARC arabic CD down 7 num_delete 0.373677968979
szbese SNARC arabic CD up 9 lctrl 0.388870000839
szbese SNARC arabic CD down 3 num_delete 0.363284111023
szbese SNARC arabic CD down 7 num_delete 0.379232883453
szbese SNARC arabic CD down 7 num_delete 0.346105098724
szbese SNARC arabic CD down 5 num_delete 0.37095785141
szbese SNARC arabic CD down 1 num_delete 0.346024990082
szbese SNARC arabic CD down 6 num_delete 0.378412008286
szbese SNARC arabic CD down 9 num_delete 0.449565887451
szbese SNARC arabic CD up 8 lctrl 0.381833076477
szbese SNARC arabic CD up 7 lctrl 0.373867988586
szbese SNARC arabic CD up 6 lctrl 0.380546808243
szbese SNARC arabic CD up 7 lctrl 0.38770198822
szbese SNARC arabic CD up 9 lctrl 0.370046138763
szbese SNARC arabic CD up 1 lctrl 0.37695813179
szbese SNARC arabic CD up 2 lctrl 0.320085048676
szbese SNARC arabic CD down 3 num_delete 0.601511955261
szbese SNARC arabic CD down 8 num_delete 0.375180006027
szbese SNARC arabic CD up 6 lctrl 0.470595121384
szbese SNARC arabic CD up 5 lctrl 0.441859960556
szbese SNARC arabic CD down 8 num_delete 0.477651834488
szbese SNARC arabic CD up 6 lctrl 0.39257311821
szbese SNARC arabic CD up 2 lctrl 0.398947000504
szbese SNARC arabic CD up 7 lctrl 0.334239959717
szbese SNARC arabic CD down 3 num_delete 0.430258989334
szbese SNARC arabic CD down 4 num_delete 0.403496980667
szbese SNARC arabic CD up 3 lctrl 0.457257032394
szbese SNARC arabic CD down 2 num_delete 0.413079023361
szbese SNARC arabic CD up 4 lctrl 0.411298036575
szbese SNARC arabic CD up 3 lctrl 0.424319028854
szbese SNARC arabic CD up 2 lctrl 0.365040063858
szbese SNARC arabic CD down 3 num_delete 0.364901065826
szbese SNARC arabic CD up 4 lctrl 0.421184062958
szbese SNARC arabic CD up 2 lctrl 0.377870798111
szbese SNARC arabic CD down 7 num_delete 0.512856006622
szbese SNARC arabic CD down 7 num_delete 0.354377985001
szbese SNARC arabic CD up 3 lctrl 0.442446947098
szbese SNARC arabic CD up 9 lctrl 0.415271043777
szbese SNARC arabic CD down 2 num_delete 0.468189954758
szbese SNARC arabic CD down 9 num_delete 0.607742071152
szbese SNARC arabic CD up 5 lctrl 0.397467851639
szbese SNARC arabic CD down 2 num_delete 0.451285123825
szbese SNARC arabic CD up 9 lctrl 0.375483989716
szbese SNARC arabic CD down 2 num_delete 0.870647192001
{'task': u'line', 'participant': u'szbese', 'dateStr': u'09_22_1918', 'notation': u'dot', 'response_buttons': u'CD', 'range_in_instr': True, 'interactive_setting': True, 'autopilot': False, 'exp_id': u'SNARC'}
szbese SNARC dot CD up 30 lctrl 0.854584932327
szbese SNARC dot CD down 35 num_delete 0.582914113998
szbese SNARC dot CD up 45 lctrl 0.594763040543
szbese SNARC dot CD up 10 lctrl 0.600620985031
szbese SNARC dot CD down 35 num_delete 0.427883863449
szbese SNARC dot CD down 40 num_delete 0.406788110733
szbese SNARC dot CD down 25 num_delete 0.386976003647
szbese SNARC dot CD down 5 num_delete 0.353493928909
szbese SNARC dot CD down 30 num_delete 0.383858919144
szbese SNARC dot CD up 15 lctrl 0.43029999733
szbese SNARC dot CD up 5 lctrl 0.555704116821
szbese SNARC dot CD up 30 lctrl 0.665652036667
szbese SNARC dot CD down 40 num_delete 0.473875999451
szbese SNARC dot CD down 20 num_delete 0.499897003174
szbese SNARC dot CD down 15 num_delete 0.405530929565
szbese SNARC dot CD up 45 lctrl 0.64834690094
szbese SNARC dot CD up 15 lctrl 0.363378047943
szbese SNARC dot CD up 10 lctrl 0.515348911285
szbese SNARC dot CD up 40 lctrl 0.41859292984
szbese SNARC dot CD down 45 num_delete 0.549116134644
szbese SNARC dot CD up 20 lctrl 0.484585046768
szbese SNARC dot CD up 15 lctrl 0.470577001572
szbese SNARC dot CD down 25 num_delete 0.407909870148
szbese SNARC dot CD up 5 lctrl 0.501842021942
szbese SNARC dot CD up 5 lctrl 0.536042928696
szbese SNARC dot CD down 10 num_delete 0.616480112076
szbese SNARC dot CD down 15 num_delete 0.71672296524
szbese SNARC dot CD down 10 num_delete 2.08554601669
szbese SNARC dot CD up 15 lctrl 0.458837032318
szbese SNARC dot CD up 30 lctrl 0.452885866165
szbese SNARC dot CD down 5 num_delete 0.48014497757
szbese SNARC dot CD up 45 lctrl 0.472441911697
szbese SNARC dot CD down 40 num_delete 0.45667886734
szbese SNARC dot CD up 35 lctrl 0.554610013962
szbese SNARC dot CD up 30 lctrl 0.840106010437
szbese SNARC dot CD up 40 lctrl 0.481257915497
szbese SNARC dot CD down 40 num_delete 0.457619905472
szbese SNARC dot CD down 40 num_delete 0.555438995361
szbese SNARC dot CD up 30 lctrl 0.457192897797
szbese SNARC dot CD down 35 num_delete 0.39425110817
szbese SNARC dot CD up 30 lctrl 0.527486085892
szbese SNARC dot CD up 25 lctrl 0.550795078278
szbese SNARC dot CD up 35 lctrl 0.596552848816
szbese SNARC dot CD down 20 num_delete 0.361438989639
szbese SNARC dot CD up 10 lctrl 0.481320858002
szbese SNARC dot CD up 45 lctrl 0.449416875839
szbese SNARC dot CD down 5 num_delete 0.437537908554
szbese SNARC dot CD down 40 num_delete 0.455588102341
szbese SNARC dot CD up 45 lctrl 0.471601009369
szbese SNARC dot CD up 20 lctrl 0.641945123672
szbese SNARC dot CD up 45 lctrl 0.459183931351
szbese SNARC dot CD up 5 lctrl 0.462368965149
szbese SNARC dot CD down 25 num_delete 0.535988092422
szbese SNARC dot CD down 10 num_delete 0.368151903152
szbese SNARC dot CD up 15 lctrl 0.415588855743
szbese SNARC dot CD up 40 lctrl 0.426609039307
szbese SNARC dot CD up 15 lctrl 0.831138134003
szbese SNARC dot CD up 20 lctrl 0.354120016098
szbese SNARC dot CD up 5 lctrl 0.370211839676
szbese SNARC dot CD up 40 lctrl 0.431136131287
szbese SNARC dot CD up 25 lctrl 0.338665008545
szbese SNARC dot CD down 40 num_delete 0.360891103745
szbese SNARC dot CD up 5 lctrl 0.353217124939
szbese SNARC dot CD up 10 lctrl 0.416932106018
szbese SNARC dot CD up 15 lctrl 0.381851911545
szbese SNARC dot CD up 5 lctrl 0.341508150101
szbese SNARC dot CD down 15 num_delete 0.39642906189
szbese SNARC dot CD down 5 num_delete 0.339015960693
szbese SNARC dot CD up 10 lctrl 0.347813129425
szbese SNARC dot CD up 30 lctrl 0.403015136719
szbese SNARC dot CD down 10 num_delete 0.43235707283
szbese SNARC dot CD down 25 num_delete 0.372188806534
szbese SNARC dot CD up 10 lctrl 0.355425834656
szbese SNARC dot CD up 40 lctrl 0.353234052658
szbese SNARC dot CD down 45 num_delete 0.573763132095
szbese SNARC dot CD down 40 num_delete 0.346126079559
szbese SNARC dot CD down 45 num_delete 0.327471017838
szbese SNARC dot CD up 35 lctrl 0.351217985153
szbese SNARC dot CD up 25 lctrl 0.334313869476
szbese SNARC dot CD down 5 num_delete 0.471439123154
szbese SNARC dot CD down 20 num_delete 0.44969201088
szbese SNARC dot CD down 30 num_delete 0.373072862625
szbese SNARC dot CD up 45 lctrl 0.424942016602
szbese SNARC dot CD up 25 lctrl 0.412877082825
szbese SNARC dot CD down 40 num_delete 0.39958691597
szbese SNARC dot CD up 20 lctrl 0.60534620285
szbese SNARC dot CD down 10 num_delete 0.539021968842
szbese SNARC dot CD down 45 num_delete 0.407637119293
szbese SNARC dot CD down 10 num_delete 0.365407943726
szbese SNARC dot CD down 20 num_delete 0.340665817261
szbese SNARC dot CD down 15 num_delete 0.316945075989
szbese SNARC dot CD up 5 lctrl 0.366737127304
szbese SNARC dot CD down 30 num_delete 0.45256114006
szbese SNARC dot CD up 30 lctrl 0.327152967453
szbese SNARC dot CD down 30 num_delete 0.334654808044
szbese SNARC dot CD up 20 lctrl 0.447400093079
szbese SNARC dot CD down 45 num_delete 0.392957925797
szbese SNARC dot CD up 40 lctrl 0.365345954895
szbese SNARC dot CD down 25 num_delete 0.347564935684
szbese SNARC dot CD down 30 num_delete 0.354112863541
szbese SNARC dot CD down 20 num_delete 0.354051113129
szbese SNARC dot CD down 20 num_delete 0.4000852108
szbese SNARC dot CD up 10 lctrl 0.374759912491
szbese SNARC dot CD down 5 num_delete 0.421791791916
szbese SNARC dot CD down 5 num_delete 0.355166912079
szbese SNARC dot CD up 40 lctrl 0.351620912552
szbese SNARC dot CD up 25 lctrl 0.319061994553
szbese SNARC dot CD down 5 num_delete 0.368227005005
szbese SNARC dot CD down 25 num_delete 0.342557191849
szbese SNARC dot CD up 10 num_delete 0.359264850616
szbese SNARC dot CD up 20 lctrl 0.49426984787
szbese SNARC dot CD up 30 lctrl 0.431230068207
szbese SNARC dot CD down 25 num_delete 0.466763019562
szbese SNARC dot CD up 35 lctrl 0.420082807541
szbese SNARC dot CD down 40 num_delete 0.446543216705
szbese SNARC dot CD down 35 num_delete 0.480808019638
szbese SNARC dot CD down 15 num_delete 0.355013132095
szbese SNARC dot CD up 30 lctrl 0.441527843475
szbese SNARC dot CD down 15 num_delete 1.38109993935
szbese SNARC dot CD down 10 num_delete 0.505119085312
szbese SNARC dot CD up 25 lctrl 0.481294870377
szbese SNARC dot CD down 15 num_delete 0.419118881226
szbese SNARC dot CD down 15 num_delete 0.415563106537
szbese SNARC dot CD up 20 lctrl 0.444414138794
szbese SNARC dot CD up 45 lctrl 0.49377322197
szbese SNARC dot CD up 45 lctrl 0.333106040955
szbese SNARC dot CD up 5 lctrl 0.335178136826
szbese SNARC dot CD down 30 num_delete 0.390130996704
szbese SNARC dot CD down 35 num_delete 0.370723009109
szbese SNARC dot CD down 40 num_delete 0.367363929749
szbese SNARC dot CD down 35 num_delete 0.349081039429
szbese SNARC dot CD up 15 lctrl 0.357522964478
szbese SNARC dot CD down 15 num_delete 0.388247966766
szbese SNARC dot CD down 45 num_delete 0.471420049667
szbese SNARC dot CD down 45 num_delete 0.407332897186
szbese SNARC dot CD down 15 num_delete 0.444267034531
szbese SNARC dot CD up 20 lctrl 0.424419164658
szbese SNARC dot CD up 30 lctrl 0.435945987701
szbese SNARC dot CD down 5 num_delete 0.352105140686
szbese SNARC dot CD up 25 lctrl 0.463306903839
szbese SNARC dot CD up 25 lctrl 0.385468006134
szbese SNARC dot CD down 25 num_delete 0.351038217545
szbese SNARC dot CD up 35 lctrl 0.453570842743
szbese SNARC dot CD up 35 lctrl 0.414921045303
szbese SNARC dot CD down 10 num_delete 0.460539102554
szbese SNARC dot CD down 35 num_delete 0.373789072037
szbese SNARC dot CD down 25 num_delete 0.427670001984
szbese SNARC dot CD up 15 lctrl 0.312211036682
szbese SNARC dot CD down 25 num_delete 0.335909128189
szbese SNARC dot CD up 25 lctrl 0.359691858292
szbese SNARC dot CD down 10 num_delete 0.327890872955
szbese SNARC dot CD down 30 num_delete 0.335354089737
szbese SNARC dot CD down 20 num_delete 0.399948120117
szbese SNARC dot CD up 35 lctrl 0.340260982513
szbese SNARC dot CD up 15 lctrl 0.396217107773
szbese SNARC dot CD down 5 num_delete 0.402383804321
szbese SNARC dot CD down 5 num_delete 0.296284914017
szbese SNARC dot CD up 45 lctrl 0.288170814514
szbese SNARC dot CD down 35 num_delete 0.320540189743
szbese SNARC dot CD down 30 num_delete 0.31995010376
szbese SNARC dot CD down 10 num_delete 0.385786056519
szbese SNARC dot CD down 45 num_delete 0.373373985291
szbese SNARC dot CD up 25 lctrl 0.346984148026
szbese SNARC dot CD down 35 num_delete 0.344570875168
szbese SNARC dot CD down 45 num_delete 0.335089921951
szbese SNARC dot CD up 45 lctrl 0.37365603447
szbese SNARC dot CD down 20 num_delete 0.452048063278
szbese SNARC dot CD down 20 num_delete 0.342068910599
szbese SNARC dot CD down 35 num_delete 0.309155225754
szbese SNARC dot CD up 20 lctrl 0.390801906586
szbese SNARC dot CD up 40 lctrl 0.442715883255
szbese SNARC dot CD down 10 num_delete 0.423019170761
szbese SNARC dot CD down 25 num_delete 0.410459041595
szbese SNARC dot CD down 30 num_delete 0.350980997086
szbese SNARC dot CD down 15 num_delete 0.294684886932
szbese SNARC dot CD down 45 num_delete 0.398270845413
szbese SNARC dot CD down 40 num_delete 0.378881931305
szbese SNARC dot CD up 35 num_delete 0.351794958115
szbese SNARC dot CD up 15 lctrl 0.536113023758
szbese SNARC dot CD down 15 num_delete 0.38297700882
szbese SNARC dot CD down 10 num_delete 0.365739107132
szbese SNARC dot CD down 5 num_delete 0.317826986313
szbese SNARC dot CD down 45 num_delete 0.437133073807
szbese SNARC dot CD down 25 num_delete 0.39195895195
szbese SNARC dot CD down 35 num_delete 0.372230052948
szbese SNARC dot CD up 15 lctrl 0.363993883133
szbese SNARC dot CD down 45 num_delete 0.583537817001
szbese SNARC dot CD up 35 lctrl 0.372159004211
szbese SNARC dot CD up 15 lctrl 0.386384963989
szbese SNARC dot CD down 30 num_delete 0.407400131226
szbese SNARC dot CD down 45 num_delete 0.370116949081
szbese SNARC dot CD up 45 lctrl 0.526700973511
szbese SNARC dot CD up 30 lctrl 0.574076890945
szbese SNARC dot CD up 20 lctrl 0.395870923996
szbese SNARC dot CD up 30 lctrl 0.608639955521
szbese SNARC dot CD down 15 num_delete 0.404550075531
szbese SNARC dot CD up 5 lctrl 0.458894968033
szbese SNARC dot CD down 45 num_delete 0.411117076874
szbese SNARC dot CD down 25 num_delete 0.383147954941
szbese SNARC dot CD down 10 num_delete 0.350849866867
szbese SNARC dot CD down 15 num_delete 0.342535018921
szbese SNARC dot CD down 15 num_delete 0.366492986679
szbese SNARC dot CD down 30 num_delete 0.396881103516
szbese SNARC dot CD down 35 num_delete 0.385105133057
szbese SNARC dot CD down 30 num_delete 0.33486700058
szbese SNARC dot CD down 45 num_delete 0.437212944031
szbese SNARC dot CD down 30 num_delete 0.320060968399
szbese SNARC dot CD down 30 num_delete 0.359981060028
szbese SNARC dot CD up 10 lctrl 0.312016963959
szbese SNARC dot CD down 20 num_delete 0.409159898758
szbese SNARC dot CD up 45 lctrl 0.427670955658
szbese SNARC dot CD down 20 num_delete 0.400639057159
szbese SNARC dot CD down 35 num_delete 0.620239019394
szbese SNARC dot CD down 45 num_delete 0.405973911285
szbese SNARC dot CD down 25 num_delete 0.34633898735
szbese SNARC dot CD down 40 num_delete 0.336706876755
szbese SNARC dot CD up 45 lctrl 0.486958026886
szbese SNARC dot CD up 40 lctrl 0.366530895233
szbese SNARC dot CD up 15 lctrl 0.341771841049
szbese SNARC dot CD down 5 num_delete 0.414463996887
szbese SNARC dot CD up 40 lctrl 0.537765026093
szbese SNARC dot CD down 5 num_delete 0.385536909103
szbese SNARC dot CD up 20 lctrl 0.375628948212
szbese SNARC dot CD up 30 lctrl 0.404440879822
szbese SNARC dot CD up 20 lctrl 0.337476015091
szbese SNARC dot CD down 40 num_delete 0.399573802948
szbese SNARC dot CD down 15 num_delete 0.34147810936
szbese SNARC dot CD down 20 num_delete 0.333206892014
szbese SNARC dot CD up 10 lctrl 0.470955133438
szbese SNARC dot CD up 20 lctrl 0.408991098404
szbese SNARC dot CD up 45 num_delete 0.371189117432
szbese SNARC dot CD down 25 num_delete 0.481230020523
szbese SNARC dot CD down 5 num_delete 0.380322933197
szbese SNARC dot CD down 25 num_delete 0.401824951172
szbese SNARC dot CD up 35 lctrl 0.798077106476
szbese SNARC dot CD up 5 lctrl 0.587542057037
szbese SNARC dot CD down 40 num_delete 0.390830039978
szbese SNARC dot CD up 10 lctrl 0.581355810165
szbese SNARC dot CD up 5 lctrl 0.453205823898
szbese SNARC dot CD down 25 num_delete 0.469851970673
szbese SNARC dot CD up 40 lctrl 0.57413315773
szbese SNARC dot CD down 45 num_delete 0.490058898926
szbese SNARC dot CD up 30 lctrl 0.483590126038
szbese SNARC dot CD up 40 lctrl 0.387788057327
szbese SNARC dot CD down 45 num_delete 0.407007932663
szbese SNARC dot CD down 25 num_delete 0.451450109482
szbese SNARC dot CD up 10 lctrl 0.439967155457
szbese SNARC dot CD down 10 num_delete 0.404011964798
szbese SNARC dot CD down 20 num_delete 0.736959934235
szbese SNARC dot CD down 45 num_delete 0.55771112442
szbese SNARC dot CD down 35 num_delete 0.402468204498
szbese SNARC dot CD up 15 lctrl 1.15943479538
szbese SNARC dot CD down 25 num_delete 0.37135386467
szbese SNARC dot CD down 45 num_delete 0.351602077484
szbese SNARC dot CD up 40 lctrl 0.541733026505
szbese SNARC dot CD down 20 num_delete 0.637327194214
szbese SNARC dot CD up 5 lctrl 1.121281147
szbese SNARC dot CD down 10 num_delete 0.927911996841
szbese SNARC dot CD down 25 num_delete 0.397589921951
szbese SNARC dot CD down 5 num_delete 0.356580018997
szbese SNARC dot CD down 30 num_delete 0.338624000549
szbese SNARC dot CD down 10 num_delete 0.347294092178
szbese SNARC dot CD up 5 lctrl 0.371903896332
szbese SNARC dot CD up 40 lctrl 0.385023117065
szbese SNARC dot CD down 10 num_delete 0.367943048477
szbese SNARC dot CD up 25 lctrl 0.510683059692
szbese SNARC dot CD down 35 num_delete 0.357512950897
szbese SNARC dot CD down 10 num_delete 0.365633964539
szbese SNARC dot CD down 20 num_delete 0.340610027313
szbese SNARC dot CD up 10 num_delete 0.373311042786
szbese SNARC dot CD down 5 num_delete 0.468446016312
szbese SNARC dot CD down 35 num_delete 0.50967502594
szbese SNARC dot CD down 10 num_delete 0.375309944153
szbese SNARC dot CD up 25 lctrl 0.397118806839
szbese SNARC dot CD down 20 num_delete 0.426383018494
szbese SNARC dot CD up 5 lctrl 0.375492095947
szbese SNARC dot CD down 20 num_delete 0.405936002731
szbese SNARC dot CD down 30 num_delete 0.410196065903
szbese SNARC dot CD down 5 num_delete 0.360033988953
szbese SNARC dot CD down 40 num_delete 0.414017915726
szbese SNARC dot CD down 25 num_delete 0.361835956573
szbese SNARC dot CD up 15 lctrl 0.401241779327
szbese SNARC dot CD down 35 num_delete 0.493573904037
szbese SNARC dot CD down 15 num_delete 0.44705414772
szbese SNARC dot CD up 20 lctrl 0.442506074905
szbese SNARC dot CD up 10 lctrl 0.391774177551
szbese SNARC dot CD down 5 num_delete 0.388990163803
szbese SNARC dot CD down 40 num_delete 0.49705696106
szbese SNARC dot CD up 45 lctrl 0.3606300354
szbese SNARC dot CD down 35 num_delete 0.678188085556
szbese SNARC dot CD up 35 lctrl 0.383043050766
szbese SNARC dot CD down 35 num_delete 0.435116052628
szbese SNARC dot CD up 45 lctrl 0.350003957748
szbese SNARC dot CD up 25 lctrl 0.50063085556
szbese SNARC dot CD up 15 lctrl 0.366119861603
szbese SNARC dot CD up 10 lctrl 0.341630935669
szbese SNARC dot CD up 30 lctrl 0.341120004654
szbese SNARC dot CD up 5 lctrl 0.357639074326
szbese SNARC dot CD down 5 num_delete 0.389462947845
szbese SNARC dot CD down 15 num_delete 0.339025974274
szbese SNARC dot CD down 10 num_delete 0.355746030807
szbese SNARC dot CD down 25 num_delete 0.354038953781
szbese SNARC dot CD up 10 lctrl 0.378076076508
szbese SNARC dot CD down 15 num_delete 0.424113988876
szbese SNARC dot CD up 35 lctrl 0.4434030056
szbese SNARC dot CD down 30 num_delete 0.421936988831
szbese SNARC dot CD down 5 num_delete 0.402933120728
szbese SNARC dot CD up 40 lctrl 0.383399963379
szbese SNARC dot CD down 30 num_delete 0.796173095703
szbese SNARC dot CD down 20 num_delete 0.400657892227
szbese SNARC dot CD up 40 lctrl 0.413077831268
szbese SNARC dot CD down 15 num_delete 0.361925125122
szbese SNARC dot CD down 20 num_delete 0.449191093445
szbese SNARC dot CD up 30 lctrl 0.388132810593
szbese SNARC dot CD down 40 num_delete 0.392189025879
szbese SNARC dot CD down 15 num_delete 0.413733005524
szbese SNARC dot CD up 15 lctrl 0.403136968613
szbese SNARC dot CD down 30 num_delete 0.542943000793
szbese SNARC dot CD down 20 num_delete 0.39060997963
szbese SNARC dot CD down 40 num_delete 0.450605154037
szbese SNARC dot CD down 30 num_delete 0.33345079422
szbese SNARC dot CD down 45 num_delete 0.347681999207
szbese SNARC dot CD down 30 num_delete 0.339338064194
szbese SNARC dot CD up 10 lctrl 0.403903007507
szbese SNARC dot CD up 35 lctrl 0.407914876938
szbese SNARC dot CD up 30 lctrl 0.40375494957
szbese SNARC dot CD down 45 num_delete 0.382428884506
szbese SNARC dot CD up 35 lctrl 0.515469074249
szbese SNARC dot CD down 10 num_delete 0.364830970764
szbese SNARC dot CD up 35 lctrl 0.418314933777
szbese SNARC dot CD up 25 lctrl 0.462804079056
szbese SNARC dot CD down 5 num_delete 0.402325153351
szbese SNARC dot CD up 35 lctrl 0.406720876694
szbese SNARC dot CD up 25 lctrl 0.45218205452
szbese SNARC dot CD up 30 lctrl 0.373822927475
szbese SNARC dot CD down 20 num_delete 0.45235991478
szbese SNARC dot CD down 20 num_delete 0.471652984619
szbese SNARC dot CD down 20 num_delete 0.353652954102
szbese SNARC dot CD up 25 lctrl 0.384396076202
szbese SNARC dot CD up 45 lctrl 0.39613199234
szbese SNARC dot CD down 20 num_delete 0.42609000206
szbese SNARC dot CD up 5 lctrl 0.631383895874
szbese SNARC dot CD up 40 lctrl 0.42568898201
szbese SNARC dot CD down 40 num_delete 0.564183950424
szbese SNARC dot CD up 15 lctrl 0.43482708931
szbese SNARC dot CD up 40 lctrl 0.413516998291
szbese SNARC dot CD up 40 lctrl 0.369004964828
szbese SNARC dot CD up 10 lctrl 0.376329898834
szbese SNARC dot CD down 20 num_delete 0.374581098557
szbese SNARC dot CD up 40 lctrl 0.419787168503
szbese SNARC dot CD up 10 lctrl 0.649496078491
szbese SNARC dot CD down 20 num_delete 0.355499982834
szbese SNARC dot CD up 25 lctrl 0.578149080276
szbese SNARC dot CD up 35 lctrl 0.518394947052
szbese SNARC dot CD up 25 lctrl 0.366400003433
szbese SNARC dot CD up 35 lctrl 0.380165100098
szbese SNARC dot CD up 35 lctrl 0.39306807518
szbese SNARC dot CD up 35 lctrl 0.357448101044
szbese SNARC dot CD up 35 lctrl 0.379112958908
szbese SNARC dot CD down 5 num_delete 0.353852033615
{'task': u'line', 'participant': u'szbese', 'dateStr': u'09_22_1927', 'notation': u'arabic', 'response_buttons': u'DC', 'range_in_instr': True, 'interactive_setting': True, 'autopilot': False, 'exp_id': u'SNARC'}
szbese SNARC arabic DC up 7 num_delete 0.780395030975
szbese SNARC arabic DC down 4 lctrl 0.586929798126
szbese SNARC arabic DC down 1 lctrl 0.64068198204
szbese SNARC arabic DC up 5 num_delete 0.571984052658
szbese SNARC arabic DC down 6 lctrl 0.530916929245
szbese SNARC arabic DC up 2 num_delete 0.875633001328
szbese SNARC arabic DC down 5 lctrl 0.597068071365
szbese SNARC arabic DC down 3 lctrl 0.546927928925
szbese SNARC arabic DC down 8 lctrl 0.43482708931
szbese SNARC arabic DC up 1 num_delete 0.583503961563
szbese SNARC arabic DC up 5 num_delete 2.58999300003
szbese SNARC arabic DC down 1 lctrl 0.574831008911
szbese SNARC arabic DC up 1 num_delete 0.556884050369
szbese SNARC arabic DC down 1 lctrl 0.452347040176
szbese SNARC arabic DC up 5 num_delete 0.952429056168
szbese SNARC arabic DC up 5 num_delete 0.391251087189
szbese SNARC arabic DC down 2 lctrl 0.453608036041
szbese SNARC arabic DC up 3 num_delete 0.625079154968
szbese SNARC arabic DC up 7 num_delete 0.38942694664
szbese SNARC arabic DC down 4 lctrl 0.436185121536
szbese SNARC arabic DC up 1 num_delete 0.392773151398
szbese SNARC arabic DC up 9 num_delete 0.678646087646
szbese SNARC arabic DC down 7 lctrl 0.416950941086
szbese SNARC arabic DC down 5 lctrl 0.470732212067
szbese SNARC arabic DC down 4 lctrl 0.513350009918
szbese SNARC arabic DC up 8 num_delete 0.466742992401
szbese SNARC arabic DC up 5 num_delete 0.566107988358
szbese SNARC arabic DC up 8 num_delete 1.08543682098
szbese SNARC arabic DC up 6 num_delete 0.3743891716
szbese SNARC arabic DC down 2 lctrl 0.581922054291
szbese SNARC arabic DC down 3 lctrl 0.621125936508
szbese SNARC arabic DC up 1 num_delete 0.464422225952
szbese SNARC arabic DC up 7 num_delete 0.836014032364
szbese SNARC arabic DC down 4 lctrl 0.480329036713
szbese SNARC arabic DC down 8 lctrl 0.435306072235
szbese SNARC arabic DC down 5 lctrl 0.447818994522
szbese SNARC arabic DC down 2 lctrl 0.363812923431
szbese SNARC arabic DC up 8 num_delete 0.395888090134
szbese SNARC arabic DC down 9 lctrl 0.450474977493
szbese SNARC arabic DC up 1 num_delete 0.702329158783
szbese SNARC arabic DC down 5 lctrl 0.48008108139
szbese SNARC arabic DC down 8 lctrl 0.435050964355
szbese SNARC arabic DC down 6 lctrl 0.423990011215
szbese SNARC arabic DC up 2 num_delete 0.588535070419
szbese SNARC arabic DC up 4 num_delete 0.418445110321
szbese SNARC arabic DC up 2 num_delete 0.472635984421
szbese SNARC arabic DC down 3 lctrl 0.347335100174
szbese SNARC arabic DC up 7 num_delete 0.435554027557
szbese SNARC arabic DC up 3 num_delete 0.352669000626
szbese SNARC arabic DC down 9 lctrl 0.472688913345
szbese SNARC arabic DC up 8 num_delete 0.443252086639
szbese SNARC arabic DC up 7 num_delete 0.40779209137
szbese SNARC arabic DC up 1 num_delete 0.549096107483
szbese SNARC arabic DC up 9 num_delete 0.381132125854
szbese SNARC arabic DC down 7 lctrl 0.588623046875
szbese SNARC arabic DC up 6 num_delete 0.490029096603
szbese SNARC arabic DC up 1 num_delete 0.620179891586
szbese SNARC arabic DC down 6 lctrl 0.424954891205
szbese SNARC arabic DC up 2 num_delete 0.445641994476
szbese SNARC arabic DC down 3 lctrl 0.34616112709
szbese SNARC arabic DC up 4 num_delete 0.483155012131
szbese SNARC arabic DC up 5 num_delete 0.429070949554
szbese SNARC arabic DC down 9 lctrl 0.330592155457
szbese SNARC arabic DC down 4 lctrl 0.371905088425
szbese SNARC arabic DC up 4 num_delete 0.370682954788
szbese SNARC arabic DC up 3 num_delete 0.377762079239
szbese SNARC arabic DC up 7 num_delete 0.368978977203
szbese SNARC arabic DC down 7 lctrl 0.344424009323
szbese SNARC arabic DC up 2 num_delete 0.424747943878
szbese SNARC arabic DC down 1 lctrl 0.406013965607
szbese SNARC arabic DC up 8 num_delete 0.376423120499
szbese SNARC arabic DC down 4 lctrl 0.338948011398
szbese SNARC arabic DC down 9 lctrl 0.515461921692
szbese SNARC arabic DC up 7 num_delete 0.34854888916
szbese SNARC arabic DC up 3 num_delete 0.500952959061
szbese SNARC arabic DC up 8 num_delete 0.335235118866
szbese SNARC arabic DC up 7 num_delete 0.376675128937
szbese SNARC arabic DC up 6 num_delete 0.391886949539
szbese SNARC arabic DC up 4 num_delete 0.366253137589
szbese SNARC arabic DC up 1 num_delete 0.341876983643
szbese SNARC arabic DC down 7 lctrl 0.366782903671
szbese SNARC arabic DC up 7 num_delete 0.374572992325
szbese SNARC arabic DC down 6 lctrl 0.34197807312
szbese SNARC arabic DC up 4 num_delete 0.317975997925
szbese SNARC arabic DC down 4 lctrl 0.320516109467
szbese SNARC arabic DC up 8 num_delete 0.433398962021
szbese SNARC arabic DC up 5 num_delete 0.398597002029
szbese SNARC arabic DC down 1 lctrl 0.429077863693
szbese SNARC arabic DC up 7 num_delete 0.377990007401
szbese SNARC arabic DC up 9 num_delete 0.312793016434
szbese SNARC arabic DC up 6 num_delete 0.315145969391
szbese SNARC arabic DC up 3 num_delete 0.308997869492
szbese SNARC arabic DC up 6 num_delete 0.367127895355
szbese SNARC arabic DC up 7 num_delete 0.302867174149
szbese SNARC arabic DC up 2 num_delete 0.72896695137
szbese SNARC arabic DC up 1 num_delete 0.392971992493
szbese SNARC arabic DC down 2 lctrl 0.472283840179
szbese SNARC arabic DC up 8 num_delete 0.37034201622
szbese SNARC arabic DC up 1 num_delete 0.329496145248
szbese SNARC arabic DC up 8 num_delete 0.298736810684
szbese SNARC arabic DC down 4 lctrl 0.501707792282
szbese SNARC arabic DC up 4 num_delete 0.543487071991
szbese SNARC arabic DC down 5 lctrl 0.575778961182
szbese SNARC arabic DC down 8 lctrl 0.478137969971
szbese SNARC arabic DC up 1 num_delete 0.376866817474
szbese SNARC arabic DC up 5 num_delete 0.359811782837
szbese SNARC arabic DC up 4 num_delete 0.41593503952
szbese SNARC arabic DC up 6 num_delete 0.589672803879
szbese SNARC arabic DC down 9 lctrl 0.436241865158
szbese SNARC arabic DC down 4 lctrl 0.432553052902
szbese SNARC arabic DC down 8 lctrl 0.42090511322
szbese SNARC arabic DC up 8 num_delete 0.489644050598
szbese SNARC arabic DC up 3 num_delete 0.451602935791
szbese SNARC arabic DC up 4 num_delete 2.33597207069
szbese SNARC arabic DC down 6 lctrl 0.539312124252
szbese SNARC arabic DC up 8 num_delete 0.467167854309
szbese SNARC arabic DC up 6 num_delete 0.630562067032
szbese SNARC arabic DC up 7 num_delete 0.451012849808
szbese SNARC arabic DC up 9 num_delete 0.423331022263
szbese SNARC arabic DC down 6 num_delete 0.36415886879
szbese SNARC arabic DC down 7 lctrl 0.428420066833
szbese SNARC arabic DC up 2 num_delete 0.480955123901
szbese SNARC arabic DC down 9 lctrl 0.62016415596
szbese SNARC arabic DC down 9 lctrl 0.400643110275
szbese SNARC arabic DC up 3 num_delete 0.41531920433
szbese SNARC arabic DC up 3 num_delete 0.42876291275
szbese SNARC arabic DC up 2 num_delete 0.377313137054
szbese SNARC arabic DC down 2 lctrl 0.360883951187
szbese SNARC arabic DC up 2 num_delete 0.408457994461
szbese SNARC arabic DC down 4 lctrl 0.40647315979
szbese SNARC arabic DC up 9 num_delete 0.571516990662
szbese SNARC arabic DC up 6 num_delete 0.490364074707
szbese SNARC arabic DC up 2 num_delete 0.372853040695
szbese SNARC arabic DC down 3 lctrl 0.427900075912
szbese SNARC arabic DC up 2 num_delete 0.440503120422
szbese SNARC arabic DC up 7 num_delete 0.388833999634
szbese SNARC arabic DC down 1 lctrl 0.37931394577
szbese SNARC arabic DC down 5 lctrl 0.450765132904
szbese SNARC arabic DC down 9 lctrl 0.430986881256
szbese SNARC arabic DC up 9 num_delete 0.523546218872
szbese SNARC arabic DC down 6 lctrl 0.388555049896
szbese SNARC arabic DC down 3 lctrl 0.403548955917
szbese SNARC arabic DC down 5 lctrl 0.472596883774
szbese SNARC arabic DC up 5 num_delete 0.371073961258
szbese SNARC arabic DC up 2 num_delete 0.498501062393
szbese SNARC arabic DC up 9 num_delete 0.364639043808
szbese SNARC arabic DC down 6 lctrl 0.388637065887
szbese SNARC arabic DC down 9 lctrl 0.347082138062
szbese SNARC arabic DC down 2 lctrl 0.379558086395
szbese SNARC arabic DC down 1 lctrl 0.378937959671
szbese SNARC arabic DC down 5 lctrl 0.378021001816
szbese SNARC arabic DC up 3 num_delete 0.344893217087
szbese SNARC arabic DC down 1 lctrl 0.498188018799
szbese SNARC arabic DC up 7 num_delete 0.379411935806
szbese SNARC arabic DC up 9 num_delete 0.346887111664
szbese SNARC arabic DC up 3 num_delete 0.355283021927
szbese SNARC arabic DC down 9 lctrl 0.579535961151
szbese SNARC arabic DC down 6 lctrl 0.441679954529
szbese SNARC arabic DC down 5 lctrl 0.357970952988
szbese SNARC arabic DC up 2 num_delete 0.397916078568
szbese SNARC arabic DC down 3 lctrl 0.404583930969
szbese SNARC arabic DC up 7 num_delete 0.369916915894
szbese SNARC arabic DC down 7 lctrl 0.385323047638
szbese SNARC arabic DC up 8 num_delete 0.424402952194
szbese SNARC arabic DC up 5 num_delete 0.381634950638
szbese SNARC arabic DC down 6 lctrl 0.356580018997
szbese SNARC arabic DC down 4 lctrl 0.348317146301
szbese SNARC arabic DC up 7 num_delete 0.372764110565
szbese SNARC arabic DC down 8 lctrl 0.404191017151
szbese SNARC arabic DC up 3 lctrl 0.442021131516
szbese SNARC arabic DC down 2 lctrl 0.966111898422
szbese SNARC arabic DC down 7 lctrl 0.460149049759
szbese SNARC arabic DC up 6 num_delete 0.375461816788
szbese SNARC arabic DC down 4 lctrl 0.495005130768
szbese SNARC arabic DC down 4 lctrl 0.496767997742
szbese SNARC arabic DC up 1 num_delete 0.554868221283
szbese SNARC arabic DC up 1 num_delete 0.450539827347
szbese SNARC arabic DC down 1 lctrl 0.510288000107
szbese SNARC arabic DC up 3 num_delete 0.711907863617
szbese SNARC arabic DC down 6 lctrl 0.672540903091
szbese SNARC arabic DC down 9 lctrl 0.427030086517
szbese SNARC arabic DC down 9 lctrl 0.359913110733
szbese SNARC arabic DC up 8 num_delete 0.399560213089
szbese SNARC arabic DC up 4 num_delete 0.389949798584
szbese SNARC arabic DC down 5 lctrl 0.50070309639
szbese SNARC arabic DC down 3 lctrl 0.454882144928
szbese SNARC arabic DC down 6 lctrl 0.978152036667
szbese SNARC arabic DC up 7 num_delete 0.767283916473
szbese SNARC arabic DC down 4 lctrl 0.542161941528
szbese SNARC arabic DC up 1 num_delete 0.429916143417
szbese SNARC arabic DC down 6 lctrl 0.491240978241
szbese SNARC arabic DC down 8 lctrl 0.405547142029
szbese SNARC arabic DC down 1 lctrl 0.866970062256
szbese SNARC arabic DC down 8 lctrl 0.45338010788
szbese SNARC arabic DC up 5 num_delete 0.368439912796
szbese SNARC arabic DC up 6 num_delete 0.376431941986
szbese SNARC arabic DC down 3 lctrl 0.535768985748
szbese SNARC arabic DC down 5 lctrl 0.680572986603
szbese SNARC arabic DC down 4 lctrl 0.418589115143
szbese SNARC arabic DC down 7 lctrl 0.400352954865
szbese SNARC arabic DC down 3 lctrl 0.390876054764
szbese SNARC arabic DC down 7 lctrl 0.381162166595
szbese SNARC arabic DC down 1 lctrl 0.364481925964
szbese SNARC arabic DC down 3 lctrl 0.452834129333
szbese SNARC arabic DC up 5 num_delete 0.343749046326
szbese SNARC arabic DC up 4 num_delete 0.360209941864
szbese SNARC arabic DC up 5 num_delete 0.424068927765
szbese SNARC arabic DC down 8 lctrl 0.557381868362
szbese SNARC arabic DC down 2 lctrl 0.388422966003
szbese SNARC arabic DC up 4 num_delete 0.578820943832
szbese SNARC arabic DC up 9 num_delete 0.465257883072
szbese SNARC arabic DC down 9 lctrl 0.501007080078
szbese SNARC arabic DC up 5 num_delete 0.566758155823
szbese SNARC arabic DC down 8 lctrl 0.406502008438
szbese SNARC arabic DC down 7 lctrl 0.396020174026
szbese SNARC arabic DC up 5 num_delete 0.402322053909
szbese SNARC arabic DC up 1 num_delete 1.0959751606
szbese SNARC arabic DC down 2 lctrl 0.512515068054
szbese SNARC arabic DC down 5 lctrl 0.561909914017
szbese SNARC arabic DC down 2 lctrl 0.417176961899
szbese SNARC arabic DC down 2 lctrl 0.350930929184
szbese SNARC arabic DC up 5 num_delete 0.479192972183
szbese SNARC arabic DC up 6 num_delete 0.330013990402
szbese SNARC arabic DC down 5 num_delete 0.331243991852
szbese SNARC arabic DC up 7 num_delete 0.33265709877
szbese SNARC arabic DC down 8 lctrl 0.510782003403
szbese SNARC arabic DC down 1 lctrl 0.679568052292
szbese SNARC arabic DC down 6 lctrl 0.465579032898
szbese SNARC arabic DC up 3 num_delete 0.612991094589
szbese SNARC arabic DC up 6 num_delete 0.417979001999
szbese SNARC arabic DC down 7 lctrl 0.440119028091
szbese SNARC arabic DC down 9 num_delete 0.468271970749
szbese SNARC arabic DC down 9 lctrl 0.54380607605
szbese SNARC arabic DC down 2 lctrl 0.423602104187
szbese SNARC arabic DC up 7 num_delete 0.356724977493
szbese SNARC arabic DC down 4 lctrl 0.380614995956
szbese SNARC arabic DC up 5 num_delete 0.419529914856
szbese SNARC arabic DC down 8 lctrl 0.360882997513
szbese SNARC arabic DC up 4 num_delete 0.488227128983
szbese SNARC arabic DC down 5 lctrl 0.378769874573
szbese SNARC arabic DC up 6 num_delete 0.505887985229
szbese SNARC arabic DC down 1 lctrl 0.499534130096
szbese SNARC arabic DC down 8 lctrl 0.437306880951
szbese SNARC arabic DC down 5 lctrl 0.417683124542
szbese SNARC arabic DC down 8 lctrl 0.479520082474
szbese SNARC arabic DC up 1 num_delete 0.346020936966
szbese SNARC arabic DC down 3 lctrl 0.458920001984
szbese SNARC arabic DC up 2 num_delete 0.462262868881
szbese SNARC arabic DC down 6 lctrl 0.377890825272
szbese SNARC arabic DC down 7 lctrl 0.513151884079
szbese SNARC arabic DC down 9 lctrl 0.434452056885
szbese SNARC arabic DC down 9 lctrl 0.383471012115
szbese SNARC arabic DC down 6 lctrl 0.374804973602
szbese SNARC arabic DC up 1 num_delete 0.365500926971
szbese SNARC arabic DC up 5 num_delete 0.333238840103
szbese SNARC arabic DC down 1 lctrl 0.431377887726
szbese SNARC arabic DC down 2 num_delete 0.515661001205
szbese SNARC arabic DC down 9 lctrl 0.381334066391
szbese SNARC arabic DC up 2 num_delete 0.420326948166
szbese SNARC arabic DC down 8 lctrl 0.545518159866
szbese SNARC arabic DC down 7 lctrl 0.529446840286
szbese SNARC arabic DC up 9 num_delete 0.481865167618
szbese SNARC arabic DC up 5 num_delete 0.364671945572
szbese SNARC arabic DC down 9 lctrl 0.428911924362
szbese SNARC arabic DC down 1 lctrl 0.410276174545
szbese SNARC arabic DC up 6 num_delete 0.359061956406
szbese SNARC arabic DC down 3 lctrl 0.415333032608
szbese SNARC arabic DC down 5 lctrl 0.373571157455
szbese SNARC arabic DC down 2 lctrl 0.42050409317
szbese SNARC arabic DC down 7 lctrl 0.650002002716
szbese SNARC arabic DC down 2 lctrl 0.356773853302
szbese SNARC arabic DC up 3 num_delete 0.380403995514
szbese SNARC arabic DC up 9 num_delete 0.387609004974
szbese SNARC arabic DC up 9 num_delete 0.354033231735
szbese SNARC arabic DC up 8 num_delete 0.35316491127
szbese SNARC arabic DC down 4 lctrl 0.457946062088
szbese SNARC arabic DC up 9 num_delete 0.581373214722
szbese SNARC arabic DC up 4 num_delete 0.372493028641
szbese SNARC arabic DC down 9 lctrl 0.427736997604
szbese SNARC arabic DC down 6 lctrl 0.352087974548
szbese SNARC arabic DC up 4 num_delete 0.455731153488
szbese SNARC arabic DC down 5 lctrl 0.355540037155
szbese SNARC arabic DC up 8 num_delete 0.395144939423
szbese SNARC arabic DC down 3 lctrl 0.377658843994
szbese SNARC arabic DC up 6 num_delete 0.360786914825
szbese SNARC arabic DC down 3 lctrl 0.328707933426
szbese SNARC arabic DC down 2 lctrl 0.466115951538
szbese SNARC arabic DC up 1 num_delete 0.349461078644
szbese SNARC arabic DC up 8 num_delete 0.382067203522
szbese SNARC arabic DC up 3 num_delete 0.373302936554
szbese SNARC arabic DC down 3 lctrl 0.380634069443
szbese SNARC arabic DC down 8 lctrl 0.51564002037
szbese SNARC arabic DC down 9 lctrl 0.365736961365
szbese SNARC arabic DC down 2 lctrl 0.4210729599
szbese SNARC arabic DC up 2 num_delete 0.42583489418
szbese SNARC arabic DC up 6 num_delete 0.374741077423
szbese SNARC arabic DC down 3 lctrl 0.462117910385
szbese SNARC arabic DC down 1 lctrl 0.425348997116
szbese SNARC arabic DC down 3 lctrl 0.382596969604
szbese SNARC arabic DC up 6 num_delete 0.381575107574
szbese SNARC arabic DC up 7 num_delete 0.925301074982
szbese SNARC arabic DC up 9 num_delete 0.347951889038
szbese SNARC arabic DC up 8 num_delete 0.356841802597
szbese SNARC arabic DC up 2 num_delete 0.372746944427
szbese SNARC arabic DC up 9 num_delete 0.379523992538
szbese SNARC arabic DC up 8 num_delete 0.362852096558
szbese SNARC arabic DC up 5 num_delete 0.346574068069
szbese SNARC arabic DC up 7 num_delete 0.379170894623
szbese SNARC arabic DC up 4 num_delete 0.410661935806
szbese SNARC arabic DC up 7 num_delete 0.384212017059
szbese SNARC arabic DC up 9 num_delete 0.327255964279
szbese SNARC arabic DC up 6 num_delete 0.328566074371
szbese SNARC arabic DC down 3 lctrl 0.458320140839
szbese SNARC arabic DC down 8 lctrl 0.381703138351
szbese SNARC arabic DC down 7 lctrl 0.332895994186
szbese SNARC arabic DC down 4 lctrl 0.373867988586
szbese SNARC arabic DC down 8 lctrl 0.341305017471
szbese SNARC arabic DC up 2 num_delete 0.389597177505
szbese SNARC arabic DC down 3 lctrl 0.332193136215
szbese SNARC arabic DC up 4 num_delete 0.429399013519
szbese SNARC arabic DC down 6 lctrl 0.490522146225
szbese SNARC arabic DC down 4 lctrl 0.396862983704
szbese SNARC arabic DC down 1 lctrl 0.451102972031
szbese SNARC arabic DC down 2 lctrl 0.343311071396
szbese SNARC arabic DC up 3 lctrl 0.344443082809
szbese SNARC arabic DC up 7 num_delete 0.88822889328
szbese SNARC arabic DC down 4 lctrl 0.489410877228
szbese SNARC arabic DC down 9 lctrl 0.387408018112
szbese SNARC arabic DC up 7 num_delete 0.44173002243
szbese SNARC arabic DC down 8 lctrl 0.501981019974
szbese SNARC arabic DC down 1 lctrl 0.424414873123
szbese SNARC arabic DC down 5 lctrl 0.469305038452
szbese SNARC arabic DC up 8 num_delete 0.383924007416
szbese SNARC arabic DC down 1 lctrl 0.439291000366
szbese SNARC arabic DC down 4 lctrl 0.49958896637
szbese SNARC arabic DC up 4 num_delete 0.53325510025
szbese SNARC arabic DC down 5 lctrl 0.438822984695
szbese SNARC arabic DC down 2 lctrl 0.379166126251
szbese SNARC arabic DC down 2 lctrl 0.385794878006
szbese SNARC arabic DC down 6 lctrl 0.560400009155
szbese SNARC arabic DC down 6 lctrl 0.351448059082
szbese SNARC arabic DC down 3 lctrl 0.383927106857
szbese SNARC arabic DC up 7 num_delete 0.390799999237
szbese SNARC arabic DC down 4 lctrl 0.445568084717
szbese SNARC arabic DC down 8 lctrl 0.385889053345
szbese SNARC arabic DC down 1 lctrl 0.440341949463
szbese SNARC arabic DC down 4 lctrl 0.661144971848
szbese SNARC arabic DC up 3 num_delete 0.423174142838
szbese SNARC arabic DC down 5 lctrl 0.492470979691
szbese SNARC arabic DC up 9 num_delete 0.406181097031
szbese SNARC arabic DC down 3 lctrl 0.396234989166
szbese SNARC arabic DC up 2 num_delete 0.578720092773
szbese SNARC arabic DC down 2 lctrl 0.505697011948
szbese SNARC arabic DC down 6 lctrl 0.402346849442
szbese SNARC arabic DC up 1 num_delete 0.3680768013
szbese SNARC arabic DC down 8 lctrl 0.528676986694
szbese SNARC arabic DC down 9 lctrl 0.512719869614
szbese SNARC arabic DC down 3 lctrl 0.370450973511
szbese SNARC arabic DC up 6 num_delete 0.473169088364
szbese SNARC arabic DC down 1 lctrl 0.444221973419
{'task': u'line', 'participant': u'szbese', 'dateStr': u'09_22_1936', 'notation': u'dot', 'response_buttons': u'DC', 'range_in_instr': True, 'interactive_setting': True, 'autopilot': False, 'exp_id': u'SNARC'}
szbese SNARC dot DC up 30 num_delete 1.36811709404
szbese SNARC dot DC up 10 num_delete 0.581556081772
szbese SNARC dot DC down 5 lctrl 0.388262033463
szbese SNARC dot DC down 45 lctrl 0.560307979584
szbese SNARC dot DC down 25 lctrl 0.438357114792
szbese SNARC dot DC up 15 num_delete 0.409729003906
szbese SNARC dot DC up 15 num_delete 0.382606983185
szbese SNARC dot DC up 45 num_delete 0.371203899384
szbese SNARC dot DC down 30 lctrl 0.432919025421
szbese SNARC dot DC up 45 num_delete 0.379118919373
szbese SNARC dot DC down 40 lctrl 0.977088928223
szbese SNARC dot DC up 20 num_delete 0.445069074631
szbese SNARC dot DC up 45 num_delete 0.382222175598
szbese SNARC dot DC down 35 lctrl 0.420094966888
szbese SNARC dot DC down 25 lctrl 0.49552989006
szbese SNARC dot DC down 30 lctrl 0.751863956451
szbese SNARC dot DC down 30 lctrl 0.405538082123
szbese SNARC dot DC down 5 lctrl 0.347393035889
szbese SNARC dot DC up 25 num_delete 0.394309997559
szbese SNARC dot DC up 10 num_delete 0.464905023575
szbese SNARC dot DC up 40 num_delete 0.346117019653
szbese SNARC dot DC up 20 num_delete 0.346045970917
szbese SNARC dot DC down 30 lctrl 0.609019994736
szbese SNARC dot DC up 40 num_delete 1.18776893616
szbese SNARC dot DC up 25 num_delete 0.639094829559
szbese SNARC dot DC up 45 num_delete 0.807404994965
szbese SNARC dot DC up 20 num_delete 0.643023967743
szbese SNARC dot DC down 25 lctrl 0.429579973221
szbese SNARC dot DC up 10 num_delete 0.842324972153
szbese SNARC dot DC up 5 num_delete 0.381771802902
szbese SNARC dot DC down 10 lctrl 0.41264796257
szbese SNARC dot DC up 5 num_delete 0.674166917801
szbese SNARC dot DC down 5 lctrl 0.636694908142
szbese SNARC dot DC up 30 num_delete 0.510674953461
szbese SNARC dot DC up 35 num_delete 0.445563077927
szbese SNARC dot DC down 35 lctrl 0.432204008102
szbese SNARC dot DC down 35 lctrl 0.627512931824
szbese SNARC dot DC up 10 num_delete 0.439318180084
szbese SNARC dot DC down 40 lctrl 0.569344997406
szbese SNARC dot DC down 30 lctrl 0.478679895401
szbese SNARC dot DC up 25 num_delete 0.487745046616
szbese SNARC dot DC down 25 lctrl 0.328723192215
szbese SNARC dot DC up 15 num_delete 0.664860963821
szbese SNARC dot DC up 30 num_delete 0.658508062363
szbese SNARC dot DC up 20 num_delete 0.340836048126
szbese SNARC dot DC down 45 lctrl 0.31431722641
szbese SNARC dot DC down 30 lctrl 0.339120864868
szbese SNARC dot DC up 30 num_delete 0.402151107788
szbese SNARC dot DC up 10 num_delete 0.384754896164
szbese SNARC dot DC down 10 lctrl 0.519931077957
szbese SNARC dot DC down 10 lctrl 0.609272003174
szbese SNARC dot DC down 15 lctrl 0.852824211121
szbese SNARC dot DC up 5 num_delete 0.535880088806
szbese SNARC dot DC down 5 lctrl 0.46487903595
szbese SNARC dot DC up 20 num_delete 1.31531000137
szbese SNARC dot DC down 45 lctrl 0.599515914917
szbese SNARC dot DC up 15 num_delete 0.476354837418
szbese SNARC dot DC up 35 num_delete 0.372542142868
szbese SNARC dot DC down 25 lctrl 0.371103048325
szbese SNARC dot DC down 5 lctrl 0.458470821381
szbese SNARC dot DC down 25 lctrl 0.388224124908
szbese SNARC dot DC down 35 lctrl 0.472575187683
szbese SNARC dot DC down 45 lctrl 0.344885110855
szbese SNARC dot DC up 30 num_delete 0.415472984314
szbese SNARC dot DC up 15 num_delete 0.348508834839
szbese SNARC dot DC up 40 num_delete 0.346830844879
szbese SNARC dot DC down 5 lctrl 0.339812040329
szbese SNARC dot DC down 40 lctrl 0.345911026001
szbese SNARC dot DC down 40 lctrl 0.408561944962
szbese SNARC dot DC down 10 lctrl 0.374202013016
szbese SNARC dot DC down 45 lctrl 0.362308979034
szbese SNARC dot DC down 20 lctrl 0.329692840576
szbese SNARC dot DC up 15 num_delete 0.314002037048
szbese SNARC dot DC down 5 lctrl 0.436316013336
szbese SNARC dot DC down 25 lctrl 0.36696100235
szbese SNARC dot DC up 5 num_delete 0.446718931198
szbese SNARC dot DC up 30 num_delete 0.321268081665
szbese SNARC dot DC up 45 num_delete 0.423864841461
szbese SNARC dot DC down 45 lctrl 0.490734100342
szbese SNARC dot DC up 15 num_delete 0.372182846069
szbese SNARC dot DC down 10 lctrl 0.379760026932
szbese SNARC dot DC up 40 num_delete 0.376312017441
szbese SNARC dot DC up 5 num_delete 0.311537027359
szbese SNARC dot DC up 25 num_delete 0.344042062759
szbese SNARC dot DC down 25 lctrl 0.399703025818
szbese SNARC dot DC down 5 lctrl 0.350569963455
szbese SNARC dot DC up 30 num_delete 0.357283115387
szbese SNARC dot DC down 5 lctrl 0.396728992462
szbese SNARC dot DC up 15 num_delete 0.314568042755
szbese SNARC dot DC up 20 num_delete 0.347743988037
szbese SNARC dot DC down 15 lctrl 0.323656082153
szbese SNARC dot DC down 45 num_delete 0.393800020218
szbese SNARC dot DC down 25 lctrl 0.519138813019
szbese SNARC dot DC down 40 lctrl 0.438391923904
szbese SNARC dot DC down 25 lctrl 0.360940933228
szbese SNARC dot DC down 35 lctrl 0.382759809494
szbese SNARC dot DC down 40 lctrl 0.331852912903
szbese SNARC dot DC down 5 lctrl 0.341828107834
szbese SNARC dot DC down 20 lctrl 0.341116905212
szbese SNARC dot DC down 30 lctrl 0.348303079605
szbese SNARC dot DC down 15 lctrl 0.371999979019
szbese SNARC dot DC up 30 num_delete 0.465578079224
szbese SNARC dot DC down 30 lctrl 0.411629915237
szbese SNARC dot DC down 5 lctrl 0.553416967392
szbese SNARC dot DC down 5 lctrl 0.353423833847
szbese SNARC dot DC up 10 num_delete 0.456349134445
szbese SNARC dot DC down 20 lctrl 0.97154211998
szbese SNARC dot DC down 25 lctrl 0.407267093658
szbese SNARC dot DC down 30 lctrl 0.467791080475
szbese SNARC dot DC up 5 num_delete 0.71099615097
szbese SNARC dot DC down 20 lctrl 0.735234022141
szbese SNARC dot DC up 45 num_delete 0.579676151276
szbese SNARC dot DC up 20 num_delete 0.729996919632
szbese SNARC dot DC up 5 num_delete 0.442116975784
szbese SNARC dot DC up 40 num_delete 0.460115909576
szbese SNARC dot DC down 10 lctrl 0.44787311554
szbese SNARC dot DC down 20 lctrl 1.07556581497
szbese SNARC dot DC up 15 num_delete 0.475491046906
szbese SNARC dot DC up 25 num_delete 0.628927946091
szbese SNARC dot DC down 40 lctrl 0.407339096069
szbese SNARC dot DC down 10 lctrl 0.837285995483
szbese SNARC dot DC up 5 num_delete 0.616231203079
szbese SNARC dot DC down 30 lctrl 0.883367061615
szbese SNARC dot DC down 35 lctrl 0.459235906601
szbese SNARC dot DC down 10 lctrl 0.558853149414
szbese SNARC dot DC up 20 num_delete 0.429046869278
szbese SNARC dot DC down 25 lctrl 0.417645931244
szbese SNARC dot DC down 15 lctrl 0.381749868393
szbese SNARC dot DC down 10 lctrl 0.373013019562
szbese SNARC dot DC down 40 lctrl 0.418177843094
szbese SNARC dot DC down 10 lctrl 0.327639102936
szbese SNARC dot DC up 5 num_delete 0.88845705986
szbese SNARC dot DC down 5 lctrl 0.409873008728
szbese SNARC dot DC up 10 num_delete 0.919331073761
szbese SNARC dot DC down 35 lctrl 0.381483078003
szbese SNARC dot DC down 20 lctrl 0.523820877075
szbese SNARC dot DC down 35 lctrl 0.426424980164
szbese SNARC dot DC down 15 lctrl 0.310758113861
szbese SNARC dot DC down 40 lctrl 0.558207035065
szbese SNARC dot DC up 5 num_delete 0.365645170212
szbese SNARC dot DC up 30 num_delete 0.388012886047
szbese SNARC dot DC up 25 num_delete 0.376924037933
szbese SNARC dot DC up 35 num_delete 0.373823881149
szbese SNARC dot DC down 10 lctrl 0.445827007294
szbese SNARC dot DC up 25 num_delete 0.407951831818
szbese SNARC dot DC down 15 lctrl 0.381202936172
szbese SNARC dot DC up 45 num_delete 0.633090019226
szbese SNARC dot DC down 40 lctrl 0.415100812912
szbese SNARC dot DC down 20 lctrl 0.368322134018
szbese SNARC dot DC up 45 num_delete 0.405337095261
szbese SNARC dot DC down 15 lctrl 0.586632966995
szbese SNARC dot DC up 15 lctrl 0.391819000244
szbese SNARC dot DC down 10 lctrl 0.598227977753
szbese SNARC dot DC up 30 num_delete 0.562227964401
szbese SNARC dot DC up 20 num_delete 0.46483206749
szbese SNARC dot DC down 40 lctrl 0.386768102646
szbese SNARC dot DC up 45 num_delete 0.877681016922
szbese SNARC dot DC down 45 lctrl 0.404597043991
szbese SNARC dot DC up 35 num_delete 0.535878896713
szbese SNARC dot DC down 35 lctrl 0.381372928619
szbese SNARC dot DC up 40 num_delete 0.578711032867
szbese SNARC dot DC up 30 num_delete 0.64799785614
szbese SNARC dot DC up 30 num_delete 0.402060031891
szbese SNARC dot DC down 5 lctrl 0.52072095871
szbese SNARC dot DC down 20 num_delete 0.496566057205
szbese SNARC dot DC down 40 lctrl 0.368526935577
szbese SNARC dot DC up 45 num_delete 0.397397041321
szbese SNARC dot DC up 45 num_delete 0.872573852539
szbese SNARC dot DC down 5 lctrl 0.522907972336
szbese SNARC dot DC down 5 num_delete 0.451313018799
szbese SNARC dot DC down 10 lctrl 1.15246605873
szbese SNARC dot DC up 30 num_delete 0.460180044174
szbese SNARC dot DC up 15 num_delete 0.367016077042
szbese SNARC dot DC up 30 lctrl 0.445840120316
szbese SNARC dot DC up 35 num_delete 0.975449085236
szbese SNARC dot DC up 10 num_delete 0.580898046494
szbese SNARC dot DC up 45 num_delete 0.624403953552
szbese SNARC dot DC up 30 num_delete 0.395357847214
szbese SNARC dot DC down 45 lctrl 0.798985958099
szbese SNARC dot DC down 40 lctrl 0.370178937912
szbese SNARC dot DC down 30 lctrl 0.399990081787
szbese SNARC dot DC up 35 num_delete 0.467875957489
szbese SNARC dot DC up 35 num_delete 0.837186098099
szbese SNARC dot DC up 35 num_delete 0.366174936295
szbese SNARC dot DC up 35 num_delete 0.412111997604
szbese SNARC dot DC down 20 lctrl 0.449090003967
szbese SNARC dot DC down 15 lctrl 0.420794963837
szbese SNARC dot DC down 20 lctrl 0.337393045425
szbese SNARC dot DC up 20 num_delete 0.423829078674
szbese SNARC dot DC down 10 lctrl 0.453898906708
szbese SNARC dot DC down 40 lctrl 1.30319285393
szbese SNARC dot DC up 20 num_delete 0.413523197174
szbese SNARC dot DC down 5 lctrl 0.523787021637
szbese SNARC dot DC down 5 lctrl 0.404315948486
szbese SNARC dot DC down 5 lctrl 0.618281841278
szbese SNARC dot DC down 5 lctrl 0.359308004379
szbese SNARC dot DC down 10 lctrl 0.383157014847
szbese SNARC dot DC down 15 lctrl 0.429998874664
szbese SNARC dot DC down 5 lctrl 0.346423149109
szbese SNARC dot DC down 10 lctrl 0.354949951172
szbese SNARC dot DC up 45 num_delete 0.36855506897
szbese SNARC dot DC up 15 num_delete 0.375787973404
szbese SNARC dot DC down 35 lctrl 0.388970851898
szbese SNARC dot DC up 35 num_delete 0.44097495079
szbese SNARC dot DC down 20 lctrl 0.524883985519
szbese SNARC dot DC down 45 lctrl 0.594508171082
szbese SNARC dot DC down 20 lctrl 0.383671998978
szbese SNARC dot DC up 35 num_delete 0.476140975952
szbese SNARC dot DC down 10 lctrl 0.503514051437
szbese SNARC dot DC up 40 num_delete 0.550516843796
szbese SNARC dot DC up 10 num_delete 1.2065308094
szbese SNARC dot DC down 15 lctrl 0.393264055252
szbese SNARC dot DC up 20 num_delete 0.558574914932
szbese SNARC dot DC up 45 num_delete 0.651026010513
szbese SNARC dot DC down 45 lctrl 0.595918893814
szbese SNARC dot DC up 45 num_delete 0.383037805557
szbese SNARC dot DC down 10 lctrl 0.638205051422
szbese SNARC dot DC up 45 num_delete 0.638584136963
szbese SNARC dot DC up 5 num_delete 0.386549949646
szbese SNARC dot DC up 15 num_delete 0.375797986984
szbese SNARC dot DC up 35 num_delete 0.365005016327
szbese SNARC dot DC up 25 num_delete 0.379164934158
szbese SNARC dot DC up 15 num_delete 0.361856937408
szbese SNARC dot DC down 40 lctrl 0.488186120987
szbese SNARC dot DC up 15 num_delete 0.608872890472
szbese SNARC dot DC down 45 lctrl 0.499375104904
szbese SNARC dot DC up 45 num_delete 2.48236393929
szbese SNARC dot DC down 15 lctrl 0.414535999298
szbese SNARC dot DC down 30 lctrl 0.610825061798
szbese SNARC dot DC down 10 lctrl 0.384401082993
szbese SNARC dot DC down 40 lctrl 0.40459895134
szbese SNARC dot DC down 15 lctrl 0.321875095367
szbese SNARC dot DC down 35 lctrl 0.544981956482
szbese SNARC dot DC up 45 num_delete 0.326246023178
szbese SNARC dot DC up 5 num_delete 0.567286014557
szbese SNARC dot DC down 35 lctrl 0.404428005219
szbese SNARC dot DC up 25 lctrl 0.416752099991
szbese SNARC dot DC up 25 num_delete 0.444756031036
szbese SNARC dot DC up 20 num_delete 0.392398118973
szbese SNARC dot DC up 25 num_delete 0.325400829315
szbese SNARC dot DC up 10 num_delete 0.334784030914
szbese SNARC dot DC down 30 lctrl 0.358527898788
szbese SNARC dot DC down 40 lctrl 0.548713922501
szbese SNARC dot DC up 30 num_delete 0.48321890831
szbese SNARC dot DC down 20 lctrl 0.661176204681
szbese SNARC dot DC down 5 lctrl 0.591703891754
szbese SNARC dot DC down 45 lctrl 1.22752189636
szbese SNARC dot DC up 20 num_delete 0.429268836975
szbese SNARC dot DC down 45 lctrl 0.431468963623
szbese SNARC dot DC down 20 lctrl 0.371855974197
szbese SNARC dot DC down 20 lctrl 0.354861021042
szbese SNARC dot DC down 45 lctrl 0.375675201416
szbese SNARC dot DC down 25 lctrl 0.341094970703
szbese SNARC dot DC down 40 lctrl 0.363586902618
szbese SNARC dot DC up 20 num_delete 0.394157886505
szbese SNARC dot DC down 45 lctrl 0.855164051056
szbese SNARC dot DC down 35 lctrl 0.454758882523
szbese SNARC dot DC down 40 lctrl 0.432298898697
szbese SNARC dot DC up 25 num_delete 0.387597084045
szbese SNARC dot DC up 40 num_delete 0.599790811539
szbese SNARC dot DC down 40 lctrl 0.443703889847
szbese SNARC dot DC down 35 lctrl 0.366241931915
szbese SNARC dot DC up 20 num_delete 0.484595060349
szbese SNARC dot DC up 15 num_delete 0.830918073654
szbese SNARC dot DC up 5 num_delete 0.498660087585
szbese SNARC dot DC down 45 lctrl 0.554224014282
szbese SNARC dot DC up 5 num_delete 0.44091796875
szbese SNARC dot DC down 40 lctrl 0.468513011932
szbese SNARC dot DC down 20 lctrl 1.06224107742
szbese SNARC dot DC down 20 lctrl 0.399358987808
szbese SNARC dot DC down 30 lctrl 0.364285945892
szbese SNARC dot DC up 20 num_delete 0.411209106445
szbese SNARC dot DC down 45 lctrl 0.670199155807
szbese SNARC dot DC up 30 num_delete 0.43070602417
szbese SNARC dot DC up 45 num_delete 0.496692895889
szbese SNARC dot DC up 30 num_delete 0.369475126266
szbese SNARC dot DC down 35 lctrl 0.42271900177
szbese SNARC dot DC up 25 num_delete 0.55402302742
szbese SNARC dot DC up 10 num_delete 0.425323009491
szbese SNARC dot DC up 15 num_delete 0.310170888901
szbese SNARC dot DC down 25 lctrl 0.413891792297
szbese SNARC dot DC down 15 lctrl 0.371466875076
szbese SNARC dot DC down 40 lctrl 0.352421998978
szbese SNARC dot DC down 35 lctrl 0.342025995255
szbese SNARC dot DC down 10 lctrl 0.311329126358
szbese SNARC dot DC down 20 lctrl 0.31195807457
szbese SNARC dot DC down 35 lctrl 0.319828033447
szbese SNARC dot DC up 5 num_delete 0.464907169342
szbese SNARC dot DC down 25 lctrl 0.395247936249
szbese SNARC dot DC down 35 lctrl 0.383193016052
szbese SNARC dot DC down 5 lctrl 0.318792104721
szbese SNARC dot DC down 5 lctrl 0.304036140442
szbese SNARC dot DC up 10 num_delete 0.361881971359
szbese SNARC dot DC up 15 num_delete 0.337466001511
szbese SNARC dot DC up 15 num_delete 0.376751899719
szbese SNARC dot DC up 30 num_delete 0.350482940674
szbese SNARC dot DC down 15 lctrl 0.510598897934
szbese SNARC dot DC up 25 lctrl 0.390478134155
szbese SNARC dot DC up 25 num_delete 0.355294942856
szbese SNARC dot DC up 40 num_delete 0.376968860626
szbese SNARC dot DC up 40 num_delete 0.389774084091
szbese SNARC dot DC down 10 lctrl 0.476526975632
szbese SNARC dot DC up 45 num_delete 0.461051940918
szbese SNARC dot DC down 10 lctrl 0.425187826157
szbese SNARC dot DC down 25 lctrl 0.380352020264
szbese SNARC dot DC down 10 lctrl 0.364222049713
szbese SNARC dot DC down 25 lctrl 0.561964035034
szbese SNARC dot DC down 25 lctrl 0.336243152618
szbese SNARC dot DC down 20 lctrl 0.335457801819
szbese SNARC dot DC down 35 lctrl 0.421928167343
szbese SNARC dot DC up 30 num_delete 0.377331972122
szbese SNARC dot DC down 35 lctrl 0.358541965485
szbese SNARC dot DC down 20 lctrl 0.341598033905
szbese SNARC dot DC down 20 lctrl 0.325674057007
szbese SNARC dot DC up 35 num_delete 0.356430053711
szbese SNARC dot DC up 25 num_delete 0.346913099289
szbese SNARC dot DC down 45 lctrl 0.369410991669
szbese SNARC dot DC up 35 num_delete 0.566323041916
szbese SNARC dot DC down 40 lctrl 0.403591871262
szbese SNARC dot DC up 30 num_delete 0.367789030075
szbese SNARC dot DC up 25 num_delete 0.334194898605
szbese SNARC dot DC up 20 num_delete 0.398451089859
szbese SNARC dot DC up 30 num_delete 0.339717149734
szbese SNARC dot DC up 25 num_delete 0.48277592659
szbese SNARC dot DC down 15 lctrl 0.381214141846
szbese SNARC dot DC down 25 lctrl 0.347321033478
szbese SNARC dot DC down 40 lctrl 0.409227132797
szbese SNARC dot DC down 20 lctrl 0.358345985413
szbese SNARC dot DC up 30 num_delete 0.388432979584
szbese SNARC dot DC down 5 lctrl 0.627259016037
szbese SNARC dot DC up 15 num_delete 0.430610895157
szbese SNARC dot DC down 25 lctrl 0.338395833969
szbese SNARC dot DC down 40 lctrl 0.424643039703
szbese SNARC dot DC down 10 lctrl 0.373889923096
szbese SNARC dot DC down 35 lctrl 0.41845703125
szbese SNARC dot DC down 25 lctrl 0.33501291275
szbese SNARC dot DC down 15 lctrl 0.327568054199
szbese SNARC dot DC up 10 num_delete 0.392794847488
szbese SNARC dot DC down 10 lctrl 0.472002983093
szbese SNARC dot DC down 40 lctrl 0.391715049744
szbese SNARC dot DC up 30 num_delete 0.372766017914
szbese SNARC dot DC down 15 lctrl 0.52335190773
szbese SNARC dot DC up 40 num_delete 0.545665025711
szbese SNARC dot DC down 30 lctrl 0.344539880753
szbese SNARC dot DC up 30 num_delete 0.455299854279
szbese SNARC dot DC down 40 lctrl 0.377029180527
szbese SNARC dot DC up 35 num_delete 0.549699068069
szbese SNARC dot DC down 40 lctrl 0.451861143112
szbese SNARC dot DC down 35 lctrl 0.373880147934
szbese SNARC dot DC down 15 lctrl 0.388247013092
szbese SNARC dot DC up 35 num_delete 0.432189941406
szbese SNARC dot DC up 40 num_delete 0.32302904129
szbese SNARC dot DC up 10 num_delete 0.332535028458
szbese SNARC dot DC up 25 num_delete 0.404361009598
szbese SNARC dot DC down 15 lctrl 0.329617977142
szbese SNARC dot DC down 35 lctrl 0.384675979614
szbese SNARC dot DC up 15 num_delete 0.398854970932
szbese SNARC dot DC down 10 lctrl 0.413532972336
szbese SNARC dot DC down 35 lctrl 0.393020153046
szbese SNARC dot DC up 45 num_delete 0.388387918472
