{'task': u'line', 'participant': u'szendvics', 'dateStr': u'09_24_1138', 'notation': u'dot', 'response_buttons': u'CD', 'range_in_instr': True, 'interactive_setting': True, 'autopilot': False, 'exp_id': u'SNARC'}
szendvics SNARC dot CD up 40 lctrl 1.02660991639
szendvics SNARC dot CD up 25 lctrl 1.21133038733
szendvics SNARC dot CD up 35 lctrl 0.699631242189
szendvics SNARC dot CD down 20 num_decimal 0.638881918758
szendvics SNARC dot CD up 5 lctrl 0.623764843316
szendvics SNARC dot CD up 45 lctrl 0.643631289784
szendvics SNARC dot CD down 15 num_decimal 0.733583768077
szendvics SNARC dot CD up 20 lctrl 0.414502047469
szendvics SNARC dot CD up 5 lctrl 0.453323282347
szendvics SNARC dot CD up 25 lctrl 0.485480839257
szendvics SNARC dot CD up 30 lctrl 0.39406375867
szendvics SNARC dot CD down 45 num_decimal 0.592012545535
szendvics SNARC dot CD up 5 num_decimal 0.964420488194
szendvics SNARC dot CD down 25 lctrl 1.14904821849
szendvics SNARC dot CD up 20 lctrl 2.43365106629
szendvics SNARC dot CD down 15 num_decimal 0.466336020012
szendvics SNARC dot CD down 10 num_decimal 0.594075237512
szendvics SNARC dot CD down 10 num_decimal 0.491689213143
szendvics SNARC dot CD up 25 lctrl 0.731780399947
szendvics SNARC dot CD down 5 num_decimal 0.621358485997
szendvics SNARC dot CD down 40 lctrl 0.712831210972
szendvics SNARC dot CD down 15 num_decimal 2.77668787103
szendvics SNARC dot CD down 25 num_decimal 0.489194314753
szendvics SNARC dot CD up 40 lctrl 0.748952118179
szendvics SNARC dot CD down 35 num_decimal 0.554040674998
szendvics SNARC dot CD up 20 lctrl 0.437055522951
szendvics SNARC dot CD up 25 lctrl 0.410651735772
szendvics SNARC dot CD up 20 lctrl 0.35752464364
szendvics SNARC dot CD down 15 num_decimal 0.722010085283
szendvics SNARC dot CD up 10 lctrl 0.635450164851
szendvics SNARC dot CD down 25 num_decimal 0.421993741931
szendvics SNARC dot CD up 40 lctrl 0.493399140697
szendvics SNARC dot CD up 20 lctrl 0.458594800714
szendvics SNARC dot CD up 15 lctrl 0.35638760831
szendvics SNARC dot CD down 25 num_decimal 0.59129756764
szendvics SNARC dot CD up 25 lctrl 0.48993029053
szendvics SNARC dot CD down 15 num_decimal 0.447833386003
szendvics SNARC dot CD down 25 num_decimal 0.456287483407
szendvics SNARC dot CD down 35 num_decimal 0.38814585549
szendvics SNARC dot CD down 10 num_decimal 0.374507380931
szendvics SNARC dot CD up 20 lctrl 0.495243454698
szendvics SNARC dot CD down 35 num_decimal 0.487125323411
szendvics SNARC dot CD up 45 lctrl 0.51608140319
szendvics SNARC dot CD down 30 num_decimal 0.387843835949
szendvics SNARC dot CD up 20 lctrl 0.420707971601
szendvics SNARC dot CD up 35 lctrl 0.392608255457
szendvics SNARC dot CD down 35 num_decimal 0.435187061385
szendvics SNARC dot CD down 25 num_decimal 0.426457191792
szendvics SNARC dot CD down 5 num_decimal 0.403740632757
szendvics SNARC dot CD down 25 num_decimal 0.408382564618
szendvics SNARC dot CD up 45 lctrl 0.435323197656
szendvics SNARC dot CD up 10 lctrl 0.357422103981
szendvics SNARC dot CD down 20 num_decimal 0.38709281169
szendvics SNARC dot CD up 20 lctrl 0.489310503036
szendvics SNARC dot CD down 20 num_decimal 0.4076360899
szendvics SNARC dot CD down 35 num_decimal 0.467361766566
szendvics SNARC dot CD up 25 lctrl 0.398798431178
szendvics SNARC dot CD up 45 lctrl 0.373665365848
szendvics SNARC dot CD up 40 lctrl 0.362526339219
szendvics SNARC dot CD up 25 lctrl 0.328214399578
szendvics SNARC dot CD down 5 num_decimal 0.43568121155
szendvics SNARC dot CD up 45 lctrl 0.47931621096
szendvics SNARC dot CD up 10 lctrl 0.361383354489
szendvics SNARC dot CD up 10 lctrl 0.391839033034
szendvics SNARC dot CD down 10 num_decimal 0.605953389601
szendvics SNARC dot CD down 45 num_decimal 0.491995432261
szendvics SNARC dot CD down 40 num_decimal 0.388575262185
szendvics SNARC dot CD down 5 num_decimal 0.418076237011
szendvics SNARC dot CD down 25 num_decimal 0.358721522934
szendvics SNARC dot CD down 35 num_decimal 0.374858745496
szendvics SNARC dot CD down 45 num_decimal 0.387283542455
szendvics SNARC dot CD up 45 lctrl 0.376994580097
szendvics SNARC dot CD up 5 lctrl 0.351590642084
szendvics SNARC dot CD up 40 lctrl 0.431392394077
szendvics SNARC dot CD down 40 num_decimal 0.501138960136
szendvics SNARC dot CD up 10 lctrl 1.49062952001
szendvics SNARC dot CD up 45 lctrl 0.472750873074
szendvics SNARC dot CD up 20 lctrl 0.36265582616
szendvics SNARC dot CD up 45 lctrl 0.362848656713
szendvics SNARC dot CD up 40 lctrl 0.332999816968
szendvics SNARC dot CD down 20 lctrl 0.320477029892
szendvics SNARC dot CD down 40 num_decimal 0.685811485912
szendvics SNARC dot CD down 35 num_decimal 0.382273447723
szendvics SNARC dot CD down 30 num_decimal 0.381513674346
szendvics SNARC dot CD down 15 num_decimal 0.403972659357
szendvics SNARC dot CD down 10 num_decimal 0.408267076265
szendvics SNARC dot CD down 40 num_decimal 0.424258363544
szendvics SNARC dot CD up 10 lctrl 0.625464271928
szendvics SNARC dot CD up 45 lctrl 0.361683974171
szendvics SNARC dot CD down 20 num_decimal 0.421077534331
szendvics SNARC dot CD up 40 lctrl 0.377630815932
szendvics SNARC dot CD up 40 lctrl 0.359630731241
szendvics SNARC dot CD up 15 lctrl 0.366837204468
szendvics SNARC dot CD up 10 lctrl 0.370422942846
szendvics SNARC dot CD down 40 num_decimal 0.478229920513
szendvics SNARC dot CD up 25 lctrl 0.380529223628
szendvics SNARC dot CD down 45 num_decimal 0.453761088194
szendvics SNARC dot CD up 20 lctrl 0.322516274234
szendvics SNARC dot CD down 20 num_decimal 0.457803180549
szendvics SNARC dot CD up 20 lctrl 0.323229502305
szendvics SNARC dot CD up 35 lctrl 0.364681771843
szendvics SNARC dot CD down 20 num_decimal 0.441576716988
szendvics SNARC dot CD down 30 num_decimal 0.39934962559
szendvics SNARC dot CD down 20 num_decimal 0.356728123969
szendvics SNARC dot CD down 30 num_decimal 0.355439903886
szendvics SNARC dot CD down 25 num_decimal 0.333567109757
szendvics SNARC dot CD down 30 num_decimal 0.364950544738
szendvics SNARC dot CD down 10 num_decimal 0.397078704613
szendvics SNARC dot CD down 35 num_decimal 0.388351984702
szendvics SNARC dot CD down 30 num_decimal 0.422946695826
szendvics SNARC dot CD up 35 lctrl 0.348462657541
szendvics SNARC dot CD up 30 lctrl 0.365960892844
szendvics SNARC dot CD up 10 lctrl 0.343433664715
szendvics SNARC dot CD up 5 lctrl 0.333462820275
szendvics SNARC dot CD up 15 lctrl 0.333856880534
szendvics SNARC dot CD up 15 lctrl 0.384124061088
szendvics SNARC dot CD down 30 num_decimal 0.482420397903
szendvics SNARC dot CD down 45 num_decimal 0.473373460287
szendvics SNARC dot CD down 10 num_decimal 0.379164361274
szendvics SNARC dot CD down 10 num_decimal 0.366610077374
szendvics SNARC dot CD up 30 lctrl 0.555456282234
szendvics SNARC dot CD up 5 lctrl 0.403704236428
szendvics SNARC dot CD down 45 num_decimal 0.487618073717
szendvics SNARC dot CD down 35 num_decimal 0.485629924222
szendvics SNARC dot CD up 35 lctrl 0.516546506285
szendvics SNARC dot CD up 15 lctrl 0.3598046637
szendvics SNARC dot CD down 35 num_decimal 0.421258116119
szendvics SNARC dot CD up 40 lctrl 0.404011855404
szendvics SNARC dot CD down 5 num_decimal 0.30301904053
szendvics SNARC dot CD down 15 num_decimal 0.433595421902
szendvics SNARC dot CD down 40 num_decimal 0.438099117704
szendvics SNARC dot CD down 40 num_decimal 0.335296635334
szendvics SNARC dot CD up 25 lctrl 0.43413296769
szendvics SNARC dot CD up 25 lctrl 0.383606113323
szendvics SNARC dot CD down 40 num_decimal 0.440038622105
szendvics SNARC dot CD down 20 num_decimal 0.479011391701
szendvics SNARC dot CD down 35 num_decimal 0.358108034805
szendvics SNARC dot CD down 35 num_decimal 0.374279203942
szendvics SNARC dot CD up 5 lctrl 0.384630110053
szendvics SNARC dot CD down 25 num_decimal 0.377943684379
szendvics SNARC dot CD up 45 lctrl 0.353867862426
szendvics SNARC dot CD down 35 num_decimal 0.344293527998
szendvics SNARC dot CD down 15 num_decimal 0.421635728037
szendvics SNARC dot CD up 30 lctrl 0.604481788012
szendvics SNARC dot CD down 35 num_decimal 0.476916153006
szendvics SNARC dot CD up 40 lctrl 0.730828495946
szendvics SNARC dot CD down 25 num_decimal 0.533850861141
szendvics SNARC dot CD down 30 num_decimal 0.664741510819
szendvics SNARC dot CD down 30 num_decimal 0.469353065743
szendvics SNARC dot CD down 45 num_decimal 0.495078621321
szendvics SNARC dot CD down 25 num_decimal 0.407871966112
szendvics SNARC dot CD up 45 lctrl 0.442263697706
szendvics SNARC dot CD up 40 lctrl 0.394685645953
szendvics SNARC dot CD down 30 num_decimal 0.530259173362
szendvics SNARC dot CD up 35 lctrl 0.410441756949
szendvics SNARC dot CD up 45 lctrl 0.48560822641
szendvics SNARC dot CD up 5 lctrl 0.350448357283
szendvics SNARC dot CD up 5 lctrl 0.365746364479
szendvics SNARC dot CD up 15 lctrl 0.926613800998
szendvics SNARC dot CD up 20 lctrl 0.307776110779
szendvics SNARC dot CD up 20 lctrl 0.269139307301
szendvics SNARC dot CD down 45 num_decimal 0.402495458333
szendvics SNARC dot CD down 35 num_decimal 0.394715392953
szendvics SNARC dot CD up 40 lctrl 0.442965726906
szendvics SNARC dot CD up 40 lctrl 0.402112596945
szendvics SNARC dot CD up 35 lctrl 0.30941219578
szendvics SNARC dot CD up 10 lctrl 0.354963951885
szendvics SNARC dot CD up 10 lctrl 0.322748300834
szendvics SNARC dot CD down 15 num_decimal 0.432047178042
szendvics SNARC dot CD down 20 num_decimal 0.390307937445
szendvics SNARC dot CD down 5 num_decimal 0.357319914287
szendvics SNARC dot CD down 5 num_decimal 0.399172543449
szendvics SNARC dot CD down 40 num_decimal 0.436005978797
szendvics SNARC dot CD up 5 lctrl 0.475642631441
szendvics SNARC dot CD down 40 num_decimal 0.444371535131
szendvics SNARC dot CD up 40 lctrl 0.473954401699
szendvics SNARC dot CD down 10 num_decimal 0.383059118488
szendvics SNARC dot CD up 10 lctrl 0.396359527142
szendvics SNARC dot CD down 35 num_decimal 0.410605190467
szendvics SNARC dot CD down 25 num_decimal 0.410070444396
szendvics SNARC dot CD down 30 num_decimal 0.387737096714
szendvics SNARC dot CD down 30 num_decimal 0.363051986207
szendvics SNARC dot CD down 5 num_decimal 0.342575551256
szendvics SNARC dot CD up 5 lctrl 0.521311625723
szendvics SNARC dot CD up 5 lctrl 0.391280489363
szendvics SNARC dot CD down 5 num_decimal 0.432686213595
szendvics SNARC dot CD down 40 num_decimal 0.355215926474
szendvics SNARC dot CD down 30 num_decimal 0.394975416729
szendvics SNARC dot CD up 15 lctrl 0.526485853902
szendvics SNARC dot CD up 15 lctrl 0.488097525365
szendvics SNARC dot CD down 45 num_decimal 0.816473258672
szendvics SNARC dot CD down 30 num_decimal 0.415707675881
szendvics SNARC dot CD down 40 num_decimal 0.333121254721
szendvics SNARC dot CD down 5 num_decimal 0.313179565841
szendvics SNARC dot CD down 15 num_decimal 0.309581928663
szendvics SNARC dot CD down 10 num_decimal 0.33811175143
szendvics SNARC dot CD up 25 lctrl 0.506748194445
szendvics SNARC dot CD up 40 lctrl 0.424249614426
szendvics SNARC dot CD up 10 lctrl 0.658026388039
szendvics SNARC dot CD down 10 num_decimal 0.493007180226
szendvics SNARC dot CD up 5 lctrl 0.467893362954
szendvics SNARC dot CD down 45 num_decimal 0.493934236732
szendvics SNARC dot CD down 10 num_decimal 0.458452015114
szendvics SNARC dot CD up 35 lctrl 0.354923705944
szendvics SNARC dot CD down 15 num_decimal 0.47403559351
szendvics SNARC dot CD up 25 lctrl 0.369505335387
szendvics SNARC dot CD up 25 lctrl 0.436684210397
szendvics SNARC dot CD down 5 num_decimal 0.570347980406
szendvics SNARC dot CD down 30 num_decimal 0.469354815567
szendvics SNARC dot CD down 45 num_decimal 0.477505493571
szendvics SNARC dot CD up 25 lctrl 0.490434239707
szendvics SNARC dot CD up 5 lctrl 0.359879556147
szendvics SNARC dot CD up 30 lctrl 0.337304032888
szendvics SNARC dot CD down 30 num_decimal 0.602044983763
szendvics SNARC dot CD up 5 num_decimal 0.44425919646
szendvics SNARC dot CD up 30 lctrl 0.941178632135
szendvics SNARC dot CD up 5 lctrl 0.48231015902
szendvics SNARC dot CD up 25 lctrl 0.497114715981
szendvics SNARC dot CD down 10 num_decimal 0.519510707345
szendvics SNARC dot CD up 20 lctrl 0.851346541701
szendvics SNARC dot CD up 35 lctrl 0.398812079802
szendvics SNARC dot CD up 30 lctrl 0.401079851097
szendvics SNARC dot CD up 20 lctrl 0.334662149322
szendvics SNARC dot CD up 5 lctrl 0.29377927236
szendvics SNARC dot CD up 45 lctrl 0.473266371086
szendvics SNARC dot CD down 25 num_decimal 0.467126590283
szendvics SNARC dot CD up 15 lctrl 0.602375000481
szendvics SNARC dot CD up 35 lctrl 0.373149517871
szendvics SNARC dot CD up 45 lctrl 0.361422200571
szendvics SNARC dot CD down 40 num_decimal 0.493015579379
szendvics SNARC dot CD down 30 num_decimal 0.433274504266
szendvics SNARC dot CD up 15 lctrl 0.489703513401
szendvics SNARC dot CD down 15 num_decimal 0.458536706573
szendvics SNARC dot CD up 40 lctrl 0.566562762145
szendvics SNARC dot CD up 35 lctrl 0.396238439353
szendvics SNARC dot CD down 25 num_decimal 0.540897750462
szendvics SNARC dot CD down 20 num_decimal 0.403252781957
szendvics SNARC dot CD up 35 lctrl 0.468644037249
szendvics SNARC dot CD up 20 lctrl 0.372869896071
szendvics SNARC dot CD down 25 num_decimal 0.523056899712
szendvics SNARC dot CD down 20 num_decimal 0.75445146357
szendvics SNARC dot CD down 40 num_decimal 0.44643212732
szendvics SNARC dot CD down 10 num_decimal 0.800351784522
szendvics SNARC dot CD down 40 num_decimal 0.381509824734
szendvics SNARC dot CD up 35 lctrl 0.405453709993
szendvics SNARC dot CD down 45 num_decimal 0.433657715619
szendvics SNARC dot CD down 10 num_decimal 0.428046731487
szendvics SNARC dot CD down 35 num_decimal 0.281883272072
szendvics SNARC dot CD up 10 lctrl 0.422349656037
szendvics SNARC dot CD up 20 lctrl 0.439400636446
szendvics SNARC dot CD up 45 lctrl 0.395307533235
szendvics SNARC dot CD up 40 lctrl 0.333663000086
szendvics SNARC dot CD down 45 num_decimal 0.445018619872
szendvics SNARC dot CD down 5 num_decimal 0.316623918478
szendvics SNARC dot CD down 40 num_decimal 0.345574748787
szendvics SNARC dot CD up 5 lctrl 0.488070928047
szendvics SNARC dot CD up 20 lctrl 0.391107606798
szendvics SNARC dot CD down 5 lctrl 0.474253621522
szendvics SNARC dot CD up 5 lctrl 0.471948404003
szendvics SNARC dot CD down 30 num_decimal 0.570703194583
szendvics SNARC dot CD down 35 num_decimal 0.432146568019
szendvics SNARC dot CD up 25 lctrl 0.494152614709
szendvics SNARC dot CD down 35 num_decimal 0.558886636283
szendvics SNARC dot CD down 35 num_decimal 0.376842345449
szendvics SNARC dot CD up 10 lctrl 0.44448527366
szendvics SNARC dot CD down 15 num_decimal 0.360298113935
szendvics SNARC dot CD down 35 num_decimal 0.388262743702
szendvics SNARC dot CD up 5 lctrl 0.420558186707
szendvics SNARC dot CD up 15 lctrl 0.409683033466
szendvics SNARC dot CD down 35 num_decimal 0.436608618021
szendvics SNARC dot CD up 25 lctrl 0.497504576663
szendvics SNARC dot CD up 10 lctrl 0.375125068637
szendvics SNARC dot CD up 20 lctrl 0.30292979953
szendvics SNARC dot CD down 10 num_decimal 0.40943420856
szendvics SNARC dot CD down 45 num_decimal 0.373023880542
szendvics SNARC dot CD down 15 num_decimal 0.314759656489
szendvics SNARC dot CD up 10 lctrl 0.407700483406
szendvics SNARC dot CD down 30 num_decimal 0.375000831166
szendvics SNARC dot CD down 30 num_decimal 0.413325116162
szendvics SNARC dot CD up 30 lctrl 0.568663600276
szendvics SNARC dot CD down 40 num_decimal 0.476960598524
szendvics SNARC dot CD up 15 lctrl 0.48546544081
szendvics SNARC dot CD up 10 lctrl 0.372951787812
szendvics SNARC dot CD down 40 num_decimal 0.440002225776
szendvics SNARC dot CD up 25 lctrl 0.367867500563
szendvics SNARC dot CD up 45 lctrl 0.397444767695
szendvics SNARC dot CD down 45 num_decimal 0.417709124035
szendvics SNARC dot CD down 15 num_decimal 0.367661371351
szendvics SNARC dot CD down 25 num_decimal 0.297937902962
szendvics SNARC dot CD up 15 lctrl 0.428128973193
szendvics SNARC dot CD up 35 lctrl 0.308497738003
szendvics SNARC dot CD down 15 num_decimal 0.474742522217
szendvics SNARC dot CD down 25 lctrl 0.319337544809
szendvics SNARC dot CD up 20 lctrl 0.646929707139
szendvics SNARC dot CD up 20 lctrl 0.367105277433
szendvics SNARC dot CD up 20 lctrl 0.274420974645
szendvics SNARC dot CD down 15 num_decimal 0.412195780056
szendvics SNARC dot CD down 5 num_decimal 0.316665564278
szendvics SNARC dot CD up 45 lctrl 0.444713800613
szendvics SNARC dot CD up 10 lctrl 0.406946659429
szendvics SNARC dot CD up 35 lctrl 0.374095822436
szendvics SNARC dot CD up 45 lctrl 0.31782359749
szendvics SNARC dot CD down 20 num_decimal 0.377046374873
szendvics SNARC dot CD down 15 num_decimal 0.410924358278
szendvics SNARC dot CD down 5 num_decimal 0.374641417413
szendvics SNARC dot CD down 30 num_decimal 0.363234317819
szendvics SNARC dot CD up 30 lctrl 0.492959934991
szendvics SNARC dot CD up 35 lctrl 0.488373997482
szendvics SNARC dot CD down 25 num_decimal 0.555442983575
szendvics SNARC dot CD down 25 num_decimal 0.407764176983
szendvics SNARC dot CD up 45 lctrl 0.470759923862
szendvics SNARC dot CD down 10 num_decimal 0.384292044147
szendvics SNARC dot CD up 15 lctrl 0.525835269513
szendvics SNARC dot CD up 25 lctrl 0.380006026392
szendvics SNARC dot CD up 10 lctrl 0.395117152435
szendvics SNARC dot CD up 30 lctrl 0.387473923255
szendvics SNARC dot CD down 30 num_decimal 0.50389003269
szendvics SNARC dot CD up 40 lctrl 0.46003490548
szendvics SNARC dot CD up 20 lctrl 0.401210737897
szendvics SNARC dot CD down 45 num_decimal 0.51889231971
szendvics SNARC dot CD down 25 num_decimal 0.386316240007
szendvics SNARC dot CD down 5 num_decimal 0.328481422649
szendvics SNARC dot CD up 40 lctrl 0.479510791337
szendvics SNARC dot CD up 5 lctrl 0.423785561226
szendvics SNARC dot CD up 20 lctrl 0.437655712421
szendvics SNARC dot CD down 30 num_decimal 0.467334469319
szendvics SNARC dot CD down 10 num_decimal 0.391594407704
szendvics SNARC dot CD up 15 num_decimal 0.479404752031
szendvics SNARC dot CD down 30 num_decimal 0.367885348763
szendvics SNARC dot CD down 45 num_decimal 0.388559863738
szendvics SNARC dot CD down 5 num_decimal 0.378563471874
szendvics SNARC dot CD down 15 num_decimal 0.383113712982
szendvics SNARC dot CD up 15 lctrl 0.499544520935
szendvics SNARC dot CD up 20 lctrl 0.44122885207
szendvics SNARC dot CD up 40 lctrl 0.398156595907
szendvics SNARC dot CD down 30 num_decimal 0.476381406935
szendvics SNARC dot CD down 30 lctrl 0.495009678274
szendvics SNARC dot CD down 10 num_decimal 0.599275013115
szendvics SNARC dot CD down 45 num_decimal 0.378814396568
szendvics SNARC dot CD down 5 num_decimal 0.348370616823
szendvics SNARC dot CD down 45 num_decimal 0.329594660379
szendvics SNARC dot CD down 45 num_decimal 0.315331498818
szendvics SNARC dot CD down 30 num_decimal 0.314491233559
szendvics SNARC dot CD up 10 lctrl 0.476299165229
szendvics SNARC dot CD up 15 lctrl 0.445960024931
szendvics SNARC dot CD down 15 num_decimal 0.801807287735
szendvics SNARC dot CD up 35 lctrl 0.512464867918
szendvics SNARC dot CD down 45 num_decimal 0.888097735343
szendvics SNARC dot CD down 20 num_decimal 0.85215111056
szendvics SNARC dot CD down 15 num_decimal 1.42260373041
szendvics SNARC dot CD down 5 num_decimal 0.790977979871
szendvics SNARC dot CD up 35 lctrl 0.491455086755
szendvics SNARC dot CD up 40 lctrl 0.472615436733
szendvics SNARC dot CD up 15 lctrl 0.492020979684
szendvics SNARC dot CD down 15 num_decimal 1.11228547601
szendvics SNARC dot CD down 20 num_decimal 1.64531217027
szendvics SNARC dot CD up 30 lctrl 0.969091467126
szendvics SNARC dot CD down 30 num_decimal 1.12773676775
szendvics SNARC dot CD up 30 lctrl 1.78040484617
szendvics SNARC dot CD down 10 num_decimal 0.500661958241
{'task': u'line', 'participant': u'szendvics', 'dateStr': u'09_24_1147', 'notation': u'arabic', 'response_buttons': u'CD', 'range_in_instr': True, 'interactive_setting': True, 'autopilot': False, 'exp_id': u'SNARC'}
szendvics SNARC arabic CD down 1 num_decimal 2.53653789015
szendvics SNARC arabic CD down 2 num_decimal 0.667518830726
szendvics SNARC arabic CD down 1 num_decimal 0.520725784805
szendvics SNARC arabic CD down 8 num_decimal 0.493548925591
szendvics SNARC arabic CD down 5 num_decimal 0.337893373453
szendvics SNARC arabic CD up 6 lctrl 0.543155722745
szendvics SNARC arabic CD down 4 lctrl 0.474580138593
szendvics SNARC arabic CD up 4 lctrl 1.37475200626
szendvics SNARC arabic CD down 3 num_decimal 0.661437843993
szendvics SNARC arabic CD up 2 lctrl 0.488661668471
szendvics SNARC arabic CD down 4 num_decimal 0.517758084097
szendvics SNARC arabic CD up 9 lctrl 0.65529281372
szendvics SNARC arabic CD up 1 lctrl 0.421544737213
szendvics SNARC arabic CD down 4 num_decimal 0.631954367402
szendvics SNARC arabic CD up 5 lctrl 0.52953019688
szendvics SNARC arabic CD down 7 num_decimal 0.689163097902
szendvics SNARC arabic CD down 7 num_decimal 0.468754626096
szendvics SNARC arabic CD up 6 lctrl 0.555248053234
szendvics SNARC arabic CD up 5 lctrl 0.450933023405
szendvics SNARC arabic CD down 6 num_decimal 0.666437789749
szendvics SNARC arabic CD up 5 lctrl 1.04827693127
szendvics SNARC arabic CD down 1 num_decimal 0.619278645749
szendvics SNARC arabic CD down 6 num_decimal 0.563114559897
szendvics SNARC arabic CD up 8 lctrl 0.434171813773
szendvics SNARC arabic CD down 9 num_decimal 0.518967212157
szendvics SNARC arabic CD down 3 num_decimal 0.473050792828
szendvics SNARC arabic CD down 9 num_decimal 0.472290669486
szendvics SNARC arabic CD down 3 num_decimal 0.402324325592
szendvics SNARC arabic CD up 7 lctrl 0.468610790602
szendvics SNARC arabic CD down 6 num_decimal 0.718129326657
szendvics SNARC arabic CD up 8 lctrl 0.538964195461
szendvics SNARC arabic CD down 3 num_decimal 0.570250690218
szendvics SNARC arabic CD up 6 lctrl 1.43826150133
szendvics SNARC arabic CD down 5 num_decimal 0.617479477195
szendvics SNARC arabic CD down 9 num_decimal 0.446654004944
szendvics SNARC arabic CD up 3 lctrl 0.501053918712
szendvics SNARC arabic CD down 7 lctrl 0.447616057921
szendvics SNARC arabic CD down 6 num_decimal 0.643264176808
szendvics SNARC arabic CD down 5 num_decimal 0.319897488338
szendvics SNARC arabic CD up 2 lctrl 0.44459306279
szendvics SNARC arabic CD down 3 num_decimal 0.503319590219
szendvics SNARC arabic CD down 3 num_decimal 0.406954358653
szendvics SNARC arabic CD down 1 num_decimal 0.415273369681
szendvics SNARC arabic CD up 2 lctrl 0.40234427358
szendvics SNARC arabic CD up 7 lctrl 0.433001531796
szendvics SNARC arabic CD down 3 num_decimal 0.398349076496
szendvics SNARC arabic CD down 7 num_decimal 0.388546915044
szendvics SNARC arabic CD down 6 num_decimal 0.392105356175
szendvics SNARC arabic CD down 1 num_decimal 0.406019602923
szendvics SNARC arabic CD down 5 num_decimal 0.350169435412
szendvics SNARC arabic CD down 3 num_decimal 0.3839137323
szendvics SNARC arabic CD down 9 num_decimal 0.330535715473
szendvics SNARC arabic CD down 6 num_decimal 0.36841239561
szendvics SNARC arabic CD up 3 lctrl 0.450425224616
szendvics SNARC arabic CD up 2 lctrl 0.416523443611
szendvics SNARC arabic CD up 8 lctrl 0.334225743334
szendvics SNARC arabic CD up 8 lctrl 0.301624431176
szendvics SNARC arabic CD up 7 lctrl 0.328525868166
szendvics SNARC arabic CD down 1 lctrl 0.340321078619
szendvics SNARC arabic CD down 9 num_decimal 0.577168092598
szendvics SNARC arabic CD down 1 num_decimal 0.383921431524
szendvics SNARC arabic CD down 7 num_decimal 0.330665202414
szendvics SNARC arabic CD down 5 num_decimal 0.276108154493
szendvics SNARC arabic CD up 2 lctrl 0.456140148266
szendvics SNARC arabic CD down 1 lctrl 0.358540941146
szendvics SNARC arabic CD down 3 num_decimal 0.809045257786
szendvics SNARC arabic CD down 5 num_decimal 0.471199479532
szendvics SNARC arabic CD down 4 num_decimal 0.402085999627
szendvics SNARC arabic CD up 7 lctrl 0.599482192221
szendvics SNARC arabic CD down 9 num_decimal 0.718201769352
szendvics SNARC arabic CD up 2 lctrl 0.45637917416
szendvics SNARC arabic CD down 9 num_decimal 0.690395323632
szendvics SNARC arabic CD up 8 lctrl 0.840669118519
szendvics SNARC arabic CD down 6 num_decimal 0.61216281338
szendvics SNARC arabic CD up 3 lctrl 0.783824701279
szendvics SNARC arabic CD up 7 lctrl 0.69023084022
szendvics SNARC arabic CD down 1 num_decimal 0.651931052753
szendvics SNARC arabic CD down 8 num_decimal 0.580868269435
szendvics SNARC arabic CD down 2 num_decimal 0.47370837651
szendvics SNARC arabic CD down 8 num_decimal 0.437268301492
szendvics SNARC arabic CD up 7 lctrl 0.484605227563
szendvics SNARC arabic CD down 9 num_decimal 0.549754657243
szendvics SNARC arabic CD up 6 lctrl 0.511492665965
szendvics SNARC arabic CD down 5 num_decimal 0.446997670285
szendvics SNARC arabic CD up 4 lctrl 0.402375770404
szendvics SNARC arabic CD up 8 lctrl 0.402965810898
szendvics SNARC arabic CD up 9 lctrl 0.384894333406
szendvics SNARC arabic CD down 4 num_decimal 0.483278861327
szendvics SNARC arabic CD up 2 lctrl 1.26551717259
szendvics SNARC arabic CD down 2 lctrl 0.452443121111
szendvics SNARC arabic CD up 2 lctrl 0.902387494221
szendvics SNARC arabic CD up 1 lctrl 1.00482286361
szendvics SNARC arabic CD up 3 lctrl 0.531681779892
szendvics SNARC arabic CD down 1 num_decimal 0.470853014473
szendvics SNARC arabic CD down 2 num_decimal 0.409537798113
szendvics SNARC arabic CD down 2 num_decimal 0.395385925329
szendvics SNARC arabic CD up 7 lctrl 0.469087092567
szendvics SNARC arabic CD up 1 lctrl 0.384524770677
szendvics SNARC arabic CD up 2 lctrl 0.453258538876
szendvics SNARC arabic CD down 4 num_decimal 0.509364180622
szendvics SNARC arabic CD up 2 lctrl 0.569287237382
szendvics SNARC arabic CD down 8 num_decimal 0.467021600872
szendvics SNARC arabic CD down 7 num_decimal 0.468778423696
szendvics SNARC arabic CD up 6 lctrl 0.65609003332
szendvics SNARC arabic CD up 9 lctrl 0.448529815768
szendvics SNARC arabic CD down 6 num_decimal 0.581954559883
szendvics SNARC arabic CD up 2 lctrl 0.437358242421
szendvics SNARC arabic CD down 7 num_decimal 0.800494220158
szendvics SNARC arabic CD up 5 lctrl 0.460714886904
szendvics SNARC arabic CD up 5 lctrl 0.461309476939
szendvics SNARC arabic CD up 6 lctrl 0.485402797128
szendvics SNARC arabic CD up 6 lctrl 0.30859047865
szendvics SNARC arabic CD down 8 lctrl 0.369003835963
szendvics SNARC arabic CD up 9 lctrl 0.587349615791
szendvics SNARC arabic CD down 9 num_decimal 0.503287043502
szendvics SNARC arabic CD up 7 lctrl 0.438377339645
szendvics SNARC arabic CD down 8 num_decimal 0.652178827765
szendvics SNARC arabic CD down 5 num_decimal 0.52922012815
szendvics SNARC arabic CD down 6 num_decimal 0.545302056288
szendvics SNARC arabic CD down 4 num_decimal 0.407337570006
szendvics SNARC arabic CD down 1 num_decimal 0.392447271693
szendvics SNARC arabic CD up 6 lctrl 0.450571159899
szendvics SNARC arabic CD down 7 num_decimal 0.442153108859
szendvics SNARC arabic CD up 6 lctrl 0.52549370396
szendvics SNARC arabic CD up 3 lctrl 0.62620654707
szendvics SNARC arabic CD up 3 lctrl 0.445876383367
szendvics SNARC arabic CD down 5 num_decimal 0.594520042654
szendvics SNARC arabic CD down 3 num_decimal 0.573833628879
szendvics SNARC arabic CD down 2 num_decimal 0.499273298288
szendvics SNARC arabic CD up 1 lctrl 0.517082652215
szendvics SNARC arabic CD down 9 num_decimal 0.634026158462
szendvics SNARC arabic CD down 4 num_decimal 0.451788337146
szendvics SNARC arabic CD down 6 num_decimal 0.416855560117
szendvics SNARC arabic CD up 5 lctrl 0.438712955798
szendvics SNARC arabic CD down 4 num_decimal 0.565553813898
szendvics SNARC arabic CD up 5 lctrl 0.38196162917
szendvics SNARC arabic CD down 4 lctrl 0.467454157248
szendvics SNARC arabic CD down 8 num_decimal 0.553730256304
szendvics SNARC arabic CD down 9 num_decimal 0.41136321402
szendvics SNARC arabic CD up 3 lctrl 0.587066494344
szendvics SNARC arabic CD down 5 num_decimal 0.58579087299
szendvics SNARC arabic CD up 9 lctrl 0.561984873825
szendvics SNARC arabic CD down 8 lctrl 0.372332350282
szendvics SNARC arabic CD down 6 num_decimal 0.483428296256
szendvics SNARC arabic CD up 1 lctrl 0.519179640733
szendvics SNARC arabic CD up 3 lctrl 0.515194592625
szendvics SNARC arabic CD up 1 lctrl 0.53631671246
szendvics SNARC arabic CD up 8 lctrl 0.385346487807
szendvics SNARC arabic CD down 5 num_decimal 0.493577622697
szendvics SNARC arabic CD up 9 lctrl 0.571418172477
szendvics SNARC arabic CD up 5 lctrl 0.38490203263
szendvics SNARC arabic CD down 3 num_decimal 0.471912707603
szendvics SNARC arabic CD down 5 num_decimal 0.495491579674
szendvics SNARC arabic CD down 7 num_decimal 0.481230517902
szendvics SNARC arabic CD up 4 lctrl 0.428433442487
szendvics SNARC arabic CD down 9 lctrl 0.418811862824
szendvics SNARC arabic CD down 3 num_decimal 0.505786491432
szendvics SNARC arabic CD down 9 num_decimal 0.41505989121
szendvics SNARC arabic CD up 4 lctrl 0.581221383823
szendvics SNARC arabic CD down 2 num_decimal 0.443493123718
szendvics SNARC arabic CD up 8 lctrl 0.605667468436
szendvics SNARC arabic CD up 6 lctrl 0.423398150297
szendvics SNARC arabic CD down 4 num_decimal 0.495411437757
szendvics SNARC arabic CD down 2 num_decimal 0.509038363481
szendvics SNARC arabic CD down 7 num_decimal 0.479170625642
szendvics SNARC arabic CD down 8 num_decimal 0.446931176991
szendvics SNARC arabic CD up 8 lctrl 0.649638783929
szendvics SNARC arabic CD up 2 lctrl 0.437146513774
szendvics SNARC arabic CD down 5 num_decimal 0.603293657835
szendvics SNARC arabic CD up 3 lctrl 0.633589752473
szendvics SNARC arabic CD down 6 num_decimal 0.451719394099
szendvics SNARC arabic CD down 9 num_decimal 0.42713227371
szendvics SNARC arabic CD up 4 lctrl 0.408483004489
szendvics SNARC arabic CD up 5 lctrl 0.3945285118
szendvics SNARC arabic CD up 4 lctrl 0.359781566029
szendvics SNARC arabic CD down 6 num_decimal 0.453408323771
szendvics SNARC arabic CD down 3 num_decimal 0.346501105364
szendvics SNARC arabic CD down 3 num_decimal 0.378776250415
szendvics SNARC arabic CD down 8 num_decimal 0.324890784764
szendvics SNARC arabic CD up 4 lctrl 0.350772074636
szendvics SNARC arabic CD down 7 num_decimal 1.00144500427
szendvics SNARC arabic CD up 2 lctrl 0.629674347342
szendvics SNARC arabic CD down 8 num_decimal 0.485213816187
szendvics SNARC arabic CD down 3 num_decimal 0.721893197071
szendvics SNARC arabic CD down 5 num_decimal 0.385323390136
szendvics SNARC arabic CD down 6 num_decimal 0.388662753361
szendvics SNARC arabic CD down 4 num_decimal 0.430910142712
szendvics SNARC arabic CD down 2 num_decimal 0.386939527149
szendvics SNARC arabic CD down 2 num_decimal 0.373199562824
szendvics SNARC arabic CD up 4 lctrl 0.578669441187
szendvics SNARC arabic CD down 2 num_decimal 0.501382185607
szendvics SNARC arabic CD down 9 num_decimal 0.34771373307
szendvics SNARC arabic CD down 4 num_decimal 0.414337914021
szendvics SNARC arabic CD up 1 lctrl 0.523199685312
szendvics SNARC arabic CD down 3 num_decimal 0.402748482816
szendvics SNARC arabic CD down 6 num_decimal 0.352792770849
szendvics SNARC arabic CD up 1 lctrl 0.497375089722
szendvics SNARC arabic CD up 7 lctrl 0.382935580947
szendvics SNARC arabic CD up 3 lctrl 0.385314990983
szendvics SNARC arabic CD up 8 lctrl 0.324335740741
szendvics SNARC arabic CD up 8 lctrl 0.285625094709
szendvics SNARC arabic CD up 5 lctrl 0.344995907163
szendvics SNARC arabic CD up 4 lctrl 0.298947901104
szendvics SNARC arabic CD down 8 num_decimal 0.491709161131
szendvics SNARC arabic CD up 7 num_decimal 0.288252979687
szendvics SNARC arabic CD up 3 lctrl 0.590139184463
szendvics SNARC arabic CD up 5 lctrl 0.487236612188
szendvics SNARC arabic CD down 7 num_decimal 0.547408143889
szendvics SNARC arabic CD up 3 lctrl 0.354871211238
szendvics SNARC arabic CD up 6 lctrl 0.538036439025
szendvics SNARC arabic CD up 8 lctrl 0.365305408949
szendvics SNARC arabic CD down 8 lctrl 0.377346644591
szendvics SNARC arabic CD down 9 num_decimal 0.5458354025
szendvics SNARC arabic CD down 2 num_decimal 0.455518610948
szendvics SNARC arabic CD down 1 num_decimal 0.511055560047
szendvics SNARC arabic CD up 4 lctrl 0.478313562077
szendvics SNARC arabic CD down 2 num_decimal 0.507297289068
szendvics SNARC arabic CD down 3 num_decimal 0.408803922124
szendvics SNARC arabic CD down 7 num_decimal 0.38078294804
szendvics SNARC arabic CD down 6 num_decimal 0.308268511121
szendvics SNARC arabic CD down 1 num_decimal 0.406759778276
szendvics SNARC arabic CD up 9 num_decimal 0.375034777743
szendvics SNARC arabic CD down 3 num_decimal 0.367661021386
szendvics SNARC arabic CD down 4 num_decimal 0.443284194789
szendvics SNARC arabic CD up 3 lctrl 0.513082905589
szendvics SNARC arabic CD up 4 lctrl 0.392275089057
szendvics SNARC arabic CD down 1 num_decimal 0.523326022571
szendvics SNARC arabic CD up 5 lctrl 0.489640519754
szendvics SNARC arabic CD down 9 num_decimal 0.547828101536
szendvics SNARC arabic CD down 7 num_decimal 0.654059538096
szendvics SNARC arabic CD up 3 lctrl 0.535058239377
szendvics SNARC arabic CD up 7 lctrl 0.760598243667
szendvics SNARC arabic CD down 9 num_decimal 0.553545824904
szendvics SNARC arabic CD up 9 lctrl 0.442835190071
szendvics SNARC arabic CD up 6 lctrl 0.41944144933
szendvics SNARC arabic CD up 6 lctrl 0.391049162692
szendvics SNARC arabic CD down 4 num_decimal 0.59163143397
szendvics SNARC arabic CD up 2 lctrl 0.642431260807
szendvics SNARC arabic CD up 2 lctrl 0.423014938943
szendvics SNARC arabic CD up 9 lctrl 0.412675231703
szendvics SNARC arabic CD up 7 num_decimal 0.60765701779
szendvics SNARC arabic CD down 2 num_decimal 0.51603380799
szendvics SNARC arabic CD down 4 num_decimal 0.420967645413
szendvics SNARC arabic CD down 5 num_decimal 0.421258816048
szendvics SNARC arabic CD down 9 num_decimal 0.394836480741
szendvics SNARC arabic CD down 5 num_decimal 0.364941095691
szendvics SNARC arabic CD down 5 num_decimal 0.346221833528
szendvics SNARC arabic CD up 7 lctrl 0.577182791116
szendvics SNARC arabic CD down 3 num_decimal 0.617575367524
szendvics SNARC arabic CD down 6 num_decimal 0.55528199981
szendvics SNARC arabic CD up 1 lctrl 0.544933893417
szendvics SNARC arabic CD down 2 lctrl 0.459675491727
szendvics SNARC arabic CD up 9 lctrl 1.1105849975
szendvics SNARC arabic CD up 7 lctrl 0.666471386361
szendvics SNARC arabic CD up 1 lctrl 0.366820406162
szendvics SNARC arabic CD up 1 lctrl 0.445292292272
szendvics SNARC arabic CD up 5 lctrl 0.695453713493
szendvics SNARC arabic CD up 9 lctrl 0.832680824139
szendvics SNARC arabic CD down 7 num_decimal 0.476919652653
szendvics SNARC arabic CD down 1 num_decimal 0.410219879325
szendvics SNARC arabic CD up 8 lctrl 0.671655763516
szendvics SNARC arabic CD down 4 num_decimal 0.673841293106
szendvics SNARC arabic CD up 9 lctrl 0.469546596226
szendvics SNARC arabic CD up 1 lctrl 0.482691270585
szendvics SNARC arabic CD down 2 num_decimal 0.471668082274
szendvics SNARC arabic CD up 5 lctrl 0.416861509517
szendvics SNARC arabic CD up 8 lctrl 0.385111661489
szendvics SNARC arabic CD down 3 num_decimal 1.27962494982
szendvics SNARC arabic CD up 5 lctrl 0.793736051719
szendvics SNARC arabic CD up 1 lctrl 0.573193193466
szendvics SNARC arabic CD down 7 num_decimal 0.699353370213
szendvics SNARC arabic CD down 4 num_decimal 0.516749485814
szendvics SNARC arabic CD up 9 lctrl 0.622998070645
szendvics SNARC arabic CD down 2 num_decimal 0.692211640456
szendvics SNARC arabic CD up 7 lctrl 0.570983166348
szendvics SNARC arabic CD down 6 num_decimal 0.49150163206
szendvics SNARC arabic CD up 9 lctrl 0.683601108828
szendvics SNARC arabic CD up 1 lctrl 0.780579128595
szendvics SNARC arabic CD down 2 num_decimal 0.505456474715
szendvics SNARC arabic CD up 1 lctrl 0.515342977661
szendvics SNARC arabic CD up 2 lctrl 0.462986507811
szendvics SNARC arabic CD up 8 lctrl 0.386692102102
szendvics SNARC arabic CD down 5 num_decimal 0.652548390495
szendvics SNARC arabic CD down 3 num_decimal 0.45887932202
szendvics SNARC arabic CD down 8 num_decimal 0.41670262554
szendvics SNARC arabic CD up 3 lctrl 0.589228226333
szendvics SNARC arabic CD up 1 lctrl 0.515219440119
szendvics SNARC arabic CD up 6 lctrl 0.428149271146
szendvics SNARC arabic CD down 6 lctrl 0.0992769379208
szendvics SNARC arabic CD up 4 lctrl 0.380577868722
szendvics SNARC arabic CD up 4 lctrl 0.380451181498
szendvics SNARC arabic CD down 9 num_decimal 0.505789991079
szendvics SNARC arabic CD down 8 num_decimal 0.527278523961
szendvics SNARC arabic CD up 5 lctrl 0.66763956855
szendvics SNARC arabic CD up 8 lctrl 0.487712564188
szendvics SNARC arabic CD up 6 lctrl 0.353136086226
szendvics SNARC arabic CD down 5 num_decimal 0.505095311138
szendvics SNARC arabic CD up 6 lctrl 0.595688224842
szendvics SNARC arabic CD up 9 lctrl 0.511809384024
szendvics SNARC arabic CD down 8 num_decimal 0.477117732677
szendvics SNARC arabic CD up 8 num_decimal 0.425163722239
szendvics SNARC arabic CD up 1 lctrl 0.633770684226
szendvics SNARC arabic CD up 3 lctrl 0.491799452025
szendvics SNARC arabic CD up 4 lctrl 0.41085086569
szendvics SNARC arabic CD up 3 lctrl 0.429598474994
szendvics SNARC arabic CD down 4 num_decimal 0.583532200778
szendvics SNARC arabic CD up 8 lctrl 0.386982222843
szendvics SNARC arabic CD up 2 lctrl 0.427843751958
szendvics SNARC arabic CD up 5 lctrl 0.326652507095
szendvics SNARC arabic CD up 2 lctrl 0.340338926819
szendvics SNARC arabic CD down 7 num_decimal 0.479153477372
szendvics SNARC arabic CD down 7 num_decimal 0.406376566923
szendvics SNARC arabic CD down 4 num_decimal 0.43461486909
szendvics SNARC arabic CD up 5 lctrl 0.461006757469
szendvics SNARC arabic CD down 8 num_decimal 0.586203831344
szendvics SNARC arabic CD down 5 num_decimal 0.384398433418
szendvics SNARC arabic CD down 6 num_decimal 0.406221882523
szendvics SNARC arabic CD down 3 num_decimal 0.223154294889
szendvics SNARC arabic CD down 4 num_decimal 0.35849509577
szendvics SNARC arabic CD down 8 num_decimal 0.334106755334
szendvics SNARC arabic CD up 9 lctrl 0.613678510522
szendvics SNARC arabic CD down 1 num_decimal 0.561639108696
szendvics SNARC arabic CD down 9 lctrl 0.366278660797
szendvics SNARC arabic CD down 7 num_decimal 0.603454291635
szendvics SNARC arabic CD up 4 lctrl 0.402352672733
szendvics SNARC arabic CD down 4 num_decimal 0.53908458332
szendvics SNARC arabic CD up 2 lctrl 0.409834918149
szendvics SNARC arabic CD up 6 lctrl 0.522874918065
szendvics SNARC arabic CD up 1 lctrl 0.48147724302
szendvics SNARC arabic CD down 1 num_decimal 0.579419415552
szendvics SNARC arabic CD down 1 num_decimal 0.45640297176
szendvics SNARC arabic CD down 8 lctrl 0.498834442546
szendvics SNARC arabic CD down 7 num_decimal 0.623005419903
szendvics SNARC arabic CD down 7 num_decimal 0.348831520341
szendvics SNARC arabic CD up 7 lctrl 0.520972509922
szendvics SNARC arabic CD down 4 num_decimal 0.593804714794
szendvics SNARC arabic CD down 4 num_decimal 0.402155292639
szendvics SNARC arabic CD up 5 lctrl 0.396007462647
szendvics SNARC arabic CD up 9 lctrl 0.425065382156
szendvics SNARC arabic CD up 1 lctrl 0.399108149943
szendvics SNARC arabic CD down 2 num_decimal 0.554803248092
szendvics SNARC arabic CD up 9 lctrl 0.461015156621
szendvics SNARC arabic CD up 6 lctrl 0.573513411172
szendvics SNARC arabic CD down 7 num_decimal 0.787858394481
szendvics SNARC arabic CD down 9 num_decimal 0.474776118828
szendvics SNARC arabic CD up 8 lctrl 0.546627372629
szendvics SNARC arabic CD down 3 num_decimal 1.03326589513
szendvics SNARC arabic CD down 4 num_decimal 0.412242325361
szendvics SNARC arabic CD down 8 num_decimal 0.376067173626
szendvics SNARC arabic CD down 1 num_decimal 0.49852017424
szendvics SNARC arabic CD down 6 num_decimal 0.486344202187
szendvics SNARC arabic CD up 2 lctrl 0.517062354262
szendvics SNARC arabic CD down 2 lctrl 0.393335132152
szendvics SNARC arabic CD up 7 lctrl 0.478427300607
szendvics SNARC arabic CD down 7 num_decimal 0.521785827899
szendvics SNARC arabic CD down 1 num_decimal 0.427192117675
szendvics SNARC arabic CD down 6 num_decimal 0.384460377171
szendvics SNARC arabic CD down 1 num_decimal 0.376476632332
szendvics SNARC arabic CD up 5 lctrl 0.603529184082
szendvics SNARC arabic CD down 8 num_decimal 0.742359833011
{'task': u'line', 'participant': u'szendvics', 'dateStr': u'09_24_1156', 'notation': u'dot', 'response_buttons': u'DC', 'range_in_instr': True, 'interactive_setting': True, 'autopilot': False, 'exp_id': u'SNARC'}
szendvics SNARC dot DC up 10 num_decimal 1.00091970725
szendvics SNARC dot DC down 35 lctrl 1.81212214748
szendvics SNARC dot DC up 45 num_decimal 0.551271404279
szendvics SNARC dot DC up 15 num_decimal 0.45889787015
szendvics SNARC dot DC up 25 num_decimal 0.371303454047
szendvics SNARC dot DC down 40 lctrl 0.505150255597
szendvics SNARC dot DC down 5 lctrl 0.434272953573
szendvics SNARC dot DC up 10 num_decimal 0.535301464847
szendvics SNARC dot DC down 10 lctrl 0.382939430558
szendvics SNARC dot DC down 40 lctrl 0.437586069445
szendvics SNARC dot DC up 25 num_decimal 0.376752754485
szendvics SNARC dot DC up 40 num_decimal 0.352121538543
szendvics SNARC dot DC down 30 lctrl 0.381027223405
szendvics SNARC dot DC down 20 lctrl 0.380749351428
szendvics SNARC dot DC down 35 lctrl 0.35053584846
szendvics SNARC dot DC up 45 num_decimal 0.465170637541
szendvics SNARC dot DC up 5 num_decimal 0.344043303233
szendvics SNARC dot DC up 35 num_decimal 0.403860670651
szendvics SNARC dot DC up 10 num_decimal 0.356995846969
szendvics SNARC dot DC up 10 num_decimal 0.334551560475
szendvics SNARC dot DC down 45 lctrl 0.415695427116
szendvics SNARC dot DC down 35 lctrl 0.404897266111
szendvics SNARC dot DC up 25 num_decimal 0.418151829388
szendvics SNARC dot DC up 45 num_decimal 0.37593068739
szendvics SNARC dot DC up 25 num_decimal 0.55392483668
szendvics SNARC dot DC up 15 num_decimal 0.388118558243
szendvics SNARC dot DC up 35 num_decimal 0.435728456785
szendvics SNARC dot DC down 10 lctrl 0.445353886061
szendvics SNARC dot DC down 40 lctrl 0.348309373
szendvics SNARC dot DC up 25 num_decimal 0.551772203773
szendvics SNARC dot DC down 25 lctrl 0.492895891449
szendvics SNARC dot DC down 20 lctrl 0.350861665601
szendvics SNARC dot DC up 30 num_decimal 0.390943473351
szendvics SNARC dot DC down 20 lctrl 0.425037734944
szendvics SNARC dot DC down 20 lctrl 0.348058098341
szendvics SNARC dot DC up 5 num_decimal 0.407193384547
szendvics SNARC dot DC up 45 num_decimal 0.329777341955
szendvics SNARC dot DC up 15 num_decimal 0.371201264352
szendvics SNARC dot DC up 45 num_decimal 0.382531721676
szendvics SNARC dot DC down 40 lctrl 0.452335681946
szendvics SNARC dot DC up 30 num_decimal 0.424740264944
szendvics SNARC dot DC up 45 num_decimal 0.37551422939
szendvics SNARC dot DC up 5 num_decimal 0.390135404844
szendvics SNARC dot DC down 15 lctrl 0.416953550234
szendvics SNARC dot DC down 25 lctrl 0.410841416643
szendvics SNARC dot DC down 35 lctrl 0.38035984071
szendvics SNARC dot DC down 45 lctrl 0.391210146457
szendvics SNARC dot DC up 45 num_decimal 0.551105870973
szendvics SNARC dot DC down 35 lctrl 4.74542167422
szendvics SNARC dot DC up 20 num_decimal 0.424309108426
szendvics SNARC dot DC down 40 lctrl 0.468207981225
szendvics SNARC dot DC down 45 lctrl 0.390236544644
szendvics SNARC dot DC up 40 num_decimal 0.445873233684
szendvics SNARC dot DC up 35 num_decimal 0.36451273889
szendvics SNARC dot DC up 40 num_decimal 0.347297974999
szendvics SNARC dot DC down 35 lctrl 0.411446155655
szendvics SNARC dot DC up 40 num_decimal 0.357531292969
szendvics SNARC dot DC up 20 num_decimal 0.326225550153
szendvics SNARC dot DC down 10 lctrl 0.400170642791
szendvics SNARC dot DC down 15 lctrl 0.333464570098
szendvics SNARC dot DC up 45 num_decimal 0.461788928587
szendvics SNARC dot DC up 45 num_decimal 0.28807694744
szendvics SNARC dot DC down 15 lctrl 0.386917479372
szendvics SNARC dot DC down 20 lctrl 0.284198638567
szendvics SNARC dot DC down 35 lctrl 0.336943919206
szendvics SNARC dot DC up 15 num_decimal 0.411808719091
szendvics SNARC dot DC down 40 lctrl 0.382128562335
szendvics SNARC dot DC down 20 lctrl 0.341344025455
szendvics SNARC dot DC down 25 lctrl 0.435961183315
szendvics SNARC dot DC down 15 lctrl 0.367039134103
szendvics SNARC dot DC up 25 num_decimal 0.429986935818
szendvics SNARC dot DC down 20 lctrl 0.363683672502
szendvics SNARC dot DC down 45 lctrl 0.355143133815
szendvics SNARC dot DC down 45 lctrl 0.304984442319
szendvics SNARC dot DC up 35 lctrl 0.294274472419
szendvics SNARC dot DC down 35 lctrl 0.491064176178
szendvics SNARC dot DC down 30 lctrl 0.335041161099
szendvics SNARC dot DC up 15 num_decimal 0.420000342965
szendvics SNARC dot DC down 20 lctrl 0.432131869501
szendvics SNARC dot DC down 35 lctrl 0.334121803816
szendvics SNARC dot DC up 20 num_decimal 0.448638304827
szendvics SNARC dot DC up 5 num_decimal 0.356312715863
szendvics SNARC dot DC up 15 num_decimal 0.359819012253
szendvics SNARC dot DC up 10 num_decimal 0.356762070545
szendvics SNARC dot DC up 5 num_decimal 0.318285200937
szendvics SNARC dot DC down 40 lctrl 0.404979157852
szendvics SNARC dot DC down 10 lctrl 0.309915095063
szendvics SNARC dot DC down 35 lctrl 0.25885979399
szendvics SNARC dot DC down 15 lctrl 0.288679936628
szendvics SNARC dot DC down 45 lctrl 0.34379692808
szendvics SNARC dot DC up 45 num_decimal 0.464589346164
szendvics SNARC dot DC down 15 num_decimal 0.381376838146
szendvics SNARC dot DC up 10 num_decimal 0.38074725164
szendvics SNARC dot DC down 45 lctrl 0.464279977364
szendvics SNARC dot DC up 30 num_decimal 0.63615359391
szendvics SNARC dot DC down 35 lctrl 0.386490172466
szendvics SNARC dot DC up 5 num_decimal 0.376888540791
szendvics SNARC dot DC up 20 num_decimal 0.435065273667
szendvics SNARC dot DC down 15 lctrl 0.39702795973
szendvics SNARC dot DC down 35 lctrl 0.398721788908
szendvics SNARC dot DC down 5 lctrl 0.318678211302
szendvics SNARC dot DC down 40 lctrl 0.362202621866
szendvics SNARC dot DC up 25 num_decimal 0.412422557185
szendvics SNARC dot DC down 35 lctrl 0.397950466695
szendvics SNARC dot DC down 30 lctrl 0.34312394595
szendvics SNARC dot DC down 15 lctrl 0.371837150223
szendvics SNARC dot DC up 10 num_decimal 0.420877354519
szendvics SNARC dot DC down 10 lctrl 0.55019316302
szendvics SNARC dot DC down 5 lctrl 0.403732233604
szendvics SNARC dot DC down 20 lctrl 0.35064888706
szendvics SNARC dot DC up 25 num_decimal 0.442461427765
szendvics SNARC dot DC up 30 num_decimal 0.391061411457
szendvics SNARC dot DC down 40 lctrl 0.449761341569
szendvics SNARC dot DC up 40 num_decimal 0.443636959213
szendvics SNARC dot DC up 10 num_decimal 0.370419793164
szendvics SNARC dot DC down 10 lctrl 0.39857550366
szendvics SNARC dot DC up 40 num_decimal 0.400456213991
szendvics SNARC dot DC down 15 lctrl 0.343663941492
szendvics SNARC dot DC down 20 lctrl 0.409046097701
szendvics SNARC dot DC down 20 lctrl 0.342811777432
szendvics SNARC dot DC up 40 num_decimal 0.456476814313
szendvics SNARC dot DC down 20 lctrl 0.440313344399
szendvics SNARC dot DC down 30 lctrl 0.397922119554
szendvics SNARC dot DC up 15 num_decimal 0.395931520306
szendvics SNARC dot DC up 25 num_decimal 0.360166177241
szendvics SNARC dot DC up 45 num_decimal 0.372362097282
szendvics SNARC dot DC up 25 num_decimal 0.334299235922
szendvics SNARC dot DC up 45 num_decimal 0.422980292438
szendvics SNARC dot DC down 40 num_decimal 0.343650292868
szendvics SNARC dot DC up 30 num_decimal 0.34549320701
szendvics SNARC dot DC up 30 num_decimal 0.37297243573
szendvics SNARC dot DC down 30 lctrl 0.407431010583
szendvics SNARC dot DC up 15 num_decimal 0.375620968625
szendvics SNARC dot DC up 10 num_decimal 0.390250193268
szendvics SNARC dot DC up 20 num_decimal 0.447805038862
szendvics SNARC dot DC up 20 num_decimal 0.417162129199
szendvics SNARC dot DC up 10 num_decimal 0.386483173172
szendvics SNARC dot DC up 30 num_decimal 0.36578066102
szendvics SNARC dot DC up 35 num_decimal 0.322799395681
szendvics SNARC dot DC down 45 lctrl 0.413645683833
szendvics SNARC dot DC up 5 num_decimal 0.498174059146
szendvics SNARC dot DC down 45 lctrl 0.371689465117
szendvics SNARC dot DC down 5 lctrl 0.431866246289
szendvics SNARC dot DC up 35 num_decimal 0.422861304437
szendvics SNARC dot DC up 25 lctrl 0.403497407286
szendvics SNARC dot DC down 10 lctrl 0.418205373988
szendvics SNARC dot DC down 30 lctrl 0.372734109765
szendvics SNARC dot DC up 45 num_decimal 0.420839558331
szendvics SNARC dot DC down 10 lctrl 0.602437644164
szendvics SNARC dot DC down 5 lctrl 0.378899437992
szendvics SNARC dot DC up 40 num_decimal 0.456535958349
szendvics SNARC dot DC up 25 num_decimal 0.341877721632
szendvics SNARC dot DC up 15 num_decimal 0.337817781077
szendvics SNARC dot DC down 15 lctrl 0.460539554586
szendvics SNARC dot DC up 40 num_decimal 0.381541321558
szendvics SNARC dot DC down 30 lctrl 0.444236098789
szendvics SNARC dot DC up 5 num_decimal 0.313468286723
szendvics SNARC dot DC down 30 lctrl 0.466843468836
szendvics SNARC dot DC up 5 num_decimal 0.374069925048
szendvics SNARC dot DC up 15 num_decimal 0.437970330692
szendvics SNARC dot DC up 30 num_decimal 0.341017508384
szendvics SNARC dot DC up 10 num_decimal 0.348370616823
szendvics SNARC dot DC up 5 num_decimal 0.353806618603
szendvics SNARC dot DC down 30 lctrl 0.369129123328
szendvics SNARC dot DC up 30 num_decimal 0.388315938338
szendvics SNARC dot DC up 45 num_decimal 0.389529615938
szendvics SNARC dot DC up 20 num_decimal 0.39132563481
szendvics SNARC dot DC down 5 lctrl 0.415450801787
szendvics SNARC dot DC up 15 num_decimal 0.407515002112
szendvics SNARC dot DC up 15 num_decimal 0.374103171695
szendvics SNARC dot DC down 30 lctrl 0.411397160596
szendvics SNARC dot DC down 30 num_decimal 0.383527371265
szendvics SNARC dot DC up 20 num_decimal 0.305085582119
szendvics SNARC dot DC down 20 lctrl 0.40840426243
szendvics SNARC dot DC up 30 num_decimal 0.459601299209
szendvics SNARC dot DC down 20 lctrl 0.400665492885
szendvics SNARC dot DC down 10 lctrl 0.432755156642
szendvics SNARC dot DC down 10 lctrl 0.377043575155
szendvics SNARC dot DC up 40 num_decimal 0.444523419813
szendvics SNARC dot DC up 15 num_decimal 0.365797109362
szendvics SNARC dot DC up 30 num_decimal 0.322807094904
szendvics SNARC dot DC up 45 num_decimal 0.461044553657
szendvics SNARC dot DC up 10 num_decimal 0.370802654552
szendvics SNARC dot DC up 35 num_decimal 0.27499771648
szendvics SNARC dot DC up 45 num_decimal 0.368450891728
szendvics SNARC dot DC up 30 num_decimal 0.340288531902
szendvics SNARC dot DC down 45 num_decimal 0.217769037993
szendvics SNARC dot DC up 40 num_decimal 0.322235252575
szendvics SNARC dot DC up 5 num_decimal 0.348009103282
szendvics SNARC dot DC down 40 lctrl 0.404791926734
szendvics SNARC dot DC down 20 lctrl 0.449442173757
szendvics SNARC dot DC up 25 num_decimal 0.47276767138
szendvics SNARC dot DC up 45 num_decimal 0.379554221957
szendvics SNARC dot DC up 25 num_decimal 0.351831767766
szendvics SNARC dot DC up 25 num_decimal 0.391442872986
szendvics SNARC dot DC down 30 lctrl 0.428632572405
szendvics SNARC dot DC down 10 lctrl 0.406624341935
szendvics SNARC dot DC up 5 num_decimal 0.543442693804
szendvics SNARC dot DC down 15 lctrl 0.414885958751
szendvics SNARC dot DC up 40 num_decimal 0.499446880782
szendvics SNARC dot DC down 30 lctrl 0.411351665185
szendvics SNARC dot DC up 35 num_decimal 0.416355460552
szendvics SNARC dot DC up 20 num_decimal 0.412394909973
szendvics SNARC dot DC up 10 num_decimal 0.83904948186
szendvics SNARC dot DC up 5 num_decimal 0.392325483975
szendvics SNARC dot DC down 15 lctrl 0.461364071433
szendvics SNARC dot DC down 25 lctrl 0.481831757267
szendvics SNARC dot DC down 20 lctrl 0.351234727978
szendvics SNARC dot DC down 45 lctrl 0.333133853451
szendvics SNARC dot DC down 35 lctrl 0.301849108517
szendvics SNARC dot DC up 20 num_decimal 0.549020081325
szendvics SNARC dot DC down 25 lctrl 0.524096644853
szendvics SNARC dot DC down 40 lctrl 0.613656112781
szendvics SNARC dot DC down 10 lctrl 0.880955655622
szendvics SNARC dot DC down 20 lctrl 0.32464580947
szendvics SNARC dot DC up 40 num_decimal 0.450743342534
szendvics SNARC dot DC down 45 lctrl 0.406570097406
szendvics SNARC dot DC up 35 num_decimal 0.455441268748
szendvics SNARC dot DC up 15 num_decimal 0.45165920017
szendvics SNARC dot DC down 40 lctrl 0.388232996702
szendvics SNARC dot DC up 5 lctrl 0.371888245071
szendvics SNARC dot DC up 25 num_decimal 0.496167011557
szendvics SNARC dot DC up 40 num_decimal 0.419264367189
szendvics SNARC dot DC up 10 num_decimal 0.392588657434
szendvics SNARC dot DC down 10 lctrl 0.552907139315
szendvics SNARC dot DC down 30 lctrl 0.443935479107
szendvics SNARC dot DC up 10 num_decimal 0.628162849777
szendvics SNARC dot DC up 5 num_decimal 0.662491937688
szendvics SNARC dot DC down 25 lctrl 0.50056291823
szendvics SNARC dot DC up 40 num_decimal 0.486884197729
szendvics SNARC dot DC up 25 num_decimal 0.48043539809
szendvics SNARC dot DC up 25 num_decimal 0.345367569681
szendvics SNARC dot DC up 5 num_decimal 0.359006394205
szendvics SNARC dot DC down 35 lctrl 0.439118914857
szendvics SNARC dot DC up 45 num_decimal 0.622480822809
szendvics SNARC dot DC up 45 num_decimal 0.86242677426
szendvics SNARC dot DC down 15 lctrl 0.480176774172
szendvics SNARC dot DC up 30 num_decimal 0.457173244078
szendvics SNARC dot DC up 20 num_decimal 0.404286577699
szendvics SNARC dot DC up 40 num_decimal 0.369387747246
szendvics SNARC dot DC up 40 num_decimal 0.378058822768
szendvics SNARC dot DC up 5 num_decimal 0.360777915547
szendvics SNARC dot DC up 30 num_decimal 0.292675483677
szendvics SNARC dot DC up 35 num_decimal 0.309794007274
szendvics SNARC dot DC up 15 num_decimal 0.317034777043
szendvics SNARC dot DC down 5 lctrl 0.424935895215
szendvics SNARC dot DC down 10 lctrl 0.36478116182
szendvics SNARC dot DC down 30 lctrl 0.313250258711
szendvics SNARC dot DC down 25 lctrl 0.347836920647
szendvics SNARC dot DC up 10 num_decimal 0.836483540635
szendvics SNARC dot DC up 35 num_decimal 0.416635782281
szendvics SNARC dot DC down 25 lctrl 0.368523684386
szendvics SNARC dot DC up 25 num_decimal 0.67382379487
szendvics SNARC dot DC down 25 lctrl 0.521423264464
szendvics SNARC dot DC up 10 num_decimal 0.404856670205
szendvics SNARC dot DC up 30 num_decimal 0.448921426274
szendvics SNARC dot DC up 15 num_decimal 0.351841566778
szendvics SNARC dot DC down 30 lctrl 0.473501197404
szendvics SNARC dot DC down 10 lctrl 0.402710336663
szendvics SNARC dot DC down 15 lctrl 0.375455435319
szendvics SNARC dot DC down 35 lctrl 0.39144392288
szendvics SNARC dot DC up 35 num_decimal 0.551530728126
szendvics SNARC dot DC down 5 num_decimal 0.385351737277
szendvics SNARC dot DC up 30 num_decimal 0.453255739159
szendvics SNARC dot DC up 5 num_decimal 0.813927965365
szendvics SNARC dot DC up 5 num_decimal 0.36677491075
szendvics SNARC dot DC down 5 lctrl 0.477340660194
szendvics SNARC dot DC down 5 lctrl 0.418626381529
szendvics SNARC dot DC up 25 num_decimal 0.546598675524
szendvics SNARC dot DC up 10 num_decimal 0.404903565475
szendvics SNARC dot DC up 5 num_decimal 0.366867651397
szendvics SNARC dot DC up 30 num_decimal 0.31866911222
szendvics SNARC dot DC down 40 lctrl 0.48976370733
szendvics SNARC dot DC down 15 lctrl 0.500230101794
szendvics SNARC dot DC down 20 lctrl 0.433059625937
szendvics SNARC dot DC up 35 num_decimal 0.494699609544
szendvics SNARC dot DC up 25 num_decimal 0.359494245005
szendvics SNARC dot DC down 15 lctrl 0.561506122108
szendvics SNARC dot DC up 45 num_decimal 0.458198640667
szendvics SNARC dot DC down 10 lctrl 0.49601477691
szendvics SNARC dot DC up 35 num_decimal 0.332763940757
szendvics SNARC dot DC up 40 num_decimal 0.433501281396
szendvics SNARC dot DC down 20 lctrl 0.562671854543
szendvics SNARC dot DC up 15 num_decimal 0.424409898262
szendvics SNARC dot DC down 5 lctrl 1.18625891579
szendvics SNARC dot DC up 5 num_decimal 0.435548224962
szendvics SNARC dot DC up 20 num_decimal 0.436422086833
szendvics SNARC dot DC up 5 num_decimal 0.376411538896
szendvics SNARC dot DC down 25 lctrl 0.455560606713
szendvics SNARC dot DC up 35 num_decimal 0.478800712948
szendvics SNARC dot DC down 10 lctrl 0.444133909095
szendvics SNARC dot DC up 20 num_decimal 0.491712310813
szendvics SNARC dot DC up 35 num_decimal 0.39654010893
szendvics SNARC dot DC up 15 num_decimal 0.378756652392
szendvics SNARC dot DC up 25 num_decimal 0.323597315211
szendvics SNARC dot DC down 20 lctrl 0.528540146726
szendvics SNARC dot DC down 10 lctrl 0.461275880327
szendvics SNARC dot DC up 30 num_decimal 0.608290453908
szendvics SNARC dot DC up 20 num_decimal 0.412662632973
szendvics SNARC dot DC down 45 num_decimal 0.876802274491
szendvics SNARC dot DC up 5 num_decimal 3.17057629738
szendvics SNARC dot DC down 45 lctrl 0.442313392694
szendvics SNARC dot DC up 40 num_decimal 0.418198374694
szendvics SNARC dot DC down 30 lctrl 0.481927647597
szendvics SNARC dot DC up 20 num_decimal 0.435612618467
szendvics SNARC dot DC down 5 lctrl 0.313651668229
szendvics SNARC dot DC up 20 num_decimal 0.333072959592
szendvics SNARC dot DC down 25 num_decimal 0.428142971781
szendvics SNARC dot DC up 35 num_decimal 0.312736860488
szendvics SNARC dot DC down 25 lctrl 0.397847227107
szendvics SNARC dot DC down 20 lctrl 0.389426026385
szendvics SNARC dot DC down 45 lctrl 0.373195713212
szendvics SNARC dot DC down 5 lctrl 0.337126250818
szendvics SNARC dot DC down 20 lctrl 0.330791889638
szendvics SNARC dot DC up 30 num_decimal 0.433118070043
szendvics SNARC dot DC up 20 num_decimal 0.332683798839
szendvics SNARC dot DC down 10 lctrl 0.375926837778
szendvics SNARC dot DC down 10 lctrl 0.34013594729
szendvics SNARC dot DC up 35 num_decimal 0.398919169002
szendvics SNARC dot DC up 45 num_decimal 0.37714506492
szendvics SNARC dot DC up 45 num_decimal 0.330466772426
szendvics SNARC dot DC down 25 lctrl 0.402583299474
szendvics SNARC dot DC down 5 lctrl 0.347378816846
szendvics SNARC dot DC down 35 lctrl 0.304742616707
szendvics SNARC dot DC up 5 num_decimal 0.411567243443
szendvics SNARC dot DC up 35 num_decimal 0.316435987431
szendvics SNARC dot DC down 15 lctrl 0.447749744438
szendvics SNARC dot DC down 30 lctrl 0.300996944458
szendvics SNARC dot DC down 40 lctrl 0.283344724685
szendvics SNARC dot DC up 15 num_decimal 0.350074594977
szendvics SNARC dot DC up 10 num_decimal 0.252077477986
szendvics SNARC dot DC up 5 num_decimal 0.279066756118
szendvics SNARC dot DC down 25 lctrl 0.440482027388
szendvics SNARC dot DC down 25 lctrl 0.319830645079
szendvics SNARC dot DC up 35 num_decimal 0.509059361363
szendvics SNARC dot DC up 15 num_decimal 0.291745627453
szendvics SNARC dot DC up 40 num_decimal 0.330399929167
szendvics SNARC dot DC down 25 lctrl 0.442734050271
szendvics SNARC dot DC down 40 lctrl 0.30564342586
szendvics SNARC dot DC up 5 num_decimal 0.411488501385
szendvics SNARC dot DC down 35 num_decimal 0.259817297426
szendvics SNARC dot DC down 40 lctrl 0.459506808738
szendvics SNARC dot DC down 30 lctrl 0.319905887491
szendvics SNARC dot DC down 15 lctrl 0.426393148251
szendvics SNARC dot DC up 20 num_decimal 0.511662748812
szendvics SNARC dot DC up 45 num_decimal 0.410897061031
szendvics SNARC dot DC up 30 num_decimal 0.333138752957
szendvics SNARC dot DC down 10 lctrl 0.483289360268
szendvics SNARC dot DC up 35 num_decimal 0.436915537068
szendvics SNARC dot DC up 15 num_decimal 1.07883654933
szendvics SNARC dot DC up 40 num_decimal 0.407368716865
szendvics SNARC dot DC up 15 num_decimal 0.34986881573
szendvics SNARC dot DC down 45 lctrl 0.554889689375
szendvics SNARC dot DC up 40 num_decimal 0.446441576367
szendvics SNARC dot DC up 30 num_decimal 0.429648169982
szendvics SNARC dot DC down 25 lctrl 0.459929916068
szendvics SNARC dot DC up 25 num_decimal 0.388333436573
szendvics SNARC dot DC down 40 lctrl 0.556239503246
szendvics SNARC dot DC up 45 num_decimal 0.529820317621
szendvics SNARC dot DC down 35 lctrl 0.51893396551
{'task': u'line', 'participant': u'szendvics', 'dateStr': u'09_24_1204', 'notation': u'arabic', 'response_buttons': u'DC', 'range_in_instr': True, 'interactive_setting': True, 'autopilot': False, 'exp_id': u'SNARC'}
szendvics SNARC arabic DC down 4 lctrl 1.39167594948
szendvics SNARC arabic DC down 5 lctrl 0.482700019703
szendvics SNARC arabic DC down 3 lctrl 0.364079482584
szendvics SNARC arabic DC up 8 num_decimal 0.446196251108
szendvics SNARC arabic DC down 8 lctrl 0.453641750229
szendvics SNARC arabic DC down 6 lctrl 0.3950877554
szendvics SNARC arabic DC down 3 lctrl 0.394871127247
szendvics SNARC arabic DC down 8 lctrl 0.317364443796
szendvics SNARC arabic DC down 2 lctrl 0.326696252683
szendvics SNARC arabic DC up 2 lctrl 0.311867198193
szendvics SNARC arabic DC up 7 num_decimal 0.481342856573
szendvics SNARC arabic DC up 4 num_decimal 0.337591353912
szendvics SNARC arabic DC up 2 num_decimal 0.20633604101
szendvics SNARC arabic DC up 3 num_decimal 0.299442401234
szendvics SNARC arabic DC up 4 num_decimal 0.437360692174
szendvics SNARC arabic DC down 4 num_decimal 0.450741242746
szendvics SNARC arabic DC down 8 lctrl 0.475943601088
szendvics SNARC arabic DC down 7 lctrl 0.403805376228
szendvics SNARC arabic DC down 4 lctrl 0.345315074975
szendvics SNARC arabic DC down 4 lctrl 0.413169731833
szendvics SNARC arabic DC down 1 lctrl 0.319468431609
szendvics SNARC arabic DC down 2 lctrl 0.34683252194
szendvics SNARC arabic DC down 2 lctrl 0.373430189565
szendvics SNARC arabic DC down 7 lctrl 0.431155817936
szendvics SNARC arabic DC down 7 lctrl 0.503498772149
szendvics SNARC arabic DC down 2 lctrl 0.405098495817
szendvics SNARC arabic DC up 3 num_decimal 0.644991602597
szendvics SNARC arabic DC up 4 num_decimal 0.417054690035
szendvics SNARC arabic DC down 1 lctrl 0.571545909595
szendvics SNARC arabic DC down 2 lctrl 0.454440369689
szendvics SNARC arabic DC up 3 num_decimal 0.374761455307
szendvics SNARC arabic DC down 4 lctrl 0.593545740912
szendvics SNARC arabic DC up 4 num_decimal 0.497024075122
szendvics SNARC arabic DC down 9 lctrl 0.498792446782
szendvics SNARC arabic DC up 7 num_decimal 0.448729295651
szendvics SNARC arabic DC down 5 lctrl 0.472771870957
szendvics SNARC arabic DC down 9 lctrl 0.399077703014
szendvics SNARC arabic DC down 6 lctrl 0.51683767692
szendvics SNARC arabic DC down 3 lctrl 0.535203124765
szendvics SNARC arabic DC up 8 num_decimal 0.738586863515
szendvics SNARC arabic DC up 2 num_decimal 0.942597389053
szendvics SNARC arabic DC down 5 lctrl 0.484722465739
szendvics SNARC arabic DC down 1 lctrl 0.473555791898
szendvics SNARC arabic DC up 2 num_decimal 0.46955359552
szendvics SNARC arabic DC down 5 lctrl 0.581445361235
szendvics SNARC arabic DC up 8 num_decimal 0.505878882115
szendvics SNARC arabic DC down 2 lctrl 0.699722582978
szendvics SNARC arabic DC up 9 num_decimal 0.373615320895
szendvics SNARC arabic DC up 7 num_decimal 0.474885307817
szendvics SNARC arabic DC up 4 num_decimal 0.352816568449
szendvics SNARC arabic DC down 4 lctrl 0.449109357321
szendvics SNARC arabic DC up 5 num_decimal 0.541392600556
szendvics SNARC arabic DC down 7 lctrl 0.593559039571
szendvics SNARC arabic DC up 7 num_decimal 0.537951397602
szendvics SNARC arabic DC up 3 num_decimal 0.794907033626
szendvics SNARC arabic DC down 8 lctrl 0.543330355134
szendvics SNARC arabic DC up 9 num_decimal 0.471992849521
szendvics SNARC arabic DC down 5 lctrl 0.602007187575
szendvics SNARC arabic DC up 3 num_decimal 0.491062426354
szendvics SNARC arabic DC down 7 lctrl 0.557765699329
szendvics SNARC arabic DC down 9 lctrl 0.585929459014
szendvics SNARC arabic DC up 2 num_decimal 0.445168404766
szendvics SNARC arabic DC up 4 num_decimal 0.559960328001
szendvics SNARC arabic DC up 1 num_decimal 0.419636379671
szendvics SNARC arabic DC up 8 num_decimal 0.374538527789
szendvics SNARC arabic DC up 1 num_decimal 0.425837754262
szendvics SNARC arabic DC down 7 lctrl 0.676108714436
szendvics SNARC arabic DC up 1 lctrl 0.511023713259
szendvics SNARC arabic DC down 3 lctrl 0.504633707691
szendvics SNARC arabic DC down 3 lctrl 0.378789549074
szendvics SNARC arabic DC up 5 lctrl 0.372264807094
szendvics SNARC arabic DC down 5 lctrl 0.575217389326
szendvics SNARC arabic DC down 9 lctrl 0.542872601298
szendvics SNARC arabic DC down 5 lctrl 0.402323975627
szendvics SNARC arabic DC down 8 lctrl 0.359400104499
szendvics SNARC arabic DC down 1 lctrl 0.602092578963
szendvics SNARC arabic DC up 3 lctrl 0.430940939606
szendvics SNARC arabic DC down 9 num_decimal 0.587033247697
szendvics SNARC arabic DC down 6 lctrl 1.3644878914
szendvics SNARC arabic DC down 1 lctrl 0.53235686181
szendvics SNARC arabic DC down 8 lctrl 0.423506639355
szendvics SNARC arabic DC down 6 lctrl 0.381338691993
szendvics SNARC arabic DC up 6 num_decimal 0.489123971847
szendvics SNARC arabic DC down 6 lctrl 0.497655411452
szendvics SNARC arabic DC up 7 num_decimal 0.51989181891
szendvics SNARC arabic DC down 4 lctrl 0.433533828113
szendvics SNARC arabic DC down 4 lctrl 0.473429804604
szendvics SNARC arabic DC up 8 num_decimal 0.479463196137
szendvics SNARC arabic DC up 4 num_decimal 0.56545652371
szendvics SNARC arabic DC up 6 num_decimal 0.453252589476
szendvics SNARC arabic DC up 5 num_decimal 0.387100860878
szendvics SNARC arabic DC down 9 lctrl 0.521816624793
szendvics SNARC arabic DC down 3 lctrl 0.408961406242
szendvics SNARC arabic DC down 1 lctrl 0.511071308459
szendvics SNARC arabic DC down 9 lctrl 0.393721493187
szendvics SNARC arabic DC up 1 num_decimal 0.488229812023
szendvics SNARC arabic DC down 6 lctrl 0.470735076368
szendvics SNARC arabic DC up 7 num_decimal 0.421406501154
szendvics SNARC arabic DC up 4 num_decimal 0.433093222548
szendvics SNARC arabic DC down 5 lctrl 0.636450363981
szendvics SNARC arabic DC down 8 lctrl 0.511159499564
szendvics SNARC arabic DC up 9 num_decimal 0.531227525704
szendvics SNARC arabic DC up 7 num_decimal 0.372876895365
szendvics SNARC arabic DC up 1 num_decimal 0.377257403591
szendvics SNARC arabic DC up 6 num_decimal 0.38058591791
szendvics SNARC arabic DC up 5 num_decimal 0.511159499564
szendvics SNARC arabic DC up 9 num_decimal 0.408651337513
szendvics SNARC arabic DC down 2 lctrl 0.527464005255
szendvics SNARC arabic DC up 5 num_decimal 0.449401577851
szendvics SNARC arabic DC up 6 num_decimal 0.424427746462
szendvics SNARC arabic DC up 6 num_decimal 0.380774898851
szendvics SNARC arabic DC up 3 num_decimal 0.368877848669
szendvics SNARC arabic DC up 1 num_decimal 0.369087827493
szendvics SNARC arabic DC down 4 lctrl 0.436750003762
szendvics SNARC arabic DC up 9 num_decimal 0.491806101355
szendvics SNARC arabic DC up 1 num_decimal 0.439634762834
szendvics SNARC arabic DC up 7 num_decimal 0.439283048305
szendvics SNARC arabic DC up 2 num_decimal 0.503174704831
szendvics SNARC arabic DC down 2 lctrl 0.471711127933
szendvics SNARC arabic DC down 8 lctrl 0.642327671254
szendvics SNARC arabic DC down 6 lctrl 0.403182439051
szendvics SNARC arabic DC down 7 lctrl 0.43520525955
szendvics SNARC arabic DC down 7 lctrl 0.382675907135
szendvics SNARC arabic DC up 8 num_decimal 0.561645408061
szendvics SNARC arabic DC down 5 lctrl 0.679868035309
szendvics SNARC arabic DC up 7 num_decimal 0.50361041089
szendvics SNARC arabic DC down 8 lctrl 0.57773643528
szendvics SNARC arabic DC down 7 lctrl 0.499024123417
szendvics SNARC arabic DC down 7 lctrl 0.442706403059
szendvics SNARC arabic DC down 2 lctrl 0.408954056983
szendvics SNARC arabic DC up 2 num_decimal 0.427361850557
szendvics SNARC arabic DC down 8 lctrl 0.451008615781
szendvics SNARC arabic DC down 6 lctrl 0.425146923933
szendvics SNARC arabic DC up 1 num_decimal 0.448276791286
szendvics SNARC arabic DC up 7 num_decimal 0.473039243992
szendvics SNARC arabic DC up 7 num_decimal 0.436737055068
szendvics SNARC arabic DC up 6 num_decimal 0.511180847412
szendvics SNARC arabic DC up 6 num_decimal 0.414707126786
szendvics SNARC arabic DC down 5 lctrl 0.625334435022
szendvics SNARC arabic DC down 7 lctrl 0.488989235436
szendvics SNARC arabic DC down 1 lctrl 0.4654278616
szendvics SNARC arabic DC up 3 num_decimal 0.465059698729
szendvics SNARC arabic DC down 2 lctrl 0.449226945463
szendvics SNARC arabic DC down 9 lctrl 0.436472131786
szendvics SNARC arabic DC down 2 lctrl 0.402569300886
szendvics SNARC arabic DC down 3 lctrl 0.470421507991
szendvics SNARC arabic DC down 8 lctrl 0.358426152723
szendvics SNARC arabic DC up 7 num_decimal 0.500883835865
szendvics SNARC arabic DC down 2 lctrl 0.455338379124
szendvics SNARC arabic DC up 4 num_decimal 0.653461798378
szendvics SNARC arabic DC down 6 lctrl 0.456738587913
szendvics SNARC arabic DC up 4 num_decimal 0.448714597133
szendvics SNARC arabic DC up 6 num_decimal 0.438593967798
szendvics SNARC arabic DC down 8 lctrl 0.580958910294
szendvics SNARC arabic DC up 5 num_decimal 0.428723563229
szendvics SNARC arabic DC down 9 lctrl 0.591496347593
szendvics SNARC arabic DC down 7 lctrl 0.482752164444
szendvics SNARC arabic DC down 1 lctrl 0.462917914728
szendvics SNARC arabic DC up 7 num_decimal 0.617504324689
szendvics SNARC arabic DC up 4 num_decimal 0.504842986585
szendvics SNARC arabic DC up 4 num_decimal 0.464706934306
szendvics SNARC arabic DC down 6 lctrl 0.545036083111
szendvics SNARC arabic DC down 3 lctrl 0.436892789362
szendvics SNARC arabic DC down 3 lctrl 0.402653992345
szendvics SNARC arabic DC up 3 num_decimal 0.45716589482
szendvics SNARC arabic DC up 2 num_decimal 0.438226854822
szendvics SNARC arabic DC down 5 lctrl 0.648984349928
szendvics SNARC arabic DC up 3 num_decimal 0.786509630504
szendvics SNARC arabic DC down 9 lctrl 0.546664468888
szendvics SNARC arabic DC up 5 num_decimal 0.70975082163
szendvics SNARC arabic DC down 1 num_decimal 0.547010933947
szendvics SNARC arabic DC up 4 num_decimal 0.646513249139
szendvics SNARC arabic DC up 3 num_decimal 0.490219361377
szendvics SNARC arabic DC up 6 num_decimal 0.50889697774
szendvics SNARC arabic DC up 8 num_decimal 0.446999420108
szendvics SNARC arabic DC up 3 num_decimal 0.440299345811
szendvics SNARC arabic DC up 1 num_decimal 0.540467993803
szendvics SNARC arabic DC up 5 num_decimal 0.382471877711
szendvics SNARC arabic DC down 8 lctrl 0.436732505527
szendvics SNARC arabic DC down 3 lctrl 0.446973172756
szendvics SNARC arabic DC down 3 lctrl 0.545476338711
szendvics SNARC arabic DC down 8 lctrl 0.412854413632
szendvics SNARC arabic DC down 8 lctrl 0.450919024816
szendvics SNARC arabic DC down 7 lctrl 0.520311426593
szendvics SNARC arabic DC up 4 num_decimal 0.553503129209
szendvics SNARC arabic DC down 2 lctrl 0.591691627899
szendvics SNARC arabic DC down 2 lctrl 0.55601447594
szendvics SNARC arabic DC down 9 lctrl 0.448294289521
szendvics SNARC arabic DC down 6 lctrl 0.544087678758
szendvics SNARC arabic DC up 2 num_decimal 0.523531451853
szendvics SNARC arabic DC down 5 lctrl 0.611302600133
szendvics SNARC arabic DC up 2 num_decimal 0.574499961679
szendvics SNARC arabic DC up 3 num_decimal 0.790547873247
szendvics SNARC arabic DC down 1 lctrl 1.22800410579
szendvics SNARC arabic DC down 3 lctrl 0.451776088382
szendvics SNARC arabic DC up 8 num_decimal 0.435492580573
szendvics SNARC arabic DC up 4 num_decimal 0.444974524319
szendvics SNARC arabic DC up 4 num_decimal 0.560680205401
szendvics SNARC arabic DC up 4 num_decimal 0.398996161237
szendvics SNARC arabic DC down 1 lctrl 0.57780257861
szendvics SNARC arabic DC down 7 lctrl 0.441138211211
szendvics SNARC arabic DC up 2 num_decimal 0.447898479438
szendvics SNARC arabic DC down 5 lctrl 0.477211873183
szendvics SNARC arabic DC down 5 lctrl 0.473461651392
szendvics SNARC arabic DC down 8 lctrl 0.326917780342
szendvics SNARC arabic DC down 7 lctrl 0.425754112698
szendvics SNARC arabic DC up 3 num_decimal 0.421200371943
szendvics SNARC arabic DC up 6 num_decimal 0.41269063015
szendvics SNARC arabic DC up 4 num_decimal 0.390248793409
szendvics SNARC arabic DC down 3 lctrl 0.456907970831
szendvics SNARC arabic DC up 9 num_decimal 0.498003976299
szendvics SNARC arabic DC down 8 lctrl 0.75023648865
szendvics SNARC arabic DC up 9 num_decimal 0.880558095716
szendvics SNARC arabic DC up 8 num_decimal 0.772453298085
szendvics SNARC arabic DC down 9 lctrl 0.539728518379
szendvics SNARC arabic DC up 6 num_decimal 0.491810300931
szendvics SNARC arabic DC up 2 num_decimal 0.453840880147
szendvics SNARC arabic DC up 9 num_decimal 0.426463141192
szendvics SNARC arabic DC down 6 num_decimal 0.415152981822
szendvics SNARC arabic DC up 2 num_decimal 0.432195913042
szendvics SNARC arabic DC down 8 lctrl 0.576794330292
szendvics SNARC arabic DC up 7 num_decimal 0.461773180175
szendvics SNARC arabic DC up 9 num_decimal 0.428908344593
szendvics SNARC arabic DC up 4 num_decimal 0.383075216864
szendvics SNARC arabic DC down 6 lctrl 0.558441481177
szendvics SNARC arabic DC down 8 lctrl 0.505645455656
szendvics SNARC arabic DC up 7 num_decimal 0.485810855975
szendvics SNARC arabic DC up 5 num_decimal 0.411321918185
szendvics SNARC arabic DC down 1 lctrl 0.663294756724
szendvics SNARC arabic DC down 2 lctrl 0.484920195798
szendvics SNARC arabic DC up 8 num_decimal 0.513922470919
szendvics SNARC arabic DC up 9 num_decimal 0.435612618467
szendvics SNARC arabic DC up 6 num_decimal 0.461467311022
szendvics SNARC arabic DC up 8 num_decimal 0.519606947639
szendvics SNARC arabic DC up 2 num_decimal 0.407055498453
szendvics SNARC arabic DC up 6 num_decimal 0.349057597541
szendvics SNARC arabic DC down 1 lctrl 0.401084400638
szendvics SNARC arabic DC up 5 num_decimal 0.462782828352
szendvics SNARC arabic DC down 9 lctrl 0.527674334043
szendvics SNARC arabic DC up 7 num_decimal 0.483437395339
szendvics SNARC arabic DC down 9 lctrl 0.420487493836
szendvics SNARC arabic DC down 4 lctrl 0.623548915092
szendvics SNARC arabic DC down 9 lctrl 0.407107293229
szendvics SNARC arabic DC down 4 lctrl 0.541166523356
szendvics SNARC arabic DC up 5 num_decimal 0.594916202701
szendvics SNARC arabic DC up 9 num_decimal 0.481165774432
szendvics SNARC arabic DC up 5 num_decimal 0.412654583785
szendvics SNARC arabic DC up 1 num_decimal 0.625911876787
szendvics SNARC arabic DC up 9 num_decimal 0.429741960523
szendvics SNARC arabic DC up 5 num_decimal 0.395504563365
szendvics SNARC arabic DC up 1 num_decimal 0.419576185742
szendvics SNARC arabic DC up 9 num_decimal 0.461684989069
szendvics SNARC arabic DC up 4 num_decimal 0.630413122837
szendvics SNARC arabic DC up 5 num_decimal 0.426636023757
szendvics SNARC arabic DC down 8 lctrl 0.496023176063
szendvics SNARC arabic DC up 2 num_decimal 0.629626752142
szendvics SNARC arabic DC down 3 lctrl 1.2261090469
szendvics SNARC arabic DC up 6 num_decimal 0.712956498337
szendvics SNARC arabic DC up 9 num_decimal 0.363277713443
szendvics SNARC arabic DC up 3 num_decimal 0.393020163916
szendvics SNARC arabic DC up 6 num_decimal 0.389725246209
szendvics SNARC arabic DC up 7 num_decimal 0.361179325065
szendvics SNARC arabic DC up 1 num_decimal 0.360266267147
szendvics SNARC arabic DC up 3 num_decimal 0.350875314225
szendvics SNARC arabic DC down 1 lctrl 0.521692737287
szendvics SNARC arabic DC up 9 num_decimal 0.540051885767
szendvics SNARC arabic DC down 6 lctrl 0.594085736454
szendvics SNARC arabic DC down 2 lctrl 0.595492944537
szendvics SNARC arabic DC down 8 lctrl 0.575912769197
szendvics SNARC arabic DC up 5 num_decimal 0.447747294685
szendvics SNARC arabic DC up 6 num_decimal 0.445361585284
szendvics SNARC arabic DC down 5 lctrl 0.546812503959
szendvics SNARC arabic DC up 7 num_decimal 1.33647811618
szendvics SNARC arabic DC down 4 lctrl 0.504446126608
szendvics SNARC arabic DC down 2 lctrl 0.497803446522
szendvics SNARC arabic DC down 5 lctrl 0.389351833868
szendvics SNARC arabic DC up 6 num_decimal 0.479436248854
szendvics SNARC arabic DC up 7 num_decimal 0.402822675333
szendvics SNARC arabic DC up 8 num_decimal 0.421098882178
szendvics SNARC arabic DC down 1 lctrl 0.578607847399
szendvics SNARC arabic DC up 5 num_decimal 0.562560565767
szendvics SNARC arabic DC down 1 lctrl 0.507145404386
szendvics SNARC arabic DC up 8 num_decimal 0.566650603287
szendvics SNARC arabic DC up 1 lctrl 0.476884306218
szendvics SNARC arabic DC up 3 num_decimal 0.512299684577
szendvics SNARC arabic DC down 5 lctrl 0.681582162439
szendvics SNARC arabic DC down 6 lctrl 0.497243502993
szendvics SNARC arabic DC up 9 num_decimal 0.479263016325
szendvics SNARC arabic DC up 7 num_decimal 0.43232959956
szendvics SNARC arabic DC down 7 lctrl 0.472326015921
szendvics SNARC arabic DC down 7 lctrl 0.469534697426
szendvics SNARC arabic DC down 3 lctrl 0.533467649787
szendvics SNARC arabic DC down 6 lctrl 0.462625694199
szendvics SNARC arabic DC down 8 lctrl 0.41069688122
szendvics SNARC arabic DC up 2 num_decimal 0.549379845043
szendvics SNARC arabic DC up 1 num_decimal 0.42639979758
szendvics SNARC arabic DC up 4 num_decimal 0.444759995954
szendvics SNARC arabic DC up 8 num_decimal 0.421119530095
szendvics SNARC arabic DC down 5 lctrl 0.533242272517
szendvics SNARC arabic DC up 9 num_decimal 0.4416698076
szendvics SNARC arabic DC down 3 lctrl 0.906683310988
szendvics SNARC arabic DC down 1 lctrl 0.834119179081
szendvics SNARC arabic DC down 7 lctrl 0.532674629764
szendvics SNARC arabic DC up 5 num_decimal 0.582404964459
szendvics SNARC arabic DC down 1 lctrl 0.723880646637
szendvics SNARC arabic DC up 3 num_decimal 0.590601137875
szendvics SNARC arabic DC up 8 num_decimal 0.525133940242
szendvics SNARC arabic DC up 5 num_decimal 0.500700454359
szendvics SNARC arabic DC down 9 lctrl 0.530733725504
szendvics SNARC arabic DC up 2 num_decimal 0.443533019695
szendvics SNARC arabic DC up 2 num_decimal 0.450810885722
szendvics SNARC arabic DC up 4 num_decimal 0.425059782721
szendvics SNARC arabic DC down 1 num_decimal 0.398849526025
szendvics SNARC arabic DC down 8 lctrl 0.619223351325
szendvics SNARC arabic DC down 6 lctrl 0.448815037003
szendvics SNARC arabic DC up 4 lctrl 0.337133250112
szendvics SNARC arabic DC up 3 num_decimal 0.601375851245
szendvics SNARC arabic DC up 1 num_decimal 0.489130271212
szendvics SNARC arabic DC up 2 num_decimal 0.496935534051
szendvics SNARC arabic DC up 1 num_decimal 0.472595488745
szendvics SNARC arabic DC down 9 lctrl 0.591473599887
szendvics SNARC arabic DC down 7 lctrl 0.505422878103
szendvics SNARC arabic DC up 4 num_decimal 0.584033700201
szendvics SNARC arabic DC down 3 lctrl 0.654065487496
szendvics SNARC arabic DC up 7 num_decimal 0.564360084286
szendvics SNARC arabic DC down 1 lctrl 0.462403816575
szendvics SNARC arabic DC down 1 lctrl 0.403066600733
szendvics SNARC arabic DC up 6 num_decimal 0.434817148691
szendvics SNARC arabic DC down 6 lctrl 0.453294935206
szendvics SNARC arabic DC down 8 lctrl 0.416765619187
szendvics SNARC arabic DC down 5 lctrl 0.690350528149
szendvics SNARC arabic DC up 1 num_decimal 0.66147704004
szendvics SNARC arabic DC up 2 num_decimal 0.599091631609
szendvics SNARC arabic DC down 4 lctrl 1.92927213291
szendvics SNARC arabic DC up 4 num_decimal 0.672175461105
szendvics SNARC arabic DC up 1 num_decimal 0.350171885165
szendvics SNARC arabic DC down 9 lctrl 0.43818660888
szendvics SNARC arabic DC down 9 lctrl 0.354819066497
szendvics SNARC arabic DC up 5 num_decimal 0.407609842547
szendvics SNARC arabic DC down 9 lctrl 0.458779232114
szendvics SNARC arabic DC down 9 lctrl 0.405474007946
szendvics SNARC arabic DC up 6 num_decimal 0.39117025048
szendvics SNARC arabic DC up 4 num_decimal 0.414505547116
szendvics SNARC arabic DC up 9 num_decimal 0.356298717274
szendvics SNARC arabic DC up 6 num_decimal 0.316343946713
szendvics SNARC arabic DC up 3 num_decimal 0.37461517006
szendvics SNARC arabic DC down 2 lctrl 0.491296552743
szendvics SNARC arabic DC up 9 num_decimal 0.511740790941
szendvics SNARC arabic DC up 4 num_decimal 0.461040704045
szendvics SNARC arabic DC down 3 lctrl 0.446364234167
szendvics SNARC arabic DC up 1 num_decimal 0.375566724096
szendvics SNARC arabic DC down 3 lctrl 0.430973136359
szendvics SNARC arabic DC up 6 num_decimal 0.457648846114
szendvics SNARC arabic DC down 6 lctrl 0.521377769052
szendvics SNARC arabic DC down 2 lctrl 0.441314943388
szendvics SNARC arabic DC up 2 num_decimal 0.469048946414
szendvics SNARC arabic DC up 8 num_decimal 0.504564064714
szendvics SNARC arabic DC down 5 lshift 1.51254046029
szendvics SNARC arabic DC up 3 num_decimal 0.681633607251
szendvics SNARC arabic DC down 5 lctrl 0.591656631429
