{'task': u'line', 'participant': u'viola', 'dateStr': u'09_22_1701', 'notation': u'dot', 'response_buttons': u'DC', 'range_in_instr': True, 'interactive_setting': True, 'autopilot': False, 'exp_id': u'SNARC'}
viola SNARC dot DC down 5 lctrl 3.11961507797
viola SNARC dot DC down 20 lctrl 0.856130838394
viola SNARC dot DC down 40 lctrl 0.480208873749
viola SNARC dot DC down 30 lctrl 0.346086025238
viola SNARC dot DC up 5 num_delete 0.722135066986
viola SNARC dot DC up 35 num_delete 0.391882896423
viola SNARC dot DC down 40 lctrl 0.54043507576
viola SNARC dot DC down 20 lctrl 0.683654785156
viola SNARC dot DC up 40 num_delete 0.611431121826
viola SNARC dot DC up 5 num_delete 0.376518964767
viola SNARC dot DC down 45 lctrl 0.349018096924
viola SNARC dot DC down 15 lctrl 0.276827096939
viola SNARC dot DC up 20 num_delete 0.335541009903
viola SNARC dot DC down 35 lctrl 0.509854078293
viola SNARC dot DC up 30 num_delete 0.413820981979
viola SNARC dot DC down 40 lctrl 0.385528087616
viola SNARC dot DC down 5 lctrl 0.43997502327
viola SNARC dot DC up 15 num_delete 0.563650846481
viola SNARC dot DC down 10 lctrl 0.410830020905
viola SNARC dot DC down 10 lctrl 0.400556087494
viola SNARC dot DC up 35 num_delete 0.724431991577
viola SNARC dot DC up 10 num_delete 1.52469396591
viola SNARC dot DC up 45 num_delete 0.519166946411
viola SNARC dot DC down 25 lctrl 0.550799846649
viola SNARC dot DC down 15 lctrl 0.494005918503
viola SNARC dot DC down 15 lctrl 0.367228031158
viola SNARC dot DC up 25 lctrl 0.4938788414
viola SNARC dot DC down 15 lctrl 2.32723999023
viola SNARC dot DC up 45 num_delete 0.799031019211
viola SNARC dot DC down 5 lctrl 0.812642097473
viola SNARC dot DC up 45 num_delete 0.677952051163
viola SNARC dot DC down 40 lctrl 0.790210008621
viola SNARC dot DC down 15 lctrl 0.683387994766
viola SNARC dot DC down 35 lctrl 0.531466007233
viola SNARC dot DC down 5 lctrl 0.36422085762
viola SNARC dot DC down 10 lctrl 0.604622125626
viola SNARC dot DC down 25 lctrl 0.503776073456
viola SNARC dot DC down 5 lctrl 0.417083978653
viola SNARC dot DC up 40 num_delete 0.372421979904
viola SNARC dot DC down 10 lctrl 0.668437957764
viola SNARC dot DC down 30 lctrl 0.429239988327
viola SNARC dot DC down 5 lctrl 0.282387971878
viola SNARC dot DC down 20 lctrl 0.429053068161
viola SNARC dot DC down 10 lctrl 0.346077919006
viola SNARC dot DC up 40 num_delete 0.367980003357
viola SNARC dot DC up 45 num_delete 0.525005102158
viola SNARC dot DC down 45 num_delete 0.354691028595
viola SNARC dot DC up 10 num_delete 1.19484400749
viola SNARC dot DC up 15 num_delete 0.774033069611
viola SNARC dot DC up 5 num_delete 0.443923950195
viola SNARC dot DC up 40 num_delete 0.34205698967
viola SNARC dot DC down 35 lctrl 0.428708076477
viola SNARC dot DC up 35 num_delete 0.591027021408
viola SNARC dot DC down 25 lctrl 0.459928035736
viola SNARC dot DC down 35 lctrl 0.556992053986
viola SNARC dot DC up 10 num_delete 0.548444032669
viola SNARC dot DC up 25 num_delete 0.498668909073
viola SNARC dot DC up 30 num_delete 0.435586929321
viola SNARC dot DC down 15 lctrl 0.408167123795
viola SNARC dot DC down 15 lctrl 0.637447118759
viola SNARC dot DC down 35 lctrl 0.421934127808
viola SNARC dot DC down 5 lctrl 0.347273826599
viola SNARC dot DC up 20 num_delete 0.451145172119
viola SNARC dot DC up 40 num_delete 0.421218156815
viola SNARC dot DC down 30 lctrl 0.401427984238
viola SNARC dot DC down 30 lctrl 0.390005111694
viola SNARC dot DC down 5 lctrl 2.02041602135
viola SNARC dot DC up 10 lctrl 0.301809072495
viola SNARC dot DC up 40 num_delete 0.893375873566
viola SNARC dot DC down 25 lctrl 0.477590084076
viola SNARC dot DC up 40 num_delete 0.637633085251
viola SNARC dot DC up 5 num_delete 0.321244955063
viola SNARC dot DC down 35 lctrl 0.368566036224
viola SNARC dot DC down 5 lctrl 0.376409053802
viola SNARC dot DC down 25 lctrl 0.286206007004
viola SNARC dot DC down 40 lctrl 0.31062912941
viola SNARC dot DC down 30 lctrl 0.431123018265
viola SNARC dot DC up 20 num_delete 0.435377836227
viola SNARC dot DC down 15 lctrl 0.335886001587
viola SNARC dot DC down 45 lctrl 0.325402021408
viola SNARC dot DC down 25 lctrl 0.429859876633
viola SNARC dot DC down 40 lctrl 0.384299039841
viola SNARC dot DC up 10 num_delete 0.447355985641
viola SNARC dot DC up 15 num_delete 0.418598175049
viola SNARC dot DC down 45 lctrl 0.316966056824
viola SNARC dot DC up 20 num_delete 0.422055959702
viola SNARC dot DC up 20 num_delete 0.482421875
viola SNARC dot DC down 25 lctrl 0.548149108887
viola SNARC dot DC up 20 num_delete 0.379184961319
viola SNARC dot DC down 30 lctrl 0.369621038437
viola SNARC dot DC down 5 lctrl 0.352735996246
viola SNARC dot DC up 30 num_delete 0.44634604454
viola SNARC dot DC down 35 lctrl 0.528522968292
viola SNARC dot DC down 35 lctrl 0.439126014709
viola SNARC dot DC up 15 lctrl 0.282879114151
viola SNARC dot DC up 15 num_delete 1.14120602608
viola SNARC dot DC down 20 lctrl 0.499008893967
viola SNARC dot DC up 10 num_delete 0.780655860901
viola SNARC dot DC up 40 num_delete 0.408379077911
viola SNARC dot DC down 45 lctrl 0.387495994568
viola SNARC dot DC down 40 lctrl 0.407881975174
viola SNARC dot DC down 30 lctrl 0.396142959595
viola SNARC dot DC down 25 lctrl 0.257003068924
viola SNARC dot DC up 45 num_delete 0.362016916275
viola SNARC dot DC up 20 num_delete 0.393635988235
viola SNARC dot DC up 20 num_delete 0.350988149643
viola SNARC dot DC up 5 num_delete 0.255450963974
viola SNARC dot DC up 15 num_delete 0.346763849258
viola SNARC dot DC up 15 num_delete 0.338487863541
viola SNARC dot DC down 10 num_delete 0.331918001175
viola SNARC dot DC down 40 lctrl 1.17884206772
viola SNARC dot DC down 45 lctrl 0.39652299881
viola SNARC dot DC down 25 lctrl 0.44953918457
viola SNARC dot DC up 45 num_delete 0.458770036697
viola SNARC dot DC up 10 num_delete 0.478395938873
viola SNARC dot DC up 5 num_delete 0.297254085541
viola SNARC dot DC down 20 lctrl 0.379507780075
viola SNARC dot DC down 25 lctrl 0.681051015854
viola SNARC dot DC up 35 num_delete 0.441009044647
viola SNARC dot DC up 30 num_delete 0.403645038605
viola SNARC dot DC down 45 lctrl 0.430785894394
viola SNARC dot DC down 40 lctrl 0.777720928192
viola SNARC dot DC up 35 num_delete 0.493252038956
viola SNARC dot DC up 5 num_delete 0.32727599144
viola SNARC dot DC down 15 lctrl 0.416240215302
viola SNARC dot DC up 30 num_delete 0.388198137283
viola SNARC dot DC down 20 lctrl 0.314078092575
viola SNARC dot DC up 45 num_delete 0.296936988831
viola SNARC dot DC up 35 num_delete 0.529541015625
viola SNARC dot DC up 25 num_delete 0.424823045731
viola SNARC dot DC up 45 num_delete 0.346812963486
viola SNARC dot DC down 5 lctrl 0.515830993652
viola SNARC dot DC up 5 num_delete 0.316854953766
viola SNARC dot DC up 30 num_delete 0.277536153793
viola SNARC dot DC up 10 num_delete 0.281247138977
viola SNARC dot DC down 30 lctrl 0.339266061783
viola SNARC dot DC down 15 lctrl 0.467100143433
viola SNARC dot DC down 5 lctrl 0.310653924942
viola SNARC dot DC up 10 num_delete 0.320472955704
viola SNARC dot DC down 15 lctrl 0.281190156937
viola SNARC dot DC down 10 lctrl 0.324699878693
viola SNARC dot DC up 30 num_delete 1.82036495209
viola SNARC dot DC up 35 num_delete 0.539478063583
viola SNARC dot DC up 35 num_delete 0.473201036453
viola SNARC dot DC down 30 lctrl 0.386617898941
viola SNARC dot DC up 30 num_delete 0.399507045746
viola SNARC dot DC up 25 num_delete 0.364625930786
viola SNARC dot DC up 10 num_delete 0.460692882538
viola SNARC dot DC down 45 lctrl 0.373067140579
viola SNARC dot DC up 20 num_delete 0.339704990387
viola SNARC dot DC up 25 num_delete 0.266680002213
viola SNARC dot DC up 30 num_delete 0.285447120667
viola SNARC dot DC up 25 num_delete 0.33481502533
viola SNARC dot DC down 45 lctrl 0.349226951599
viola SNARC dot DC up 25 num_delete 0.356557846069
viola SNARC dot DC up 10 num_delete 0.316309928894
viola SNARC dot DC up 5 num_delete 0.350350856781
viola SNARC dot DC up 45 num_delete 0.308645009995
viola SNARC dot DC down 25 num_delete 0.292878866196
viola SNARC dot DC up 10 num_delete 0.528038978577
viola SNARC dot DC down 40 lctrl 0.342689990997
viola SNARC dot DC down 40 lctrl 0.365149021149
viola SNARC dot DC down 25 lctrl 0.315742015839
viola SNARC dot DC down 10 lctrl 0.29404091835
viola SNARC dot DC up 5 num_delete 0.44015789032
viola SNARC dot DC up 35 num_delete 0.498152971268
viola SNARC dot DC up 30 num_delete 0.442879915237
viola SNARC dot DC up 45 num_delete 0.268089056015
viola SNARC dot DC down 25 lctrl 0.439244031906
viola SNARC dot DC down 20 lctrl 0.394973039627
viola SNARC dot DC up 20 num_delete 0.504395008087
viola SNARC dot DC down 15 lctrl 0.305344820023
viola SNARC dot DC down 30 lctrl 0.386403083801
viola SNARC dot DC down 30 lctrl 0.334852218628
viola SNARC dot DC up 30 num_delete 0.446192979813
viola SNARC dot DC down 5 lctrl 0.35459113121
viola SNARC dot DC down 30 lctrl 0.393337011337
viola SNARC dot DC up 20 lctrl 0.366715192795
viola SNARC dot DC down 45 lctrl 0.532069921494
viola SNARC dot DC down 25 lctrl 0.315184831619
viola SNARC dot DC up 25 num_delete 0.395446062088
viola SNARC dot DC down 10 lctrl 0.386904001236
viola SNARC dot DC down 35 lctrl 0.366600990295
viola SNARC dot DC up 45 num_delete 0.371335029602
viola SNARC dot DC up 15 num_delete 0.441807985306
viola SNARC dot DC up 30 num_delete 0.260666847229
viola SNARC dot DC down 15 num_delete 0.223754167557
viola SNARC dot DC up 30 num_delete 0.452224969864
viola SNARC dot DC up 45 num_delete 0.397446870804
viola SNARC dot DC up 5 num_delete 0.32412314415
viola SNARC dot DC up 5 num_delete 0.317432880402
viola SNARC dot DC down 45 lctrl 0.372604846954
viola SNARC dot DC up 40 num_delete 0.385449886322
viola SNARC dot DC down 10 lctrl 0.329055070877
viola SNARC dot DC down 25 lctrl 0.38471698761
viola SNARC dot DC up 30 num_delete 0.382104158401
viola SNARC dot DC up 20 num_delete 0.620578050613
viola SNARC dot DC down 40 lctrl 0.398984193802
viola SNARC dot DC down 15 lctrl 0.37279009819
viola SNARC dot DC up 30 num_delete 0.338281154633
viola SNARC dot DC down 10 lctrl 0.315135002136
viola SNARC dot DC up 40 num_delete 0.322292089462
viola SNARC dot DC down 15 lctrl 0.291276931763
viola SNARC dot DC up 5 num_delete 0.30993103981
viola SNARC dot DC down 20 lctrl 0.367568016052
viola SNARC dot DC up 35 num_delete 0.300986766815
viola SNARC dot DC down 20 lctrl 0.327485084534
viola SNARC dot DC down 35 lctrl 0.542756080627
viola SNARC dot DC down 40 lctrl 0.428228139877
viola SNARC dot DC down 30 lctrl 0.272197961807
viola SNARC dot DC down 20 lctrl 0.30645108223
viola SNARC dot DC down 35 lctrl 0.394292116165
viola SNARC dot DC down 10 lctrl 0.36080288887
viola SNARC dot DC down 15 lctrl 0.359842061996
viola SNARC dot DC down 30 lctrl 0.374059200287
viola SNARC dot DC down 15 lctrl 0.348659992218
viola SNARC dot DC up 20 num_delete 0.484322071075
viola SNARC dot DC up 30 num_delete 0.493616104126
viola SNARC dot DC up 5 num_delete 0.287883996964
viola SNARC dot DC down 15 lctrl 0.346238136292
viola SNARC dot DC down 10 lctrl 0.315277099609
viola SNARC dot DC up 15 lctrl 0.35606098175
viola SNARC dot DC down 5 lctrl 0.868041038513
viola SNARC dot DC up 25 num_delete 0.604553937912
viola SNARC dot DC up 40 num_delete 0.383467912674
viola SNARC dot DC up 45 num_delete 0.395569086075
viola SNARC dot DC up 45 num_delete 0.335186004639
viola SNARC dot DC down 40 lctrl 0.454627990723
viola SNARC dot DC up 40 lctrl 0.472080945969
viola SNARC dot DC up 15 num_delete 0.609962940216
viola SNARC dot DC up 35 num_delete 0.548736095428
viola SNARC dot DC up 10 num_delete 0.436706066132
viola SNARC dot DC down 10 lctrl 0.617410182953
viola SNARC dot DC down 35 lctrl 0.660236120224
viola SNARC dot DC down 25 lctrl 0.405961990356
viola SNARC dot DC down 30 lctrl 0.425751924515
viola SNARC dot DC up 25 num_delete 0.629125118256
viola SNARC dot DC down 5 lctrl 0.32173204422
viola SNARC dot DC down 40 lctrl 0.34565615654
viola SNARC dot DC up 25 num_delete 0.447854995728
viola SNARC dot DC up 20 num_delete 0.395091056824
viola SNARC dot DC up 10 num_delete 0.410007953644
viola SNARC dot DC up 20 num_delete 0.295302867889
viola SNARC dot DC up 45 num_delete 0.278674840927
viola SNARC dot DC up 5 num_delete 0.298127889633
viola SNARC dot DC up 25 num_delete 0.291420936584
viola SNARC dot DC down 15 lctrl 2.14182901382
viola SNARC dot DC up 20 num_delete 0.391665935516
viola SNARC dot DC up 20 num_delete 0.341484069824
viola SNARC dot DC up 20 num_delete 0.309304952621
viola SNARC dot DC up 30 num_delete 0.262480020523
viola SNARC dot DC down 15 lctrl 0.497661113739
viola SNARC dot DC up 5 num_delete 0.283468008041
viola SNARC dot DC down 35 num_delete 0.292592048645
viola SNARC dot DC down 20 lctrl 0.583141088486
viola SNARC dot DC down 45 lctrl 0.362669944763
viola SNARC dot DC down 15 lctrl 0.35365986824
viola SNARC dot DC down 25 lctrl 0.320201873779
viola SNARC dot DC up 30 num_delete 0.375780820847
viola SNARC dot DC up 45 num_delete 0.532131195068
viola SNARC dot DC down 40 lctrl 0.331492185593
viola SNARC dot DC up 10 num_delete 0.292083024979
viola SNARC dot DC down 45 lctrl 0.340020895004
viola SNARC dot DC up 25 num_delete 0.290653944016
viola SNARC dot DC down 5 lctrl 0.333883047104
viola SNARC dot DC down 5 lctrl 0.407207012177
viola SNARC dot DC down 25 lctrl 0.34761095047
viola SNARC dot DC up 35 num_delete 0.394209861755
viola SNARC dot DC up 40 lctrl 0.230296134949
viola SNARC dot DC up 40 num_delete 0.585387945175
viola SNARC dot DC up 40 num_delete 0.349817991257
viola SNARC dot DC down 10 lctrl 0.606691122055
viola SNARC dot DC down 15 lctrl 0.987096071243
viola SNARC dot DC down 20 lctrl 0.463460922241
viola SNARC dot DC up 40 num_delete 0.592486858368
viola SNARC dot DC down 35 lctrl 0.620805025101
viola SNARC dot DC up 5 num_delete 0.520646810532
viola SNARC dot DC down 25 lctrl 0.487923145294
viola SNARC dot DC down 40 lctrl 0.479775190353
viola SNARC dot DC down 20 lctrl 0.531646966934
viola SNARC dot DC up 20 num_delete 0.473785877228
viola SNARC dot DC down 25 lctrl 0.363744020462
viola SNARC dot DC down 20 lctrl 0.410077810287
viola SNARC dot DC down 30 lctrl 0.407114982605
viola SNARC dot DC up 15 num_delete 0.403562068939
viola SNARC dot DC down 30 lctrl 0.416949033737
viola SNARC dot DC down 5 lctrl 0.310099840164
viola SNARC dot DC up 40 lctrl 0.365810871124
viola SNARC dot DC up 10 num_delete 1.81346821785
viola SNARC dot DC down 45 lctrl 0.44427895546
viola SNARC dot DC up 35 num_delete 0.478116035461
viola SNARC dot DC down 25 num_delete 0.336035013199
viola SNARC dot DC up 35 num_delete 0.446139097214
viola SNARC dot DC down 25 lctrl 2.80091691017
viola SNARC dot DC up 35 num_delete 0.397529840469
viola SNARC dot DC down 30 lctrl 0.435807228088
viola SNARC dot DC down 25 lctrl 0.341626882553
viola SNARC dot DC up 20 lctrl 0.309591054916
viola SNARC dot DC down 30 lctrl 0.397996902466
viola SNARC dot DC up 25 num_delete 0.362861871719
viola SNARC dot DC up 20 num_delete 0.513841867447
viola SNARC dot DC up 10 num_delete 0.283243894577
viola SNARC dot DC down 5 lctrl 0.399145126343
viola SNARC dot DC down 20 lctrl 0.373242139816
viola SNARC dot DC up 20 num_delete 0.466893911362
viola SNARC dot DC down 45 lctrl 0.315629959106
viola SNARC dot DC down 15 lctrl 0.445591926575
viola SNARC dot DC down 45 lctrl 0.406469106674
viola SNARC dot DC down 35 lctrl 0.297755002975
viola SNARC dot DC down 15 lctrl 0.300038814545
viola SNARC dot DC up 25 lctrl 0.18941116333
viola SNARC dot DC down 35 lctrl 0.362781047821
viola SNARC dot DC up 40 num_delete 0.383361816406
viola SNARC dot DC down 40 lctrl 0.348973035812
viola SNARC dot DC up 15 num_delete 0.37260389328
viola SNARC dot DC up 20 num_delete 0.371052026749
viola SNARC dot DC down 35 num_delete 0.328058958054
viola SNARC dot DC down 10 lctrl 0.521597862244
viola SNARC dot DC down 5 lctrl 0.362897157669
viola SNARC dot DC up 45 num_delete 0.407268047333
viola SNARC dot DC up 15 num_delete 0.403959989548
viola SNARC dot DC down 10 lctrl 0.385847806931
viola SNARC dot DC up 5 num_delete 0.335886955261
viola SNARC dot DC up 45 num_delete 0.429512023926
viola SNARC dot DC up 40 num_delete 0.336692810059
viola SNARC dot DC up 45 num_delete 0.39036488533
viola SNARC dot DC down 5 lctrl 0.453063011169
viola SNARC dot DC down 45 lctrl 0.510152816772
viola SNARC dot DC up 40 num_delete 0.372591018677
viola SNARC dot DC down 35 lctrl 0.345842123032
viola SNARC dot DC up 35 num_delete 0.296120882034
viola SNARC dot DC down 45 num_delete 0.391973018646
viola SNARC dot DC down 45 lctrl 0.667454004288
viola SNARC dot DC up 45 num_delete 0.403327941895
viola SNARC dot DC up 10 num_delete 0.481833219528
viola SNARC dot DC down 45 lctrl 0.393470048904
viola SNARC dot DC up 30 num_delete 0.430017948151
viola SNARC dot DC up 35 num_delete 0.353038072586
viola SNARC dot DC up 20 num_delete 0.352276086807
viola SNARC dot DC up 15 num_delete 0.295305013657
viola SNARC dot DC down 10 lctrl 0.747026920319
viola SNARC dot DC down 10 lctrl 0.56935095787
viola SNARC dot DC up 35 lctrl 0.333971977234
viola SNARC dot DC up 35 num_delete 0.492924928665
viola SNARC dot DC down 35 lctrl 0.381555080414
viola SNARC dot DC down 35 lctrl 0.514128923416
viola SNARC dot DC up 40 num_delete 0.360891103745
viola SNARC dot DC up 30 num_delete 0.335597991943
viola SNARC dot DC up 30 num_delete 0.470656871796
viola SNARC dot DC up 10 num_delete 0.30614900589
viola SNARC dot DC up 40 num_delete 0.369193792343
viola SNARC dot DC up 15 num_delete 0.319840908051
viola SNARC dot DC down 20 lctrl 0.656660079956
viola SNARC dot DC up 15 lctrl 0.371437072754
viola SNARC dot DC down 35 lctrl 0.791749000549
viola SNARC dot DC down 5 lctrl 0.596942901611
viola SNARC dot DC up 10 num_delete 0.362666845322
viola SNARC dot DC up 10 num_delete 0.530333995819
viola SNARC dot DC down 25 lctrl 0.529858112335
viola SNARC dot DC down 25 lctrl 0.497205972672
{'task': u'line', 'participant': u'viola', 'dateStr': u'09_22_1711', 'notation': u'arabic', 'response_buttons': u'DC', 'range_in_instr': True, 'interactive_setting': True, 'autopilot': False, 'exp_id': u'SNARC'}
viola SNARC arabic DC down 4 num_delete 1.0936050415
viola SNARC arabic DC down 5 lctrl 1.11951303482
viola SNARC arabic DC up 9 num_delete 0.478185892105
viola SNARC arabic DC down 1 lctrl 0.37742805481
viola SNARC arabic DC up 8 num_delete 0.400167942047
viola SNARC arabic DC down 4 lctrl 0.36616396904
viola SNARC arabic DC down 3 lctrl 0.366265058517
viola SNARC arabic DC down 4 lctrl 0.550507068634
viola SNARC arabic DC down 4 lctrl 0.398446083069
viola SNARC arabic DC up 4 num_delete 0.372626066208
viola SNARC arabic DC up 6 lctrl 0.404597997665
viola SNARC arabic DC up 8 num_delete 0.520884990692
viola SNARC arabic DC down 1 lctrl 0.394432067871
viola SNARC arabic DC up 9 lctrl 0.432771205902
viola SNARC arabic DC down 5 lctrl 0.710134029388
viola SNARC arabic DC down 2 lctrl 0.494992017746
viola SNARC arabic DC up 1 num_delete 0.440321922302
viola SNARC arabic DC down 2 lctrl 0.780971050262
viola SNARC arabic DC down 7 lctrl 0.427404165268
viola SNARC arabic DC down 4 lctrl 0.448268175125
viola SNARC arabic DC down 2 lctrl 0.492150068283
viola SNARC arabic DC down 3 lctrl 0.590065002441
viola SNARC arabic DC down 6 lctrl 0.46050286293
viola SNARC arabic DC down 9 lctrl 0.391455888748
viola SNARC arabic DC down 5 lctrl 0.365983963013
viola SNARC arabic DC up 8 num_delete 0.349560022354
viola SNARC arabic DC down 8 lctrl 0.3423640728
viola SNARC arabic DC down 3 lctrl 0.366770029068
viola SNARC arabic DC down 9 lctrl 0.35133600235
viola SNARC arabic DC down 6 lctrl 0.343337059021
viola SNARC arabic DC down 7 lctrl 0.400108098984
viola SNARC arabic DC down 3 lctrl 0.422759056091
viola SNARC arabic DC up 1 num_delete 0.427216053009
viola SNARC arabic DC up 1 num_delete 0.400262117386
viola SNARC arabic DC up 1 num_delete 0.3268699646
viola SNARC arabic DC up 7 lctrl 0.400177955627
viola SNARC arabic DC down 2 lctrl 0.550445079803
viola SNARC arabic DC down 2 lctrl 0.334702968597
viola SNARC arabic DC up 2 num_delete 0.511638879776
viola SNARC arabic DC up 1 num_delete 0.424947023392
viola SNARC arabic DC down 9 lctrl 0.414842844009
viola SNARC arabic DC down 3 lctrl 0.395735025406
viola SNARC arabic DC up 9 num_delete 0.530040025711
viola SNARC arabic DC down 7 lctrl 0.675024032593
viola SNARC arabic DC up 3 num_delete 0.500998973846
viola SNARC arabic DC up 1 num_delete 0.34338593483
viola SNARC arabic DC down 8 lctrl 0.568117141724
viola SNARC arabic DC down 7 lctrl 0.375156164169
viola SNARC arabic DC up 7 num_delete 0.366070985794
viola SNARC arabic DC down 6 lctrl 0.357918977737
viola SNARC arabic DC up 6 lctrl 0.366096019745
viola SNARC arabic DC up 1 num_delete 0.717576026917
viola SNARC arabic DC up 4 num_delete 0.382389068604
viola SNARC arabic DC down 6 lctrl 0.430280923843
viola SNARC arabic DC up 2 num_delete 0.434190988541
viola SNARC arabic DC up 7 num_delete 0.895456075668
viola SNARC arabic DC up 8 num_delete 0.880384922028
viola SNARC arabic DC up 1 num_delete 0.465597867966
viola SNARC arabic DC down 8 lctrl 0.493916988373
viola SNARC arabic DC up 5 num_delete 0.64776802063
viola SNARC arabic DC up 4 num_delete 0.667213201523
viola SNARC arabic DC up 4 num_delete 0.43007683754
viola SNARC arabic DC down 9 lctrl 0.411304950714
viola SNARC arabic DC up 4 num_delete 0.689023017883
viola SNARC arabic DC up 9 num_delete 0.426496982574
viola SNARC arabic DC up 6 num_delete 0.703347921371
viola SNARC arabic DC down 8 lctrl 0.464345216751
viola SNARC arabic DC up 6 num_delete 0.579661130905
viola SNARC arabic DC down 9 num_delete 0.338334083557
viola SNARC arabic DC down 4 lctrl 1.07490301132
viola SNARC arabic DC up 1 num_delete 0.523685216904
viola SNARC arabic DC up 8 num_delete 0.42053604126
viola SNARC arabic DC up 2 num_delete 0.417269945145
viola SNARC arabic DC up 2 num_delete 0.35889005661
viola SNARC arabic DC down 1 num_delete 0.343286037445
viola SNARC arabic DC down 7 lctrl 2.0719139576
viola SNARC arabic DC down 4 lctrl 0.422256946564
viola SNARC arabic DC up 3 num_delete 0.491257190704
viola SNARC arabic DC up 1 num_delete 0.469257116318
viola SNARC arabic DC down 5 lctrl 0.52837395668
viola SNARC arabic DC down 5 lctrl 0.681188106537
viola SNARC arabic DC up 9 num_delete 0.451000928879
viola SNARC arabic DC up 6 num_delete 0.535356998444
viola SNARC arabic DC down 1 lctrl 0.488219022751
viola SNARC arabic DC down 4 lctrl 0.418885946274
viola SNARC arabic DC down 6 lctrl 0.351868152618
viola SNARC arabic DC down 7 num_delete 0.360129833221
viola SNARC arabic DC up 2 num_delete 0.664710998535
viola SNARC arabic DC up 3 num_delete 0.451238870621
viola SNARC arabic DC up 5 num_delete 0.343415975571
viola SNARC arabic DC down 5 lctrl 0.392156124115
viola SNARC arabic DC up 1 num_delete 0.342378139496
viola SNARC arabic DC up 2 num_delete 0.462944984436
viola SNARC arabic DC up 3 num_delete 0.306750059128
viola SNARC arabic DC up 6 num_delete 0.356688022614
viola SNARC arabic DC down 4 lctrl 0.396706819534
viola SNARC arabic DC down 6 lctrl 0.418931007385
viola SNARC arabic DC down 6 lctrl 0.400062084198
viola SNARC arabic DC up 8 lctrl 0.335021972656
viola SNARC arabic DC down 4 lctrl 0.423832893372
viola SNARC arabic DC up 3 num_delete 0.516663074493
viola SNARC arabic DC down 3 lctrl 0.294262886047
viola SNARC arabic DC down 8 lctrl 0.392997026443
viola SNARC arabic DC down 2 num_delete 0.366998910904
viola SNARC arabic DC down 3 lctrl 0.407547950745
viola SNARC arabic DC down 3 lctrl 0.396705150604
viola SNARC arabic DC down 1 lctrl 0.667371988297
viola SNARC arabic DC up 2 num_delete 0.501858949661
viola SNARC arabic DC down 7 lctrl 0.352332115173
viola SNARC arabic DC down 6 lctrl 0.464200019836
viola SNARC arabic DC down 9 lctrl 0.332024097443
viola SNARC arabic DC down 6 lctrl 0.285097122192
viola SNARC arabic DC down 9 lctrl 0.320382118225
viola SNARC arabic DC up 4 num_delete 0.44163107872
viola SNARC arabic DC down 8 lctrl 0.350157976151
viola SNARC arabic DC down 6 lctrl 0.326858997345
viola SNARC arabic DC down 4 lctrl 0.391846895218
viola SNARC arabic DC up 6 lctrl 0.342139959335
viola SNARC arabic DC up 3 num_delete 0.486769914627
viola SNARC arabic DC down 8 lctrl 0.38535284996
viola SNARC arabic DC down 4 lctrl 0.456349134445
viola SNARC arabic DC up 8 lctrl 0.283513069153
viola SNARC arabic DC down 5 lctrl 0.863312959671
viola SNARC arabic DC up 7 lctrl 0.361485004425
viola SNARC arabic DC down 2 lctrl 0.394127130508
viola SNARC arabic DC up 7 num_delete 0.415714025497
viola SNARC arabic DC down 7 lctrl 0.381558895111
viola SNARC arabic DC down 7 lctrl 0.932809829712
viola SNARC arabic DC down 3 lctrl 1.5087761879
viola SNARC arabic DC up 2 num_delete 0.370244026184
viola SNARC arabic DC up 7 num_delete 0.433372020721
viola SNARC arabic DC up 5 num_delete 0.350267887115
viola SNARC arabic DC down 2 lctrl 0.37512922287
viola SNARC arabic DC up 9 num_delete 0.341934919357
viola SNARC arabic DC down 1 lctrl 0.294833183289
viola SNARC arabic DC down 2 lctrl 0.40154004097
viola SNARC arabic DC down 2 lctrl 0.39194893837
viola SNARC arabic DC up 6 lctrl 0.342272043228
viola SNARC arabic DC down 8 lctrl 0.823045015335
viola SNARC arabic DC up 8 num_delete 0.562385082245
viola SNARC arabic DC up 4 num_delete 0.361835002899
viola SNARC arabic DC up 7 num_delete 0.40954208374
viola SNARC arabic DC down 6 lctrl 0.487507820129
viola SNARC arabic DC up 7 num_delete 0.361484050751
viola SNARC arabic DC down 9 lctrl 0.273460149765
viola SNARC arabic DC up 3 lctrl 0.349095106125
viola SNARC arabic DC up 6 lctrl 0.277721166611
viola SNARC arabic DC up 8 num_delete 0.584537029266
viola SNARC arabic DC up 6 num_delete 0.399101018906
viola SNARC arabic DC up 2 num_delete 0.357522964478
viola SNARC arabic DC down 4 lctrl 0.509948968887
viola SNARC arabic DC up 9 num_delete 0.343052864075
viola SNARC arabic DC down 8 lctrl 0.319691181183
viola SNARC arabic DC up 1 num_delete 0.320816993713
viola SNARC arabic DC up 5 lctrl 0.226129055023
viola SNARC arabic DC up 5 num_delete 0.599781036377
viola SNARC arabic DC down 2 lctrl 0.421713829041
viola SNARC arabic DC up 6 num_delete 0.346648931503
viola SNARC arabic DC down 4 lctrl 0.811504840851
viola SNARC arabic DC up 3 num_delete 0.303595066071
viola SNARC arabic DC down 8 lctrl 0.450654983521
viola SNARC arabic DC down 4 lctrl 0.875131845474
viola SNARC arabic DC down 2 lctrl 0.37633895874
viola SNARC arabic DC down 9 lctrl 0.495662927628
viola SNARC arabic DC down 7 lctrl 0.330176115036
viola SNARC arabic DC down 2 lctrl 0.355137109756
viola SNARC arabic DC down 5 lctrl 0.378833055496
viola SNARC arabic DC down 2 lctrl 0.330090999603
viola SNARC arabic DC down 6 num_delete 0.483495950699
viola SNARC arabic DC down 9 lctrl 0.734148979187
viola SNARC arabic DC up 6 num_delete 0.517939090729
viola SNARC arabic DC up 4 lctrl 0.663721084595
viola SNARC arabic DC down 8 lctrl 0.778523206711
viola SNARC arabic DC down 5 lctrl 0.464553833008
viola SNARC arabic DC up 9 num_delete 0.371738195419
viola SNARC arabic DC down 9 lctrl 0.227113008499
viola SNARC arabic DC up 4 lctrl 0.344588041306
viola SNARC arabic DC up 2 num_delete 0.728864908218
viola SNARC arabic DC down 7 lctrl 0.32148194313
viola SNARC arabic DC up 1 num_delete 0.306478023529
viola SNARC arabic DC down 3 lctrl 0.36475110054
viola SNARC arabic DC down 9 lctrl 0.413119077682
viola SNARC arabic DC down 6 lctrl 0.4263651371
viola SNARC arabic DC down 4 lctrl 0.359183073044
viola SNARC arabic DC up 5 num_delete 0.56689119339
viola SNARC arabic DC up 3 num_delete 0.502119064331
viola SNARC arabic DC up 5 num_delete 0.352274894714
viola SNARC arabic DC up 3 num_delete 0.344198942184
viola SNARC arabic DC up 3 num_delete 0.296635866165
viola SNARC arabic DC up 1 num_delete 0.315322160721
viola SNARC arabic DC up 8 lctrl 0.373200178146
viola SNARC arabic DC up 7 num_delete 0.732579946518
viola SNARC arabic DC up 4 num_delete 2.64457011223
viola SNARC arabic DC down 7 lctrl 0.466713905334
viola SNARC arabic DC down 1 num_delete 0.621714830399
viola SNARC arabic DC up 5 num_delete 2.0900080204
viola SNARC arabic DC down 2 lctrl 1.12791800499
viola SNARC arabic DC up 4 num_delete 0.542355060577
viola SNARC arabic DC up 9 num_delete 0.574352025986
viola SNARC arabic DC down 9 num_delete 0.469145059586
viola SNARC arabic DC down 1 lctrl 0.79279589653
viola SNARC arabic DC up 2 num_delete 1.0939078331
viola SNARC arabic DC down 3 num_delete 0.422045946121
viola SNARC arabic DC down 2 lctrl 0.516136884689
viola SNARC arabic DC up 9 num_delete 0.492579936981
viola SNARC arabic DC down 5 lctrl 0.391235113144
viola SNARC arabic DC up 8 num_delete 0.381093025208
viola SNARC arabic DC down 6 lctrl 0.372317075729
viola SNARC arabic DC up 8 num_delete 0.339241027832
viola SNARC arabic DC down 6 lctrl 0.244796037674
viola SNARC arabic DC down 9 lctrl 0.993046045303
viola SNARC arabic DC down 5 lctrl 0.589488983154
viola SNARC arabic DC down 3 lctrl 0.475141048431
viola SNARC arabic DC up 8 num_delete 0.509801149368
viola SNARC arabic DC down 6 lctrl 0.415562868118
viola SNARC arabic DC up 4 num_delete 0.60514998436
viola SNARC arabic DC down 6 lctrl 0.330247163773
viola SNARC arabic DC down 9 lctrl 0.403826951981
viola SNARC arabic DC down 2 lctrl 0.401521921158
viola SNARC arabic DC down 7 lctrl 0.383781909943
viola SNARC arabic DC down 3 lctrl 0.735491037369
viola SNARC arabic DC down 7 lctrl 0.382900953293
viola SNARC arabic DC down 9 lctrl 0.326351165771
viola SNARC arabic DC down 2 lctrl 0.439452886581
viola SNARC arabic DC up 3 num_delete 0.475563049316
viola SNARC arabic DC up 8 num_delete 0.477905988693
viola SNARC arabic DC up 7 num_delete 0.400954008102
viola SNARC arabic DC down 9 lctrl 0.407731056213
viola SNARC arabic DC down 4 lctrl 0.381567001343
viola SNARC arabic DC up 7 num_delete 0.500147819519
viola SNARC arabic DC down 7 lctrl 0.534431934357
viola SNARC arabic DC down 3 num_delete 0.679385900497
viola SNARC arabic DC down 5 lctrl 0.497555017471
viola SNARC arabic DC down 5 lctrl 0.668431043625
viola SNARC arabic DC up 5 num_delete 1.3105199337
viola SNARC arabic DC down 3 lctrl 0.6216609478
viola SNARC arabic DC down 1 lctrl 0.433896064758
viola SNARC arabic DC down 8 lctrl 0.486934900284
viola SNARC arabic DC down 4 lctrl 0.345190048218
viola SNARC arabic DC down 2 lctrl 0.385572910309
viola SNARC arabic DC down 8 lctrl 0.416433811188
viola SNARC arabic DC up 7 num_delete 0.421816110611
viola SNARC arabic DC down 9 lctrl 0.458911895752
viola SNARC arabic DC up 1 num_delete 0.414191007614
viola SNARC arabic DC up 4 lctrl 0.500075101852
viola SNARC arabic DC down 1 lctrl 0.462192058563
viola SNARC arabic DC down 8 lctrl 0.497717857361
viola SNARC arabic DC up 7 num_delete 0.483654022217
viola SNARC arabic DC down 5 lctrl 0.54153418541
viola SNARC arabic DC down 7 num_delete 0.494457960129
viola SNARC arabic DC up 2 num_delete 0.688580989838
viola SNARC arabic DC up 2 num_delete 0.449994087219
viola SNARC arabic DC up 4 num_delete 0.366359949112
viola SNARC arabic DC up 4 num_delete 0.38209605217
viola SNARC arabic DC up 4 num_delete 0.332716226578
viola SNARC arabic DC up 1 num_delete 0.374507904053
viola SNARC arabic DC down 1 num_delete 0.389647006989
viola SNARC arabic DC up 6 num_delete 0.347814083099
viola SNARC arabic DC down 8 lctrl 0.397025108337
viola SNARC arabic DC up 4 num_delete 0.347230911255
viola SNARC arabic DC down 1 lctrl 0.356065988541
viola SNARC arabic DC down 5 lctrl 0.411910057068
viola SNARC arabic DC up 8 num_delete 0.329277992249
viola SNARC arabic DC down 5 lctrl 0.338712930679
viola SNARC arabic DC up 5 num_delete 0.307266950607
viola SNARC arabic DC up 9 num_delete 0.437263965607
viola SNARC arabic DC up 7 num_delete 0.47350692749
viola SNARC arabic DC up 8 num_delete 0.404365062714
viola SNARC arabic DC up 8 num_delete 0.330070972443
viola SNARC arabic DC up 7 num_delete 0.355313062668
viola SNARC arabic DC up 1 num_delete 0.355137825012
viola SNARC arabic DC up 3 num_delete 0.370949983597
viola SNARC arabic DC down 7 lctrl 0.426167964935
viola SNARC arabic DC down 2 lctrl 0.391376018524
viola SNARC arabic DC up 1 num_delete 0.389315128326
viola SNARC arabic DC up 5 num_delete 0.468052864075
viola SNARC arabic DC up 7 num_delete 0.487592935562
viola SNARC arabic DC up 9 num_delete 0.369355916977
viola SNARC arabic DC up 6 num_delete 0.344744920731
viola SNARC arabic DC down 9 lctrl 0.409691095352
viola SNARC arabic DC up 2 num_delete 0.399194002151
viola SNARC arabic DC down 3 lctrl 0.469202041626
viola SNARC arabic DC down 3 lctrl 0.448590040207
viola SNARC arabic DC down 3 lctrl 0.332965135574
viola SNARC arabic DC down 9 lctrl 0.318088054657
viola SNARC arabic DC down 1 lctrl 0.26420211792
viola SNARC arabic DC down 6 num_delete 0.37204003334
viola SNARC arabic DC down 9 lctrl 0.339560031891
viola SNARC arabic DC down 6 lctrl 0.388125896454
viola SNARC arabic DC down 4 lctrl 0.410593032837
viola SNARC arabic DC down 1 lctrl 0.479938983917
viola SNARC arabic DC up 6 num_delete 0.482900857925
viola SNARC arabic DC down 1 lctrl 0.573840856552
viola SNARC arabic DC down 9 lctrl 0.396802902222
viola SNARC arabic DC up 1 num_delete 0.474555015564
viola SNARC arabic DC up 2 lctrl 0.373739004135
viola SNARC arabic DC up 3 num_delete 0.460593938828
viola SNARC arabic DC up 6 num_delete 0.335755109787
viola SNARC arabic DC up 7 num_delete 0.36859703064
viola SNARC arabic DC down 5 lctrl 0.536736965179
viola SNARC arabic DC down 9 lctrl 0.360826969147
viola SNARC arabic DC down 3 lctrl 0.416594982147
viola SNARC arabic DC up 9 num_delete 0.518121957779
viola SNARC arabic DC down 1 lctrl 0.368661880493
viola SNARC arabic DC up 2 lctrl 0.359461069107
viola SNARC arabic DC up 8 num_delete 0.527221918106
viola SNARC arabic DC up 1 num_delete 0.375803947449
viola SNARC arabic DC down 7 num_delete 0.486983060837
viola SNARC arabic DC up 8 num_delete 0.305027008057
viola SNARC arabic DC up 3 num_delete 0.411145210266
viola SNARC arabic DC down 1 lctrl 0.473088979721
viola SNARC arabic DC down 4 lctrl 0.404414176941
viola SNARC arabic DC down 8 lctrl 0.450666904449
viola SNARC arabic DC up 1 num_delete 0.57345199585
viola SNARC arabic DC down 5 lctrl 1.98837900162
viola SNARC arabic DC up 9 num_delete 0.694496870041
viola SNARC arabic DC down 7 lctrl 0.344102859497
viola SNARC arabic DC down 6 lctrl 0.432626008987
viola SNARC arabic DC up 5 num_delete 0.445465087891
viola SNARC arabic DC up 5 num_delete 1.00177097321
viola SNARC arabic DC down 3 lctrl 0.382584810257
viola SNARC arabic DC down 8 lctrl 0.381409883499
viola SNARC arabic DC up 7 num_delete 0.420360803604
viola SNARC arabic DC down 8 lctrl 0.32173705101
viola SNARC arabic DC up 9 lctrl 0.426929950714
viola SNARC arabic DC up 8 num_delete 0.503650903702
viola SNARC arabic DC up 8 num_delete 0.425050020218
viola SNARC arabic DC down 4 lctrl 0.414361000061
viola SNARC arabic DC down 5 lctrl 0.396731853485
viola SNARC arabic DC down 7 lctrl 0.458672046661
viola SNARC arabic DC down 9 lctrl 0.373996973038
viola SNARC arabic DC up 8 num_delete 0.428805828094
viola SNARC arabic DC down 6 lctrl 0.426717042923
viola SNARC arabic DC up 2 lctrl 0.375097036362
viola SNARC arabic DC up 1 num_delete 0.462038993835
viola SNARC arabic DC down 3 lctrl 0.401923894882
viola SNARC arabic DC up 3 num_delete 0.360191106796
viola SNARC arabic DC down 5 lctrl 0.561285972595
viola SNARC arabic DC down 5 lctrl 0.487552165985
viola SNARC arabic DC down 6 lctrl 0.457730054855
viola SNARC arabic DC up 5 num_delete 0.404809951782
viola SNARC arabic DC up 7 num_delete 0.378541946411
viola SNARC arabic DC up 5 num_delete 0.337981939316
viola SNARC arabic DC down 2 lctrl 0.626286029816
viola SNARC arabic DC up 4 num_delete 1.43867993355
viola SNARC arabic DC down 1 lctrl 0.409478187561
viola SNARC arabic DC down 5 lctrl 0.454401016235
viola SNARC arabic DC up 5 num_delete 0.37788105011
viola SNARC arabic DC up 6 num_delete 0.401256084442
viola SNARC arabic DC down 2 lctrl 0.461177110672
viola SNARC arabic DC down 2 lctrl 0.402981042862
viola SNARC arabic DC up 5 lctrl 0.344753980637
viola SNARC arabic DC down 9 lctrl 0.385320901871
viola SNARC arabic DC up 4 num_delete 0.384313106537
viola SNARC arabic DC up 5 num_delete 0.375566005707
viola SNARC arabic DC up 3 num_delete 0.422435998917
viola SNARC arabic DC up 3 num_delete 0.40327501297
viola SNARC arabic DC up 7 num_delete 0.393409013748
viola SNARC arabic DC down 6 lctrl 0.39991402626
viola SNARC arabic DC down 3 lctrl 0.798335075378
{'task': u'line', 'participant': u'viola', 'dateStr': u'09_22_1720', 'notation': u'dot', 'response_buttons': u'CD', 'range_in_instr': True, 'interactive_setting': True, 'autopilot': False, 'exp_id': u'SNARC'}
viola SNARC dot CD up 15 lctrl 3.02573895454
viola SNARC dot CD down 20 num_delete 0.510766029358
viola SNARC dot CD down 20 num_delete 0.895439147949
viola SNARC dot CD down 15 num_delete 0.335839033127
viola SNARC dot CD up 40 lctrl 0.526211977005
viola SNARC dot CD down 25 num_delete 0.461045980453
viola SNARC dot CD down 20 num_delete 0.415230989456
viola SNARC dot CD up 40 lctrl 0.451516151428
viola SNARC dot CD down 15 num_delete 0.414958953857
viola SNARC dot CD up 30 lctrl 0.363847970963
viola SNARC dot CD up 25 lctrl 0.370085954666
viola SNARC dot CD down 5 num_delete 0.384928941727
viola SNARC dot CD up 5 lctrl 0.336328029633
viola SNARC dot CD down 15 num_delete 0.447955846786
viola SNARC dot CD up 5 lctrl 0.260633945465
viola SNARC dot CD down 45 num_delete 0.325381040573
viola SNARC dot CD down 10 lctrl 0.470889806747
viola SNARC dot CD down 25 num_delete 0.368225097656
viola SNARC dot CD up 5 lctrl 0.4564640522
viola SNARC dot CD up 45 lctrl 0.488896131516
viola SNARC dot CD down 45 num_delete 0.543844938278
viola SNARC dot CD up 45 lctrl 0.293146848679
viola SNARC dot CD up 20 lctrl 0.46350812912
viola SNARC dot CD down 45 num_delete 0.384134054184
viola SNARC dot CD up 20 lctrl 0.406985998154
viola SNARC dot CD down 10 num_delete 0.364019155502
viola SNARC dot CD down 45 num_delete 0.616744995117
viola SNARC dot CD up 40 lctrl 0.412098884583
viola SNARC dot CD up 35 lctrl 0.456241846085
viola SNARC dot CD down 15 num_delete 0.362250089645
viola SNARC dot CD down 35 num_delete 0.32736992836
viola SNARC dot CD up 15 lctrl 0.448451042175
viola SNARC dot CD down 15 num_delete 0.308063030243
viola SNARC dot CD up 10 lctrl 0.510123968124
viola SNARC dot CD up 10 lctrl 0.447788953781
viola SNARC dot CD up 15 lctrl 0.419177055359
viola SNARC dot CD down 20 lctrl 0.303470134735
viola SNARC dot CD down 5 num_delete 0.393285989761
viola SNARC dot CD up 25 lctrl 0.358477115631
viola SNARC dot CD up 35 lctrl 0.388007164001
viola SNARC dot CD down 40 num_delete 0.456130027771
viola SNARC dot CD up 35 lctrl 0.289949893951
viola SNARC dot CD up 30 lctrl 0.386986017227
viola SNARC dot CD down 45 num_delete 0.422340869904
viola SNARC dot CD down 30 num_delete 0.378029823303
viola SNARC dot CD up 35 lctrl 0.351243019104
viola SNARC dot CD up 40 lctrl 0.41415309906
viola SNARC dot CD up 25 lctrl 0.386093139648
viola SNARC dot CD up 5 lctrl 0.384467840195
viola SNARC dot CD down 40 num_delete 0.413091897964
viola SNARC dot CD down 10 num_delete 0.379040002823
viola SNARC dot CD up 15 num_delete 0.304954051971
viola SNARC dot CD down 15 num_delete 0.450605154037
viola SNARC dot CD down 35 num_delete 0.404698848724
viola SNARC dot CD down 10 num_delete 0.378452062607
viola SNARC dot CD down 20 num_delete 0.352787017822
viola SNARC dot CD down 45 num_delete 0.429762840271
viola SNARC dot CD down 40 num_delete 0.336521863937
viola SNARC dot CD down 25 num_delete 0.327800989151
viola SNARC dot CD up 20 lctrl 0.393201828003
viola SNARC dot CD up 15 lctrl 0.87015414238
viola SNARC dot CD up 5 lctrl 0.384213924408
viola SNARC dot CD up 20 lctrl 0.517912864685
viola SNARC dot CD up 40 lctrl 0.36550784111
viola SNARC dot CD up 45 lctrl 0.41032910347
viola SNARC dot CD up 10 lctrl 0.336368083954
viola SNARC dot CD up 45 lctrl 0.285887002945
viola SNARC dot CD down 30 num_delete 0.486966848373
viola SNARC dot CD down 15 num_delete 0.320412874222
viola SNARC dot CD down 10 num_delete 0.361680030823
viola SNARC dot CD up 30 lctrl 0.400135040283
viola SNARC dot CD down 20 num_delete 0.365896940231
viola SNARC dot CD down 45 num_delete 0.555466175079
viola SNARC dot CD down 25 num_delete 0.480647802353
viola SNARC dot CD up 15 lctrl 0.490938901901
viola SNARC dot CD up 40 lctrl 0.395236968994
viola SNARC dot CD down 40 num_delete 0.40674495697
viola SNARC dot CD up 15 lctrl 0.324125766754
viola SNARC dot CD up 20 lctrl 0.452802181244
viola SNARC dot CD down 40 num_delete 0.381920099258
viola SNARC dot CD up 40 lctrl 1.04299402237
viola SNARC dot CD up 25 lctrl 0.451827049255
viola SNARC dot CD up 10 lctrl 0.352125883102
viola SNARC dot CD up 35 lctrl 0.310052156448
viola SNARC dot CD down 35 num_delete 0.429652929306
viola SNARC dot CD down 25 num_delete 0.393343925476
viola SNARC dot CD down 40 num_delete 0.445451021194
viola SNARC dot CD up 15 num_delete 0.329079866409
viola SNARC dot CD up 40 lctrl 0.840480089188
viola SNARC dot CD down 30 num_delete 0.409845113754
viola SNARC dot CD down 45 num_delete 0.396414995193
viola SNARC dot CD up 30 lctrl 0.321995019913
viola SNARC dot CD down 20 lctrl 0.306543827057
viola SNARC dot CD up 25 lctrl 0.346868991852
viola SNARC dot CD up 30 lctrl 0.562069892883
viola SNARC dot CD down 30 num_delete 0.679698944092
viola SNARC dot CD down 15 num_delete 0.321205854416
viola SNARC dot CD down 40 num_delete 0.384350061417
viola SNARC dot CD up 25 lctrl 0.382174968719
viola SNARC dot CD up 35 lctrl 0.403383016586
viola SNARC dot CD down 5 num_delete 0.456781864166
viola SNARC dot CD up 15 lctrl 0.363950014114
viola SNARC dot CD up 5 lctrl 0.372201919556
viola SNARC dot CD up 30 lctrl 0.449351072311
viola SNARC dot CD up 15 lctrl 0.325520992279
viola SNARC dot CD up 20 lctrl 0.381551027298
viola SNARC dot CD up 45 lctrl 0.361816883087
viola SNARC dot CD down 45 num_delete 0.39823102951
viola SNARC dot CD down 40 num_delete 0.386831998825
viola SNARC dot CD up 5 lctrl 0.337631940842
viola SNARC dot CD down 5 num_delete 0.361963033676
viola SNARC dot CD up 20 lctrl 0.321375846863
viola SNARC dot CD down 30 lctrl 0.393038988113
viola SNARC dot CD up 5 lctrl 0.431413888931
viola SNARC dot CD up 45 lctrl 0.449458122253
viola SNARC dot CD up 25 lctrl 0.412473917007
viola SNARC dot CD down 25 num_delete 0.464592933655
viola SNARC dot CD down 40 num_delete 0.410555124283
viola SNARC dot CD up 5 lctrl 0.376693964005
viola SNARC dot CD up 15 lctrl 0.40701508522
viola SNARC dot CD down 15 num_delete 0.452039003372
viola SNARC dot CD down 10 num_delete 0.392634153366
viola SNARC dot CD down 15 num_delete 0.365783929825
viola SNARC dot CD down 30 num_delete 0.356226921082
viola SNARC dot CD up 35 lctrl 0.393992185593
viola SNARC dot CD down 5 num_delete 0.296197891235
viola SNARC dot CD up 20 lctrl 0.387110948563
viola SNARC dot CD up 35 lctrl 0.518820047379
viola SNARC dot CD down 5 num_delete 0.432010889053
viola SNARC dot CD up 35 lctrl 0.507612943649
viola SNARC dot CD down 45 num_delete 0.481199979782
viola SNARC dot CD down 40 num_delete 0.370021104813
viola SNARC dot CD up 10 lctrl 0.809368848801
viola SNARC dot CD up 15 lctrl 0.357908964157
viola SNARC dot CD down 30 num_delete 0.331255912781
viola SNARC dot CD down 30 num_delete 0.34715795517
viola SNARC dot CD down 35 lctrl 0.329804897308
viola SNARC dot CD up 20 lctrl 0.30645608902
viola SNARC dot CD up 45 lctrl 0.384963989258
viola SNARC dot CD down 5 num_delete 0.352413892746
viola SNARC dot CD down 35 num_delete 0.398003101349
viola SNARC dot CD down 20 num_delete 0.419860839844
viola SNARC dot CD down 30 num_delete 0.439139842987
viola SNARC dot CD up 20 lctrl 0.451146125793
viola SNARC dot CD up 35 lctrl 0.373224973679
viola SNARC dot CD down 30 num_delete 0.474777936935
viola SNARC dot CD up 5 num_delete 0.405569076538
viola SNARC dot CD up 40 lctrl 0.441355228424
viola SNARC dot CD up 10 lctrl 0.285777807236
viola SNARC dot CD up 30 lctrl 0.286972045898
viola SNARC dot CD up 25 lctrl 0.424307107925
viola SNARC dot CD up 10 lctrl 0.38986992836
viola SNARC dot CD up 30 lctrl 0.338037967682
viola SNARC dot CD down 10 lctrl 0.35471701622
viola SNARC dot CD down 30 num_delete 0.425008058548
viola SNARC dot CD down 35 lctrl 0.451885223389
viola SNARC dot CD up 5 lctrl 0.440114021301
viola SNARC dot CD up 35 lctrl 0.474841117859
viola SNARC dot CD down 25 num_delete 0.403554916382
viola SNARC dot CD up 45 lctrl 0.43071603775
viola SNARC dot CD up 35 lctrl 0.377252101898
viola SNARC dot CD up 10 lctrl 0.352745056152
viola SNARC dot CD up 45 lctrl 0.309551000595
viola SNARC dot CD up 40 lctrl 0.373518943787
viola SNARC dot CD down 5 num_delete 0.388548851013
viola SNARC dot CD down 25 num_delete 0.433264017105
viola SNARC dot CD up 40 lctrl 0.356288194656
viola SNARC dot CD down 10 num_delete 0.500146150589
viola SNARC dot CD up 25 num_delete 0.380810022354
viola SNARC dot CD up 10 lctrl 0.916387081146
viola SNARC dot CD down 45 num_delete 0.329217910767
viola SNARC dot CD up 45 lctrl 0.343852996826
viola SNARC dot CD down 20 num_delete 0.327702999115
viola SNARC dot CD down 10 num_delete 0.464883089066
viola SNARC dot CD up 5 lctrl 0.404611110687
viola SNARC dot CD up 35 lctrl 0.46416592598
viola SNARC dot CD down 15 num_delete 0.426522016525
viola SNARC dot CD down 15 num_delete 0.726938962936
viola SNARC dot CD down 35 num_delete 0.772768974304
viola SNARC dot CD up 40 lctrl 0.648885011673
viola SNARC dot CD down 5 num_delete 0.353708982468
viola SNARC dot CD down 10 num_delete 0.499558925629
viola SNARC dot CD down 45 num_delete 0.387234926224
viola SNARC dot CD down 45 num_delete 0.399291038513
viola SNARC dot CD up 45 num_delete 0.38636302948
viola SNARC dot CD up 15 lctrl 0.768465042114
viola SNARC dot CD down 40 num_delete 0.308330059052
viola SNARC dot CD up 20 lctrl 0.334264039993
viola SNARC dot CD down 45 num_delete 0.300266027451
viola SNARC dot CD down 40 num_delete 0.396919965744
viola SNARC dot CD up 30 lctrl 0.394181966782
viola SNARC dot CD down 25 num_delete 0.366976976395
viola SNARC dot CD up 20 lctrl 0.350092887878
viola SNARC dot CD up 10 lctrl 0.43105006218
viola SNARC dot CD down 25 lctrl 0.450896024704
viola SNARC dot CD up 40 lctrl 0.380555152893
viola SNARC dot CD down 30 num_delete 0.410063028336
viola SNARC dot CD up 15 lctrl 0.351202011108
viola SNARC dot CD up 40 lctrl 0.357578992844
viola SNARC dot CD down 35 num_delete 0.386955976486
viola SNARC dot CD down 35 num_delete 0.391197919846
viola SNARC dot CD down 45 num_delete 0.362838029861
viola SNARC dot CD up 25 lctrl 0.385603904724
viola SNARC dot CD down 10 num_delete 0.327824115753
viola SNARC dot CD down 35 num_delete 0.374895095825
viola SNARC dot CD up 40 lctrl 0.324116945267
viola SNARC dot CD up 15 lctrl 0.484799861908
viola SNARC dot CD up 5 lctrl 0.391454935074
viola SNARC dot CD down 5 lctrl 0.31790804863
viola SNARC dot CD down 15 num_delete 0.447207927704
viola SNARC dot CD down 30 num_delete 0.353898048401
viola SNARC dot CD up 10 lctrl 0.329920053482
viola SNARC dot CD down 35 num_delete 0.352926015854
viola SNARC dot CD up 45 lctrl 0.342149972916
viola SNARC dot CD down 5 num_delete 0.335031032562
viola SNARC dot CD down 10 num_delete 0.327882051468
viola SNARC dot CD up 25 lctrl 0.375948905945
viola SNARC dot CD up 25 lctrl 0.445966005325
viola SNARC dot CD down 25 num_delete 0.3282289505
viola SNARC dot CD down 25 num_delete 0.440059900284
viola SNARC dot CD up 35 lctrl 0.306511878967
viola SNARC dot CD down 15 num_delete 0.355463981628
viola SNARC dot CD up 5 lctrl 0.339501857758
viola SNARC dot CD up 10 lctrl 0.676822900772
viola SNARC dot CD down 15 num_delete 0.38147521019
viola SNARC dot CD up 15 lctrl 0.323662042618
viola SNARC dot CD up 30 lctrl 0.508301973343
viola SNARC dot CD up 35 lctrl 0.41919708252
viola SNARC dot CD up 35 lctrl 0.36585688591
viola SNARC dot CD up 40 lctrl 0.339699983597
viola SNARC dot CD down 45 lctrl 0.305309057236
viola SNARC dot CD down 40 num_delete 0.384840011597
viola SNARC dot CD up 45 lctrl 0.301378011703
viola SNARC dot CD up 10 lctrl 0.560242891312
viola SNARC dot CD down 35 num_delete 0.332980871201
viola SNARC dot CD down 45 num_delete 0.37132692337
viola SNARC dot CD down 45 num_delete 0.287691831589
viola SNARC dot CD down 30 num_delete 0.38511300087
viola SNARC dot CD down 5 num_delete 0.368378162384
viola SNARC dot CD up 35 lctrl 0.390798807144
viola SNARC dot CD up 35 lctrl 0.746283054352
viola SNARC dot CD down 25 num_delete 0.344111919403
viola SNARC dot CD up 10 lctrl 0.281008958817
viola SNARC dot CD down 5 num_delete 0.300194978714
viola SNARC dot CD down 25 num_delete 0.317440032959
viola SNARC dot CD down 20 num_delete 0.44674706459
viola SNARC dot CD up 30 lctrl 0.45788192749
viola SNARC dot CD up 35 num_delete 0.338978052139
viola SNARC dot CD up 35 lctrl 0.393639802933
viola SNARC dot CD down 15 num_delete 0.383655071259
viola SNARC dot CD up 35 lctrl 0.372298002243
viola SNARC dot CD down 5 num_delete 0.371098995209
viola SNARC dot CD up 20 lctrl 0.369902849197
viola SNARC dot CD up 5 lctrl 0.369703054428
viola SNARC dot CD up 45 lctrl 0.41311788559
viola SNARC dot CD down 20 num_delete 0.586675167084
viola SNARC dot CD up 35 lctrl 0.341464996338
viola SNARC dot CD up 30 lctrl 0.405200958252
viola SNARC dot CD down 40 num_delete 0.488345861435
viola SNARC dot CD up 10 lctrl 0.395050048828
viola SNARC dot CD down 15 num_delete 0.480010032654
viola SNARC dot CD down 25 num_delete 0.377707958221
viola SNARC dot CD down 15 num_delete 0.407649993896
viola SNARC dot CD down 10 num_delete 0.597918987274
viola SNARC dot CD down 30 num_delete 0.394143104553
viola SNARC dot CD down 10 num_delete 0.344779968262
viola SNARC dot CD down 5 num_delete 0.273051977158
viola SNARC dot CD down 25 num_delete 0.307172060013
viola SNARC dot CD down 30 num_delete 0.259748935699
viola SNARC dot CD down 45 num_delete 0.293054819107
viola SNARC dot CD up 10 lctrl 0.440103054047
viola SNARC dot CD up 35 num_delete 0.273784160614
viola SNARC dot CD up 5 lctrl 0.549737930298
viola SNARC dot CD up 40 lctrl 0.627445936203
viola SNARC dot CD down 30 num_delete 0.390101194382
viola SNARC dot CD down 30 num_delete 0.371121168137
viola SNARC dot CD down 30 num_delete 0.35270190239
viola SNARC dot CD up 30 lctrl 0.447444915771
viola SNARC dot CD up 20 lctrl 0.498697042465
viola SNARC dot CD down 20 num_delete 0.427879095078
viola SNARC dot CD up 20 lctrl 0.417196035385
viola SNARC dot CD down 20 num_delete 0.485423088074
viola SNARC dot CD up 20 lctrl 0.46408700943
viola SNARC dot CD down 5 num_delete 0.33106803894
viola SNARC dot CD down 20 num_delete 0.348003149033
viola SNARC dot CD down 15 num_delete 0.403990983963
viola SNARC dot CD up 15 num_delete 0.328523874283
viola SNARC dot CD up 20 lctrl 0.449424028397
viola SNARC dot CD down 5 num_delete 0.397405147552
viola SNARC dot CD up 10 lctrl 0.339771032333
viola SNARC dot CD up 35 lctrl 0.450448989868
viola SNARC dot CD down 45 num_delete 0.459485054016
viola SNARC dot CD down 25 num_delete 0.501685857773
viola SNARC dot CD down 45 num_delete 0.380733966827
viola SNARC dot CD up 5 lctrl 0.500381946564
viola SNARC dot CD up 35 lctrl 0.644164085388
viola SNARC dot CD down 25 num_delete 0.390237092972
viola SNARC dot CD up 10 lctrl 0.292699098587
viola SNARC dot CD down 5 num_delete 0.31147813797
viola SNARC dot CD up 20 lctrl 0.433032989502
viola SNARC dot CD down 5 num_delete 0.325788021088
viola SNARC dot CD down 25 lctrl 0.246466875076
viola SNARC dot CD up 20 lctrl 0.353708982468
viola SNARC dot CD down 25 num_delete 0.327891111374
viola SNARC dot CD up 35 lctrl 0.35139799118
viola SNARC dot CD down 40 num_delete 0.325670957565
viola SNARC dot CD down 30 num_delete 0.469674825668
viola SNARC dot CD down 20 num_delete 0.407788991928
viola SNARC dot CD up 35 lctrl 0.684060096741
viola SNARC dot CD up 25 lctrl 0.50826215744
viola SNARC dot CD up 40 lctrl 0.404607057571
viola SNARC dot CD down 10 num_delete 0.449048995972
viola SNARC dot CD down 15 num_delete 0.588490962982
viola SNARC dot CD up 25 lctrl 0.401072025299
viola SNARC dot CD down 15 num_delete 0.526705026627
viola SNARC dot CD down 30 num_delete 0.46190905571
viola SNARC dot CD down 20 num_delete 0.456732034683
viola SNARC dot CD down 20 num_delete 0.443508148193
viola SNARC dot CD up 30 lctrl 0.535134077072
viola SNARC dot CD down 5 lctrl 0.447511196136
viola SNARC dot CD down 40 num_delete 0.761122941971
viola SNARC dot CD down 35 num_delete 0.397415876389
viola SNARC dot CD down 15 num_delete 0.387346982956
viola SNARC dot CD up 45 lctrl 0.430816173553
viola SNARC dot CD up 10 lctrl 0.443799972534
viola SNARC dot CD down 10 num_delete 0.376365184784
viola SNARC dot CD down 5 num_delete 0.383377790451
viola SNARC dot CD up 30 lctrl 0.372760057449
viola SNARC dot CD down 10 num_delete 0.420054912567
viola SNARC dot CD up 40 lctrl 0.863564014435
viola SNARC dot CD up 25 lctrl 0.432410955429
viola SNARC dot CD down 40 num_delete 0.330444097519
viola SNARC dot CD down 25 num_delete 0.466462850571
viola SNARC dot CD up 40 lctrl 0.291987895966
viola SNARC dot CD up 25 lctrl 0.445891141891
viola SNARC dot CD down 45 num_delete 0.278536081314
viola SNARC dot CD up 20 lctrl 0.329551935196
viola SNARC dot CD up 5 lctrl 0.395020008087
viola SNARC dot CD up 40 lctrl 0.335119962692
viola SNARC dot CD up 10 lctrl 0.5044901371
viola SNARC dot CD down 45 num_delete 0.686403036118
viola SNARC dot CD up 10 lctrl 0.320472955704
viola SNARC dot CD up 10 lctrl 0.353901147842
viola SNARC dot CD down 15 num_delete 0.368592023849
viola SNARC dot CD down 45 num_delete 0.445472002029
viola SNARC dot CD down 30 num_delete 0.439970016479
viola SNARC dot CD down 30 num_delete 0.371078968048
viola SNARC dot CD up 25 lctrl 0.345345973969
viola SNARC dot CD up 20 lctrl 0.409243106842
viola SNARC dot CD down 30 lctrl 0.373001098633
viola SNARC dot CD down 25 num_delete 0.426820039749
viola SNARC dot CD up 25 lctrl 0.526486158371
viola SNARC dot CD down 40 num_delete 0.316899061203
viola SNARC dot CD down 30 num_delete 0.45356297493
viola SNARC dot CD up 5 lctrl 0.43326997757
viola SNARC dot CD down 20 num_delete 0.533816099167
viola SNARC dot CD down 40 num_delete 0.395803928375
viola SNARC dot CD down 45 num_delete 0.479379892349
viola SNARC dot CD down 20 lctrl 0.43418097496
viola SNARC dot CD down 10 num_delete 0.598508119583
{'task': u'line', 'participant': u'viola', 'dateStr': u'09_22_1729', 'notation': u'arabic', 'response_buttons': u'CD', 'range_in_instr': True, 'interactive_setting': True, 'autopilot': False, 'exp_id': u'SNARC'}
viola SNARC arabic CD up 2 lctrl 1.63868808746
viola SNARC arabic CD down 1 lctrl 0.400060892105
viola SNARC arabic CD down 2 num_delete 0.413972139359
viola SNARC arabic CD up 8 lctrl 0.380280971527
viola SNARC arabic CD up 9 lctrl 0.563705921173
viola SNARC arabic CD up 9 lctrl 0.33859705925
viola SNARC arabic CD up 3 lctrl 0.371186971664
viola SNARC arabic CD down 2 num_delete 0.361883878708
viola SNARC arabic CD down 9 num_delete 0.441936016083
viola SNARC arabic CD down 3 num_delete 0.558219194412
viola SNARC arabic CD up 4 lctrl 0.884135961533
viola SNARC arabic CD down 5 num_delete 0.43094086647
viola SNARC arabic CD up 6 lctrl 0.492443084717
viola SNARC arabic CD up 8 lctrl 0.43843793869
viola SNARC arabic CD down 2 num_delete 0.410420894623
viola SNARC arabic CD down 8 num_delete 0.400082111359
viola SNARC arabic CD down 2 num_delete 0.342493057251
viola SNARC arabic CD down 1 num_delete 0.358481168747
viola SNARC arabic CD up 6 lctrl 0.399285078049
viola SNARC arabic CD up 1 lctrl 0.477689027786
viola SNARC arabic CD down 7 num_delete 0.416208028793
viola SNARC arabic CD up 2 lctrl 0.36629486084
viola SNARC arabic CD up 7 lctrl 0.397823095322
viola SNARC arabic CD down 5 num_delete 0.380156993866
viola SNARC arabic CD up 7 lctrl 0.428208112717
viola SNARC arabic CD up 8 lctrl 0.400449991226
viola SNARC arabic CD up 9 lctrl 0.367037057877
viola SNARC arabic CD up 1 lctrl 0.375086069107
viola SNARC arabic CD down 6 num_delete 0.381511926651
viola SNARC arabic CD up 8 lctrl 0.32506108284
viola SNARC arabic CD up 7 lctrl 0.262129068375
viola SNARC arabic CD up 8 lctrl 0.426266908646
viola SNARC arabic CD down 2 num_delete 0.423348903656
viola SNARC arabic CD down 3 num_delete 0.404404163361
viola SNARC arabic CD up 4 lctrl 0.418257951736
viola SNARC arabic CD up 3 lctrl 0.384004831314
viola SNARC arabic CD up 9 lctrl 0.415232896805
viola SNARC arabic CD up 2 lctrl 0.357450008392
viola SNARC arabic CD up 7 lctrl 0.70100903511
viola SNARC arabic CD down 3 num_delete 0.373914003372
viola SNARC arabic CD down 2 num_delete 0.357213020325
viola SNARC arabic CD up 5 lctrl 0.373231887817
viola SNARC arabic CD down 5 num_delete 0.388202905655
viola SNARC arabic CD down 4 num_delete 0.426445960999
viola SNARC arabic CD up 9 lctrl 0.343804121017
viola SNARC arabic CD up 8 lctrl 0.800424814224
viola SNARC arabic CD up 3 lctrl 0.389626026154
viola SNARC arabic CD down 9 num_delete 0.443843126297
viola SNARC arabic CD down 1 num_delete 0.480107069016
viola SNARC arabic CD up 4 lctrl 0.36336016655
viola SNARC arabic CD down 5 num_delete 0.346746921539
viola SNARC arabic CD down 3 num_delete 0.475301027298
viola SNARC arabic CD up 9 lctrl 0.382342100143
viola SNARC arabic CD up 1 lctrl 0.429576158524
viola SNARC arabic CD down 8 num_delete 0.402427911758
viola SNARC arabic CD down 6 num_delete 0.455760002136
viola SNARC arabic CD down 8 num_delete 0.483030080795
viola SNARC arabic CD up 3 lctrl 0.398569107056
viola SNARC arabic CD up 2 lctrl 0.412941932678
viola SNARC arabic CD up 9 lctrl 0.386730909348
viola SNARC arabic CD up 6 lctrl 0.36194896698
viola SNARC arabic CD down 2 lctrl 0.385114908218
viola SNARC arabic CD up 2 lctrl 0.560194015503
viola SNARC arabic CD up 9 lctrl 0.463531017303
viola SNARC arabic CD down 8 num_delete 0.39460515976
viola SNARC arabic CD down 1 num_delete 0.505078077316
viola SNARC arabic CD down 6 num_delete 0.403095960617
viola SNARC arabic CD up 8 lctrl 0.464449882507
viola SNARC arabic CD up 5 num_delete 0.499798059464
viola SNARC arabic CD down 5 num_delete 0.573929071426
viola SNARC arabic CD down 8 num_delete 0.420436143875
viola SNARC arabic CD up 9 lctrl 0.473627090454
viola SNARC arabic CD up 2 lctrl 0.38040804863
viola SNARC arabic CD up 5 lctrl 0.483678102493
viola SNARC arabic CD down 1 num_delete 0.374217033386
viola SNARC arabic CD up 6 lctrl 0.357522964478
viola SNARC arabic CD down 6 num_delete 0.325202941895
viola SNARC arabic CD down 3 num_delete 0.414390802383
viola SNARC arabic CD up 7 lctrl 0.364381074905
viola SNARC arabic CD down 9 num_delete 0.372101068497
viola SNARC arabic CD down 2 num_delete 0.323215007782
viola SNARC arabic CD down 1 num_delete 0.468306064606
viola SNARC arabic CD up 3 lctrl 0.488923072815
viola SNARC arabic CD up 9 lctrl 0.553968191147
viola SNARC arabic CD down 1 lctrl 0.361737012863
viola SNARC arabic CD down 6 num_delete 0.721232175827
viola SNARC arabic CD up 2 lctrl 0.410144805908
viola SNARC arabic CD down 6 lctrl 0.407053947449
viola SNARC arabic CD down 1 num_delete 0.565202951431
viola SNARC arabic CD up 5 lctrl 0.708222866058
viola SNARC arabic CD down 9 num_delete 0.516836166382
viola SNARC arabic CD down 6 num_delete 0.413739204407
viola SNARC arabic CD up 9 lctrl 0.388084888458
viola SNARC arabic CD down 5 num_delete 0.450412988663
viola SNARC arabic CD up 4 lctrl 0.423213005066
viola SNARC arabic CD down 3 num_delete 0.339369058609
viola SNARC arabic CD up 7 lctrl 0.364167928696
viola SNARC arabic CD down 6 num_delete 0.348135948181
viola SNARC arabic CD down 3 num_delete 0.500451087952
viola SNARC arabic CD down 6 num_delete 0.327210187912
viola SNARC arabic CD down 5 num_delete 0.376094818115
viola SNARC arabic CD down 7 num_delete 0.326898097992
viola SNARC arabic CD up 7 lctrl 0.440711975098
viola SNARC arabic CD up 6 num_delete 0.236784934998
viola SNARC arabic CD up 9 lctrl 0.714606046677
viola SNARC arabic CD up 7 lctrl 0.418565034866
viola SNARC arabic CD down 8 num_delete 0.328091144562
viola SNARC arabic CD up 3 lctrl 0.329493999481
viola SNARC arabic CD up 7 lctrl 0.563481092453
viola SNARC arabic CD down 4 num_delete 0.8257188797
viola SNARC arabic CD down 9 num_delete 0.421589851379
viola SNARC arabic CD down 1 num_delete 0.538588047028
viola SNARC arabic CD down 3 num_delete 0.386674880981
viola SNARC arabic CD down 5 num_delete 0.360737085342
viola SNARC arabic CD down 1 num_delete 0.440783977509
viola SNARC arabic CD up 6 num_delete 0.333510160446
viola SNARC arabic CD down 8 num_delete 0.406466007233
viola SNARC arabic CD up 1 lctrl 0.380148172379
viola SNARC arabic CD down 5 num_delete 0.347294092178
viola SNARC arabic CD down 6 num_delete 0.379925012589
viola SNARC arabic CD up 4 lctrl 0.347365856171
viola SNARC arabic CD up 6 lctrl 0.411688089371
viola SNARC arabic CD up 1 lctrl 0.449606895447
viola SNARC arabic CD down 2 num_delete 0.429567813873
viola SNARC arabic CD up 9 lctrl 0.338668107986
viola SNARC arabic CD down 9 num_delete 0.307131052017
viola SNARC arabic CD up 6 lctrl 0.317381858826
viola SNARC arabic CD down 6 num_delete 0.511250019073
viola SNARC arabic CD down 4 num_delete 0.48046207428
viola SNARC arabic CD down 6 lctrl 0.419672012329
viola SNARC arabic CD up 7 lctrl 0.38471698761
viola SNARC arabic CD up 2 lctrl 0.375685930252
viola SNARC arabic CD up 8 lctrl 0.470769882202
viola SNARC arabic CD down 4 lctrl 0.377861976624
viola SNARC arabic CD down 7 num_delete 0.496696949005
viola SNARC arabic CD up 2 lctrl 0.404165029526
viola SNARC arabic CD up 3 lctrl 0.42479300499
viola SNARC arabic CD up 6 lctrl 0.421391963959
viola SNARC arabic CD up 9 lctrl 0.498559951782
viola SNARC arabic CD up 3 lctrl 0.50891494751
viola SNARC arabic CD down 6 num_delete 0.45393204689
viola SNARC arabic CD down 5 lctrl 0.425867080688
viola SNARC arabic CD up 4 lctrl 0.462833881378
viola SNARC arabic CD down 7 num_delete 0.394045114517
viola SNARC arabic CD up 1 lctrl 0.520967006683
viola SNARC arabic CD up 8 lctrl 0.489413976669
viola SNARC arabic CD down 7 num_delete 0.427675962448
viola SNARC arabic CD down 2 num_delete 0.488340139389
viola SNARC arabic CD down 7 num_delete 0.490406990051
viola SNARC arabic CD down 3 num_delete 0.396538972855
viola SNARC arabic CD down 7 num_delete 0.370908975601
viola SNARC arabic CD up 2 lctrl 0.38644194603
viola SNARC arabic CD up 3 lctrl 0.416816949844
viola SNARC arabic CD up 4 lctrl 1.91022896767
viola SNARC arabic CD down 7 num_delete 0.451260089874
viola SNARC arabic CD down 1 num_delete 1.9114151001
viola SNARC arabic CD down 2 num_delete 0.388532161713
viola SNARC arabic CD up 1 lctrl 0.38726401329
viola SNARC arabic CD down 9 num_delete 0.297307014465
viola SNARC arabic CD down 3 num_delete 0.379354953766
viola SNARC arabic CD down 5 num_delete 0.363913059235
viola SNARC arabic CD down 9 num_delete 0.339115858078
viola SNARC arabic CD up 4 lctrl 0.411973953247
viola SNARC arabic CD up 2 num_delete 0.521290063858
viola SNARC arabic CD down 4 num_delete 0.570065975189
viola SNARC arabic CD up 4 num_delete 0.424499034882
viola SNARC arabic CD down 6 num_delete 1.02970695496
viola SNARC arabic CD up 7 lctrl 0.393004894257
viola SNARC arabic CD down 7 num_delete 0.479181051254
viola SNARC arabic CD up 6 lctrl 0.410434007645
viola SNARC arabic CD down 5 num_delete 0.38341999054
viola SNARC arabic CD down 2 num_delete 0.455163955688
viola SNARC arabic CD down 6 lctrl 0.498630046844
viola SNARC arabic CD up 6 lctrl 0.764340162277
viola SNARC arabic CD down 3 num_delete 1.75519704819
viola SNARC arabic CD down 3 num_delete 0.439385890961
viola SNARC arabic CD down 8 num_delete 0.603648900986
viola SNARC arabic CD up 5 lctrl 0.440915822983
viola SNARC arabic CD up 8 lctrl 0.469307899475
viola SNARC arabic CD up 2 lctrl 0.464594841003
viola SNARC arabic CD up 3 lctrl 0.387338876724
viola SNARC arabic CD down 9 num_delete 0.353827953339
viola SNARC arabic CD down 7 num_delete 0.873322963715
viola SNARC arabic CD down 2 num_delete 0.467047929764
viola SNARC arabic CD down 7 num_delete 0.766825914383
viola SNARC arabic CD down 4 num_delete 0.413512945175
viola SNARC arabic CD down 4 num_delete 0.427447080612
viola SNARC arabic CD up 4 lctrl 0.681071043015
viola SNARC arabic CD up 9 lctrl 0.402885913849
viola SNARC arabic CD up 6 lctrl 0.40029501915
viola SNARC arabic CD up 9 lctrl 0.350723981857
viola SNARC arabic CD down 1 num_delete 0.582825183868
viola SNARC arabic CD up 8 lctrl 0.325690984726
viola SNARC arabic CD up 5 lctrl 0.783096075058
viola SNARC arabic CD down 3 lctrl 0.404821872711
viola SNARC arabic CD up 3 lctrl 0.378543138504
viola SNARC arabic CD up 9 num_delete 0.393586158752
viola SNARC arabic CD down 9 num_delete 0.448095083237
viola SNARC arabic CD down 8 num_delete 0.508373975754
viola SNARC arabic CD up 8 lctrl 0.469981908798
viola SNARC arabic CD up 7 lctrl 0.841352939606
viola SNARC arabic CD down 9 num_delete 0.403544902802
viola SNARC arabic CD down 7 num_delete 0.473208904266
viola SNARC arabic CD up 7 lctrl 0.412186861038
viola SNARC arabic CD up 1 lctrl 1.0906150341
viola SNARC arabic CD down 4 num_delete 0.377858161926
viola SNARC arabic CD down 3 num_delete 0.481278896332
viola SNARC arabic CD down 5 num_delete 0.555989980698
viola SNARC arabic CD down 4 num_delete 0.451272010803
viola SNARC arabic CD up 3 lctrl 0.47980093956
viola SNARC arabic CD down 1 num_delete 1.0424041748
viola SNARC arabic CD up 1 lctrl 0.372966051102
viola SNARC arabic CD down 5 num_delete 0.587907075882
viola SNARC arabic CD down 8 num_delete 0.505755901337
viola SNARC arabic CD up 5 lctrl 0.771853208542
viola SNARC arabic CD down 1 num_delete 0.409012079239
viola SNARC arabic CD down 1 num_delete 0.550765991211
viola SNARC arabic CD down 9 num_delete 0.454565048218
viola SNARC arabic CD up 5 lctrl 0.538592100143
viola SNARC arabic CD down 1 num_delete 0.394505023956
viola SNARC arabic CD up 7 lctrl 0.600862979889
viola SNARC arabic CD down 8 num_delete 0.406329154968
viola SNARC arabic CD up 6 lctrl 0.540038824081
viola SNARC arabic CD up 5 num_delete 0.628129959106
viola SNARC arabic CD down 3 num_delete 0.448381900787
viola SNARC arabic CD down 2 num_delete 0.43664598465
viola SNARC arabic CD down 5 num_delete 0.257046937943
viola SNARC arabic CD up 4 lctrl 0.445897102356
viola SNARC arabic CD down 2 num_delete 0.553498983383
viola SNARC arabic CD up 7 lctrl 0.529420852661
viola SNARC arabic CD down 8 num_delete 0.417523860931
viola SNARC arabic CD down 1 num_delete 0.519145011902
viola SNARC arabic CD down 4 num_delete 0.408399105072
viola SNARC arabic CD up 5 lctrl 0.542057037354
viola SNARC arabic CD down 5 num_delete 0.374058961868
viola SNARC arabic CD up 7 lctrl 0.469435930252
viola SNARC arabic CD down 6 num_delete 0.383877038956
viola SNARC arabic CD down 2 num_delete 0.407315969467
viola SNARC arabic CD down 3 num_delete 0.412863969803
viola SNARC arabic CD up 4 lctrl 0.394842863083
viola SNARC arabic CD down 4 lctrl 0.409387111664
viola SNARC arabic CD down 4 num_delete 0.51859998703
viola SNARC arabic CD up 1 lctrl 0.456451892853
viola SNARC arabic CD up 3 lctrl 0.444029808044
viola SNARC arabic CD up 4 lctrl 1.22430300713
viola SNARC arabic CD up 4 lctrl 0.4508061409
viola SNARC arabic CD up 8 lctrl 0.47101187706
viola SNARC arabic CD down 7 num_delete 0.449609994888
viola SNARC arabic CD down 2 num_delete 0.397958993912
viola SNARC arabic CD up 3 lctrl 0.364659070969
viola SNARC arabic CD down 8 num_delete 0.412107944489
viola SNARC arabic CD down 9 lctrl 0.346023797989
viola SNARC arabic CD up 8 lctrl 0.466731071472
viola SNARC arabic CD up 3 lctrl 0.494176864624
viola SNARC arabic CD up 2 lctrl 0.448357820511
viola SNARC arabic CD up 1 lctrl 0.381134986877
viola SNARC arabic CD down 4 num_delete 0.635496139526
viola SNARC arabic CD up 4 lctrl 1.59215497971
viola SNARC arabic CD up 6 lctrl 0.44256901741
viola SNARC arabic CD up 3 lctrl 1.9509999752
viola SNARC arabic CD up 5 lctrl 0.466645956039
viola SNARC arabic CD down 2 num_delete 0.397864103317
viola SNARC arabic CD up 8 lctrl 0.38911819458
viola SNARC arabic CD down 7 num_delete 0.378903865814
viola SNARC arabic CD down 7 num_delete 0.433970928192
viola SNARC arabic CD up 1 lctrl 0.623229026794
viola SNARC arabic CD up 7 lctrl 0.491811990738
viola SNARC arabic CD down 2 num_delete 1.94959282875
viola SNARC arabic CD up 8 lctrl 0.561329841614
viola SNARC arabic CD up 4 lctrl 0.464393138885
viola SNARC arabic CD down 5 num_delete 2.47585701942
viola SNARC arabic CD down 1 num_delete 0.496341943741
viola SNARC arabic CD down 9 num_delete 0.522625923157
viola SNARC arabic CD up 4 lctrl 0.483530044556
viola SNARC arabic CD up 4 lctrl 0.462687969208
viola SNARC arabic CD down 5 num_delete 0.401485919952
viola SNARC arabic CD down 9 num_delete 0.447724103928
viola SNARC arabic CD up 3 lctrl 0.452657938004
viola SNARC arabic CD down 7 num_delete 0.487708091736
viola SNARC arabic CD down 3 num_delete 0.490435838699
viola SNARC arabic CD down 9 num_delete 0.412073135376
viola SNARC arabic CD up 4 lctrl 0.746108055115
viola SNARC arabic CD down 2 num_delete 1.86496710777
viola SNARC arabic CD down 5 num_delete 0.536276102066
viola SNARC arabic CD up 9 lctrl 0.456474065781
viola SNARC arabic CD down 6 num_delete 0.339876174927
viola SNARC arabic CD up 8 num_delete 0.372429132462
viola SNARC arabic CD down 2 num_delete 0.363512039185
viola SNARC arabic CD down 1 lctrl 0.411623954773
viola SNARC arabic CD down 7 num_delete 0.729337930679
viola SNARC arabic CD up 5 lctrl 0.473500967026
viola SNARC arabic CD down 9 num_delete 0.356117963791
viola SNARC arabic CD down 8 num_delete 0.8835709095
viola SNARC arabic CD down 8 num_delete 0.46952009201
viola SNARC arabic CD down 1 num_delete 0.416441917419
viola SNARC arabic CD up 2 lctrl 0.414164066315
viola SNARC arabic CD up 1 num_delete 0.427567958832
viola SNARC arabic CD up 5 lctrl 0.600843191147
viola SNARC arabic CD up 6 lctrl 0.47850894928
viola SNARC arabic CD down 8 num_delete 0.489351987839
viola SNARC arabic CD up 9 lctrl 0.411391019821
viola SNARC arabic CD down 1 num_delete 0.313234090805
viola SNARC arabic CD up 7 lctrl 0.419272184372
viola SNARC arabic CD up 4 lctrl 0.784842014313
viola SNARC arabic CD up 2 lctrl 0.454722881317
viola SNARC arabic CD up 5 lctrl 0.439117908478
viola SNARC arabic CD up 5 lctrl 0.958606004715
viola SNARC arabic CD down 3 num_delete 0.460697889328
viola SNARC arabic CD down 3 num_delete 0.399752140045
viola SNARC arabic CD down 7 lctrl 0.534816026688
viola SNARC arabic CD up 8 lctrl 0.519503831863
viola SNARC arabic CD down 1 num_delete 0.815968036652
viola SNARC arabic CD up 1 lctrl 0.868757963181
viola SNARC arabic CD up 3 lctrl 0.686890125275
viola SNARC arabic CD up 4 lctrl 0.464161872864
viola SNARC arabic CD up 5 lctrl 0.348031044006
viola SNARC arabic CD up 9 lctrl 0.373479127884
viola SNARC arabic CD down 1 num_delete 0.619403123856
viola SNARC arabic CD up 6 lctrl 0.768877983093
viola SNARC arabic CD up 4 lctrl 0.543236970901
viola SNARC arabic CD down 6 num_delete 0.447078943253
viola SNARC arabic CD down 5 num_delete 0.483477830887
viola SNARC arabic CD up 4 lctrl 0.470437049866
viola SNARC arabic CD up 7 lctrl 0.465398073196
viola SNARC arabic CD down 7 num_delete 0.420522928238
viola SNARC arabic CD up 4 lctrl 0.441911935806
viola SNARC arabic CD up 1 lctrl 0.446140050888
viola SNARC arabic CD down 4 num_delete 0.393850803375
viola SNARC arabic CD up 6 lctrl 0.392830848694
viola SNARC arabic CD up 8 num_delete 0.510879039764
viola SNARC arabic CD down 9 num_delete 0.448416948318
viola SNARC arabic CD up 4 lctrl 0.700912952423
viola SNARC arabic CD up 2 lctrl 0.486310958862
viola SNARC arabic CD up 8 lctrl 0.409007072449
viola SNARC arabic CD up 3 lctrl 0.358217954636
viola SNARC arabic CD down 3 num_delete 0.493624925613
viola SNARC arabic CD up 8 lctrl 0.384253025055
viola SNARC arabic CD down 1 num_delete 0.703099966049
viola SNARC arabic CD up 5 lctrl 0.480855941772
viola SNARC arabic CD down 6 num_delete 0.435490131378
viola SNARC arabic CD down 7 num_delete 0.536206007004
viola SNARC arabic CD up 6 lctrl 0.400563001633
viola SNARC arabic CD down 5 num_delete 0.382560014725
viola SNARC arabic CD down 9 num_delete 0.533513069153
viola SNARC arabic CD down 8 num_delete 0.518718004227
viola SNARC arabic CD up 3 lctrl 0.392153024673
viola SNARC arabic CD up 5 lctrl 2.33468604088
viola SNARC arabic CD up 2 lctrl 0.481788873672
viola SNARC arabic CD down 6 num_delete 0.508430957794
viola SNARC arabic CD up 6 lctrl 0.40665602684
viola SNARC arabic CD down 1 num_delete 0.515336990356
viola SNARC arabic CD down 6 num_delete 0.45290517807
viola SNARC arabic CD up 8 num_delete 0.384343862534
viola SNARC arabic CD down 5 num_delete 0.335560083389
viola SNARC arabic CD up 2 lctrl 0.464195966721
viola SNARC arabic CD up 7 lctrl 0.467885017395
viola SNARC arabic CD down 9 num_delete 0.406924009323
viola SNARC arabic CD down 8 num_delete 0.525052070618
viola SNARC arabic CD up 2 lctrl 0.382481098175
viola SNARC arabic CD down 4 lctrl 0.436918020248
