{'participant': u'ecvp', 'notation': u'dot', 'response_buttons': u'PQ', 'dateStr': u'12_06_1433', 'autopilot': False, 'exp_id': u'SNARC'}
ecvp SNARC dot PQ down 15 p 1.83413791656
ecvp SNARC dot PQ up 25 q 0.65323805809
ecvp SNARC dot PQ up 40 q 0.575750112534
ecvp SNARC dot PQ down 35 p 0.512005090714
ecvp SNARC dot PQ down 45 q 3.63681912422
ecvp SNARC dot PQ up 20 p 0.54944896698
ecvp SNARC dot PQ up 30 p 0.55048418045
ecvp SNARC dot PQ down 5 q 0.486847877502
ecvp SNARC dot PQ down 40 q 0.364645004272
ecvp SNARC dot PQ up 35 p 0.260624885559
ecvp SNARC dot PQ down 5 q 0.23660492897
ecvp SNARC dot PQ down 15 p 0.224603176117
ecvp SNARC dot PQ down 20 q 1.64603900909
ecvp SNARC dot PQ down 10 q 0.391383886337
ecvp SNARC dot PQ up 25 p 0.594058990479
ecvp SNARC dot PQ down 25 q 0.433671951294
ecvp SNARC dot PQ up 40 p 0.427834033966
ecvp SNARC dot PQ down 15 q 0.334999084473
ecvp SNARC dot PQ down 40 q 0.636108875275
ecvp SNARC dot PQ up 5 p 0.497767925262
ecvp SNARC dot PQ down 15 q 0.405172109604
ecvp SNARC dot PQ down 35 q 0.341810941696
ecvp SNARC dot PQ up 35 p 0.331331968307
ecvp SNARC dot PQ up 40 p 0.615904092789
ecvp SNARC dot PQ down 10 q 0.400872945786
ecvp SNARC dot PQ up 25 p 0.363960981369
ecvp SNARC dot PQ up 15 p 0.475197076797
ecvp SNARC dot PQ up 5 p 0.385633945465
ecvp SNARC dot PQ up 40 p 0.856305122375
ecvp SNARC dot PQ down 40 q 0.396401882172
ecvp SNARC dot PQ up 20 p 0.569891929626
ecvp SNARC dot PQ down 5 p 0.606940031052
ecvp SNARC dot PQ down 20 q 1.39556598663
ecvp SNARC dot PQ down 40 q 0.635844945908
ecvp SNARC dot PQ down 10 q 0.42122387886
ecvp SNARC dot PQ down 35 q 0.391808986664
ecvp SNARC dot PQ down 35 q 0.386518955231
ecvp SNARC dot PQ up 30 p 0.466932058334
ecvp SNARC dot PQ up 40 p 0.546411037445
ecvp SNARC dot PQ down 20 q 0.620078086853
ecvp SNARC dot PQ down 40 q 0.365295171738
ecvp SNARC dot PQ up 35 p 0.411359071732
ecvp SNARC dot PQ down 5 q 0.486555099487
ecvp SNARC dot PQ up 20 p 0.520210027695
ecvp SNARC dot PQ up 30 p 0.447070121765
ecvp SNARC dot PQ up 5 p 0.396229028702
ecvp SNARC dot PQ up 20 p 0.420017004013
ecvp SNARC dot PQ down 40 q 0.565451860428
ecvp SNARC dot PQ down 15 q 0.425886869431
ecvp SNARC dot PQ up 10 p 0.431290149689
ecvp SNARC dot PQ down 25 q 0.322963953018
ecvp SNARC dot PQ down 15 q 0.395020008087
ecvp SNARC dot PQ up 30 p 0.388136148453
ecvp SNARC dot PQ up 30 p 0.427443981171
ecvp SNARC dot PQ down 5 q 0.467500925064
ecvp SNARC dot PQ up 45 p 0.480299949646
ecvp SNARC dot PQ down 30 q 1.04239797592
ecvp SNARC dot PQ down 40 q 0.487691879272
ecvp SNARC dot PQ up 25 p 0.382531881332
ecvp SNARC dot PQ down 25 q 0.370186090469
ecvp SNARC dot PQ up 35 p 0.461687088013
ecvp SNARC dot PQ down 10 q 0.441468000412
ecvp SNARC dot PQ up 35 p 0.510800123215
ecvp SNARC dot PQ down 40 q 0.296354055405
ecvp SNARC dot PQ up 20 p 0.347908973694
ecvp SNARC dot PQ up 15 p 0.35477399826
ecvp SNARC dot PQ down 30 q 0.317611932755
ecvp SNARC dot PQ up 25 p 0.322877883911
ecvp SNARC dot PQ down 10 q 0.451359033585
ecvp SNARC dot PQ up 30 p 1.46357297897
ecvp SNARC dot PQ down 45 q 0.630398035049
ecvp SNARC dot PQ down 30 q 0.427371025085
ecvp SNARC dot PQ up 25 p 0.402199983597
ecvp SNARC dot PQ down 5 q 0.406811952591
ecvp SNARC dot PQ up 20 p 0.439375162125
ecvp SNARC dot PQ down 40 q 0.395909070969
ecvp SNARC dot PQ down 10 q 1.61676287651
ecvp SNARC dot PQ down 30 q 0.357160806656
ecvp SNARC dot PQ up 20 p 0.459445953369
ecvp SNARC dot PQ down 45 q 0.570683002472
ecvp SNARC dot PQ up 15 p 0.535681962967
ecvp SNARC dot PQ up 20 p 0.469393014908
ecvp SNARC dot PQ up 45 p 0.47730588913
ecvp SNARC dot PQ up 40 p 0.322952032089
ecvp SNARC dot PQ down 5 q 0.386238098145
ecvp SNARC dot PQ up 15 p 0.515030860901
ecvp SNARC dot PQ down 25 q 0.453800916672
ecvp SNARC dot PQ up 25 p 0.503522872925
ecvp SNARC dot PQ down 45 q 0.479851007462
ecvp SNARC dot PQ down 30 q 0.778887987137
ecvp SNARC dot PQ down 15 q 0.345606088638
ecvp SNARC dot PQ up 15 p 0.455987930298
ecvp SNARC dot PQ down 25 q 0.368274927139
ecvp SNARC dot PQ down 5 q 0.368324995041
ecvp SNARC dot PQ down 35 q 0.421903133392
ecvp SNARC dot PQ up 35 p 0.411213874817
ecvp SNARC dot PQ down 20 q 0.851619005203
ecvp SNARC dot PQ up 35 p 0.552498102188
ecvp SNARC dot PQ up 15 p 0.465106010437
ecvp SNARC dot PQ down 20 q 0.419602155685
ecvp SNARC dot PQ down 10 q 0.350484848022
ecvp SNARC dot PQ down 5 q 0.457333087921
ecvp SNARC dot PQ down 15 q 0.424738168716
ecvp SNARC dot PQ down 10 q 0.469675064087
ecvp SNARC dot PQ down 10 q 0.381021022797
ecvp SNARC dot PQ up 35 q 0.342535018921
ecvp SNARC dot PQ up 25 p 0.764384031296
ecvp SNARC dot PQ down 30 q 0.474977970123
ecvp SNARC dot PQ down 30 q 0.588198900223
ecvp SNARC dot PQ up 5 p 0.378019094467
ecvp SNARC dot PQ down 45 q 0.430098772049
ecvp SNARC dot PQ down 10 q 0.650441169739
ecvp SNARC dot PQ down 45 q 0.533578157425
ecvp SNARC dot PQ up 25 p 1.37670707703
ecvp SNARC dot PQ up 45 p 1.34529709816
ecvp SNARC dot PQ up 15 p 0.556514024734
ecvp SNARC dot PQ up 5 p 0.628491163254
ecvp SNARC dot PQ down 35 q 0.368452072144
ecvp SNARC dot PQ down 30 q 0.386860847473
ecvp SNARC dot PQ up 35 p 0.350548028946
ecvp SNARC dot PQ up 5 p 0.345956802368
ecvp SNARC dot PQ up 5 p 0.366053819656
ecvp SNARC dot PQ down 15 q 0.345372200012
ecvp SNARC dot PQ up 10 q 0.371905088425
ecvp SNARC dot PQ up 20 p 1.41459393501
ecvp SNARC dot PQ down 10 q 0.531399965286
ecvp SNARC dot PQ down 30 q 0.355976104736
ecvp SNARC dot PQ down 45 q 0.470058202744
ecvp SNARC dot PQ down 25 q 0.4032330513
ecvp SNARC dot PQ down 35 q 0.411679983139
ecvp SNARC dot PQ up 30 p 0.388102054596
ecvp SNARC dot PQ up 20 p 0.326669931412
ecvp SNARC dot PQ up 10 p 0.358994960785
ecvp SNARC dot PQ down 5 q 0.38800406456
ecvp SNARC dot PQ down 25 q 0.402668952942
ecvp SNARC dot PQ down 5 q 0.396602153778
ecvp SNARC dot PQ down 30 q 0.357063055038
ecvp SNARC dot PQ up 35 p 0.402341127396
ecvp SNARC dot PQ down 40 q 0.375849962234
ecvp SNARC dot PQ up 20 p 0.390192985535
ecvp SNARC dot PQ down 45 q 0.500226974487
ecvp SNARC dot PQ down 40 q 0.735754966736
ecvp SNARC dot PQ down 30 q 0.397197961807
ecvp SNARC dot PQ down 25 q 0.453734874725
ecvp SNARC dot PQ up 45 p 0.390736103058
ecvp SNARC dot PQ up 10 p 0.377112865448
ecvp SNARC dot PQ up 20 p 0.408653974533
ecvp SNARC dot PQ down 40 q 0.336081981659
ecvp SNARC dot PQ down 5 q 0.336378097534
ecvp SNARC dot PQ up 15 p 0.386105060577
ecvp SNARC dot PQ down 15 q 0.413614988327
ecvp SNARC dot PQ down 45 q 0.408274888992
ecvp SNARC dot PQ up 45 p 0.356932878494
ecvp SNARC dot PQ up 10 p 0.451457977295
ecvp SNARC dot PQ down 20 q 0.348618984222
ecvp SNARC dot PQ up 15 p 0.355099916458
ecvp SNARC dot PQ up 10 p 0.390311956406
ecvp SNARC dot PQ up 45 p 0.380793094635
ecvp SNARC dot PQ up 25 p 0.443559169769
ecvp SNARC dot PQ down 20 q 0.409113883972
ecvp SNARC dot PQ up 45 p 0.430222988129
ecvp SNARC dot PQ up 20 p 0.408462047577
ecvp SNARC dot PQ up 15 p 0.395129919052
ecvp SNARC dot PQ up 25 p 0.463562011719
ecvp SNARC dot PQ up 35 p 0.471668958664
ecvp SNARC dot PQ down 40 q 0.285592079163
ecvp SNARC dot PQ down 10 q 0.411347150803
ecvp SNARC dot PQ up 30 p 0.396727085114
ecvp SNARC dot PQ up 35 p 0.448004007339
ecvp SNARC dot PQ down 40 q 0.426302194595
ecvp SNARC dot PQ down 35 q 0.438960075378
ecvp SNARC dot PQ up 45 p 0.452747106552
ecvp SNARC dot PQ up 30 p 0.375097990036
ecvp SNARC dot PQ down 45 q 0.399681091309
ecvp SNARC dot PQ down 45 q 0.361304044724
ecvp SNARC dot PQ down 25 q 0.413443088531
ecvp SNARC dot PQ down 10 q 0.37052989006
ecvp SNARC dot PQ up 10 p 0.340638160706
ecvp SNARC dot PQ down 5 q 0.356621980667
ecvp SNARC dot PQ up 45 p 0.340194225311
{'participant': u'ecvp', 'notation': u'dot', 'response_buttons': u'QP', 'dateStr': u'12_06_1439', 'autopilot': False, 'exp_id': u'SNARC'}
ecvp SNARC dot QP up 10 q 1.06491494179
ecvp SNARC dot QP up 40 q 0.456435918808
ecvp SNARC dot QP down 30 p 0.418016195297
ecvp SNARC dot QP up 45 q 0.381224870682
ecvp SNARC dot QP up 5 q 0.627110004425
ecvp SNARC dot QP down 30 p 1.02930808067
ecvp SNARC dot QP down 40 p 0.649590015411
ecvp SNARC dot QP up 45 q 0.400087118149
ecvp SNARC dot QP up 25 q 0.383116960526
ecvp SNARC dot QP down 15 p 0.28261423111
ecvp SNARC dot QP down 20 p 0.310154914856
ecvp SNARC dot QP down 5 p 0.337107896805
ecvp SNARC dot QP up 15 q 0.345300912857
ecvp SNARC dot QP up 35 q 0.400993108749
ecvp SNARC dot QP up 20 q 0.3480489254
ecvp SNARC dot QP up 20 q 0.369568824768
ecvp SNARC dot QP down 10 p 0.350157976151
ecvp SNARC dot QP up 5 q 0.758496046066
ecvp SNARC dot QP down 35 p 0.521399021149
ecvp SNARC dot QP up 15 q 0.505455970764
ecvp SNARC dot QP up 20 q 0.418720960617
ecvp SNARC dot QP down 25 p 0.403454780579
ecvp SNARC dot QP down 15 p 0.385658979416
ecvp SNARC dot QP up 30 q 0.456775903702
ecvp SNARC dot QP down 30 p 0.508754968643
ecvp SNARC dot QP up 45 q 0.400676965714
ecvp SNARC dot QP up 45 q 0.489444971085
ecvp SNARC dot QP up 25 q 0.393884897232
ecvp SNARC dot QP up 15 q 0.474966049194
ecvp SNARC dot QP up 20 q 0.379122018814
ecvp SNARC dot QP down 5 p 0.367546081543
ecvp SNARC dot QP up 10 q 0.418499946594
ecvp SNARC dot QP up 15 q 0.36567902565
ecvp SNARC dot QP up 30 q 0.378046989441
ecvp SNARC dot QP down 30 p 0.397444963455
ecvp SNARC dot QP down 5 p 0.477087020874
ecvp SNARC dot QP up 30 q 0.376317024231
ecvp SNARC dot QP down 35 p 0.391970872879
ecvp SNARC dot QP down 45 p 0.480285167694
ecvp SNARC dot QP up 15 q 0.415283918381
ecvp SNARC dot QP down 45 p 0.479781866074
ecvp SNARC dot QP down 45 p 0.609949827194
ecvp SNARC dot QP down 35 p 0.491077184677
ecvp SNARC dot QP down 5 p 0.383245944977
ecvp SNARC dot QP down 35 p 0.441765069962
ecvp SNARC dot QP down 10 p 0.410395145416
ecvp SNARC dot QP down 35 p 0.471920967102
ecvp SNARC dot QP up 15 q 0.296127080917
ecvp SNARC dot QP up 40 q 0.40580701828
ecvp SNARC dot QP down 20 p 0.369463920593
ecvp SNARC dot QP down 25 p 0.39181804657
ecvp SNARC dot QP down 15 p 0.305764913559
ecvp SNARC dot QP up 20 q 0.419686079025
ecvp SNARC dot QP down 25 p 0.39339184761
ecvp SNARC dot QP up 40 q 0.455854177475
ecvp SNARC dot QP up 25 q 0.410860061646
ecvp SNARC dot QP down 45 p 0.306963920593
ecvp SNARC dot QP down 10 p 0.320287942886
ecvp SNARC dot QP up 40 q 0.546710014343
ecvp SNARC dot QP down 35 p 0.290742874146
ecvp SNARC dot QP up 35 p 0.32151889801
ecvp SNARC dot QP down 10 p 0.710817098618
ecvp SNARC dot QP down 10 p 0.561100006104
ecvp SNARC dot QP down 25 p 0.373015165329
ecvp SNARC dot QP down 5 p 0.436877012253
ecvp SNARC dot QP down 5 p 0.456681013107
ecvp SNARC dot QP up 35 q 0.400515079498
ecvp SNARC dot QP down 45 q 0.420150995255
ecvp SNARC dot QP up 5 q 1.31157112122
ecvp SNARC dot QP down 45 p 0.390455007553
ecvp SNARC dot QP up 15 q 0.376118898392
ecvp SNARC dot QP down 25 p 0.383764028549
ecvp SNARC dot QP up 35 q 0.456894874573
ecvp SNARC dot QP up 40 q 0.517529964447
ecvp SNARC dot QP up 10 q 0.410640001297
ecvp SNARC dot QP up 15 q 0.406084060669
ecvp SNARC dot QP down 5 p 0.366364955902
ecvp SNARC dot QP down 40 p 0.456562995911
ecvp SNARC dot QP down 15 p 0.40541100502
ecvp SNARC dot QP up 20 q 0.402938127518
ecvp SNARC dot QP up 30 q 0.357704877853
ecvp SNARC dot QP up 10 q 0.361148118973
ecvp SNARC dot QP down 45 p 0.379503011703
ecvp SNARC dot QP down 35 p 0.352240085602
ecvp SNARC dot QP down 10 p 0.362044095993
ecvp SNARC dot QP down 20 p 0.379792928696
ecvp SNARC dot QP down 35 p 0.352025985718
ecvp SNARC dot QP down 40 p 0.366407155991
ecvp SNARC dot QP up 25 q 0.368330001831
ecvp SNARC dot QP up 30 q 0.336571931839
ecvp SNARC dot QP up 40 q 0.436517000198
ecvp SNARC dot QP up 5 q 0.366078853607
ecvp SNARC dot QP up 10 q 0.361356019974
ecvp SNARC dot QP down 40 p 0.43520116806
ecvp SNARC dot QP up 45 q 0.500663042068
ecvp SNARC dot QP down 5 p 0.406183004379
ecvp SNARC dot QP down 40 p 0.536105871201
ecvp SNARC dot QP down 25 p 0.333426952362
ecvp SNARC dot QP up 25 q 0.403620004654
ecvp SNARC dot QP down 5 p 0.376732110977
ecvp SNARC dot QP down 45 p 0.41019487381
ecvp SNARC dot QP up 25 q 0.453840970993
ecvp SNARC dot QP up 45 q 0.340352058411
ecvp SNARC dot QP down 30 p 0.357676029205
ecvp SNARC dot QP down 20 p 0.350193977356
ecvp SNARC dot QP up 10 q 0.42013502121
ecvp SNARC dot QP up 10 q 0.287842035294
ecvp SNARC dot QP up 20 q 0.46981215477
ecvp SNARC dot QP up 25 q 0.374439954758
ecvp SNARC dot QP up 20 q 0.348995923996
ecvp SNARC dot QP up 35 q 0.351113080978
ecvp SNARC dot QP up 5 q 0.347096204758
ecvp SNARC dot QP up 25 q 0.363592863083
ecvp SNARC dot QP down 30 p 0.376867055893
ecvp SNARC dot QP down 35 p 0.401965141296
ecvp SNARC dot QP down 10 p 0.65035200119
ecvp SNARC dot QP down 30 p 0.398194789886
ecvp SNARC dot QP down 15 p 0.46457195282
ecvp SNARC dot QP up 35 q 0.641759872437
ecvp SNARC dot QP down 30 p 0.337517976761
ecvp SNARC dot QP down 20 p 0.399114131927
ecvp SNARC dot QP down 30 p 0.326987028122
ecvp SNARC dot QP up 35 q 0.401350021362
ecvp SNARC dot QP down 30 p 0.364930868149
ecvp SNARC dot QP up 25 q 0.483781099319
ecvp SNARC dot QP down 20 p 0.460307836533
ecvp SNARC dot QP up 45 q 0.40040397644
ecvp SNARC dot QP up 40 q 0.456754207611
ecvp SNARC dot QP up 25 q 0.355494022369
ecvp SNARC dot QP up 15 q 0.626291036606
ecvp SNARC dot QP down 10 p 0.360996961594
ecvp SNARC dot QP down 25 p 0.493448019028
ecvp SNARC dot QP up 30 q 0.438030004501
ecvp SNARC dot QP down 5 p 0.336138963699
ecvp SNARC dot QP up 30 q 0.658640861511
ecvp SNARC dot QP up 20 q 0.378845930099
ecvp SNARC dot QP up 15 q 0.364248037338
ecvp SNARC dot QP up 20 q 0.469691991806
ecvp SNARC dot QP up 35 q 0.339982032776
ecvp SNARC dot QP up 15 q 0.476933002472
ecvp SNARC dot QP up 40 q 0.345803976059
ecvp SNARC dot QP down 40 p 0.406785011292
ecvp SNARC dot QP up 35 q 0.331820011139
ecvp SNARC dot QP up 40 q 0.345069885254
ecvp SNARC dot QP up 20 q 0.308980941772
ecvp SNARC dot QP up 20 q 0.316457986832
ecvp SNARC dot QP up 10 q 0.320749044418
ecvp SNARC dot QP up 40 q 0.322683095932
ecvp SNARC dot QP down 15 p 0.373203039169
ecvp SNARC dot QP down 10 p 0.371709108353
ecvp SNARC dot QP up 40 q 0.445678949356
ecvp SNARC dot QP up 5 q 0.326800823212
ecvp SNARC dot QP down 40 p 0.396504878998
ecvp SNARC dot QP up 10 q 0.371167182922
ecvp SNARC dot QP up 45 q 0.42992401123
ecvp SNARC dot QP up 20 q 0.325711011887
ecvp SNARC dot QP down 45 p 0.359638214111
ecvp SNARC dot QP up 20 q 0.409555912018
ecvp SNARC dot QP up 15 q 0.364651918411
ecvp SNARC dot QP down 45 p 0.306855916977
ecvp SNARC dot QP down 10 p 0.361199140549
ecvp SNARC dot QP down 15 p 0.414422035217
ecvp SNARC dot QP down 45 p 0.440411090851
ecvp SNARC dot QP up 25 q 0.474230051041
ecvp SNARC dot QP down 30 p 0.408241987228
ecvp SNARC dot QP up 15 q 0.444925069809
ecvp SNARC dot QP down 10 p 0.381542205811
ecvp SNARC dot QP up 25 q 0.322834968567
ecvp SNARC dot QP down 5 p 0.316622972488
ecvp SNARC dot QP down 25 p 0.423466920853
ecvp SNARC dot QP down 5 p 0.406907081604
ecvp SNARC dot QP down 45 p 0.47033905983
ecvp SNARC dot QP up 35 q 0.432043075562
ecvp SNARC dot QP up 35 q 0.372085094452
ecvp SNARC dot QP up 30 q 0.518187999725
ecvp SNARC dot QP up 5 p 0.345691919327
ecvp SNARC dot QP up 40 q 0.596040010452
ecvp SNARC dot QP up 30 q 0.788114786148
ecvp SNARC dot QP down 5 p 0.396937847137
ecvp SNARC dot QP up 40 q 0.415092945099
{'participant': u'ecvp', 'notation': u'arabic', 'response_buttons': u'PQ', 'dateStr': u'12_06_1443', 'autopilot': False, 'exp_id': u'SNARC'}
ecvp SNARC arabic PQ down 6 q 2.33123397827
ecvp SNARC arabic PQ down 8 q 0.435878038406
ecvp SNARC arabic PQ down 4 q 0.385488033295
ecvp SNARC arabic PQ up 5 p 0.396921873093
ecvp SNARC arabic PQ down 5 q 0.317853927612
ecvp SNARC arabic PQ down 2 q 0.38796377182
ecvp SNARC arabic PQ down 5 q 0.337340116501
ecvp SNARC arabic PQ down 9 q 0.33648109436
ecvp SNARC arabic PQ down 6 q 0.357789993286
ecvp SNARC arabic PQ up 2 p 1.29836893082
ecvp SNARC arabic PQ down 1 q 0.602190971375
ecvp SNARC arabic PQ down 7 q 2.36494684219
ecvp SNARC arabic PQ down 1 q 0.487452030182
ecvp SNARC arabic PQ down 7 q 0.458273887634
ecvp SNARC arabic PQ down 4 q 0.467933177948
ecvp SNARC arabic PQ down 7 q 0.387720108032
ecvp SNARC arabic PQ down 6 q 0.397994995117
ecvp SNARC arabic PQ down 1 q 0.367365121841
ecvp SNARC arabic PQ up 7 p 0.408303976059
ecvp SNARC arabic PQ up 1 p 0.357491970062
ecvp SNARC arabic PQ down 5 q 0.357740163803
ecvp SNARC arabic PQ up 2 p 0.378766059875
ecvp SNARC arabic PQ down 9 q 0.398231983185
ecvp SNARC arabic PQ down 9 q 0.548466920853
ecvp SNARC arabic PQ down 4 q 0.355871200562
ecvp SNARC arabic PQ up 5 p 0.478883981705
ecvp SNARC arabic PQ up 7 p 0.599630117416
ecvp SNARC arabic PQ down 6 q 0.398125171661
ecvp SNARC arabic PQ down 2 q 0.343497991562
ecvp SNARC arabic PQ down 1 q 0.408087015152
ecvp SNARC arabic PQ up 3 p 0.407372951508
ecvp SNARC arabic PQ down 3 q 0.286314964294
ecvp SNARC arabic PQ up 4 p 0.459465026855
ecvp SNARC arabic PQ up 6 p 0.418294906616
ecvp SNARC arabic PQ down 5 q 0.33798789978
ecvp SNARC arabic PQ down 2 q 0.476001977921
ecvp SNARC arabic PQ down 8 q 0.447880983353
ecvp SNARC arabic PQ down 2 q 0.387266159058
ecvp SNARC arabic PQ up 3 p 0.563283920288
ecvp SNARC arabic PQ up 7 p 0.748651981354
ecvp SNARC arabic PQ down 5 q 0.407938957214
ecvp SNARC arabic PQ up 3 p 0.587709903717
ecvp SNARC arabic PQ up 5 p 0.468461036682
ecvp SNARC arabic PQ up 1 p 0.55832195282
ecvp SNARC arabic PQ down 7 q 0.368207931519
ecvp SNARC arabic PQ up 9 p 0.29842710495
ecvp SNARC arabic PQ down 9 p 0.627139091492
ecvp SNARC arabic PQ down 1 q 0.698267936707
ecvp SNARC arabic PQ up 7 p 0.468493938446
ecvp SNARC arabic PQ down 8 q 0.467595100403
ecvp SNARC arabic PQ down 6 q 0.466777801514
ecvp SNARC arabic PQ down 7 q 0.44816493988
ecvp SNARC arabic PQ up 5 p 0.438137769699
ecvp SNARC arabic PQ up 9 p 0.397442817688
ecvp SNARC arabic PQ down 9 q 0.366296052933
ecvp SNARC arabic PQ down 5 q 0.37779712677
ecvp SNARC arabic PQ up 1 p 0.558522939682
ecvp SNARC arabic PQ up 7 p 0.599065065384
ecvp SNARC arabic PQ down 8 q 0.467028856277
ecvp SNARC arabic PQ down 9 q 0.447812080383
ecvp SNARC arabic PQ up 7 p 0.356562852859
ecvp SNARC arabic PQ up 1 p 0.356740951538
ecvp SNARC arabic PQ up 4 p 0.427412033081
ecvp SNARC arabic PQ up 4 p 0.335503816605
ecvp SNARC arabic PQ up 3 p 0.327681779861
ecvp SNARC arabic PQ down 2 q 0.388249874115
ecvp SNARC arabic PQ down 3 q 0.301228046417
ecvp SNARC arabic PQ up 9 p 0.585360050201
ecvp SNARC arabic PQ up 7 p 0.381408929825
ecvp SNARC arabic PQ up 4 p 0.334526062012
ecvp SNARC arabic PQ down 7 q 0.376391172409
ecvp SNARC arabic PQ down 4 q 0.326539039612
ecvp SNARC arabic PQ down 1 q 0.355739116669
ecvp SNARC arabic PQ up 9 p 0.407699108124
ecvp SNARC arabic PQ up 5 p 0.418145895004
ecvp SNARC arabic PQ down 6 q 0.367998838425
ecvp SNARC arabic PQ up 3 p 0.367814064026
ecvp SNARC arabic PQ down 2 q 0.28741312027
ecvp SNARC arabic PQ down 2 q 0.357236862183
ecvp SNARC arabic PQ up 8 p 0.328022003174
ecvp SNARC arabic PQ down 2 q 0.3451359272
ecvp SNARC arabic PQ up 3 p 0.581503868103
ecvp SNARC arabic PQ up 1 p 0.375457048416
ecvp SNARC arabic PQ up 6 p 0.620249032974
ecvp SNARC arabic PQ up 5 p 0.416564941406
ecvp SNARC arabic PQ up 3 p 0.477715015411
ecvp SNARC arabic PQ up 8 p 0.377883195877
ecvp SNARC arabic PQ down 4 q 0.407165765762
ecvp SNARC arabic PQ down 1 q 0.458168983459
ecvp SNARC arabic PQ up 3 p 0.348351955414
ecvp SNARC arabic PQ down 4 q 0.327734947205
ecvp SNARC arabic PQ down 1 q 0.376565933228
ecvp SNARC arabic PQ up 3 p 0.337944984436
ecvp SNARC arabic PQ down 6 q 0.252348899841
ecvp SNARC arabic PQ down 8 q 0.348326921463
ecvp SNARC arabic PQ down 4 q 0.356514930725
ecvp SNARC arabic PQ up 3 p 0.327112913132
ecvp SNARC arabic PQ up 2 p 0.377169132233
ecvp SNARC arabic PQ down 9 q 0.39816403389
ecvp SNARC arabic PQ down 9 q 0.539568901062
ecvp SNARC arabic PQ down 4 q 0.366558074951
ecvp SNARC arabic PQ down 8 q 0.748575925827
ecvp SNARC arabic PQ down 8 q 0.318079948425
ecvp SNARC arabic PQ down 9 q 0.328075170517
ecvp SNARC arabic PQ up 2 p 0.307657003403
ecvp SNARC arabic PQ up 5 p 0.394934892654
ecvp SNARC arabic PQ down 8 q 0.3891248703
ecvp SNARC arabic PQ down 8 q 0.397745847702
ecvp SNARC arabic PQ down 3 q 0.36590886116
ecvp SNARC arabic PQ down 6 q 0.316988945007
ecvp SNARC arabic PQ down 6 q 0.305941104889
ecvp SNARC arabic PQ down 4 q 0.34733080864
ecvp SNARC arabic PQ up 2 p 0.366677999496
ecvp SNARC arabic PQ up 4 p 0.343714952469
ecvp SNARC arabic PQ up 9 p 0.367630958557
ecvp SNARC arabic PQ up 4 p 0.328358888626
ecvp SNARC arabic PQ up 8 p 0.277260065079
ecvp SNARC arabic PQ down 5 q 0.389667987823
ecvp SNARC arabic PQ up 7 p 0.30725312233
ecvp SNARC arabic PQ down 2 q 0.408460855484
ecvp SNARC arabic PQ down 9 q 0.375068902969
ecvp SNARC arabic PQ down 3 q 0.296915054321
ecvp SNARC arabic PQ down 8 q 0.367522954941
ecvp SNARC arabic PQ down 4 q 0.507981061935
ecvp SNARC arabic PQ down 7 q 0.278609991074
ecvp SNARC arabic PQ down 5 q 0.277127981186
ecvp SNARC arabic PQ down 7 q 0.28685092926
ecvp SNARC arabic PQ up 8 p 0.406952142715
ecvp SNARC arabic PQ up 9 p 0.397155046463
ecvp SNARC arabic PQ up 5 p 0.478145122528
ecvp SNARC arabic PQ down 4 q 0.387898921967
ecvp SNARC arabic PQ up 2 p 0.378316879272
ecvp SNARC arabic PQ up 5 p 0.45715713501
ecvp SNARC arabic PQ up 8 p 0.397835969925
ecvp SNARC arabic PQ up 7 p 0.447901010513
ecvp SNARC arabic PQ down 9 q 0.427175998688
ecvp SNARC arabic PQ up 6 p 0.367810964584
ecvp SNARC arabic PQ down 4 q 0.35830283165
ecvp SNARC arabic PQ down 3 q 0.357281923294
ecvp SNARC arabic PQ down 3 q 0.387452125549
ecvp SNARC arabic PQ down 8 q 0.333457946777
ecvp SNARC arabic PQ down 8 q 0.317185878754
ecvp SNARC arabic PQ up 5 p 0.358253955841
ecvp SNARC arabic PQ up 6 p 0.31751704216
ecvp SNARC arabic PQ down 5 p 0.318221092224
ecvp SNARC arabic PQ up 8 p 0.70906496048
ecvp SNARC arabic PQ up 4 p 0.427977085114
ecvp SNARC arabic PQ down 2 q 0.418021917343
ecvp SNARC arabic PQ up 8 p 0.369120121002
ecvp SNARC arabic PQ up 7 p 0.356760025024
ecvp SNARC arabic PQ up 2 p 0.496534109116
ecvp SNARC arabic PQ up 6 p 0.377019882202
ecvp SNARC arabic PQ down 6 q 0.366949081421
ecvp SNARC arabic PQ up 2 p 0.358067989349
ecvp SNARC arabic PQ up 1 p 0.436984062195
ecvp SNARC arabic PQ up 4 p 0.528468132019
ecvp SNARC arabic PQ up 3 p 0.368194818497
ecvp SNARC arabic PQ down 6 q 0.377923965454
ecvp SNARC arabic PQ up 6 q 0.407402992249
ecvp SNARC arabic PQ up 1 p 2.23726987839
ecvp SNARC arabic PQ down 1 q 0.388202905655
ecvp SNARC arabic PQ up 7 p 0.51775598526
ecvp SNARC arabic PQ down 2 q 0.326560974121
ecvp SNARC arabic PQ up 6 p 0.506109952927
ecvp SNARC arabic PQ up 1 p 0.56116604805
ecvp SNARC arabic PQ up 3 p 0.416298151016
ecvp SNARC arabic PQ up 2 p 0.385944843292
ecvp SNARC arabic PQ down 9 q 0.388937950134
ecvp SNARC arabic PQ down 5 q 0.447989940643
ecvp SNARC arabic PQ down 1 q 0.605464935303
ecvp SNARC arabic PQ down 1 q 0.367099046707
ecvp SNARC arabic PQ down 3 q 0.437696218491
ecvp SNARC arabic PQ up 8 p 0.417879104614
ecvp SNARC arabic PQ down 3 q 0.465682983398
ecvp SNARC arabic PQ down 6 q 0.395907878876
ecvp SNARC arabic PQ down 7 q 0.397993087769
ecvp SNARC arabic PQ down 9 q 0.387630224228
ecvp SNARC arabic PQ up 6 p 0.408180952072
ecvp SNARC arabic PQ up 1 p 0.978827953339
ecvp SNARC arabic PQ up 9 p 1.86783695221
{'participant': u'ecvp', 'notation': u'arabic', 'response_buttons': u'QP', 'dateStr': u'12_06_1447', 'autopilot': False, 'exp_id': u'SNARC'}
ecvp SNARC arabic QP up 1 q 0.579009056091
ecvp SNARC arabic QP down 3 p 0.31726193428
ecvp SNARC arabic QP down 9 p 0.345029830933
ecvp SNARC arabic QP down 8 p 0.335183143616
ecvp SNARC arabic QP down 9 p 0.307418107986
ecvp SNARC arabic QP up 5 q 0.336968898773
ecvp SNARC arabic QP down 3 p 0.277559995651
ecvp SNARC arabic QP up 6 p 0.327016115189
ecvp SNARC arabic QP up 7 q 0.697839021683
ecvp SNARC arabic QP up 6 q 0.387902021408
ecvp SNARC arabic QP up 5 q 0.348265171051
ecvp SNARC arabic QP down 2 p 0.37707901001
ecvp SNARC arabic QP up 8 q 0.355120897293
ecvp SNARC arabic QP down 6 p 0.317881822586
ecvp SNARC arabic QP up 7 q 0.337551116943
ecvp SNARC arabic QP down 8 p 0.891714811325
ecvp SNARC arabic QP down 5 p 0.969414949417
ecvp SNARC arabic QP down 3 p 0.668495893478
ecvp SNARC arabic QP up 1 q 0.397361040115
ecvp SNARC arabic QP down 8 p 0.448586940765
ecvp SNARC arabic QP down 2 p 0.448665857315
ecvp SNARC arabic QP up 2 q 0.347601890564
ecvp SNARC arabic QP up 3 q 0.327594995499
ecvp SNARC arabic QP down 5 p 0.380841016769
ecvp SNARC arabic QP up 8 q 0.341534137726
ecvp SNARC arabic QP down 4 p 0.368706941605
ecvp SNARC arabic QP up 7 q 0.338762998581
ecvp SNARC arabic QP down 2 p 0.307076215744
ecvp SNARC arabic QP up 6 q 0.328459024429
ecvp SNARC arabic QP up 1 q 0.357841968536
ecvp SNARC arabic QP down 8 p 0.349415063858
ecvp SNARC arabic QP down 6 p 0.375205993652
ecvp SNARC arabic QP down 5 p 0.349381923676
ecvp SNARC arabic QP down 8 p 0.416437149048
ecvp SNARC arabic QP down 1 p 0.328006029129
ecvp SNARC arabic QP up 2 q 0.378484010696
ecvp SNARC arabic QP up 6 q 0.398505210876
ecvp SNARC arabic QP down 5 p 0.35666513443
ecvp SNARC arabic QP down 6 p 0.397617101669
ecvp SNARC arabic QP down 7 q 0.327615022659
ecvp SNARC arabic QP up 9 q 0.577527999878
ecvp SNARC arabic QP up 7 q 0.397157907486
ecvp SNARC arabic QP down 6 p 0.426959037781
ecvp SNARC arabic QP up 5 q 0.548640966415
ecvp SNARC arabic QP up 7 q 0.386600971222
ecvp SNARC arabic QP down 3 p 0.375806093216
ecvp SNARC arabic QP down 9 p 0.569905996323
ecvp SNARC arabic QP down 1 p 0.568161964417
ecvp SNARC arabic QP up 8 q 0.416970014572
ecvp SNARC arabic QP down 1 p 0.395172834396
ecvp SNARC arabic QP down 5 p 0.527289867401
ecvp SNARC arabic QP down 3 p 0.467818021774
ecvp SNARC arabic QP up 8 q 0.418030023575
ecvp SNARC arabic QP up 5 q 0.458301067352
ecvp SNARC arabic QP down 2 p 0.427979946136
ecvp SNARC arabic QP up 7 q 0.378103017807
ecvp SNARC arabic QP up 5 q 0.33832192421
ecvp SNARC arabic QP up 1 q 0.486814975739
ecvp SNARC arabic QP down 4 p 0.348007917404
ecvp SNARC arabic QP up 4 q 0.577595949173
ecvp SNARC arabic QP up 5 q 0.378096818924
ecvp SNARC arabic QP up 7 q 0.478568077087
ecvp SNARC arabic QP down 9 p 0.468299150467
ecvp SNARC arabic QP down 5 p 0.417555809021
ecvp SNARC arabic QP up 3 q 0.367645978928
ecvp SNARC arabic QP up 4 q 0.417941808701
ecvp SNARC arabic QP up 4 q 0.35499215126
ecvp SNARC arabic QP down 3 p 0.359310865402
ecvp SNARC arabic QP up 4 q 0.821782827377
ecvp SNARC arabic QP up 6 q 0.407866001129
ecvp SNARC arabic QP up 9 q 0.356852054596
ecvp SNARC arabic QP up 6 q 0.366011857986
ecvp SNARC arabic QP up 2 q 0.347616910934
ecvp SNARC arabic QP up 9 q 0.317639827728
ecvp SNARC arabic QP down 7 p 0.387928009033
ecvp SNARC arabic QP down 5 p 0.397788047791
ecvp SNARC arabic QP up 1 q 0.386700153351
ecvp SNARC arabic QP up 9 q 0.375715017319
ecvp SNARC arabic QP down 6 p 0.327032089233
ecvp SNARC arabic QP down 9 p 0.374152898788
ecvp SNARC arabic QP up 5 q 0.418153047562
ecvp SNARC arabic QP down 1 p 0.50870513916
ecvp SNARC arabic QP down 4 p 0.665155172348
ecvp SNARC arabic QP up 8 q 0.401709079742
ecvp SNARC arabic QP down 1 p 0.428246021271
ecvp SNARC arabic QP up 2 q 0.397763967514
ecvp SNARC arabic QP up 8 q 0.368817090988
ecvp SNARC arabic QP down 9 p 0.416574001312
ecvp SNARC arabic QP down 6 p 0.397970199585
ecvp SNARC arabic QP up 2 q 0.387546062469
ecvp SNARC arabic QP up 3 q 0.358320951462
ecvp SNARC arabic QP up 4 q 0.397621154785
ecvp SNARC arabic QP down 2 p 0.479368925095
ecvp SNARC arabic QP down 8 p 0.475968122482
ecvp SNARC arabic QP up 6 q 0.36713719368
ecvp SNARC arabic QP up 3 q 0.386777162552
ecvp SNARC arabic QP up 4 q 0.295786142349
ecvp SNARC arabic QP down 7 p 0.358084917068
ecvp SNARC arabic QP up 8 q 0.376095056534
ecvp SNARC arabic QP down 1 p 0.378983020782
ecvp SNARC arabic QP up 9 q 0.317883968353
ecvp SNARC arabic QP down 2 p 0.346194982529
ecvp SNARC arabic QP down 4 p 0.330105066299
ecvp SNARC arabic QP down 9 p 0.556019067764
ecvp SNARC arabic QP up 4 q 0.334493875504
ecvp SNARC arabic QP down 5 p 0.488138198853
ecvp SNARC arabic QP down 1 p 0.379060029984
ecvp SNARC arabic QP up 7 q 0.357542991638
ecvp SNARC arabic QP down 2 p 0.288074970245
ecvp SNARC arabic QP up 9 q 0.509012937546
ecvp SNARC arabic QP up 4 q 0.420003890991
ecvp SNARC arabic QP down 8 p 0.349773168564
ecvp SNARC arabic QP down 2 p 0.410729885101
ecvp SNARC arabic QP down 1 p 0.3700299263
ecvp SNARC arabic QP up 4 q 0.409684896469
ecvp SNARC arabic QP down 1 q 0.346116065979
ecvp SNARC arabic QP down 6 p 0.550026893616
ecvp SNARC arabic QP up 9 q 0.437781095505
ecvp SNARC arabic QP down 5 p 0.353861093521
ecvp SNARC arabic QP down 3 p 0.396537780762
ecvp SNARC arabic QP up 3 q 0.357809782028
ecvp SNARC arabic QP up 5 q 0.488209009171
ecvp SNARC arabic QP down 3 p 0.377764940262
ecvp SNARC arabic QP up 3 q 0.431509017944
ecvp SNARC arabic QP up 2 q 0.554691076279
ecvp SNARC arabic QP up 9 q 0.608268022537
ecvp SNARC arabic QP up 4 q 0.508471012115
ecvp SNARC arabic QP down 5 p 0.547663927078
ecvp SNARC arabic QP up 7 q 0.408346176147
ecvp SNARC arabic QP down 6 p 0.357449054718
ecvp SNARC arabic QP up 2 q 0.768823862076
ecvp SNARC arabic QP down 3 p 0.317169904709
ecvp SNARC arabic QP down 4 p 0.347584009171
ecvp SNARC arabic QP down 7 p 0.408519029617
ecvp SNARC arabic QP down 8 p 0.474575042725
ecvp SNARC arabic QP down 1 p 0.419878005981
ecvp SNARC arabic QP down 3 p 0.328087806702
ecvp SNARC arabic QP down 1 p 0.488132953644
ecvp SNARC arabic QP down 5 p 0.45729804039
ecvp SNARC arabic QP up 8 q 0.66793179512
ecvp SNARC arabic QP down 1 p 0.437099933624
ecvp SNARC arabic QP up 2 q 0.618413925171
ecvp SNARC arabic QP down 2 p 0.478157997131
ecvp SNARC arabic QP up 4 q 0.388379096985
ecvp SNARC arabic QP down 4 p 0.317591905594
ecvp SNARC arabic QP down 3 p 0.398468017578
ecvp SNARC arabic QP down 7 p 0.357113838196
ecvp SNARC arabic QP down 8 p 0.437011003494
ecvp SNARC arabic QP down 1 p 0.347054004669
ecvp SNARC arabic QP up 8 q 0.588540077209
ecvp SNARC arabic QP down 6 p 0.389090061188
ecvp SNARC arabic QP up 7 q 0.418072223663
ecvp SNARC arabic QP down 3 p 0.358340978622
ecvp SNARC arabic QP up 8 q 0.387475013733
ecvp SNARC arabic QP up 9 q 0.49835395813
ecvp SNARC arabic QP down 7 p 0.518038988113
ecvp SNARC arabic QP up 5 q 0.347848892212
ecvp SNARC arabic QP up 4 q 0.427606105804
ecvp SNARC arabic QP down 8 p 0.376754999161
ecvp SNARC arabic QP down 2 p 0.377779006958
ecvp SNARC arabic QP down 9 p 0.487946987152
ecvp SNARC arabic QP up 2 q 0.347716093063
ecvp SNARC arabic QP up 7 q 0.548548936844
ecvp SNARC arabic QP down 9 p 0.366480827332
ecvp SNARC arabic QP down 3 p 0.427921056747
ecvp SNARC arabic QP down 1 p 0.435013055801
ecvp SNARC arabic QP down 4 p 0.417946100235
ecvp SNARC arabic QP down 6 p 0.537930011749
ecvp SNARC arabic QP down 7 p 0.427525997162
ecvp SNARC arabic QP up 9 q 0.41831278801
ecvp SNARC arabic QP down 4 p 0.417861938477
ecvp SNARC arabic QP down 7 p 0.636605024338
ecvp SNARC arabic QP up 7 q 0.368403911591
ecvp SNARC arabic QP down 6 p 0.357535123825
ecvp SNARC arabic QP up 3 q 0.468217849731
ecvp SNARC arabic QP down 2 p 0.287864923477
ecvp SNARC arabic QP down 9 p 0.5172290802
ecvp SNARC arabic QP up 6 q 0.323400020599
ecvp SNARC arabic QP down 6 p 0.317443132401
ecvp SNARC arabic QP down 1 p 0.427150964737
