{'participant': u'loraine', 'notation': u'dot', 'response_buttons': u'QP', 'dateStr': u'12_06_1249', 'autopilot': False, 'exp_id': u'SNARC'}
loraine SNARC dot QP up 30 q 2.25613689423
loraine SNARC dot QP down 35 p 1.65568995476
loraine SNARC dot QP down 40 p 0.869223117828
loraine SNARC dot QP down 10 p 0.681155204773
loraine SNARC dot QP down 30 p 0.548063993454
loraine SNARC dot QP up 35 q 0.50155210495
loraine SNARC dot QP down 30 p 0.51730799675
loraine SNARC dot QP up 5 q 0.446123838425
loraine SNARC dot QP up 45 q 0.561404943466
loraine SNARC dot QP up 25 q 0.422928094864
loraine SNARC dot QP down 35 p 0.401700973511
loraine SNARC dot QP down 35 p 0.411487817764
loraine SNARC dot QP up 30 q 0.518134832382
loraine SNARC dot QP down 15 p 0.414806127548
loraine SNARC dot QP down 30 p 0.598206996918
loraine SNARC dot QP down 10 p 0.510931015015
loraine SNARC dot QP down 10 p 0.371128082275
loraine SNARC dot QP down 15 p 0.515187978745
loraine SNARC dot QP up 10 q 0.510619878769
loraine SNARC dot QP up 45 q 0.499336957932
loraine SNARC dot QP down 45 p 0.480628013611
loraine SNARC dot QP down 40 p 0.415266036987
loraine SNARC dot QP down 15 p 0.485806941986
loraine SNARC dot QP up 40 q 0.335298061371
loraine SNARC dot QP up 25 q 0.41489481926
loraine SNARC dot QP up 40 q 0.373664855957
loraine SNARC dot QP up 20 q 0.369254827499
loraine SNARC dot QP down 5 p 0.316872835159
loraine SNARC dot QP down 25 p 0.383674144745
loraine SNARC dot QP down 15 p 0.404925823212
loraine SNARC dot QP down 5 p 0.466049909592
loraine SNARC dot QP down 15 p 0.573610067368
loraine SNARC dot QP up 35 q 0.431147098541
loraine SNARC dot QP up 40 q 0.355058908463
loraine SNARC dot QP up 5 q 0.597290039062
loraine SNARC dot QP down 25 p 0.41261100769
loraine SNARC dot QP up 10 q 0.721596002579
loraine SNARC dot QP up 25 q 0.441420078278
loraine SNARC dot QP up 35 q 0.401797056198
loraine SNARC dot QP down 30 p 0.376273870468
loraine SNARC dot QP down 40 p 0.356206893921
loraine SNARC dot QP down 35 p 0.399310112
loraine SNARC dot QP down 40 p 0.425368070602
loraine SNARC dot QP up 40 q 0.425159931183
loraine SNARC dot QP up 25 q 0.323163986206
loraine SNARC dot QP up 25 q 0.402880191803
loraine SNARC dot QP down 5 p 0.397326946259
loraine SNARC dot QP down 30 p 0.510985136032
loraine SNARC dot QP up 5 q 0.507287025452
loraine SNARC dot QP down 40 p 0.365834951401
loraine SNARC dot QP down 35 p 0.377804040909
loraine SNARC dot QP down 5 p 0.396216869354
loraine SNARC dot QP up 45 q 0.299710988998
loraine SNARC dot QP down 15 p 0.365593194962
loraine SNARC dot QP down 45 p 0.419142961502
loraine SNARC dot QP down 5 p 0.417189836502
loraine SNARC dot QP down 15 p 0.344774007797
loraine SNARC dot QP up 5 q 0.305862903595
loraine SNARC dot QP up 10 q 0.340739011765
loraine SNARC dot QP up 5 q 0.303843975067
loraine SNARC dot QP down 30 p 0.287533044815
loraine SNARC dot QP up 30 q 0.396719932556
loraine SNARC dot QP up 25 q 0.353446006775
loraine SNARC dot QP down 15 p 0.304494142532
loraine SNARC dot QP up 30 q 0.327622890472
loraine SNARC dot QP up 15 q 0.355062961578
loraine SNARC dot QP down 25 p 0.412591934204
loraine SNARC dot QP down 20 p 0.419328212738
loraine SNARC dot QP up 35 q 0.521790981293
loraine SNARC dot QP up 45 q 0.60049700737
loraine SNARC dot QP up 25 q 0.322692155838
loraine SNARC dot QP up 15 q 0.412398815155
loraine SNARC dot QP down 45 p 0.399742841721
loraine SNARC dot QP down 15 p 0.545206069946
loraine SNARC dot QP up 45 q 0.478668212891
loraine SNARC dot QP up 35 q 0.349910020828
loraine SNARC dot QP down 10 p 0.430041074753
loraine SNARC dot QP down 35 p 0.381515026093
loraine SNARC dot QP up 10 q 0.318572998047
loraine SNARC dot QP up 40 q 0.405658960342
loraine SNARC dot QP down 5 p 0.357110977173
loraine SNARC dot QP down 15 p 0.344536066055
loraine SNARC dot QP up 20 q 0.328894138336
loraine SNARC dot QP down 25 p 0.403151988983
loraine SNARC dot QP down 45 p 0.449856042862
loraine SNARC dot QP up 10 q 0.380825042725
loraine SNARC dot QP down 10 p 0.451097011566
loraine SNARC dot QP down 25 p 0.433004140854
loraine SNARC dot QP up 5 q 0.417220115662
loraine SNARC dot QP up 10 q 0.399959087372
loraine SNARC dot QP up 45 q 0.390016078949
loraine SNARC dot QP up 45 q 0.316160917282
loraine SNARC dot QP down 45 p 0.410149812698
loraine SNARC dot QP up 15 q 0.444396018982
loraine SNARC dot QP down 40 p 0.365196943283
loraine SNARC dot QP down 15 p 0.526051044464
loraine SNARC dot QP up 30 q 0.398324012756
loraine SNARC dot QP up 25 q 0.38288807869
loraine SNARC dot QP up 30 q 0.393419027328
loraine SNARC dot QP down 10 p 0.420662879944
loraine SNARC dot QP down 45 p 0.410107135773
loraine SNARC dot QP up 20 q 0.378160953522
loraine SNARC dot QP up 5 q 0.386231184006
loraine SNARC dot QP up 40 q 0.394689083099
loraine SNARC dot QP up 30 q 0.307152032852
loraine SNARC dot QP down 45 p 0.419260025024
loraine SNARC dot QP down 20 p 0.399325847626
loraine SNARC dot QP up 10 q 0.451176166534
loraine SNARC dot QP up 10 q 0.347244024277
loraine SNARC dot QP down 35 p 0.338819980621
loraine SNARC dot QP up 25 q 0.343389034271
loraine SNARC dot QP up 25 q 0.443675041199
loraine SNARC dot QP up 20 q 0.368261814117
loraine SNARC dot QP up 25 q 0.353090047836
loraine SNARC dot QP down 5 p 0.406713962555
loraine SNARC dot QP down 15 p 0.365937948227
loraine SNARC dot QP down 20 p 0.407815933228
loraine SNARC dot QP up 30 q 0.39866900444
loraine SNARC dot QP up 35 q 0.349871873856
loraine SNARC dot QP up 20 q 0.519814968109
loraine SNARC dot QP up 5 q 0.456170082092
loraine SNARC dot QP up 15 q 0.454972028732
loraine SNARC dot QP down 10 p 0.490810871124
loraine SNARC dot QP down 15 p 0.394423007965
loraine SNARC dot QP down 35 p 0.402052879333
loraine SNARC dot QP up 35 q 0.408464193344
loraine SNARC dot QP down 15 p 0.385181903839
loraine SNARC dot QP up 20 q 0.377030849457
loraine SNARC dot QP up 20 q 0.369449138641
loraine SNARC dot QP up 45 q 0.349905967712
loraine SNARC dot QP down 35 p 0.381341934204
loraine SNARC dot QP up 20 q 0.408458948135
loraine SNARC dot QP up 20 q 0.500232934952
loraine SNARC dot QP down 35 p 0.492164850235
loraine SNARC dot QP down 20 p 0.398583889008
loraine SNARC dot QP up 5 q 0.376973867416
loraine SNARC dot QP down 40 p 0.34241104126
loraine SNARC dot QP down 40 q 0.326089143753
loraine SNARC dot QP down 40 p 0.625735998154
loraine SNARC dot QP down 40 p 0.475178003311
loraine SNARC dot QP up 5 q 0.637320995331
loraine SNARC dot QP up 30 q 0.458485841751
loraine SNARC dot QP up 35 q 0.532333850861
loraine SNARC dot QP down 35 p 0.551978111267
loraine SNARC dot QP up 10 q 0.592005968094
loraine SNARC dot QP down 10 p 0.410825014114
loraine SNARC dot QP up 25 q 0.623617887497
loraine SNARC dot QP down 10 p 0.331521034241
loraine SNARC dot QP up 5 q 0.447335958481
loraine SNARC dot QP down 30 p 0.487705945969
loraine SNARC dot QP down 45 p 0.449182033539
loraine SNARC dot QP up 15 q 0.564631938934
loraine SNARC dot QP down 40 p 0.40619802475
loraine SNARC dot QP up 45 q 0.420418977737
loraine SNARC dot QP up 35 q 0.472580909729
loraine SNARC dot QP up 40 q 0.412693023682
loraine SNARC dot QP up 20 q 0.44075512886
loraine SNARC dot QP up 20 q 0.448266029358
loraine SNARC dot QP down 40 p 0.504819869995
loraine SNARC dot QP down 40 p 0.476271152496
loraine SNARC dot QP down 45 p 0.612590074539
loraine SNARC dot QP down 20 p 0.377279996872
loraine SNARC dot QP down 30 p 0.444869041443
loraine SNARC dot QP up 20 q 0.439924955368
loraine SNARC dot QP down 45 p 0.380352973938
loraine SNARC dot QP down 30 p 0.379019975662
loraine SNARC dot QP down 15 p 0.372525930405
loraine SNARC dot QP down 45 p 0.379895925522
loraine SNARC dot QP up 25 q 0.243893861771
loraine SNARC dot QP down 10 p 0.410989046097
loraine SNARC dot QP down 20 p 0.399258136749
loraine SNARC dot QP down 5 p 0.436720132828
loraine SNARC dot QP down 30 p 0.434904813766
loraine SNARC dot QP down 25 p 0.403185844421
loraine SNARC dot QP down 10 p 0.400810003281
loraine SNARC dot QP down 20 p 0.339270114899
loraine SNARC dot QP up 30 q 0.284147024155
loraine SNARC dot QP up 20 q 0.368736982346
loraine SNARC dot QP down 25 p 0.413511991501
loraine SNARC dot QP down 5 p 0.386698007584
{'participant': u'loraine', 'notation': u'dot', 'response_buttons': u'PQ', 'dateStr': u'12_06_1308', 'autopilot': False, 'exp_id': u'SNARC'}
loraine SNARC dot PQ down 45 q 0.851444005966
loraine SNARC dot PQ up 45 p 0.517773866653
loraine SNARC dot PQ down 5 q 0.898271083832
loraine SNARC dot PQ down 10 q 0.461272001266
loraine SNARC dot PQ down 20 q 0.499625921249
loraine SNARC dot PQ down 30 q 0.44736790657
loraine SNARC dot PQ down 25 q 0.44339299202
loraine SNARC dot PQ down 25 q 0.360599994659
loraine SNARC dot PQ up 30 p 0.458709001541
loraine SNARC dot PQ up 5 p 0.378030776978
loraine SNARC dot PQ up 20 p 0.349349021912
loraine SNARC dot PQ up 25 p 0.513434886932
loraine SNARC dot PQ up 40 p 0.4142370224
loraine SNARC dot PQ up 45 p 0.359972953796
loraine SNARC dot PQ down 35 q 0.390421152115
loraine SNARC dot PQ up 20 p 0.389069080353
loraine SNARC dot PQ down 25 q 0.342934131622
loraine SNARC dot PQ up 45 p 0.2986369133
loraine SNARC dot PQ up 35 p 0.337443828583
loraine SNARC dot PQ up 25 p 0.332732200623
loraine SNARC dot PQ up 15 p 0.314790010452
loraine SNARC dot PQ up 45 p 0.368394136429
loraine SNARC dot PQ up 15 p 0.334598064423
loraine SNARC dot PQ down 15 q 0.264442920685
loraine SNARC dot PQ down 25 q 0.312882900238
loraine SNARC dot PQ up 40 p 0.385761976242
loraine SNARC dot PQ down 10 q 0.417797088623
loraine SNARC dot PQ down 20 q 0.571034908295
loraine SNARC dot PQ down 15 q 0.341332912445
loraine SNARC dot PQ down 20 q 0.329071044922
loraine SNARC dot PQ up 40 p 0.455320835114
loraine SNARC dot PQ up 10 p 0.390690803528
loraine SNARC dot PQ down 30 q 0.32701086998
loraine SNARC dot PQ up 10 p 0.500970125198
loraine SNARC dot PQ up 10 p 0.420655965805
loraine SNARC dot PQ up 5 p 0.348046064377
loraine SNARC dot PQ up 45 p 0.528293848038
loraine SNARC dot PQ up 10 p 0.471237897873
loraine SNARC dot PQ up 15 p 0.34495806694
loraine SNARC dot PQ up 10 p 0.32108092308
loraine SNARC dot PQ up 5 p 0.317636966705
loraine SNARC dot PQ up 30 p 0.274223089218
loraine SNARC dot PQ up 40 p 0.433772087097
loraine SNARC dot PQ up 30 p 0.316593885422
loraine SNARC dot PQ down 30 q 0.287008047104
loraine SNARC dot PQ down 5 q 0.296721935272
loraine SNARC dot PQ down 15 q 0.304762840271
loraine SNARC dot PQ up 5 p 0.376082897186
loraine SNARC dot PQ down 45 q 0.729516983032
loraine SNARC dot PQ up 25 p 0.361458063126
loraine SNARC dot PQ down 5 q 0.367100000381
loraine SNARC dot PQ down 35 q 0.381035089493
loraine SNARC dot PQ down 15 q 0.323870897293
loraine SNARC dot PQ up 15 p 0.371858119965
loraine SNARC dot PQ down 10 q 0.350493907928
loraine SNARC dot PQ up 5 p 0.336215019226
loraine SNARC dot PQ up 35 p 0.411103963852
loraine SNARC dot PQ down 25 q 0.373177051544
loraine SNARC dot PQ up 20 p 0.359740018845
loraine SNARC dot PQ up 5 p 0.376327037811
loraine SNARC dot PQ down 30 q 0.417438030243
loraine SNARC dot PQ down 15 q 0.324132919312
loraine SNARC dot PQ down 25 q 0.311055898666
loraine SNARC dot PQ down 20 q 0.317566871643
loraine SNARC dot PQ down 10 q 0.320564985275
loraine SNARC dot PQ down 45 q 0.468713998795
loraine SNARC dot PQ up 35 q 0.341325998306
loraine SNARC dot PQ down 45 q 0.690345048904
loraine SNARC dot PQ up 40 p 0.364921092987
loraine SNARC dot PQ up 45 p 0.428768873215
loraine SNARC dot PQ down 20 q 0.438590049744
loraine SNARC dot PQ down 15 q 0.395368099213
loraine SNARC dot PQ up 5 p 0.386487007141
loraine SNARC dot PQ up 40 p 0.363385915756
loraine SNARC dot PQ down 35 q 0.360804080963
loraine SNARC dot PQ down 35 q 0.400005102158
loraine SNARC dot PQ up 20 p 0.340169906616
loraine SNARC dot PQ down 25 q 0.432955026627
loraine SNARC dot PQ down 40 q 0.45470905304
loraine SNARC dot PQ down 25 q 0.42281293869
loraine SNARC dot PQ down 35 q 0.377961874008
loraine SNARC dot PQ down 45 q 0.428599834442
loraine SNARC dot PQ up 15 p 0.393562078476
loraine SNARC dot PQ down 35 q 0.388174057007
loraine SNARC dot PQ up 45 p 0.319015979767
loraine SNARC dot PQ up 25 p 0.472584962845
loraine SNARC dot PQ up 20 p 0.379075050354
loraine SNARC dot PQ up 25 p 0.38386797905
loraine SNARC dot PQ up 10 p 0.371255874634
loraine SNARC dot PQ down 15 q 0.415181159973
loraine SNARC dot PQ down 20 q 0.357809066772
loraine SNARC dot PQ up 30 q 0.366784095764
loraine SNARC dot PQ up 5 p 0.71682882309
loraine SNARC dot PQ down 30 q 0.548053979874
loraine SNARC dot PQ down 35 q 0.581650018692
loraine SNARC dot PQ down 35 q 0.643382072449
loraine SNARC dot PQ down 40 q 0.51907992363
loraine SNARC dot PQ down 45 q 0.536452054977
loraine SNARC dot PQ up 10 p 0.551316022873
loraine SNARC dot PQ down 40 q 0.562525033951
loraine SNARC dot PQ down 15 q 0.525590181351
loraine SNARC dot PQ up 25 p 0.492186784744
loraine SNARC dot PQ up 20 p 0.618926048279
loraine SNARC dot PQ up 35 p 0.651777029037
loraine SNARC dot PQ up 30 p 0.478184938431
loraine SNARC dot PQ down 30 q 0.517048120499
loraine SNARC dot PQ up 40 p 0.539136886597
loraine SNARC dot PQ down 20 q 0.529859781265
loraine SNARC dot PQ down 15 q 0.503826856613
loraine SNARC dot PQ down 20 q 0.489161968231
loraine SNARC dot PQ down 10 q 0.551661968231
loraine SNARC dot PQ down 5 q 0.335884094238
loraine SNARC dot PQ up 35 p 0.601541042328
loraine SNARC dot PQ down 30 q 0.436568975449
loraine SNARC dot PQ up 40 p 0.394799947739
loraine SNARC dot PQ up 30 p 0.467527866364
loraine SNARC dot PQ down 15 q 0.856298923492
loraine SNARC dot PQ up 45 p 0.430923938751
loraine SNARC dot PQ up 20 p 0.580385923386
loraine SNARC dot PQ up 5 p 0.43657708168
loraine SNARC dot PQ up 30 p 0.476912021637
loraine SNARC dot PQ up 15 p 0.484995126724
loraine SNARC dot PQ up 15 p 0.494610071182
loraine SNARC dot PQ down 40 q 0.375593900681
loraine SNARC dot PQ up 35 p 0.500804185867
loraine SNARC dot PQ down 35 q 0.411821842194
loraine SNARC dot PQ down 10 q 0.420933961868
loraine SNARC dot PQ down 5 q 0.45663022995
loraine SNARC dot PQ up 5 p 0.473431110382
loraine SNARC dot PQ up 10 p 0.533565044403
loraine SNARC dot PQ up 20 p 0.448706865311
loraine SNARC dot PQ down 40 q 0.454848051071
loraine SNARC dot PQ down 10 q 0.421012878418
loraine SNARC dot PQ down 15 q 0.523461103439
loraine SNARC dot PQ down 10 q 0.530645132065
loraine SNARC dot PQ up 40 p 0.455749988556
loraine SNARC dot PQ down 25 q 0.452683925629
loraine SNARC dot PQ down 40 q 0.494448184967
loraine SNARC dot PQ up 10 p 0.419671058655
loraine SNARC dot PQ up 35 p 0.490906953812
loraine SNARC dot PQ down 20 q 0.479041099548
loraine SNARC dot PQ up 10 p 0.440608024597
loraine SNARC dot PQ down 30 q 0.395303010941
loraine SNARC dot PQ up 40 p 0.40572977066
loraine SNARC dot PQ up 10 p 0.461082935333
loraine SNARC dot PQ down 25 q 0.473570108414
loraine SNARC dot PQ up 10 p 0.400778055191
loraine SNARC dot PQ down 40 q 0.414975166321
loraine SNARC dot PQ down 5 q 0.517263174057
loraine SNARC dot PQ down 45 q 0.410360813141
loraine SNARC dot PQ down 15 q 0.495318174362
loraine SNARC dot PQ up 15 p 0.575684070587
loraine SNARC dot PQ up 35 p 0.38735294342
loraine SNARC dot PQ up 35 p 0.461397171021
loraine SNARC dot PQ up 20 p 0.41007900238
loraine SNARC dot PQ down 5 q 0.556676149368
loraine SNARC dot PQ up 25 p 0.502780914307
loraine SNARC dot PQ down 25 q 0.470355033875
loraine SNARC dot PQ up 25 p 0.369846105576
loraine SNARC dot PQ down 30 q 0.397038936615
loraine SNARC dot PQ up 45 p 0.398200035095
loraine SNARC dot PQ down 30 q 0.468685150146
loraine SNARC dot PQ down 45 q 0.56553196907
loraine SNARC dot PQ up 5 p 0.447095155716
loraine SNARC dot PQ down 45 q 0.408708095551
loraine SNARC dot PQ up 5 p 0.40652513504
loraine SNARC dot PQ down 25 q 0.436951160431
loraine SNARC dot PQ up 45 p 0.440968990326
loraine SNARC dot PQ up 35 p 0.533957004547
loraine SNARC dot PQ down 35 q 0.551409959793
loraine SNARC dot PQ up 40 p 0.311303853989
loraine SNARC dot PQ up 30 p 0.538113832474
loraine SNARC dot PQ up 45 p 0.388822078705
loraine SNARC dot PQ up 40 p 0.48476099968
loraine SNARC dot PQ up 30 p 0.448301076889
loraine SNARC dot PQ down 30 q 0.374809980392
loraine SNARC dot PQ up 5 p 0.425755023956
loraine SNARC dot PQ up 40 p 0.424688100815
loraine SNARC dot PQ up 20 p 0.355581998825
loraine SNARC dot PQ up 20 p 0.438221216202
{'participant': u'loraine', 'notation': u'arabic', 'response_buttons': u'QP', 'dateStr': u'12_06_1313', 'autopilot': False, 'exp_id': u'SNARC'}
loraine SNARC arabic QP down 4 p 0.809700012207
loraine SNARC arabic QP up 5 q 0.557816028595
loraine SNARC arabic QP down 8 p 0.357555150986
loraine SNARC arabic QP down 4 p 0.406831026077
loraine SNARC arabic QP up 9 q 0.405558109283
loraine SNARC arabic QP up 1 q 0.377337932587
loraine SNARC arabic QP up 8 q 0.345955133438
loraine SNARC arabic QP down 1 p 0.378122091293
loraine SNARC arabic QP down 2 p 0.357205867767
loraine SNARC arabic QP down 4 p 0.358431100845
loraine SNARC arabic QP up 1 q 0.326327085495
loraine SNARC arabic QP up 1 q 0.317047834396
loraine SNARC arabic QP down 6 p 0.34521818161
loraine SNARC arabic QP up 3 q 0.366399049759
loraine SNARC arabic QP up 1 q 0.357424020767
loraine SNARC arabic QP up 4 q 0.396905183792
loraine SNARC arabic QP up 8 q 0.358172893524
loraine SNARC arabic QP up 1 q 0.356427192688
loraine SNARC arabic QP down 6 p 0.417279958725
loraine SNARC arabic QP up 3 q 0.42759013176
loraine SNARC arabic QP down 3 p 0.337376832962
loraine SNARC arabic QP down 5 p 0.518495798111
loraine SNARC arabic QP up 9 q 0.457239866257
loraine SNARC arabic QP up 4 q 0.345163106918
loraine SNARC arabic QP down 3 p 0.38773393631
loraine SNARC arabic QP down 9 p 0.348001003265
loraine SNARC arabic QP down 4 p 0.368113994598
loraine SNARC arabic QP up 9 q 0.415840148926
loraine SNARC arabic QP up 9 q 0.357387065887
loraine SNARC arabic QP up 9 q 0.318154096603
loraine SNARC arabic QP up 9 q 0.387120008469
loraine SNARC arabic QP down 5 p 0.384757995605
loraine SNARC arabic QP down 4 p 0.489058017731
loraine SNARC arabic QP down 2 p 0.399108886719
loraine SNARC arabic QP down 7 p 0.389538049698
loraine SNARC arabic QP up 4 q 0.385195970535
loraine SNARC arabic QP down 4 p 0.378205060959
loraine SNARC arabic QP down 9 p 0.407492160797
loraine SNARC arabic QP down 8 p 0.437209844589
loraine SNARC arabic QP down 3 p 0.388121128082
loraine SNARC arabic QP up 2 q 0.387902021408
loraine SNARC arabic QP down 8 p 0.336908102036
loraine SNARC arabic QP down 5 p 0.334567070007
loraine SNARC arabic QP down 6 p 0.428258895874
loraine SNARC arabic QP up 3 q 0.307391166687
loraine SNARC arabic QP down 2 p 0.317655801773
loraine SNARC arabic QP down 1 p 0.347774982452
loraine SNARC arabic QP down 6 p 0.437621116638
loraine SNARC arabic QP up 4 q 0.317941904068
loraine SNARC arabic QP up 4 q 0.348357915878
loraine SNARC arabic QP up 1 q 0.386362075806
loraine SNARC arabic QP down 9 p 0.335826873779
loraine SNARC arabic QP up 7 q 0.347447156906
loraine SNARC arabic QP up 2 q 0.387593984604
loraine SNARC arabic QP down 6 p 0.29803109169
loraine SNARC arabic QP down 9 p 0.337875843048
loraine SNARC arabic QP up 8 q 0.393271923065
loraine SNARC arabic QP up 6 q 0.31613111496
loraine SNARC arabic QP down 3 p 0.316192865372
loraine SNARC arabic QP up 2 q 0.526757001877
loraine SNARC arabic QP up 1 q 0.386921882629
loraine SNARC arabic QP up 3 q 0.377948999405
loraine SNARC arabic QP up 2 q 0.428051948547
loraine SNARC arabic QP up 8 q 0.488466978073
loraine SNARC arabic QP up 2 q 0.338045835495
loraine SNARC arabic QP down 9 p 0.408236980438
loraine SNARC arabic QP down 3 p 0.438150167465
loraine SNARC arabic QP up 6 q 0.378849029541
loraine SNARC arabic QP down 1 p 0.302110910416
loraine SNARC arabic QP up 5 q 0.30491399765
loraine SNARC arabic QP down 9 p 0.318059921265
loraine SNARC arabic QP up 1 q 0.278310060501
loraine SNARC arabic QP down 7 p 0.307904958725
loraine SNARC arabic QP down 7 p 0.37734913826
loraine SNARC arabic QP up 7 q 0.300211191177
loraine SNARC arabic QP up 4 q 0.416432857513
loraine SNARC arabic QP up 1 q 0.31630897522
loraine SNARC arabic QP up 6 q 0.306478023529
loraine SNARC arabic QP up 3 q 0.388283967972
loraine SNARC arabic QP down 3 p 0.328107118607
loraine SNARC arabic QP down 1 p 0.348161935806
loraine SNARC arabic QP down 9 p 0.356678009033
loraine SNARC arabic QP down 8 p 0.356847047806
loraine SNARC arabic QP up 8 q 0.255692958832
loraine SNARC arabic QP down 5 p 0.347424030304
loraine SNARC arabic QP down 8 p 0.347419977188
loraine SNARC arabic QP down 1 p 0.488179922104
loraine SNARC arabic QP up 5 q 0.257128953934
loraine SNARC arabic QP down 7 p 0.327777147293
loraine SNARC arabic QP up 6 q 0.438233852386
loraine SNARC arabic QP up 7 q 0.374853134155
loraine SNARC arabic QP up 3 q 0.287657022476
loraine SNARC arabic QP down 6 p 0.297793865204
loraine SNARC arabic QP down 2 p 0.357328176498
loraine SNARC arabic QP up 3 q 0.437747001648
loraine SNARC arabic QP down 8 p 0.477441072464
loraine SNARC arabic QP up 7 q 0.287708044052
loraine SNARC arabic QP up 5 q 0.407513856888
loraine SNARC arabic QP down 7 p 0.438276052475
loraine SNARC arabic QP up 9 q 0.34459900856
loraine SNARC arabic QP down 8 p 0.297375202179
loraine SNARC arabic QP down 4 p 0.427556991577
loraine SNARC arabic QP up 6 q 0.35808801651
loraine SNARC arabic QP up 5 q 0.307098150253
loraine SNARC arabic QP down 9 p 0.467164993286
loraine SNARC arabic QP up 2 q 0.337442159653
loraine SNARC arabic QP up 6 q 0.347615003586
loraine SNARC arabic QP down 5 p 0.304953098297
loraine SNARC arabic QP up 5 q 0.307321071625
loraine SNARC arabic QP down 7 p 0.478199958801
loraine SNARC arabic QP up 3 q 0.35631108284
loraine SNARC arabic QP up 1 q 0.398199081421
loraine SNARC arabic QP down 4 p 0.43811416626
loraine SNARC arabic QP down 7 p 0.387197971344
loraine SNARC arabic QP down 1 p 0.438355922699
loraine SNARC arabic QP down 6 p 0.548089027405
loraine SNARC arabic QP down 7 p 0.387623071671
loraine SNARC arabic QP up 5 q 0.386157989502
loraine SNARC arabic QP up 5 q 0.452516078949
loraine SNARC arabic QP up 3 q 0.516503095627
loraine SNARC arabic QP up 3 q 0.42290186882
loraine SNARC arabic QP up 7 q 0.357085943222
loraine SNARC arabic QP down 3 p 0.346662044525
loraine SNARC arabic QP up 2 q 0.358035087585
loraine SNARC arabic QP down 4 p 0.367357969284
loraine SNARC arabic QP down 9 p 0.426697969437
loraine SNARC arabic QP up 8 q 0.407582044601
loraine SNARC arabic QP down 7 p 0.367962121964
loraine SNARC arabic QP down 8 p 0.36752986908
loraine SNARC arabic QP up 2 q 0.358016014099
loraine SNARC arabic QP up 3 q 0.508389949799
loraine SNARC arabic QP down 3 p 0.346249818802
loraine SNARC arabic QP down 5 p 0.376063108444
loraine SNARC arabic QP up 6 q 0.317207098007
loraine SNARC arabic QP down 5 p 0.398104906082
loraine SNARC arabic QP up 6 q 0.317491054535
loraine SNARC arabic QP down 8 p 0.267445802689
loraine SNARC arabic QP down 2 p 0.3475689888
loraine SNARC arabic QP down 9 p 0.347275018692
loraine SNARC arabic QP up 8 q 0.336055994034
loraine SNARC arabic QP down 4 p 0.306083917618
loraine SNARC arabic QP down 4 p 0.394359111786
loraine SNARC arabic QP down 2 p 0.368175029755
loraine SNARC arabic QP down 3 p 0.367737054825
loraine SNARC arabic QP down 5 p 0.369459867477
loraine SNARC arabic QP up 9 q 0.486858129501
loraine SNARC arabic QP up 2 q 0.508193969727
loraine SNARC arabic QP up 9 q 0.347257137299
loraine SNARC arabic QP down 6 p 0.42814707756
loraine SNARC arabic QP up 7 q 0.416534900665
loraine SNARC arabic QP down 2 q 0.386206865311
loraine SNARC arabic QP down 6 p 0.577872037888
loraine SNARC arabic QP up 4 q 0.417937994003
loraine SNARC arabic QP up 1 q 0.457646131516
loraine SNARC arabic QP up 2 q 0.468187093735
loraine SNARC arabic QP down 7 p 0.389140129089
loraine SNARC arabic QP down 9 p 0.488280057907
loraine SNARC arabic QP down 5 p 0.448310852051
loraine SNARC arabic QP down 2 p 0.488508939743
loraine SNARC arabic QP up 1 q 0.416075944901
loraine SNARC arabic QP up 1 q 0.36771607399
loraine SNARC arabic QP down 8 p 0.357568025589
loraine SNARC arabic QP up 8 q 0.408268928528
loraine SNARC arabic QP up 7 q 0.418005943298
loraine SNARC arabic QP up 7 q 0.428297996521
loraine SNARC arabic QP up 5 q 0.647661924362
loraine SNARC arabic QP down 8 p 0.348242998123
loraine SNARC arabic QP down 4 p 0.367323875427
loraine SNARC arabic QP up 7 q 0.387525081635
loraine SNARC arabic QP up 5 q 0.456608057022
loraine SNARC arabic QP up 5 q 0.355869054794
loraine SNARC arabic QP down 6 p 0.327712059021
loraine SNARC arabic QP up 6 q 0.307462215424
loraine SNARC arabic QP up 2 q 0.33762717247
loraine SNARC arabic QP down 7 p 0.34768986702
loraine SNARC arabic QP up 1 q 0.299883842468
loraine SNARC arabic QP down 4 p 0.427682161331
loraine SNARC arabic QP up 2 q 0.414201974869
loraine SNARC arabic QP up 8 q 0.408139944077
loraine SNARC arabic QP down 6 p 0.367732048035
{'participant': u'loraine', 'notation': u'arabic', 'response_buttons': u'PQ', 'dateStr': u'12_06_1316', 'autopilot': False, 'exp_id': u'SNARC'}
loraine SNARC arabic PQ up 6 p 0.710571050644
loraine SNARC arabic PQ up 8 p 0.477375984192
loraine SNARC arabic PQ up 3 p 0.397583961487
loraine SNARC arabic PQ up 4 p 0.327349901199
loraine SNARC arabic PQ up 1 p 0.346656084061
loraine SNARC arabic PQ down 2 q 0.396295070648
loraine SNARC arabic PQ up 7 p 0.323746919632
loraine SNARC arabic PQ down 1 q 0.347711801529
loraine SNARC arabic PQ up 4 p 0.338138103485
loraine SNARC arabic PQ down 3 q 0.509088039398
loraine SNARC arabic PQ down 7 q 0.377504825592
loraine SNARC arabic PQ up 7 p 0.657308101654
loraine SNARC arabic PQ up 9 p 0.547355175018
loraine SNARC arabic PQ down 3 q 0.357064962387
loraine SNARC arabic PQ down 6 q 0.437757968903
loraine SNARC arabic PQ up 7 p 0.36755490303
loraine SNARC arabic PQ down 4 q 0.348323106766
loraine SNARC arabic PQ up 9 p 0.317843914032
loraine SNARC arabic PQ down 8 q 0.327086925507
loraine SNARC arabic PQ down 5 q 0.365732908249
loraine SNARC arabic PQ up 3 p 0.367647886276
loraine SNARC arabic PQ down 4 q 0.348417043686
loraine SNARC arabic PQ up 5 p 0.331735134125
loraine SNARC arabic PQ down 2 q 0.324071884155
loraine SNARC arabic PQ up 8 p 0.316812038422
loraine SNARC arabic PQ up 1 p 0.407684803009
loraine SNARC arabic PQ up 6 p 0.397193908691
loraine SNARC arabic PQ down 6 q 0.425312042236
loraine SNARC arabic PQ up 6 p 0.327969074249
loraine SNARC arabic PQ down 5 q 0.367704868317
loraine SNARC arabic PQ down 3 q 0.357261180878
loraine SNARC arabic PQ up 6 p 0.429927110672
loraine SNARC arabic PQ up 7 p 0.378527879715
loraine SNARC arabic PQ up 5 p 0.37766289711
loraine SNARC arabic PQ up 4 p 0.36812710762
loraine SNARC arabic PQ up 9 p 0.368314027786
loraine SNARC arabic PQ up 7 p 0.334891080856
loraine SNARC arabic PQ down 2 q 0.35543179512
loraine SNARC arabic PQ up 8 p 0.327834844589
loraine SNARC arabic PQ up 6 p 0.377432107925
loraine SNARC arabic PQ down 1 q 0.407003164291
loraine SNARC arabic PQ down 5 q 0.347398996353
loraine SNARC arabic PQ down 5 q 0.378376960754
loraine SNARC arabic PQ up 8 p 0.306913137436
loraine SNARC arabic PQ down 7 q 0.335993051529
loraine SNARC arabic PQ down 8 q 0.43626499176
loraine SNARC arabic PQ down 5 q 0.407881975174
loraine SNARC arabic PQ up 5 p 0.297784805298
loraine SNARC arabic PQ up 7 p 0.387248039246
loraine SNARC arabic PQ up 3 p 0.407957792282
loraine SNARC arabic PQ down 5 q 0.47842001915
loraine SNARC arabic PQ down 3 q 0.358112812042
loraine SNARC arabic PQ up 1 p 0.327465057373
loraine SNARC arabic PQ up 8 p 0.397675991058
loraine SNARC arabic PQ down 1 q 0.313408136368
loraine SNARC arabic PQ down 8 q 0.408040046692
loraine SNARC arabic PQ up 6 q 0.377635002136
loraine SNARC arabic PQ down 1 q 1.1223859787
loraine SNARC arabic PQ down 1 q 0.467875003815
loraine SNARC arabic PQ down 2 q 0.367063999176
loraine SNARC arabic PQ up 1 p 0.312449932098
loraine SNARC arabic PQ down 1 q 0.347911119461
loraine SNARC arabic PQ down 2 q 0.418437004089
loraine SNARC arabic PQ up 6 p 0.308777093887
loraine SNARC arabic PQ down 9 q 0.366524934769
loraine SNARC arabic PQ down 9 q 0.436478853226
loraine SNARC arabic PQ down 2 q 0.35730099678
loraine SNARC arabic PQ up 2 p 0.397897958755
loraine SNARC arabic PQ down 9 q 0.306870937347
loraine SNARC arabic PQ up 8 p 0.355134010315
loraine SNARC arabic PQ down 7 q 0.427799940109
loraine SNARC arabic PQ up 3 p 0.327986955643
loraine SNARC arabic PQ up 7 p 0.377227067947
loraine SNARC arabic PQ down 4 q 0.317761182785
loraine SNARC arabic PQ down 2 q 0.347897052765
loraine SNARC arabic PQ down 3 q 0.337995052338
loraine SNARC arabic PQ down 5 q 0.33656001091
loraine SNARC arabic PQ down 1 q 0.335952997208
loraine SNARC arabic PQ up 4 p 0.339209794998
loraine SNARC arabic PQ down 3 q 0.327661991119
loraine SNARC arabic PQ down 4 q 0.378001928329
loraine SNARC arabic PQ up 8 p 0.36808514595
loraine SNARC arabic PQ up 9 p 0.397991895676
loraine SNARC arabic PQ up 5 p 0.457541227341
loraine SNARC arabic PQ up 1 p 0.429399967194
loraine SNARC arabic PQ up 6 p 0.575901031494
loraine SNARC arabic PQ up 6 p 0.438175916672
loraine SNARC arabic PQ down 7 q 0.369251966476
loraine SNARC arabic PQ down 3 q 0.589103937149
loraine SNARC arabic PQ up 5 p 0.425359010696
loraine SNARC arabic PQ down 6 q 0.314648151398
loraine SNARC arabic PQ up 5 p 0.308105945587
loraine SNARC arabic PQ down 4 q 0.287650108337
loraine SNARC arabic PQ down 9 q 0.41793513298
loraine SNARC arabic PQ down 6 q 0.407524824142
loraine SNARC arabic PQ down 6 q 0.459009885788
loraine SNARC arabic PQ down 2 q 0.37619304657
loraine SNARC arabic PQ up 4 p 0.327624082565
loraine SNARC arabic PQ down 2 q 0.418190956116
loraine SNARC arabic PQ up 6 p 0.518722057343
loraine SNARC arabic PQ up 4 p 0.578547954559
loraine SNARC arabic PQ down 2 q 0.337617874146
loraine SNARC arabic PQ up 9 p 0.365360975266
loraine SNARC arabic PQ down 2 q 0.387604951859
loraine SNARC arabic PQ down 9 q 0.507328033447
loraine SNARC arabic PQ down 8 q 0.387866973877
loraine SNARC arabic PQ up 9 p 0.398290157318
loraine SNARC arabic PQ up 6 p 0.377726078033
loraine SNARC arabic PQ up 4 p 0.347774982452
loraine SNARC arabic PQ down 5 q 0.388606071472
loraine SNARC arabic PQ down 7 q 0.366693973541
loraine SNARC arabic PQ up 4 p 0.398494958878
loraine SNARC arabic PQ down 5 q 0.386113882065
loraine SNARC arabic PQ down 6 q 0.355761051178
loraine SNARC arabic PQ down 3 q 0.327239990234
loraine SNARC arabic PQ up 3 p 0.327671051025
loraine SNARC arabic PQ up 4 p 0.398257017136
loraine SNARC arabic PQ up 9 p 0.387151002884
loraine SNARC arabic PQ down 9 q 0.367591142654
loraine SNARC arabic PQ up 4 p 0.357492923737
loraine SNARC arabic PQ up 8 p 0.559772968292
loraine SNARC arabic PQ down 2 q 0.327970027924
loraine SNARC arabic PQ up 4 p 0.344238042831
loraine SNARC arabic PQ up 1 p 0.348266124725
loraine SNARC arabic PQ up 7 p 0.418205022812
loraine SNARC arabic PQ up 2 p 0.678712129593
loraine SNARC arabic PQ up 7 p 0.517983913422
loraine SNARC arabic PQ up 7 p 0.428436994553
loraine SNARC arabic PQ down 3 q 0.589353084564
loraine SNARC arabic PQ up 2 p 0.365926027298
loraine SNARC arabic PQ down 3 q 0.518419027328
loraine SNARC arabic PQ up 5 p 0.295479059219
loraine SNARC arabic PQ down 6 q 0.708810091019
loraine SNARC arabic PQ down 4 q 1.12271809578
loraine SNARC arabic PQ up 1 p 0.348055124283
loraine SNARC arabic PQ up 7 p 0.337963104248
loraine SNARC arabic PQ up 8 p 0.398249864578
loraine SNARC arabic PQ up 1 p 0.357937812805
loraine SNARC arabic PQ up 6 p 0.377148151398
loraine SNARC arabic PQ up 1 p 1.03845906258
loraine SNARC arabic PQ down 3 q 0.379366874695
loraine SNARC arabic PQ down 7 q 0.398056983948
loraine SNARC arabic PQ down 8 q 0.547075986862
loraine SNARC arabic PQ up 1 p 0.589673995972
loraine SNARC arabic PQ up 8 p 0.427719116211
loraine SNARC arabic PQ down 8 q 0.378407001495
loraine SNARC arabic PQ down 3 q 0.429026126862
loraine SNARC arabic PQ down 2 q 0.388231992722
loraine SNARC arabic PQ up 3 p 0.437070131302
loraine SNARC arabic PQ up 9 p 0.498119115829
loraine SNARC arabic PQ down 2 q 0.408123016357
loraine SNARC arabic PQ up 9 p 0.364501953125
loraine SNARC arabic PQ down 1 q 0.308222055435
loraine SNARC arabic PQ up 3 p 0.376667976379
loraine SNARC arabic PQ up 9 p 0.348222970963
loraine SNARC arabic PQ down 7 q 0.348237991333
loraine SNARC arabic PQ up 6 p 0.417966127396
loraine SNARC arabic PQ up 5 p 1.17045593262
loraine SNARC arabic PQ up 5 p 0.415816068649
loraine SNARC arabic PQ up 8 p 0.348083972931
loraine SNARC arabic PQ down 8 q 0.449221849442
loraine SNARC arabic PQ down 9 q 0.368006944656
loraine SNARC arabic PQ up 4 p 0.327983140945
loraine SNARC arabic PQ up 7 p 0.338281154633
loraine SNARC arabic PQ down 4 q 0.347002029419
loraine SNARC arabic PQ down 9 q 0.367360115051
loraine SNARC arabic PQ down 2 q 0.334585905075
loraine SNARC arabic PQ up 4 p 0.397951126099
loraine SNARC arabic PQ up 8 p 0.367506027222
loraine SNARC arabic PQ down 7 q 0.378176927567
loraine SNARC arabic PQ down 2 q 0.375713825226
loraine SNARC arabic PQ up 2 p 0.297836065292
loraine SNARC arabic PQ up 9 p 0.428431034088
loraine SNARC arabic PQ up 9 p 0.436434030533
loraine SNARC arabic PQ down 1 q 0.709213018417
loraine SNARC arabic PQ down 3 q 0.354197978973
loraine SNARC arabic PQ down 1 q 0.447843074799
loraine SNARC arabic PQ down 5 q 0.538563966751
loraine SNARC arabic PQ up 8 p 0.387789964676
loraine SNARC arabic PQ down 5 q 0.368175029755
